    3987 [d] begin_opportunity which=reversal -> NOT_ACTION_PATTERNS (entry=true version=1)
    3987 [d] begin_opportunity which=reversal -> NOT_ACTION_PATTERNS (entry=true version=1)
    2306 [d] begin_opportunity which=reversal key=1 -> ready reason=nil status=prepared pattern=pattern_2 loop=nil
    2574 [d] begin_opportunity which=reversal key=2 -> ready reason=nil status=prepared pattern=pattern_1 loop=nil
    2587 [d] arm which=reversal steps=4 loop_on=true
    2809 [d] begin_opportunity which=reversal key=3 -> ready reason=nil status=prepared pattern=pattern_3 loop=nil
    2822 [d] arm which=reversal steps=3 loop_on=true
    3098 [d] begin_opportunity which=reversal key=4 -> ready reason=nil status=prepared pattern=pattern_2 loop=nil
    3113 [d] arm which=reversal steps=3 loop_on=true
    3208 [d] begin_opportunity which=reversal key=5 -> ready reason=nil status=prepared pattern=pattern_1 loop=nil
    3221 [d] arm which=reversal steps=4 loop_on=true
    3298 [d] begin_opportunity which=reversal key=6 -> ready reason=nil status=prepared pattern=pattern_2 loop=nil
    3311 [d] arm which=reversal steps=3 loop_on=true
    3386 [d] begin_opportunity which=reversal key=7 -> ready reason=nil status=prepared pattern=pattern_2 loop=nil
    3400 [d] arm which=reversal steps=3 loop_on=true
    3506 [d] begin_opportunity which=reversal key=8 -> ready reason=nil status=prepared pattern=pattern_3 loop=nil
    3520 [d] arm which=reversal steps=3 loop_on=true
    3579 [d] begin_opportunity which=reversal key=9 -> ready reason=nil status=prepared pattern=pattern_2 loop=nil
    3593 [d] arm which=reversal steps=3 loop_on=true
    3664 [d] begin_opportunity which=reversal key=10 -> ready reason=nil status=prepared pattern=pattern_1 loop=nil
    3677 [d] arm which=reversal steps=4 loop_on=true
    2923 [e] begin_opportunity which=reversal key=1 -> ready reason=nil status=prepared pattern=pattern_3 loop=nil
    3163 [e] begin_opportunity which=reversal key=2 -> ready reason=nil status=prepared pattern=pattern_1 loop=nil
    3192 [e] arm which=reversal steps=4 loop_on=true
    3250 [e] begin_opportunity which=reversal key=3 -> ready reason=nil status=prepared pattern=pattern_1 loop=nil
    3251 [e] begin_opportunity which=reversal key=4 -> ready reason=nil status=prepared pattern=pattern_1 loop=nil
    3252 [e] begin_opportunity which=reversal key=5 -> ready reason=nil status=prepared pattern=pattern_3 loop=nil
    3279 [e] arm which=reversal steps=3 loop_on=true
    3292 [e] begin_opportunity which=reversal key=6 -> ready reason=nil status=prepared pattern=pattern_3 loop=nil
    3293 [e] begin_opportunity which=reversal key=7 -> ready reason=nil status=prepared pattern=pattern_3 loop=nil
    3324 [e] arm which=reversal steps=3 loop_on=true
    3361 [e] begin_opportunity which=reversal key=8 -> ready reason=nil status=prepared pattern=pattern_3 loop=nil
    3391 [e] arm which=reversal steps=3 loop_on=true
    3405 [e] begin_opportunity which=reversal key=9 -> ready reason=nil status=prepared pattern=pattern_2 loop=nil
    3438 [e] arm which=reversal steps=3 loop_on=true
    3449 [e] begin_opportunity which=reversal key=10 -> ready reason=nil status=prepared pattern=pattern_1 loop=nil
    3535 [e] arm which=reversal steps=4 loop_on=true
    3573 [e] arm -> nil  path=pattern entry=true version=2 cid=10
    3693 [e] begin_opportunity which=reversal key=11 -> ready reason=nil status=prepared pattern=pattern_1 loop=nil
    3723 [e] arm which=reversal steps=4 loop_on=true
    3778 [e] begin_opportunity which=reversal key=12 -> ready reason=nil status=prepared pattern=pattern_3 loop=nil
    3791 [e] arm which=reversal steps=3 loop_on=true
    3993 [e] begin_opportunity which=reversal key=13 -> ready reason=nil status=prepared pattern=pattern_1 loop=nil
    4065 [e] arm which=reversal steps=4 loop_on=true
    4101 [e] begin_opportunity which=reversal key=14 -> ready reason=nil status=prepared pattern=pattern_2 loop=nil
    4192 [e] arm which=reversal steps=3 loop_on=true
    4200 [e] begin_opportunity which=reversal key=15 -> ready reason=nil status=prepared pattern=pattern_3 loop=nil
    4291 [e] arm which=reversal steps=3 loop_on=true
    4341 [e] begin_opportunity which=reversal key=16 -> ready reason=nil status=prepared pattern=pattern_1 loop=nil
    4371 [e] arm which=reversal steps=4 loop_on=true
    4436 [e] begin_opportunity which=reversal key=17 -> ready reason=nil status=prepared pattern=pattern_1 loop=nil
    4437 [e] begin_opportunity which=reversal key=18 -> ready reason=nil status=prepared pattern=pattern_3 loop=nil
    4509 [e] arm which=reversal steps=3 loop_on=true
    4518 [e] begin_opportunity which=reversal key=19 -> ready reason=nil status=prepared pattern=pattern_3 loop=nil
    4599 [e] arm which=reversal steps=3 loop_on=true
    4706 [e] begin_opportunity which=reversal key=20 -> ready reason=nil status=prepared pattern=pattern_2 loop=nil
    4726 [e] arm which=reversal steps=3 loop_on=true
    4772 [e] begin_opportunity which=reversal key=21 -> ready reason=nil status=prepared pattern=pattern_2 loop=nil
    4846 [e] arm which=reversal steps=3 loop_on=true
    4858 [e] begin_opportunity which=reversal key=22 -> ready reason=nil status=prepared pattern=pattern_1 loop=nil
    4940 [e] arm which=reversal steps=4 loop_on=true
    5190 [e] begin_opportunity which=reversal key=23 -> ready reason=nil status=prepared pattern=pattern_3 loop=nil
    5263 [e] arm which=reversal steps=3 loop_on=true
    5272 [e] begin_opportunity which=reversal key=24 -> ready reason=nil status=prepared pattern=pattern_3 loop=nil
    5354 [e] arm which=reversal steps=3 loop_on=true
    5390 [e] begin_opportunity which=reversal key=25 -> ready reason=nil status=prepared pattern=pattern_3 loop=nil
    5420 [e] arm which=reversal steps=3 loop_on=true
    5520 [e] begin_opportunity which=reversal key=26 -> ready reason=nil status=prepared pattern=pattern_1 loop=nil
    5592 [e] arm which=reversal steps=4 loop_on=true
    5622 [e] begin_opportunity which=reversal key=27 -> ready reason=nil status=prepared pattern=pattern_2 loop=nil
    5652 [e] arm which=reversal steps=3 loop_on=true
    5753 [e] begin_opportunity which=reversal key=28 -> ready reason=nil status=prepared pattern=pattern_2 loop=nil
    5784 [e] arm which=reversal steps=3 loop_on=true
    6005 [e] begin_opportunity which=reversal key=29 -> ready reason=nil status=prepared pattern=pattern_2 loop=nil
    6091 [e] arm which=reversal steps=3 loop_on=true
    6206 [e] begin_opportunity which=reversal key=30 -> ready reason=nil status=prepared pattern=pattern_1 loop=nil
    6279 [e] arm which=reversal steps=4 loop_on=true
    6288 [e] begin_opportunity which=reversal key=31 -> ready reason=nil status=prepared pattern=pattern_2 loop=nil
    6380 [e] arm which=reversal steps=3 loop_on=true
    6419 [e] arm -> nil  path=pattern entry=true version=2 cid=10
    8999 [e] begin_opportunity which=reversal key=32 -> ready reason=nil status=prepared pattern=pattern_1 loop=nil
    9027 [e] arm which=reversal steps=4 loop_on=true
    9084 [e] begin_opportunity which=reversal key=33 -> ready reason=nil status=prepared pattern=pattern_3 loop=nil
    9099 [e] arm which=reversal steps=3 loop_on=true
    9143 [e] begin_opportunity which=reversal key=34 -> ready reason=nil status=prepared pattern=pattern_1 loop=nil
    9229 [e] arm which=reversal steps=4 loop_on=true
    9237 [e] begin_opportunity which=reversal key=35 -> ready reason=nil status=prepared pattern=pattern_1 loop=nil
    9238 [e] begin_opportunity which=reversal key=36 -> ready reason=nil status=prepared pattern=pattern_2 loop=nil
    9266 [e] arm which=reversal steps=3 loop_on=true
    9410 [e] begin_opportunity which=reversal key=37 -> ready reason=nil status=prepared pattern=pattern_2 loop=nil
    9495 [e] arm which=reversal steps=3 loop_on=true
    9533 [e] arm -> nil  path=pattern entry=true version=2 cid=10
    2123 [e] begin_opportunity which=reversal key=1 -> ready reason=nil status=prepared pattern=pattern_3 loop=nil
    2349 [e] begin_opportunity which=reversal key=2 -> ready reason=nil status=prepared pattern=pattern_2 loop=nil
    2377 [e] arm which=reversal steps=3 loop_on=true
    2410 [e] begin_opportunity which=reversal key=3 -> ready reason=nil status=prepared pattern=pattern_3 loop=nil
    2441 [e] arm which=reversal steps=3 loop_on=true
    2473 [e] begin_opportunity which=reversal key=4 -> ready reason=nil status=prepared pattern=pattern_1 loop=nil
    2546 [e] arm which=reversal steps=4 loop_on=true
    2866 [e] begin_opportunity which=reversal key=5 -> ready reason=nil status=prepared pattern=pattern_2 loop=nil
    2867 [e] begin_opportunity which=reversal key=6 -> ready reason=nil status=prepared pattern=pattern_1 loop=nil
    2953 [e] arm which=reversal steps=4 loop_on=true
    2992 [e] begin_opportunity which=reversal key=nil -> ready reason=nil status=prepared pattern=pattern_1 loop=nil
    2992 [e] arm re-prepared -> true
    2992 [e] arm which=reversal steps=4 loop_on=true
    3049 [e] begin_opportunity which=reversal key=7 -> ready reason=nil status=prepared pattern=pattern_2 loop=nil
    3136 [e] arm which=reversal steps=3 loop_on=true
    3175 [e] begin_opportunity which=reversal key=nil -> ready reason=nil status=prepared pattern=pattern_2 loop=nil
    3175 [e] arm re-prepared -> true
    3175 [e] arm which=reversal steps=3 loop_on=true
    3304 [e] begin_opportunity which=reversal key=8 -> ready reason=nil status=prepared pattern=pattern_2 loop=nil
    3377 [e] arm which=reversal steps=3 loop_on=true
    3418 [e] begin_opportunity which=reversal key=nil -> ready reason=nil status=prepared pattern=pattern_3 loop=nil
    3418 [e] arm re-prepared -> true
    3418 [e] arm which=reversal steps=3 loop_on=true
    3513 [e] begin_opportunity which=reversal key=9 -> ready reason=nil status=prepared pattern=pattern_2 loop=nil
    3600 [e] arm which=reversal steps=3 loop_on=true
    3697 [e] begin_opportunity which=reversal key=10 -> ready reason=nil status=prepared pattern=pattern_3 loop=nil
    3770 [e] arm which=reversal steps=3 loop_on=true
    3779 [e] begin_opportunity which=reversal key=11 -> ready reason=nil status=prepared pattern=pattern_2 loop=nil
    3851 [e] arm which=reversal steps=3 loop_on=true
    2294 [f] begin_opportunity which=reversal key=1 -> ready reason=nil status=prepared pattern=pattern_2 loop=nil
    2523 [f] begin_opportunity which=reversal key=2 -> ready reason=nil status=prepared pattern=pattern_2 loop=nil
    2553 [f] arm which=reversal steps=3 loop_on=true
    2693 [f] begin_opportunity which=reversal key=3 -> ready reason=nil status=prepared pattern=pattern_1 loop=nil
    2726 [f] arm which=reversal steps=4 loop_on=true
    2736 [f] begin_opportunity which=reversal key=4 -> ready reason=nil status=prepared pattern=pattern_1 loop=nil
    2766 [f] arm which=reversal steps=4 loop_on=true
    3016 [f] begin_opportunity which=reversal key=5 -> ready reason=nil status=prepared pattern=pattern_3 loop=nil
    3101 [f] arm which=reversal steps=3 loop_on=true
    3110 [f] begin_opportunity which=reversal key=6 -> ready reason=nil status=prepared pattern=pattern_1 loop=nil
    3140 [f] arm which=reversal steps=4 loop_on=true
    3268 [f] begin_opportunity which=reversal key=7 -> ready reason=nil status=prepared pattern=pattern_3 loop=nil
    3269 [f] begin_opportunity which=reversal key=8 -> ready reason=nil status=prepared pattern=pattern_1 loop=nil
    3354 [f] arm which=reversal steps=4 loop_on=true
    3392 [f] begin_opportunity which=reversal key=nil -> ready reason=nil status=prepared pattern=pattern_1 loop=nil
    3392 [f] arm re-prepared -> true
    3392 [f] arm which=reversal steps=4 loop_on=true
    2039 [g] begin_opportunity which=reversal key=1 -> ready reason=nil status=prepared pattern=pattern_1 loop=nil
    2270 [g] begin_opportunity which=reversal key=2 -> ready reason=nil status=prepared pattern=pattern_2 loop=nil
    2320 [g] arm which=reversal steps=3 loop_on=true
    2354 [g] begin_opportunity which=reversal key=3 -> ready reason=nil status=prepared pattern=pattern_2 loop=nil
    2384 [g] arm which=reversal steps=3 loop_on=true
    2397 [g] begin_opportunity which=reversal key=4 -> ready reason=nil status=prepared pattern=pattern_1 loop=nil
    2427 [g] arm which=reversal steps=4 loop_on=true
    2537 [g] begin_opportunity which=reversal key=5 -> ready reason=nil status=prepared pattern=pattern_2 loop=nil
    2611 [g] arm which=reversal steps=3 loop_on=true
    3118 [g] begin_opportunity which=reversal key=6 -> ready reason=nil status=prepared pattern=pattern_1 loop=nil
    3203 [g] arm which=reversal steps=4 loop_on=true
    2070 [h] begin_opportunity which=reversal key=1 -> ready reason=nil status=prepared pattern=pattern_3 loop=nil
    2283 [h] begin_opportunity which=reversal key=2 -> ready reason=nil status=prepared pattern=pattern_1 loop=nil
    2310 [h] arm which=reversal steps=4 loop_on=true
    2411 [h] begin_opportunity which=reversal key=nil -> ready reason=nil status=prepared pattern=pattern_1 loop=nil
    2411 [h] arm re-prepared -> true
    2411 [h] arm which=reversal steps=4 loop_on=true
    2283 [i] begin_opportunity which=reversal key=1 -> ready reason=nil status=prepared pattern=pattern_2 loop=nil
    2548 [i] begin_opportunity which=reversal key=2 -> ready reason=nil status=prepared pattern=pattern_2 loop=nil
    2561 [i] arm which=reversal steps=3 loop_on=true
    2576 [i] begin_opportunity which=reversal key=nil -> ready reason=nil status=prepared pattern=pattern_1 loop=nil
    2576 [i] arm re-prepared -> true
    2576 [i] arm which=reversal steps=4 loop_on=true
    2678 [i] begin_opportunity which=reversal key=nil -> ready reason=nil status=prepared pattern=pattern_3 loop=nil
    2678 [i] arm re-prepared -> true
    2678 [i] arm which=reversal steps=3 loop_on=true
    2224 [j] begin_opportunity which=reversal key=1 -> ready reason=nil status=prepared pattern=pattern_2 loop=nil
    2850 [j] begin_opportunity which=reversal key=2 -> ready reason=nil status=prepared pattern=pattern_2 loop=nil
    2878 [j] arm which=reversal steps=3 loop_on=true
    2979 [j] begin_opportunity which=reversal key=nil -> ready reason=nil status=prepared pattern=pattern_2 loop=nil
    2979 [j] arm re-prepared -> true
    2979 [j] arm which=reversal steps=3 loop_on=true
    2076 [k] service: running (pending=nil loop_which=nil)
    2076 [k] refill: no compiled loop (loop_sched=false)
    2076 [k] idle: queue empty, nothing refilled (status=idle loop_which=nil)
    2076 [k] drive from registerBefore alive
    2077 [k] service: running (pending=nil loop_which=nil)
    2077 [k] refill: no compiled loop (loop_sched=false)
    2077 [k] idle: queue empty, nothing refilled (status=idle loop_which=nil)
    2077 [k] drive from registerBefore alive
    2077 [k] begin_opportunity which=reversal key=1 -> ready reason=nil status=prepared pattern=pattern_1 loop=nil
    2078 [k] service: running (pending=nil loop_which=nil)
    2078 [k] refill: no compiled loop (loop_sched=false)
    2078 [k] idle: queue empty, nothing refilled (status=prepared loop_which=nil)
    2078 [k] drive from registerBefore alive
    2079 [k] service: running (pending=nil loop_which=nil)
    2079 [k] refill: no compiled loop (loop_sched=false)
    2079 [k] idle: queue empty, nothing refilled (status=prepared loop_which=nil)
    2079 [k] drive from registerBefore alive
    2080 [k] service: running (pending=nil loop_which=nil)
    2080 [k] refill: no compiled loop (loop_sched=false)
    2080 [k] idle: queue empty, nothing refilled (status=prepared loop_which=nil)
    2080 [k] drive from registerBefore alive
    2081 [k] service: running (pending=nil loop_which=nil)
    2081 [k] refill: no compiled loop (loop_sched=false)
    2081 [k] idle: queue empty, nothing refilled (status=prepared loop_which=nil)
    2081 [k] drive from registerBefore alive
    2082 [k] service: running (pending=nil loop_which=nil)
    2082 [k] refill: no compiled loop (loop_sched=false)
    2082 [k] idle: queue empty, nothing refilled (status=prepared loop_which=nil)
    2082 [k] drive from registerBefore alive
    2083 [k] service: running (pending=nil loop_which=nil)
    2083 [k] refill: no compiled loop (loop_sched=false)
    2083 [k] idle: queue empty, nothing refilled (status=prepared loop_which=nil)
    2083 [k] drive from registerBefore alive
    2084 [k] service: running (pending=nil loop_which=nil)
    2084 [k] refill: no compiled loop (loop_sched=false)
    2084 [k] idle: queue empty, nothing refilled (status=prepared loop_which=nil)
    2084 [k] drive from registerBefore alive
    2085 [k] service: running (pending=nil loop_which=nil)
    2085 [k] refill: no compiled loop (loop_sched=false)
    2085 [k] idle: queue empty, nothing refilled (status=prepared loop_which=nil)
    2085 [k] drive from registerBefore alive
    2086 [k] service: running (pending=nil loop_which=nil)
    2086 [k] refill: no compiled loop (loop_sched=false)
    2086 [k] idle: queue empty, nothing refilled (status=prepared loop_which=nil)
    2086 [k] drive from registerBefore alive
    2087 [k] service: running (pending=nil loop_which=nil)
    2087 [k] refill: no compiled loop (loop_sched=false)
    2087 [k] idle: queue empty, nothing refilled (status=prepared loop_which=nil)
    2087 [k] drive from registerBefore alive
    2088 [k] service: running (pending=nil loop_which=nil)
    2088 [k] refill: no compiled loop (loop_sched=false)
    2088 [k] idle: queue empty, nothing refilled (status=prepared loop_which=nil)
    2088 [k] drive from registerBefore alive
    2089 [k] service: running (pending=nil loop_which=nil)
    2089 [k] refill: no compiled loop (loop_sched=false)
    2089 [k] idle: queue empty, nothing refilled (status=prepared loop_which=nil)
    2089 [k] drive from registerBefore alive
    2090 [k] service: running (pending=nil loop_which=nil)
    2090 [k] refill: no compiled loop (loop_sched=false)
    2090 [k] idle: queue empty, nothing refilled (status=prepared loop_which=nil)
    2090 [k] drive from registerBefore alive
    2091 [k] service: running (pending=nil loop_which=nil)
    2091 [k] refill: no compiled loop (loop_sched=false)
    2091 [k] idle: queue empty, nothing refilled (status=prepared loop_which=nil)
    2091 [k] drive from registerBefore alive
    2092 [k] service: running (pending=nil loop_which=nil)
    2092 [k] refill: no compiled loop (loop_sched=false)
    2092 [k] idle: queue empty, nothing refilled (status=prepared loop_which=nil)
    2092 [k] drive from registerBefore alive
    2093 [k] service: running (pending=nil loop_which=nil)
    2093 [k] refill: no compiled loop (loop_sched=false)
    2093 [k] idle: queue empty, nothing refilled (status=prepared loop_which=nil)
    2093 [k] drive from registerBefore alive
    2094 [k] service: running (pending=nil loop_which=nil)
    2094 [k] refill: no compiled loop (loop_sched=false)
    2094 [k] idle: queue empty, nothing refilled (status=prepared loop_which=nil)
    2094 [k] drive from registerBefore alive
    2095 [k] service: running (pending=nil loop_which=nil)
    2095 [k] refill: no compiled loop (loop_sched=false)
    2095 [k] idle: queue empty, nothing refilled (status=prepared loop_which=nil)
    2095 [k] drive from registerBefore alive
    2096 [k] service: running (pending=nil loop_which=nil)
    2096 [k] refill: no compiled loop (loop_sched=false)
    2096 [k] idle: queue empty, nothing refilled (status=prepared loop_which=nil)
    2096 [k] drive from registerBefore alive
    2097 [k] service: running (pending=nil loop_which=nil)
    2097 [k] refill: no compiled loop (loop_sched=false)
    2097 [k] idle: queue empty, nothing refilled (status=prepared loop_which=nil)
    2097 [k] drive from registerBefore alive
    2098 [k] service: running (pending=nil loop_which=nil)
    2098 [k] refill: no compiled loop (loop_sched=false)
    2098 [k] idle: queue empty, nothing refilled (status=prepared loop_which=nil)
    2098 [k] drive from registerBefore alive
    2099 [k] service: running (pending=nil loop_which=nil)
    2099 [k] refill: no compiled loop (loop_sched=false)
    2099 [k] idle: queue empty, nothing refilled (status=prepared loop_which=nil)
    2099 [k] drive from registerBefore alive
    2100 [k] service: running (pending=nil loop_which=nil)
    2100 [k] refill: no compiled loop (loop_sched=false)
    2100 [k] idle: queue empty, nothing refilled (status=prepared loop_which=nil)
    2100 [k] drive from registerBefore alive
    2101 [k] service: running (pending=nil loop_which=nil)
    2101 [k] refill: no compiled loop (loop_sched=false)
    2101 [k] idle: queue empty, nothing refilled (status=prepared loop_which=nil)
    2101 [k] drive from registerBefore alive
    2102 [k] service: running (pending=nil loop_which=nil)
    2102 [k] refill: no compiled loop (loop_sched=false)
    2102 [k] idle: queue empty, nothing refilled (status=prepared loop_which=nil)
    2102 [k] drive from registerBefore alive
    2103 [k] service: running (pending=nil loop_which=nil)
    2103 [k] refill: no compiled loop (loop_sched=false)
    2103 [k] idle: queue empty, nothing refilled (status=prepared loop_which=nil)
    2103 [k] drive from registerBefore alive
    2104 [k] service: running (pending=nil loop_which=nil)
    2104 [k] refill: no compiled loop (loop_sched=false)
    2104 [k] idle: queue empty, nothing refilled (status=prepared loop_which=nil)
    2104 [k] drive from registerBefore alive
    2105 [k] service: running (pending=nil loop_which=nil)
    2105 [k] refill: no compiled loop (loop_sched=false)
    2105 [k] idle: queue empty, nothing refilled (status=prepared loop_which=nil)
    2105 [k] drive from registerBefore alive
    2106 [k] service: running (pending=nil loop_which=nil)
    2106 [k] refill: no compiled loop (loop_sched=false)
    2106 [k] idle: queue empty, nothing refilled (status=prepared loop_which=nil)
    2106 [k] drive from registerBefore alive
    2107 [k] service: running (pending=nil loop_which=nil)
    2107 [k] refill: no compiled loop (loop_sched=false)
    2107 [k] idle: queue empty, nothing refilled (status=prepared loop_which=nil)
    2107 [k] drive from registerBefore alive
    2108 [k] service: running (pending=nil loop_which=nil)
    2108 [k] refill: no compiled loop (loop_sched=false)
    2108 [k] idle: queue empty, nothing refilled (status=prepared loop_which=nil)
    2108 [k] drive from registerBefore alive
    2109 [k] service: running (pending=nil loop_which=nil)
    2109 [k] refill: no compiled loop (loop_sched=false)
    2109 [k] idle: queue empty, nothing refilled (status=prepared loop_which=nil)
    2109 [k] drive from registerBefore alive
    2110 [k] service: running (pending=nil loop_which=nil)
    2110 [k] refill: no compiled loop (loop_sched=false)
    2110 [k] idle: queue empty, nothing refilled (status=prepared loop_which=nil)
    2110 [k] drive from registerBefore alive
    2111 [k] service: running (pending=nil loop_which=nil)
    2111 [k] refill: no compiled loop (loop_sched=false)
    2111 [k] idle: queue empty, nothing refilled (status=prepared loop_which=nil)
    2111 [k] drive from registerBefore alive
    2112 [k] service: running (pending=nil loop_which=nil)
    2112 [k] refill: no compiled loop (loop_sched=false)
    2112 [k] idle: queue empty, nothing refilled (status=prepared loop_which=nil)
    2112 [k] drive from registerBefore alive
    2113 [k] service: running (pending=nil loop_which=nil)
    2113 [k] refill: no compiled loop (loop_sched=false)
    2113 [k] idle: queue empty, nothing refilled (status=prepared loop_which=nil)
    2113 [k] drive from registerBefore alive
    2114 [k] service: running (pending=nil loop_which=nil)
    2114 [k] refill: no compiled loop (loop_sched=false)
    2114 [k] idle: queue empty, nothing refilled (status=prepared loop_which=nil)
    2114 [k] drive from registerBefore alive
    2115 [k] service: running (pending=nil loop_which=nil)
    2115 [k] refill: no compiled loop (loop_sched=false)
    2115 [k] idle: queue empty, nothing refilled (status=prepared loop_which=nil)
    2115 [k] drive from registerBefore alive
    2116 [k] service: running (pending=nil loop_which=nil)
    2116 [k] refill: no compiled loop (loop_sched=false)
    2116 [k] idle: queue empty, nothing refilled (status=prepared loop_which=nil)
    2116 [k] drive from registerBefore alive
    2117 [k] service: running (pending=nil loop_which=nil)
    2117 [k] refill: no compiled loop (loop_sched=false)
    2117 [k] idle: queue empty, nothing refilled (status=prepared loop_which=nil)
    2117 [k] drive from registerBefore alive
    2118 [k] service: running (pending=nil loop_which=nil)
    2118 [k] refill: no compiled loop (loop_sched=false)
    2118 [k] idle: queue empty, nothing refilled (status=prepared loop_which=nil)
    2118 [k] drive from registerBefore alive
    2119 [k] service: running (pending=nil loop_which=nil)
    2119 [k] refill: no compiled loop (loop_sched=false)
    2119 [k] idle: queue empty, nothing refilled (status=prepared loop_which=nil)
    2119 [k] drive from registerBefore alive
    2120 [k] service: running (pending=nil loop_which=nil)
    2120 [k] refill: no compiled loop (loop_sched=false)
    2120 [k] idle: queue empty, nothing refilled (status=prepared loop_which=nil)
    2120 [k] drive from registerBefore alive
    2121 [k] service: running (pending=nil loop_which=nil)
    2121 [k] refill: no compiled loop (loop_sched=false)
    2121 [k] idle: queue empty, nothing refilled (status=prepared loop_which=nil)
    2121 [k] drive from registerBefore alive
    2122 [k] service: running (pending=nil loop_which=nil)
    2122 [k] refill: no compiled loop (loop_sched=false)
    2122 [k] idle: queue empty, nothing refilled (status=prepared loop_which=nil)
    2122 [k] drive from registerBefore alive
    2123 [k] service: running (pending=nil loop_which=nil)
    2123 [k] refill: no compiled loop (loop_sched=false)
    2123 [k] idle: queue empty, nothing refilled (status=prepared loop_which=nil)
    2123 [k] drive from registerBefore alive
    2124 [k] service: running (pending=nil loop_which=nil)
    2124 [k] refill: no compiled loop (loop_sched=false)
    2124 [k] idle: queue empty, nothing refilled (status=prepared loop_which=nil)
    2124 [k] drive from registerBefore alive
    2125 [k] service: running (pending=nil loop_which=nil)
    2125 [k] refill: no compiled loop (loop_sched=false)
    2125 [k] idle: queue empty, nothing refilled (status=prepared loop_which=nil)
    2125 [k] drive from registerBefore alive
    2126 [k] service: running (pending=nil loop_which=nil)
    2126 [k] refill: no compiled loop (loop_sched=false)
    2126 [k] idle: queue empty, nothing refilled (status=prepared loop_which=nil)
    2126 [k] drive from registerBefore alive
    2127 [k] service: running (pending=nil loop_which=nil)
    2127 [k] refill: no compiled loop (loop_sched=false)
    2127 [k] idle: queue empty, nothing refilled (status=prepared loop_which=nil)
    2127 [k] drive from registerBefore alive
    2128 [k] service: running (pending=nil loop_which=nil)
    2128 [k] refill: no compiled loop (loop_sched=false)
    2128 [k] idle: queue empty, nothing refilled (status=prepared loop_which=nil)
    2128 [k] drive from registerBefore alive
    2129 [k] service: running (pending=nil loop_which=nil)
    2129 [k] refill: no compiled loop (loop_sched=false)
    2129 [k] idle: queue empty, nothing refilled (status=prepared loop_which=nil)
    2129 [k] drive from registerBefore alive
    2130 [k] service: running (pending=nil loop_which=nil)
    2130 [k] refill: no compiled loop (loop_sched=false)
    2130 [k] idle: queue empty, nothing refilled (status=prepared loop_which=nil)
    2130 [k] drive from registerBefore alive
    2131 [k] service: running (pending=nil loop_which=nil)
    2131 [k] refill: no compiled loop (loop_sched=false)
    2131 [k] idle: queue empty, nothing refilled (status=prepared loop_which=nil)
    2131 [k] drive from registerBefore alive
    2132 [k] service: running (pending=nil loop_which=nil)
    2132 [k] refill: no compiled loop (loop_sched=false)
    2132 [k] idle: queue empty, nothing refilled (status=prepared loop_which=nil)
    2132 [k] drive from registerBefore alive
    2133 [k] service: running (pending=nil loop_which=nil)
    2133 [k] refill: no compiled loop (loop_sched=false)
    2133 [k] idle: queue empty, nothing refilled (status=prepared loop_which=nil)
    2133 [k] drive from registerBefore alive
    2134 [k] service: running (pending=nil loop_which=nil)
    2134 [k] refill: no compiled loop (loop_sched=false)
    2134 [k] idle: queue empty, nothing refilled (status=prepared loop_which=nil)
    2134 [k] drive from registerBefore alive
    2135 [k] service: running (pending=nil loop_which=nil)
    2135 [k] refill: no compiled loop (loop_sched=false)
    2135 [k] idle: queue empty, nothing refilled (status=prepared loop_which=nil)
    2135 [k] drive from registerBefore alive
    2136 [k] service: running (pending=nil loop_which=nil)
    2136 [k] refill: no compiled loop (loop_sched=false)
    2136 [k] idle: queue empty, nothing refilled (status=prepared loop_which=nil)
    2136 [k] drive from registerBefore alive
    2137 [k] service: running (pending=nil loop_which=nil)
    2137 [k] refill: no compiled loop (loop_sched=false)
    2137 [k] idle: queue empty, nothing refilled (status=prepared loop_which=nil)
    2137 [k] drive from registerBefore alive
    2138 [k] service: running (pending=nil loop_which=nil)
    2138 [k] refill: no compiled loop (loop_sched=false)
    2138 [k] idle: queue empty, nothing refilled (status=prepared loop_which=nil)
    2138 [k] drive from registerBefore alive
    2139 [k] service: running (pending=nil loop_which=nil)
    2139 [k] refill: no compiled loop (loop_sched=false)
    2139 [k] idle: queue empty, nothing refilled (status=prepared loop_which=nil)
    2139 [k] drive from registerBefore alive
    2140 [k] service: running (pending=nil loop_which=nil)
    2140 [k] refill: no compiled loop (loop_sched=false)
    2140 [k] idle: queue empty, nothing refilled (status=prepared loop_which=nil)
    2140 [k] drive from registerBefore alive
    2141 [k] service: running (pending=nil loop_which=nil)
    2141 [k] refill: no compiled loop (loop_sched=false)
    2141 [k] idle: queue empty, nothing refilled (status=prepared loop_which=nil)
    2141 [k] drive from registerBefore alive
    2142 [k] service: running (pending=nil loop_which=nil)
    2142 [k] refill: no compiled loop (loop_sched=false)
    2142 [k] idle: queue empty, nothing refilled (status=prepared loop_which=nil)
    2142 [k] drive from registerBefore alive
    2143 [k] service: running (pending=nil loop_which=nil)
    2143 [k] refill: no compiled loop (loop_sched=false)
    2143 [k] idle: queue empty, nothing refilled (status=prepared loop_which=nil)
    2143 [k] drive from registerBefore alive
    2144 [k] service: running (pending=nil loop_which=nil)
    2144 [k] refill: no compiled loop (loop_sched=false)
    2144 [k] idle: queue empty, nothing refilled (status=prepared loop_which=nil)
    2144 [k] drive from registerBefore alive
    2145 [k] service: running (pending=nil loop_which=nil)
    2145 [k] refill: no compiled loop (loop_sched=false)
    2145 [k] idle: queue empty, nothing refilled (status=prepared loop_which=nil)
    2145 [k] drive from registerBefore alive
    2146 [k] service: running (pending=nil loop_which=nil)
    2146 [k] refill: no compiled loop (loop_sched=false)
    2146 [k] idle: queue empty, nothing refilled (status=prepared loop_which=nil)
    2146 [k] drive from registerBefore alive
    2147 [k] service: running (pending=nil loop_which=nil)
    2147 [k] refill: no compiled loop (loop_sched=false)
    2147 [k] idle: queue empty, nothing refilled (status=prepared loop_which=nil)
    2147 [k] drive from registerBefore alive
    2148 [k] service: running (pending=nil loop_which=nil)
    2148 [k] refill: no compiled loop (loop_sched=false)
    2148 [k] idle: queue empty, nothing refilled (status=prepared loop_which=nil)
    2148 [k] drive from registerBefore alive
    2149 [k] service: running (pending=nil loop_which=nil)
    2149 [k] refill: no compiled loop (loop_sched=false)
    2149 [k] idle: queue empty, nothing refilled (status=prepared loop_which=nil)
    2149 [k] drive from registerBefore alive
    2150 [k] service: running (pending=nil loop_which=nil)
    2150 [k] refill: no compiled loop (loop_sched=false)
    2150 [k] idle: queue empty, nothing refilled (status=prepared loop_which=nil)
    2150 [k] drive from registerBefore alive
    2151 [k] service: running (pending=nil loop_which=nil)
    2151 [k] refill: no compiled loop (loop_sched=false)
    2151 [k] idle: queue empty, nothing refilled (status=prepared loop_which=nil)
    2151 [k] drive from registerBefore alive
    2152 [k] service: running (pending=nil loop_which=nil)
    2152 [k] refill: no compiled loop (loop_sched=false)
    2152 [k] idle: queue empty, nothing refilled (status=prepared loop_which=nil)
    2152 [k] drive from registerBefore alive
    2153 [k] service: running (pending=nil loop_which=nil)
    2153 [k] refill: no compiled loop (loop_sched=false)
    2153 [k] idle: queue empty, nothing refilled (status=prepared loop_which=nil)
    2153 [k] drive from registerBefore alive
    2154 [k] service: running (pending=nil loop_which=nil)
    2154 [k] refill: no compiled loop (loop_sched=false)
    2154 [k] idle: queue empty, nothing refilled (status=prepared loop_which=nil)
    2154 [k] drive from registerBefore alive
    2155 [k] service: running (pending=nil loop_which=nil)
    2155 [k] refill: no compiled loop (loop_sched=false)
    2155 [k] idle: queue empty, nothing refilled (status=prepared loop_which=nil)
    2155 [k] drive from registerBefore alive
    2156 [k] service: running (pending=nil loop_which=nil)
    2156 [k] refill: no compiled loop (loop_sched=false)
    2156 [k] idle: queue empty, nothing refilled (status=prepared loop_which=nil)
    2156 [k] drive from registerBefore alive
    2157 [k] service: running (pending=nil loop_which=nil)
    2157 [k] refill: no compiled loop (loop_sched=false)
    2157 [k] idle: queue empty, nothing refilled (status=prepared loop_which=nil)
    2157 [k] drive from registerBefore alive
    2158 [k] service: running (pending=nil loop_which=nil)
    2158 [k] refill: no compiled loop (loop_sched=false)
    2158 [k] idle: queue empty, nothing refilled (status=prepared loop_which=nil)
    2158 [k] drive from registerBefore alive
    2159 [k] service: running (pending=nil loop_which=nil)
    2159 [k] refill: no compiled loop (loop_sched=false)
    2159 [k] idle: queue empty, nothing refilled (status=prepared loop_which=nil)
    2159 [k] drive from registerBefore alive
    2160 [k] service: running (pending=nil loop_which=nil)
    2160 [k] refill: no compiled loop (loop_sched=false)
    2160 [k] idle: queue empty, nothing refilled (status=prepared loop_which=nil)
    2160 [k] drive from registerBefore alive
    2161 [k] service: running (pending=nil loop_which=nil)
    2161 [k] refill: no compiled loop (loop_sched=false)
    2161 [k] idle: queue empty, nothing refilled (status=prepared loop_which=nil)
    2161 [k] drive from registerBefore alive
    2162 [k] service: running (pending=nil loop_which=nil)
    2162 [k] refill: no compiled loop (loop_sched=false)
    2162 [k] idle: queue empty, nothing refilled (status=prepared loop_which=nil)
    2162 [k] drive from registerBefore alive
    2163 [k] service: running (pending=nil loop_which=nil)
    2163 [k] refill: no compiled loop (loop_sched=false)
    2163 [k] idle: queue empty, nothing refilled (status=prepared loop_which=nil)
    2163 [k] drive from registerBefore alive
    2164 [k] service: running (pending=nil loop_which=nil)
    2164 [k] refill: no compiled loop (loop_sched=false)
    2164 [k] idle: queue empty, nothing refilled (status=prepared loop_which=nil)
    2164 [k] drive from registerBefore alive
    2165 [k] service: running (pending=nil loop_which=nil)
    2165 [k] refill: no compiled loop (loop_sched=false)
    2165 [k] idle: queue empty, nothing refilled (status=prepared loop_which=nil)
    2165 [k] drive from registerBefore alive
    2166 [k] service: running (pending=nil loop_which=nil)
    2166 [k] refill: no compiled loop (loop_sched=false)
    2166 [k] idle: queue empty, nothing refilled (status=prepared loop_which=nil)
    2166 [k] drive from registerBefore alive
    2167 [k] service: running (pending=nil loop_which=nil)
    2167 [k] refill: no compiled loop (loop_sched=false)
    2167 [k] idle: queue empty, nothing refilled (status=prepared loop_which=nil)
    2167 [k] drive from registerBefore alive
    2168 [k] service: running (pending=nil loop_which=nil)
    2168 [k] refill: no compiled loop (loop_sched=false)
    2168 [k] idle: queue empty, nothing refilled (status=prepared loop_which=nil)
    2168 [k] drive from registerBefore alive
    2169 [k] service: running (pending=nil loop_which=nil)
    2169 [k] refill: no compiled loop (loop_sched=false)
    2169 [k] idle: queue empty, nothing refilled (status=prepared loop_which=nil)
    2169 [k] drive from registerBefore alive
    2170 [k] service: running (pending=nil loop_which=nil)
    2170 [k] refill: no compiled loop (loop_sched=false)
    2170 [k] idle: queue empty, nothing refilled (status=prepared loop_which=nil)
    2170 [k] drive from registerBefore alive
    2171 [k] service: running (pending=nil loop_which=nil)
    2171 [k] refill: no compiled loop (loop_sched=false)
    2171 [k] idle: queue empty, nothing refilled (status=prepared loop_which=nil)
    2171 [k] drive from registerBefore alive
    2172 [k] service: running (pending=nil loop_which=nil)
    2172 [k] refill: no compiled loop (loop_sched=false)
    2172 [k] idle: queue empty, nothing refilled (status=prepared loop_which=nil)
    2172 [k] drive from registerBefore alive
    2173 [k] service: running (pending=nil loop_which=nil)
    2173 [k] refill: no compiled loop (loop_sched=false)
    2173 [k] idle: queue empty, nothing refilled (status=prepared loop_which=nil)
    2173 [k] drive from registerBefore alive
    2174 [k] service: running (pending=nil loop_which=nil)
    2174 [k] refill: no compiled loop (loop_sched=false)
    2174 [k] idle: queue empty, nothing refilled (status=prepared loop_which=nil)
    2174 [k] drive from registerBefore alive
    2175 [k] service: running (pending=nil loop_which=nil)
    2175 [k] refill: no compiled loop (loop_sched=false)
    2175 [k] idle: queue empty, nothing refilled (status=prepared loop_which=nil)
    2175 [k] drive from registerBefore alive
    2176 [k] service: running (pending=nil loop_which=nil)
    2176 [k] refill: no compiled loop (loop_sched=false)
    2176 [k] idle: queue empty, nothing refilled (status=prepared loop_which=nil)
    2176 [k] drive from registerBefore alive
    2177 [k] service: running (pending=nil loop_which=nil)
    2177 [k] refill: no compiled loop (loop_sched=false)
    2177 [k] idle: queue empty, nothing refilled (status=prepared loop_which=nil)
    2177 [k] drive from registerBefore alive
    2178 [k] service: running (pending=nil loop_which=nil)
    2178 [k] refill: no compiled loop (loop_sched=false)
    2178 [k] idle: queue empty, nothing refilled (status=prepared loop_which=nil)
    2178 [k] drive from registerBefore alive
    2179 [k] service: running (pending=nil loop_which=nil)
    2179 [k] refill: no compiled loop (loop_sched=false)
    2179 [k] idle: queue empty, nothing refilled (status=prepared loop_which=nil)
    2179 [k] drive from registerBefore alive
    2180 [k] service: running (pending=nil loop_which=nil)
    2180 [k] refill: no compiled loop (loop_sched=false)
    2180 [k] idle: queue empty, nothing refilled (status=prepared loop_which=nil)
    2180 [k] drive from registerBefore alive
    2181 [k] service: running (pending=nil loop_which=nil)
    2181 [k] refill: no compiled loop (loop_sched=false)
    2181 [k] idle: queue empty, nothing refilled (status=prepared loop_which=nil)
    2181 [k] drive from registerBefore alive
    2182 [k] service: running (pending=nil loop_which=nil)
    2182 [k] refill: no compiled loop (loop_sched=false)
    2182 [k] idle: queue empty, nothing refilled (status=prepared loop_which=nil)
    2182 [k] drive from registerBefore alive
    2183 [k] service: running (pending=nil loop_which=nil)
    2183 [k] refill: no compiled loop (loop_sched=false)
    2183 [k] idle: queue empty, nothing refilled (status=prepared loop_which=nil)
    2183 [k] drive from registerBefore alive
    2184 [k] service: running (pending=nil loop_which=nil)
    2184 [k] refill: no compiled loop (loop_sched=false)
    2184 [k] idle: queue empty, nothing refilled (status=prepared loop_which=nil)
    2184 [k] drive from registerBefore alive
    2185 [k] service: running (pending=nil loop_which=nil)
    2185 [k] refill: no compiled loop (loop_sched=false)
    2185 [k] idle: queue empty, nothing refilled (status=prepared loop_which=nil)
    2185 [k] drive from registerBefore alive
    2186 [k] service: running (pending=nil loop_which=nil)
    2186 [k] refill: no compiled loop (loop_sched=false)
    2186 [k] idle: queue empty, nothing refilled (status=prepared loop_which=nil)
    2186 [k] drive from registerBefore alive
    2187 [k] service: running (pending=nil loop_which=nil)
    2187 [k] refill: no compiled loop (loop_sched=false)
    2187 [k] idle: queue empty, nothing refilled (status=prepared loop_which=nil)
    2187 [k] drive from registerBefore alive
    2188 [k] service: running (pending=nil loop_which=nil)
    2188 [k] refill: no compiled loop (loop_sched=false)
    2188 [k] idle: queue empty, nothing refilled (status=prepared loop_which=nil)
    2188 [k] drive from registerBefore alive
    2189 [k] service: running (pending=nil loop_which=nil)
    2189 [k] refill: no compiled loop (loop_sched=false)
    2189 [k] idle: queue empty, nothing refilled (status=prepared loop_which=nil)
    2189 [k] drive from registerBefore alive
    2190 [k] service: running (pending=nil loop_which=nil)
    2190 [k] refill: no compiled loop (loop_sched=false)
    2190 [k] idle: queue empty, nothing refilled (status=prepared loop_which=nil)
    2190 [k] drive from registerBefore alive
    2191 [k] service: running (pending=nil loop_which=nil)
    2191 [k] refill: no compiled loop (loop_sched=false)
    2191 [k] idle: queue empty, nothing refilled (status=prepared loop_which=nil)
    2191 [k] drive from registerBefore alive
    2192 [k] service: running (pending=nil loop_which=nil)
    2192 [k] refill: no compiled loop (loop_sched=false)
    2192 [k] idle: queue empty, nothing refilled (status=prepared loop_which=nil)
    2192 [k] drive from registerBefore alive
    2193 [k] service: running (pending=nil loop_which=nil)
    2193 [k] refill: no compiled loop (loop_sched=false)
    2193 [k] idle: queue empty, nothing refilled (status=prepared loop_which=nil)
    2193 [k] drive from registerBefore alive
    2194 [k] service: running (pending=nil loop_which=nil)
    2194 [k] refill: no compiled loop (loop_sched=false)
    2194 [k] idle: queue empty, nothing refilled (status=prepared loop_which=nil)
    2194 [k] drive from registerBefore alive
    2195 [k] service: running (pending=nil loop_which=nil)
    2195 [k] refill: no compiled loop (loop_sched=false)
    2195 [k] idle: queue empty, nothing refilled (status=prepared loop_which=nil)
    2195 [k] drive from registerBefore alive
    2196 [k] service: running (pending=nil loop_which=nil)
    2196 [k] refill: no compiled loop (loop_sched=false)
    2196 [k] idle: queue empty, nothing refilled (status=prepared loop_which=nil)
    2196 [k] drive from registerBefore alive
    2197 [k] service: running (pending=nil loop_which=nil)
    2197 [k] refill: no compiled loop (loop_sched=false)
    2197 [k] idle: queue empty, nothing refilled (status=prepared loop_which=nil)
    2197 [k] drive from registerBefore alive
    2198 [k] service: running (pending=nil loop_which=nil)
    2198 [k] refill: no compiled loop (loop_sched=false)
    2198 [k] idle: queue empty, nothing refilled (status=prepared loop_which=nil)
    2198 [k] drive from registerBefore alive
    2199 [k] service: running (pending=nil loop_which=nil)
    2199 [k] refill: no compiled loop (loop_sched=false)
    2199 [k] idle: queue empty, nothing refilled (status=prepared loop_which=nil)
    2199 [k] drive from registerBefore alive
    2200 [k] service: running (pending=nil loop_which=nil)
    2200 [k] refill: no compiled loop (loop_sched=false)
    2200 [k] idle: queue empty, nothing refilled (status=prepared loop_which=nil)
    2200 [k] drive from registerBefore alive
    2201 [k] service: running (pending=nil loop_which=nil)
    2201 [k] refill: no compiled loop (loop_sched=false)
    2201 [k] idle: queue empty, nothing refilled (status=prepared loop_which=nil)
    2201 [k] drive from registerBefore alive
    2202 [k] service: running (pending=nil loop_which=nil)
    2202 [k] refill: no compiled loop (loop_sched=false)
    2202 [k] idle: queue empty, nothing refilled (status=prepared loop_which=nil)
    2202 [k] drive from registerBefore alive
    2203 [k] service: running (pending=nil loop_which=nil)
    2203 [k] refill: no compiled loop (loop_sched=false)
    2203 [k] idle: queue empty, nothing refilled (status=prepared loop_which=nil)
    2203 [k] drive from registerBefore alive
    2204 [k] service: running (pending=nil loop_which=nil)
    2204 [k] refill: no compiled loop (loop_sched=false)
    2204 [k] idle: queue empty, nothing refilled (status=prepared loop_which=nil)
    2204 [k] drive from registerBefore alive
    2205 [k] service: running (pending=nil loop_which=nil)
    2205 [k] refill: no compiled loop (loop_sched=false)
    2205 [k] idle: queue empty, nothing refilled (status=prepared loop_which=nil)
    2205 [k] drive from registerBefore alive
    2206 [k] service: running (pending=nil loop_which=nil)
    2206 [k] refill: no compiled loop (loop_sched=false)
    2206 [k] idle: queue empty, nothing refilled (status=prepared loop_which=nil)
    2206 [k] drive from registerBefore alive
    2207 [k] service: running (pending=nil loop_which=nil)
    2207 [k] refill: no compiled loop (loop_sched=false)
    2207 [k] idle: queue empty, nothing refilled (status=prepared loop_which=nil)
    2207 [k] drive from registerBefore alive
    2208 [k] service: running (pending=nil loop_which=nil)
    2208 [k] refill: no compiled loop (loop_sched=false)
    2208 [k] idle: queue empty, nothing refilled (status=prepared loop_which=nil)
    2208 [k] drive from registerBefore alive
    2209 [k] service: running (pending=nil loop_which=nil)
    2209 [k] refill: no compiled loop (loop_sched=false)
    2209 [k] idle: queue empty, nothing refilled (status=prepared loop_which=nil)
    2209 [k] drive from registerBefore alive
    2210 [k] service: running (pending=nil loop_which=nil)
    2210 [k] refill: no compiled loop (loop_sched=false)
    2210 [k] idle: queue empty, nothing refilled (status=prepared loop_which=nil)
    2210 [k] drive from registerBefore alive
    2211 [k] service: running (pending=nil loop_which=nil)
    2211 [k] refill: no compiled loop (loop_sched=false)
    2211 [k] idle: queue empty, nothing refilled (status=prepared loop_which=nil)
    2211 [k] drive from registerBefore alive
    2212 [k] service: running (pending=nil loop_which=nil)
    2212 [k] refill: no compiled loop (loop_sched=false)
    2212 [k] idle: queue empty, nothing refilled (status=prepared loop_which=nil)
    2212 [k] drive from registerBefore alive
    2213 [k] service: running (pending=nil loop_which=nil)
    2213 [k] refill: no compiled loop (loop_sched=false)
    2213 [k] idle: queue empty, nothing refilled (status=prepared loop_which=nil)
    2213 [k] drive from registerBefore alive
    2214 [k] service: running (pending=nil loop_which=nil)
    2214 [k] refill: no compiled loop (loop_sched=false)
    2214 [k] idle: queue empty, nothing refilled (status=prepared loop_which=nil)
    2214 [k] drive from registerBefore alive
    2215 [k] service: running (pending=nil loop_which=nil)
    2215 [k] refill: no compiled loop (loop_sched=false)
    2215 [k] idle: queue empty, nothing refilled (status=prepared loop_which=nil)
    2215 [k] drive from registerBefore alive
    2216 [k] service: running (pending=nil loop_which=nil)
    2216 [k] refill: no compiled loop (loop_sched=false)
    2216 [k] idle: queue empty, nothing refilled (status=prepared loop_which=nil)
    2216 [k] drive from registerBefore alive
    2217 [k] service: running (pending=nil loop_which=nil)
    2217 [k] refill: no compiled loop (loop_sched=false)
    2217 [k] idle: queue empty, nothing refilled (status=prepared loop_which=nil)
    2217 [k] drive from registerBefore alive
    2218 [k] service: running (pending=nil loop_which=nil)
    2218 [k] refill: no compiled loop (loop_sched=false)
    2218 [k] idle: queue empty, nothing refilled (status=prepared loop_which=nil)
    2218 [k] drive from registerBefore alive
    2219 [k] service: running (pending=nil loop_which=nil)
    2219 [k] refill: no compiled loop (loop_sched=false)
    2219 [k] idle: queue empty, nothing refilled (status=prepared loop_which=nil)
    2219 [k] drive from registerBefore alive
    2220 [k] service: running (pending=nil loop_which=nil)
    2220 [k] refill: no compiled loop (loop_sched=false)
    2220 [k] idle: queue empty, nothing refilled (status=prepared loop_which=nil)
    2220 [k] drive from registerBefore alive
    2221 [k] service: running (pending=nil loop_which=nil)
    2221 [k] refill: no compiled loop (loop_sched=false)
    2221 [k] idle: queue empty, nothing refilled (status=prepared loop_which=nil)
    2221 [k] drive from registerBefore alive
    2222 [k] service: running (pending=nil loop_which=nil)
    2222 [k] refill: no compiled loop (loop_sched=false)
    2222 [k] idle: queue empty, nothing refilled (status=prepared loop_which=nil)
    2222 [k] drive from registerBefore alive
    2223 [k] service: running (pending=nil loop_which=nil)
    2223 [k] refill: no compiled loop (loop_sched=false)
    2223 [k] idle: queue empty, nothing refilled (status=prepared loop_which=nil)
    2223 [k] drive from registerBefore alive
    2224 [k] service: running (pending=nil loop_which=nil)
    2224 [k] refill: no compiled loop (loop_sched=false)
    2224 [k] idle: queue empty, nothing refilled (status=prepared loop_which=nil)
    2224 [k] drive from registerBefore alive
    2225 [k] service: running (pending=nil loop_which=nil)
    2225 [k] refill: no compiled loop (loop_sched=false)
    2225 [k] idle: queue empty, nothing refilled (status=prepared loop_which=nil)
    2225 [k] drive from registerBefore alive
    2226 [k] service: running (pending=nil loop_which=nil)
    2226 [k] refill: no compiled loop (loop_sched=false)
    2226 [k] idle: queue empty, nothing refilled (status=prepared loop_which=nil)
    2226 [k] drive from registerBefore alive
    2227 [k] service: running (pending=nil loop_which=nil)
    2227 [k] refill: no compiled loop (loop_sched=false)
    2227 [k] idle: queue empty, nothing refilled (status=prepared loop_which=nil)
    2227 [k] drive from registerBefore alive
    2228 [k] service: running (pending=nil loop_which=nil)
    2228 [k] refill: no compiled loop (loop_sched=false)
    2228 [k] idle: queue empty, nothing refilled (status=prepared loop_which=nil)
    2228 [k] drive from registerBefore alive
    2229 [k] service: running (pending=nil loop_which=nil)
    2229 [k] refill: no compiled loop (loop_sched=false)
    2229 [k] idle: queue empty, nothing refilled (status=prepared loop_which=nil)
    2229 [k] drive from registerBefore alive
    2230 [k] service: running (pending=nil loop_which=nil)
    2230 [k] refill: no compiled loop (loop_sched=false)
    2230 [k] idle: queue empty, nothing refilled (status=prepared loop_which=nil)
    2230 [k] drive from registerBefore alive
    2231 [k] service: running (pending=nil loop_which=nil)
    2231 [k] refill: no compiled loop (loop_sched=false)
    2231 [k] idle: queue empty, nothing refilled (status=prepared loop_which=nil)
    2231 [k] drive from registerBefore alive
    2232 [k] service: running (pending=nil loop_which=nil)
    2232 [k] refill: no compiled loop (loop_sched=false)
    2232 [k] idle: queue empty, nothing refilled (status=prepared loop_which=nil)
    2232 [k] drive from registerBefore alive
    2233 [k] service: running (pending=nil loop_which=nil)
    2233 [k] refill: no compiled loop (loop_sched=false)
    2233 [k] idle: queue empty, nothing refilled (status=prepared loop_which=nil)
    2233 [k] drive from registerBefore alive
    2234 [k] service: running (pending=nil loop_which=nil)
    2234 [k] refill: no compiled loop (loop_sched=false)
    2234 [k] idle: queue empty, nothing refilled (status=prepared loop_which=nil)
    2234 [k] drive from registerBefore alive
    2235 [k] service: running (pending=nil loop_which=nil)
    2235 [k] refill: no compiled loop (loop_sched=false)
    2235 [k] idle: queue empty, nothing refilled (status=prepared loop_which=nil)
    2235 [k] drive from registerBefore alive
    2236 [k] service: running (pending=nil loop_which=nil)
    2236 [k] refill: no compiled loop (loop_sched=false)
    2236 [k] idle: queue empty, nothing refilled (status=prepared loop_which=nil)
    2236 [k] drive from registerBefore alive
    2237 [k] service: running (pending=nil loop_which=nil)
    2237 [k] refill: no compiled loop (loop_sched=false)
    2237 [k] idle: queue empty, nothing refilled (status=prepared loop_which=nil)
    2237 [k] drive from registerBefore alive
    2238 [k] service: running (pending=nil loop_which=nil)
    2238 [k] refill: no compiled loop (loop_sched=false)
    2238 [k] idle: queue empty, nothing refilled (status=prepared loop_which=nil)
    2238 [k] drive from registerBefore alive
    2239 [k] service: running (pending=nil loop_which=nil)
    2239 [k] refill: no compiled loop (loop_sched=false)
    2239 [k] idle: queue empty, nothing refilled (status=prepared loop_which=nil)
    2239 [k] drive from registerBefore alive
    2240 [k] service: running (pending=nil loop_which=nil)
    2240 [k] refill: no compiled loop (loop_sched=false)
    2240 [k] idle: queue empty, nothing refilled (status=prepared loop_which=nil)
    2240 [k] drive from registerBefore alive
    2241 [k] service: running (pending=nil loop_which=nil)
    2241 [k] refill: no compiled loop (loop_sched=false)
    2241 [k] idle: queue empty, nothing refilled (status=prepared loop_which=nil)
    2241 [k] drive from registerBefore alive
    2242 [k] service: running (pending=nil loop_which=nil)
    2242 [k] refill: no compiled loop (loop_sched=false)
    2242 [k] idle: queue empty, nothing refilled (status=prepared loop_which=nil)
    2242 [k] drive from registerBefore alive
    2243 [k] service: running (pending=nil loop_which=nil)
    2243 [k] refill: no compiled loop (loop_sched=false)
    2243 [k] idle: queue empty, nothing refilled (status=prepared loop_which=nil)
    2243 [k] drive from registerBefore alive
    2244 [k] service: running (pending=nil loop_which=nil)
    2244 [k] refill: no compiled loop (loop_sched=false)
    2244 [k] idle: queue empty, nothing refilled (status=prepared loop_which=nil)
    2244 [k] drive from registerBefore alive
    2245 [k] service: running (pending=nil loop_which=nil)
    2245 [k] refill: no compiled loop (loop_sched=false)
    2245 [k] idle: queue empty, nothing refilled (status=prepared loop_which=nil)
    2245 [k] drive from registerBefore alive
    2246 [k] service: running (pending=nil loop_which=nil)
    2246 [k] refill: no compiled loop (loop_sched=false)
    2246 [k] idle: queue empty, nothing refilled (status=prepared loop_which=nil)
    2246 [k] drive from registerBefore alive
    2247 [k] service: running (pending=nil loop_which=nil)
    2247 [k] refill: no compiled loop (loop_sched=false)
    2247 [k] idle: queue empty, nothing refilled (status=prepared loop_which=nil)
    2247 [k] drive from registerBefore alive
    2248 [k] service: running (pending=nil loop_which=nil)
    2248 [k] refill: no compiled loop (loop_sched=false)
    2248 [k] idle: queue empty, nothing refilled (status=prepared loop_which=nil)
    2248 [k] drive from registerBefore alive
    2249 [k] service: running (pending=nil loop_which=nil)
    2249 [k] refill: no compiled loop (loop_sched=false)
    2249 [k] idle: queue empty, nothing refilled (status=prepared loop_which=nil)
    2249 [k] drive from registerBefore alive
    2250 [k] service: running (pending=nil loop_which=nil)
    2250 [k] refill: no compiled loop (loop_sched=false)
    2250 [k] idle: queue empty, nothing refilled (status=prepared loop_which=nil)
    2250 [k] drive from registerBefore alive
    2251 [k] service: running (pending=nil loop_which=nil)
    2251 [k] refill: no compiled loop (loop_sched=false)
    2251 [k] idle: queue empty, nothing refilled (status=prepared loop_which=nil)
    2251 [k] drive from registerBefore alive
    2252 [k] service: running (pending=nil loop_which=nil)
    2252 [k] refill: no compiled loop (loop_sched=false)
    2252 [k] idle: queue empty, nothing refilled (status=prepared loop_which=nil)
    2252 [k] drive from registerBefore alive
    2253 [k] service: running (pending=nil loop_which=nil)
    2253 [k] refill: no compiled loop (loop_sched=false)
    2253 [k] idle: queue empty, nothing refilled (status=prepared loop_which=nil)
    2253 [k] drive from registerBefore alive
    2254 [k] service: running (pending=nil loop_which=nil)
    2254 [k] refill: no compiled loop (loop_sched=false)
    2254 [k] idle: queue empty, nothing refilled (status=prepared loop_which=nil)
    2254 [k] drive from registerBefore alive
    2255 [k] service: running (pending=nil loop_which=nil)
    2255 [k] refill: no compiled loop (loop_sched=false)
    2255 [k] idle: queue empty, nothing refilled (status=prepared loop_which=nil)
    2255 [k] drive from registerBefore alive
    2256 [k] service: running (pending=nil loop_which=nil)
    2256 [k] refill: no compiled loop (loop_sched=false)
    2256 [k] idle: queue empty, nothing refilled (status=prepared loop_which=nil)
    2256 [k] drive from registerBefore alive
    2257 [k] service: running (pending=nil loop_which=nil)
    2257 [k] refill: no compiled loop (loop_sched=false)
    2257 [k] idle: queue empty, nothing refilled (status=prepared loop_which=nil)
    2257 [k] drive from registerBefore alive
    2258 [k] service: running (pending=nil loop_which=nil)
    2258 [k] refill: no compiled loop (loop_sched=false)
    2258 [k] idle: queue empty, nothing refilled (status=prepared loop_which=nil)
    2258 [k] drive from registerBefore alive
    2259 [k] service: running (pending=nil loop_which=nil)
    2259 [k] refill: no compiled loop (loop_sched=false)
    2259 [k] idle: queue empty, nothing refilled (status=prepared loop_which=nil)
    2259 [k] drive from registerBefore alive
    2260 [k] service: running (pending=nil loop_which=nil)
    2260 [k] refill: no compiled loop (loop_sched=false)
    2260 [k] idle: queue empty, nothing refilled (status=prepared loop_which=nil)
    2260 [k] drive from registerBefore alive
    2261 [k] service: running (pending=nil loop_which=nil)
    2261 [k] refill: no compiled loop (loop_sched=false)
    2261 [k] idle: queue empty, nothing refilled (status=prepared loop_which=nil)
    2261 [k] drive from registerBefore alive
    2262 [k] service: running (pending=nil loop_which=nil)
    2262 [k] refill: no compiled loop (loop_sched=false)
    2262 [k] idle: queue empty, nothing refilled (status=prepared loop_which=nil)
    2262 [k] drive from registerBefore alive
    2263 [k] service: running (pending=nil loop_which=nil)
    2263 [k] refill: no compiled loop (loop_sched=false)
    2263 [k] idle: queue empty, nothing refilled (status=prepared loop_which=nil)
    2263 [k] drive from registerBefore alive
    2264 [k] service: running (pending=nil loop_which=nil)
    2264 [k] refill: no compiled loop (loop_sched=false)
    2264 [k] idle: queue empty, nothing refilled (status=prepared loop_which=nil)
    2264 [k] drive from registerBefore alive
    2265 [k] service: running (pending=nil loop_which=nil)
    2265 [k] refill: no compiled loop (loop_sched=false)
    2265 [k] idle: queue empty, nothing refilled (status=prepared loop_which=nil)
    2265 [k] drive from registerBefore alive
    2266 [k] service: running (pending=nil loop_which=nil)
    2266 [k] refill: no compiled loop (loop_sched=false)
    2266 [k] idle: queue empty, nothing refilled (status=prepared loop_which=nil)
    2266 [k] drive from registerBefore alive
    2267 [k] service: running (pending=nil loop_which=nil)
    2267 [k] refill: no compiled loop (loop_sched=false)
    2267 [k] idle: queue empty, nothing refilled (status=prepared loop_which=nil)
    2267 [k] drive from registerBefore alive
    2268 [k] service: running (pending=nil loop_which=nil)
    2268 [k] refill: no compiled loop (loop_sched=false)
    2268 [k] idle: queue empty, nothing refilled (status=prepared loop_which=nil)
    2268 [k] drive from registerBefore alive
    2269 [k] service: running (pending=nil loop_which=nil)
    2269 [k] refill: no compiled loop (loop_sched=false)
    2269 [k] idle: queue empty, nothing refilled (status=prepared loop_which=nil)
    2269 [k] drive from registerBefore alive
    2270 [k] service: running (pending=nil loop_which=nil)
    2270 [k] refill: no compiled loop (loop_sched=false)
    2270 [k] idle: queue empty, nothing refilled (status=prepared loop_which=nil)
    2270 [k] drive from registerBefore alive
    2271 [k] service: running (pending=nil loop_which=nil)
    2271 [k] refill: no compiled loop (loop_sched=false)
    2271 [k] idle: queue empty, nothing refilled (status=prepared loop_which=nil)
    2271 [k] drive from registerBefore alive
    2272 [k] service: running (pending=nil loop_which=nil)
    2272 [k] refill: no compiled loop (loop_sched=false)
    2272 [k] idle: queue empty, nothing refilled (status=prepared loop_which=nil)
    2272 [k] drive from registerBefore alive
    2273 [k] service: running (pending=nil loop_which=nil)
    2273 [k] refill: no compiled loop (loop_sched=false)
    2273 [k] idle: queue empty, nothing refilled (status=prepared loop_which=nil)
    2273 [k] drive from registerBefore alive
    2274 [k] service: running (pending=nil loop_which=nil)
    2274 [k] refill: no compiled loop (loop_sched=false)
    2274 [k] idle: queue empty, nothing refilled (status=prepared loop_which=nil)
    2274 [k] drive from registerBefore alive
    2275 [k] service: running (pending=nil loop_which=nil)
    2275 [k] refill: no compiled loop (loop_sched=false)
    2275 [k] idle: queue empty, nothing refilled (status=prepared loop_which=nil)
    2275 [k] drive from registerBefore alive
    2276 [k] service: running (pending=nil loop_which=nil)
    2276 [k] refill: no compiled loop (loop_sched=false)
    2276 [k] idle: queue empty, nothing refilled (status=prepared loop_which=nil)
    2276 [k] drive from registerBefore alive
    2277 [k] service: running (pending=nil loop_which=nil)
    2277 [k] refill: no compiled loop (loop_sched=false)
    2277 [k] idle: queue empty, nothing refilled (status=prepared loop_which=nil)
    2277 [k] drive from registerBefore alive
    2278 [k] service: running (pending=nil loop_which=nil)
    2278 [k] refill: no compiled loop (loop_sched=false)
    2278 [k] idle: queue empty, nothing refilled (status=prepared loop_which=nil)
    2278 [k] drive from registerBefore alive
    2279 [k] service: running (pending=nil loop_which=nil)
    2279 [k] refill: no compiled loop (loop_sched=false)
    2279 [k] idle: queue empty, nothing refilled (status=prepared loop_which=nil)
    2279 [k] drive from registerBefore alive
    2280 [k] service: running (pending=nil loop_which=nil)
    2280 [k] refill: no compiled loop (loop_sched=false)
    2280 [k] idle: queue empty, nothing refilled (status=prepared loop_which=nil)
    2280 [k] drive from registerBefore alive
    2281 [k] service: running (pending=nil loop_which=nil)
    2281 [k] refill: no compiled loop (loop_sched=false)
    2281 [k] idle: queue empty, nothing refilled (status=prepared loop_which=nil)
    2281 [k] drive from registerBefore alive
    2282 [k] service: running (pending=nil loop_which=nil)
    2282 [k] refill: no compiled loop (loop_sched=false)
    2282 [k] idle: queue empty, nothing refilled (status=prepared loop_which=nil)
    2282 [k] drive from registerBefore alive
    2283 [k] service: running (pending=nil loop_which=nil)
    2283 [k] refill: no compiled loop (loop_sched=false)
    2283 [k] idle: queue empty, nothing refilled (status=prepared loop_which=nil)
    2283 [k] drive from registerBefore alive
    2284 [k] service: running (pending=nil loop_which=nil)
    2284 [k] refill: no compiled loop (loop_sched=false)
    2284 [k] idle: queue empty, nothing refilled (status=prepared loop_which=nil)
    2284 [k] drive from registerBefore alive
    2285 [k] service: running (pending=nil loop_which=nil)
    2285 [k] refill: no compiled loop (loop_sched=false)
    2285 [k] idle: queue empty, nothing refilled (status=prepared loop_which=nil)
    2285 [k] drive from registerBefore alive
    2286 [k] service: running (pending=nil loop_which=nil)
    2286 [k] refill: no compiled loop (loop_sched=false)
    2286 [k] idle: queue empty, nothing refilled (status=prepared loop_which=nil)
    2286 [k] drive from registerBefore alive
    2287 [k] service: running (pending=nil loop_which=nil)
    2287 [k] refill: no compiled loop (loop_sched=false)
    2287 [k] idle: queue empty, nothing refilled (status=prepared loop_which=nil)
    2287 [k] drive from registerBefore alive
    2288 [k] service: running (pending=nil loop_which=nil)
    2288 [k] refill: no compiled loop (loop_sched=false)
    2288 [k] idle: queue empty, nothing refilled (status=prepared loop_which=nil)
    2288 [k] drive from registerBefore alive
    2289 [k] service: running (pending=nil loop_which=nil)
    2289 [k] refill: no compiled loop (loop_sched=false)
    2289 [k] idle: queue empty, nothing refilled (status=prepared loop_which=nil)
    2289 [k] drive from registerBefore alive
    2290 [k] service: running (pending=nil loop_which=nil)
    2290 [k] refill: no compiled loop (loop_sched=false)
    2290 [k] idle: queue empty, nothing refilled (status=prepared loop_which=nil)
    2290 [k] drive from registerBefore alive
    2291 [k] service: running (pending=nil loop_which=nil)
    2291 [k] refill: no compiled loop (loop_sched=false)
    2291 [k] idle: queue empty, nothing refilled (status=prepared loop_which=nil)
    2291 [k] drive from registerBefore alive
    2292 [k] service: running (pending=nil loop_which=nil)
    2292 [k] refill: no compiled loop (loop_sched=false)
    2292 [k] idle: queue empty, nothing refilled (status=prepared loop_which=nil)
    2292 [k] drive from registerBefore alive
    2293 [k] service: running (pending=nil loop_which=nil)
    2293 [k] refill: no compiled loop (loop_sched=false)
    2293 [k] idle: queue empty, nothing refilled (status=prepared loop_which=nil)
    2293 [k] drive from registerBefore alive
    2294 [k] service: running (pending=nil loop_which=nil)
    2294 [k] refill: no compiled loop (loop_sched=false)
    2294 [k] idle: queue empty, nothing refilled (status=prepared loop_which=nil)
    2294 [k] drive from registerBefore alive
    2295 [k] service: running (pending=nil loop_which=nil)
    2295 [k] refill: no compiled loop (loop_sched=false)
    2295 [k] idle: queue empty, nothing refilled (status=prepared loop_which=nil)
    2295 [k] drive from registerBefore alive
    2296 [k] service: running (pending=nil loop_which=nil)
    2296 [k] refill: no compiled loop (loop_sched=false)
    2296 [k] idle: queue empty, nothing refilled (status=prepared loop_which=nil)
    2296 [k] drive from registerBefore alive
    2297 [k] service: running (pending=nil loop_which=nil)
    2297 [k] refill: no compiled loop (loop_sched=false)
    2297 [k] idle: queue empty, nothing refilled (status=prepared loop_which=nil)
    2297 [k] drive from registerBefore alive
    2298 [k] service: running (pending=nil loop_which=nil)
    2298 [k] refill: no compiled loop (loop_sched=false)
    2298 [k] idle: queue empty, nothing refilled (status=prepared loop_which=nil)
    2298 [k] drive from registerBefore alive
    2299 [k] service: running (pending=nil loop_which=nil)
    2299 [k] refill: no compiled loop (loop_sched=false)
    2299 [k] idle: queue empty, nothing refilled (status=prepared loop_which=nil)
    2299 [k] drive from registerBefore alive
    2300 [k] service: running (pending=nil loop_which=nil)
    2300 [k] refill: no compiled loop (loop_sched=false)
    2300 [k] idle: queue empty, nothing refilled (status=prepared loop_which=nil)
    2300 [k] drive from registerBefore alive
    2301 [k] service: running (pending=nil loop_which=nil)
    2301 [k] refill: no compiled loop (loop_sched=false)
    2301 [k] idle: queue empty, nothing refilled (status=prepared loop_which=nil)
    2301 [k] drive from registerBefore alive
    2302 [k] service: running (pending=nil loop_which=nil)
    2302 [k] refill: no compiled loop (loop_sched=false)
    2302 [k] idle: queue empty, nothing refilled (status=prepared loop_which=nil)
    2302 [k] drive from registerBefore alive
    2303 [k] service: running (pending=nil loop_which=nil)
    2303 [k] refill: no compiled loop (loop_sched=false)
    2303 [k] idle: queue empty, nothing refilled (status=prepared loop_which=nil)
    2303 [k] drive from registerBefore alive
    2304 [k] service: running (pending=nil loop_which=nil)
    2304 [k] refill: no compiled loop (loop_sched=false)
    2304 [k] idle: queue empty, nothing refilled (status=prepared loop_which=nil)
    2304 [k] drive from registerBefore alive
    2305 [k] service: running (pending=nil loop_which=nil)
    2305 [k] refill: no compiled loop (loop_sched=false)
    2305 [k] idle: queue empty, nothing refilled (status=prepared loop_which=nil)
    2305 [k] drive from registerBefore alive
    2306 [k] service: running (pending=nil loop_which=nil)
    2306 [k] refill: no compiled loop (loop_sched=false)
    2306 [k] idle: queue empty, nothing refilled (status=prepared loop_which=nil)
    2306 [k] drive from registerBefore alive
    2307 [k] service: running (pending=nil loop_which=nil)
    2307 [k] refill: no compiled loop (loop_sched=false)
    2307 [k] idle: queue empty, nothing refilled (status=prepared loop_which=nil)
    2307 [k] drive from registerBefore alive
    2308 [k] service: running (pending=nil loop_which=nil)
    2308 [k] refill: no compiled loop (loop_sched=false)
    2308 [k] idle: queue empty, nothing refilled (status=prepared loop_which=nil)
    2308 [k] drive from registerBefore alive
    2309 [k] service: running (pending=nil loop_which=nil)
    2309 [k] refill: no compiled loop (loop_sched=false)
    2309 [k] idle: queue empty, nothing refilled (status=prepared loop_which=nil)
    2309 [k] drive from registerBefore alive
    2310 [k] service: running (pending=nil loop_which=nil)
    2310 [k] refill: no compiled loop (loop_sched=false)
    2310 [k] idle: queue empty, nothing refilled (status=prepared loop_which=nil)
    2310 [k] drive from registerBefore alive
    2311 [k] service: running (pending=nil loop_which=nil)
    2311 [k] refill: no compiled loop (loop_sched=false)
    2311 [k] idle: queue empty, nothing refilled (status=prepared loop_which=nil)
    2311 [k] drive from registerBefore alive
    2312 [k] service: running (pending=nil loop_which=nil)
    2312 [k] refill: no compiled loop (loop_sched=false)
    2312 [k] idle: queue empty, nothing refilled (status=prepared loop_which=nil)
    2312 [k] drive from registerBefore alive
    2313 [k] service: running (pending=nil loop_which=nil)
    2313 [k] refill: no compiled loop (loop_sched=false)
    2313 [k] idle: queue empty, nothing refilled (status=prepared loop_which=nil)
    2313 [k] drive from registerBefore alive
    2314 [k] service: running (pending=nil loop_which=nil)
    2314 [k] refill: no compiled loop (loop_sched=false)
    2314 [k] idle: queue empty, nothing refilled (status=prepared loop_which=nil)
    2314 [k] drive from registerBefore alive
    2314 [k] begin_opportunity which=reversal key=2 -> ready reason=nil status=prepared pattern=pattern_2 loop=nil
    2315 [k] service: running (pending=nil loop_which=nil)
    2315 [k] refill: no compiled loop (loop_sched=false)
    2315 [k] idle: queue empty, nothing refilled (status=prepared loop_which=nil)
    2315 [k] drive from registerBefore alive
    2316 [k] service: running (pending=nil loop_which=nil)
    2316 [k] refill: no compiled loop (loop_sched=false)
    2316 [k] idle: queue empty, nothing refilled (status=prepared loop_which=nil)
    2316 [k] drive from registerBefore alive
    2317 [k] service: running (pending=nil loop_which=nil)
    2317 [k] refill: no compiled loop (loop_sched=false)
    2317 [k] idle: queue empty, nothing refilled (status=prepared loop_which=nil)
    2317 [k] drive from registerBefore alive
    2318 [k] service: running (pending=nil loop_which=nil)
    2318 [k] refill: no compiled loop (loop_sched=false)
    2318 [k] idle: queue empty, nothing refilled (status=prepared loop_which=nil)
    2318 [k] drive from registerBefore alive
    2319 [k] service: running (pending=nil loop_which=nil)
    2319 [k] refill: no compiled loop (loop_sched=false)
    2319 [k] idle: queue empty, nothing refilled (status=prepared loop_which=nil)
    2319 [k] drive from registerBefore alive
    2320 [k] service: running (pending=nil loop_which=nil)
    2320 [k] refill: no compiled loop (loop_sched=false)
    2320 [k] idle: queue empty, nothing refilled (status=prepared loop_which=nil)
    2320 [k] drive from registerBefore alive
    2321 [k] service: running (pending=nil loop_which=nil)
    2321 [k] refill: no compiled loop (loop_sched=false)
    2321 [k] idle: queue empty, nothing refilled (status=prepared loop_which=nil)
    2321 [k] drive from registerBefore alive
    2322 [k] service: running (pending=nil loop_which=nil)
    2322 [k] refill: no compiled loop (loop_sched=false)
    2322 [k] idle: queue empty, nothing refilled (status=prepared loop_which=nil)
    2322 [k] drive from registerBefore alive
    2323 [k] service: running (pending=nil loop_which=nil)
    2323 [k] refill: no compiled loop (loop_sched=false)
    2323 [k] idle: queue empty, nothing refilled (status=prepared loop_which=nil)
    2323 [k] drive from registerBefore alive
    2324 [k] service: running (pending=nil loop_which=nil)
    2324 [k] refill: no compiled loop (loop_sched=false)
    2324 [k] idle: queue empty, nothing refilled (status=prepared loop_which=nil)
    2324 [k] drive from registerBefore alive
    2325 [k] service: running (pending=nil loop_which=nil)
    2325 [k] refill: no compiled loop (loop_sched=false)
    2325 [k] idle: queue empty, nothing refilled (status=prepared loop_which=nil)
    2325 [k] drive from registerBefore alive
    2326 [k] service: running (pending=nil loop_which=nil)
    2326 [k] refill: no compiled loop (loop_sched=false)
    2326 [k] idle: queue empty, nothing refilled (status=prepared loop_which=nil)
    2326 [k] drive from registerBefore alive
    2327 [k] service: running (pending=nil loop_which=nil)
    2327 [k] refill: no compiled loop (loop_sched=false)
    2327 [k] idle: queue empty, nothing refilled (status=prepared loop_which=nil)
    2327 [k] drive from registerBefore alive
    2328 [k] service: running (pending=nil loop_which=nil)
    2328 [k] refill: no compiled loop (loop_sched=false)
    2328 [k] idle: queue empty, nothing refilled (status=prepared loop_which=nil)
    2328 [k] drive from registerBefore alive
    2329 [k] service: running (pending=nil loop_which=nil)
    2329 [k] refill: no compiled loop (loop_sched=false)
    2329 [k] idle: queue empty, nothing refilled (status=prepared loop_which=nil)
    2329 [k] drive from registerBefore alive
    2330 [k] service: running (pending=nil loop_which=nil)
    2330 [k] refill: no compiled loop (loop_sched=false)
    2330 [k] idle: queue empty, nothing refilled (status=prepared loop_which=nil)
    2330 [k] drive from registerBefore alive
    2331 [k] service: running (pending=nil loop_which=nil)
    2331 [k] refill: no compiled loop (loop_sched=false)
    2331 [k] idle: queue empty, nothing refilled (status=prepared loop_which=nil)
    2331 [k] drive from registerBefore alive
    2332 [k] service: running (pending=nil loop_which=nil)
    2332 [k] refill: no compiled loop (loop_sched=false)
    2332 [k] idle: queue empty, nothing refilled (status=prepared loop_which=nil)
    2332 [k] drive from registerBefore alive
    2333 [k] service: running (pending=nil loop_which=nil)
    2333 [k] refill: no compiled loop (loop_sched=false)
    2333 [k] idle: queue empty, nothing refilled (status=prepared loop_which=nil)
    2333 [k] drive from registerBefore alive
    2334 [k] service: running (pending=nil loop_which=nil)
    2334 [k] refill: no compiled loop (loop_sched=false)
    2334 [k] idle: queue empty, nothing refilled (status=prepared loop_which=nil)
    2334 [k] drive from registerBefore alive
    2335 [k] service: running (pending=nil loop_which=nil)
    2335 [k] refill: no compiled loop (loop_sched=false)
    2335 [k] idle: queue empty, nothing refilled (status=prepared loop_which=nil)
    2335 [k] drive from registerBefore alive
    2336 [k] service: running (pending=nil loop_which=nil)
    2336 [k] refill: no compiled loop (loop_sched=false)
    2336 [k] idle: queue empty, nothing refilled (status=prepared loop_which=nil)
    2336 [k] drive from registerBefore alive
    2337 [k] service: running (pending=nil loop_which=nil)
    2337 [k] refill: no compiled loop (loop_sched=false)
    2337 [k] idle: queue empty, nothing refilled (status=prepared loop_which=nil)
    2337 [k] drive from registerBefore alive
    2338 [k] service: running (pending=nil loop_which=nil)
    2338 [k] refill: no compiled loop (loop_sched=false)
    2338 [k] idle: queue empty, nothing refilled (status=prepared loop_which=nil)
    2338 [k] drive from registerBefore alive
    2339 [k] service: running (pending=nil loop_which=nil)
    2339 [k] refill: no compiled loop (loop_sched=false)
    2339 [k] idle: queue empty, nothing refilled (status=prepared loop_which=nil)
    2339 [k] drive from registerBefore alive
    2340 [k] service: running (pending=nil loop_which=nil)
    2340 [k] refill: no compiled loop (loop_sched=false)
    2340 [k] idle: queue empty, nothing refilled (status=prepared loop_which=nil)
    2340 [k] drive from registerBefore alive
    2341 [k] service: running (pending=nil loop_which=nil)
    2341 [k] refill: no compiled loop (loop_sched=false)
    2341 [k] idle: queue empty, nothing refilled (status=prepared loop_which=nil)
    2341 [k] drive from registerBefore alive
    2342 [k] service: running (pending=nil loop_which=nil)
    2342 [k] refill: no compiled loop (loop_sched=false)
    2342 [k] idle: queue empty, nothing refilled (status=prepared loop_which=nil)
    2342 [k] drive from registerBefore alive
    2342 [k] arm which=reversal steps=3 loop_on=true
    2343 [k] service: running (pending=2 loop_which=reversal)
    2343 [k] service_body: entered
    2343 [k] drive from registerBefore alive
    2344 [k] service: running (pending=2 loop_which=reversal)
    2344 [k] service_body: entered
    2344 [k] drive from registerBefore alive
    2345 [k] service: running (pending=2 loop_which=reversal)
    2345 [k] service_body: entered
    2345 [k] drive from registerBefore alive
    2346 [k] service: running (pending=2 loop_which=reversal)
    2346 [k] service_body: entered
    2346 [k] drive from registerBefore alive
    2347 [k] service: running (pending=2 loop_which=reversal)
    2347 [k] service_body: entered
    2347 [k] drive from registerBefore alive
    2348 [k] service: running (pending=2 loop_which=reversal)
    2348 [k] service_body: entered
    2348 [k] drive from registerBefore alive
    2349 [k] service: running (pending=2 loop_which=reversal)
    2349 [k] service_body: entered
    2349 [k] waiting: counting ticks (step timing=nil auto=false wait=8) pending=2
    2349 [k] drive from registerBefore alive
    2350 [k] service: running (pending=2 loop_which=reversal)
    2350 [k] service_body: entered
    2350 [k] drive from registerBefore alive
    2351 [k] service: running (pending=2 loop_which=reversal)
    2351 [k] service_body: entered
    2351 [k] drive from registerBefore alive
    2352 [k] service: running (pending=2 loop_which=reversal)
    2352 [k] service_body: entered
    2352 [k] drive from registerBefore alive
    2352 [k] begin_opportunity which=reversal key=3 -> ready reason=nil status=prepared pattern=pattern_3 loop=nil
    2353 [k] service: running (pending=2 loop_which=reversal)
    2353 [k] service_body: entered
    2353 [k] drive from registerBefore alive
    2354 [k] service: running (pending=1 loop_which=reversal)
    2354 [k] service_body: entered
    2354 [k] drive from registerBefore alive
    2355 [k] service: running (pending=1 loop_which=reversal)
    2355 [k] service_body: entered
    2355 [k] drive from registerBefore alive
    2356 [k] service: running (pending=1 loop_which=reversal)
    2356 [k] service_body: entered
    2356 [k] drive from registerBefore alive
    2357 [k] service: running (pending=1 loop_which=reversal)
    2357 [k] service_body: entered
    2357 [k] drive from registerBefore alive
    2358 [k] service: running (pending=1 loop_which=reversal)
    2358 [k] service_body: entered
    2358 [k] drive from registerBefore alive
    2359 [k] service: running (pending=1 loop_which=reversal)
    2359 [k] service_body: entered
    2359 [k] drive from registerBefore alive
    2360 [k] service: running (pending=1 loop_which=reversal)
    2360 [k] service_body: entered
    2360 [k] drive from registerBefore alive
    2361 [k] service: running (pending=1 loop_which=reversal)
    2361 [k] service_body: entered
    2361 [k] drive from registerBefore alive
    2362 [k] service: running (pending=1 loop_which=reversal)
    2362 [k] service_body: entered
    2362 [k] drive from registerBefore alive
    2363 [k] service: running (pending=1 loop_which=reversal)
    2363 [k] service_body: entered
    2363 [k] drive from registerBefore alive
    2364 [k] service: running (pending=1 loop_which=reversal)
    2364 [k] service_body: entered
    2364 [k] drive from registerBefore alive
    2365 [k] service: running (pending=1 loop_which=reversal)
    2365 [k] service_body: entered
    2365 [k] drive from registerBefore alive
    2366 [k] service: running (pending=1 loop_which=reversal)
    2366 [k] service_body: entered
    2366 [k] drive from registerBefore alive
    2367 [k] service: running (pending=1 loop_which=reversal)
    2367 [k] service_body: entered
    2367 [k] drive from registerBefore alive
    2368 [k] service: running (pending=1 loop_which=reversal)
    2368 [k] service_body: entered
    2368 [k] drive from registerBefore alive
    2369 [k] service: running (pending=1 loop_which=reversal)
    2369 [k] service_body: entered
    2369 [k] drive from registerBefore alive
    2370 [k] service: running (pending=1 loop_which=reversal)
    2370 [k] service_body: entered
    2370 [k] drive from registerBefore alive
    2371 [k] service: running (pending=1 loop_which=reversal)
    2371 [k] service_body: entered
    2371 [k] drive from registerBefore alive
    2372 [k] service: running (pending=1 loop_which=reversal)
    2372 [k] service_body: entered
    2372 [k] drive from registerBefore alive
    2373 [k] service: running (pending=1 loop_which=reversal)
    2373 [k] service_body: entered
    2373 [k] drive from registerBefore alive
    2374 [k] service: running (pending=1 loop_which=reversal)
    2374 [k] service_body: entered
    2374 [k] drive from registerBefore alive
    2375 [k] service: running (pending=1 loop_which=reversal)
    2375 [k] service_body: entered
    2375 [k] drive from registerBefore alive
    2376 [k] service: running (pending=1 loop_which=reversal)
    2376 [k] service_body: entered
    2376 [k] drive from registerBefore alive
    2377 [k] service: running (pending=1 loop_which=reversal)
    2377 [k] service_body: entered
    2377 [k] drive from registerBefore alive
    2378 [k] service: running (pending=1 loop_which=reversal)
    2378 [k] service_body: entered
    2378 [k] drive from registerBefore alive
    2379 [k] service: running (pending=1 loop_which=reversal)
    2379 [k] service_body: entered
    2379 [k] drive from registerBefore alive
    2380 [k] service: running (pending=1 loop_which=reversal)
    2380 [k] service_body: entered
    2380 [k] drive from registerBefore alive
    2381 [k] service: running (pending=1 loop_which=reversal)
    2381 [k] service_body: entered
    2381 [k] drive from registerBefore alive
    2382 [k] service: running (pending=1 loop_which=reversal)
    2382 [k] service_body: entered
    2382 [k] drive from registerBefore alive
    2383 [k] service: running (pending=1 loop_which=reversal)
    2383 [k] service_body: entered
    2383 [k] drive from registerBefore alive
    2383 [k] arm which=reversal steps=3 loop_on=true
    2384 [k] service: running (pending=2 loop_which=reversal)
    2384 [k] service_body: entered
    2384 [k] drive from registerBefore alive
    2385 [k] service: running (pending=2 loop_which=reversal)
    2385 [k] service_body: entered
    2385 [k] drive from registerBefore alive
    2386 [k] service: running (pending=2 loop_which=reversal)
    2386 [k] service_body: entered
    2386 [k] drive from registerBefore alive
    2387 [k] service: running (pending=2 loop_which=reversal)
    2387 [k] service_body: entered
    2387 [k] drive from registerBefore alive
    2388 [k] service: running (pending=2 loop_which=reversal)
    2388 [k] service_body: entered
    2388 [k] drive from registerBefore alive
    2389 [k] service: running (pending=2 loop_which=reversal)
    2389 [k] service_body: entered
    2389 [k] drive from registerBefore alive
    2390 [k] service: running (pending=2 loop_which=reversal)
    2390 [k] service_body: entered
    2390 [k] drive from registerBefore alive
    2391 [k] service: running (pending=2 loop_which=reversal)
    2391 [k] service_body: entered
    2391 [k] drive from registerBefore alive
    2392 [k] service: running (pending=2 loop_which=reversal)
    2392 [k] service_body: entered
    2392 [k] drive from registerBefore alive
    2393 [k] service: running (pending=2 loop_which=reversal)
    2393 [k] service_body: entered
    2393 [k] drive from registerBefore alive
    2394 [k] service: running (pending=2 loop_which=reversal)
    2394 [k] service_body: entered
    2394 [k] drive from registerBefore alive
    2395 [k] service: running (pending=1 loop_which=reversal)
    2395 [k] service_body: entered
    2395 [k] drive from registerBefore alive
    2395 [k] begin_opportunity which=reversal key=4 -> ready reason=nil status=prepared pattern=pattern_2 loop=nil
    2396 [k] service: running (pending=1 loop_which=reversal)
    2396 [k] service_body: entered
    2396 [k] drive from registerBefore alive
    2397 [k] service: running (pending=1 loop_which=reversal)
    2397 [k] service_body: entered
    2397 [k] drive from registerBefore alive
    2398 [k] service: running (pending=1 loop_which=reversal)
    2398 [k] service_body: entered
    2398 [k] drive from registerBefore alive
    2399 [k] service: running (pending=1 loop_which=reversal)
    2399 [k] service_body: entered
    2399 [k] drive from registerBefore alive
    2400 [k] service: running (pending=1 loop_which=reversal)
    2400 [k] service_body: entered
    2400 [k] drive from registerBefore alive
    2401 [k] service: running (pending=1 loop_which=reversal)
    2401 [k] service_body: entered
    2401 [k] drive from registerBefore alive
    2402 [k] service: running (pending=1 loop_which=reversal)
    2402 [k] service_body: entered
    2402 [k] drive from registerBefore alive
    2403 [k] service: running (pending=1 loop_which=reversal)
    2403 [k] service_body: entered
    2403 [k] drive from registerBefore alive
    2404 [k] service: running (pending=1 loop_which=reversal)
    2404 [k] service_body: entered
    2404 [k] drive from registerBefore alive
    2405 [k] service: running (pending=1 loop_which=reversal)
    2405 [k] service_body: entered
    2405 [k] drive from registerBefore alive
    2406 [k] service: running (pending=1 loop_which=reversal)
    2406 [k] service_body: entered
    2406 [k] drive from registerBefore alive
    2407 [k] service: running (pending=1 loop_which=reversal)
    2407 [k] service_body: entered
    2407 [k] drive from registerBefore alive
    2408 [k] service: running (pending=1 loop_which=reversal)
    2408 [k] service_body: entered
    2408 [k] drive from registerBefore alive
    2409 [k] service: running (pending=1 loop_which=reversal)
    2409 [k] service_body: entered
    2409 [k] drive from registerBefore alive
    2410 [k] service: running (pending=1 loop_which=reversal)
    2410 [k] service_body: entered
    2410 [k] drive from registerBefore alive
    2411 [k] service: running (pending=1 loop_which=reversal)
    2411 [k] service_body: entered
    2411 [k] drive from registerBefore alive
    2412 [k] service: running (pending=1 loop_which=reversal)
    2412 [k] service_body: entered
    2412 [k] drive from registerBefore alive
    2413 [k] service: running (pending=1 loop_which=reversal)
    2413 [k] service_body: entered
    2413 [k] drive from registerBefore alive
    2414 [k] service: running (pending=1 loop_which=reversal)
    2414 [k] service_body: entered
    2414 [k] drive from registerBefore alive
    2415 [k] service: running (pending=1 loop_which=reversal)
    2415 [k] service_body: entered
    2415 [k] drive from registerBefore alive
    2416 [k] service: running (pending=1 loop_which=reversal)
    2416 [k] service_body: entered
    2416 [k] drive from registerBefore alive
    2417 [k] service: running (pending=1 loop_which=reversal)
    2417 [k] service_body: entered
    2417 [k] drive from registerBefore alive
    2418 [k] service: running (pending=1 loop_which=reversal)
    2418 [k] service_body: entered
    2418 [k] drive from registerBefore alive
    2419 [k] service: running (pending=1 loop_which=reversal)
    2419 [k] service_body: entered
    2419 [k] drive from registerBefore alive
    2420 [k] service: running (pending=1 loop_which=reversal)
    2420 [k] service_body: entered
    2420 [k] drive from registerBefore alive
    2421 [k] service: running (pending=1 loop_which=reversal)
    2421 [k] service_body: entered
    2421 [k] drive from registerBefore alive
    2422 [k] service: running (pending=1 loop_which=reversal)
    2422 [k] service_body: entered
    2422 [k] drive from registerBefore alive
    2423 [k] service: running (pending=1 loop_which=reversal)
    2423 [k] service_body: entered
    2423 [k] drive from registerBefore alive
    2424 [k] service: running (pending=1 loop_which=reversal)
    2424 [k] service_body: entered
    2424 [k] drive from registerBefore alive
    2425 [k] service: running (pending=1 loop_which=reversal)
    2425 [k] service_body: entered
    2425 [k] drive from registerBefore alive
    2426 [k] service: running (pending=1 loop_which=reversal)
    2426 [k] service_body: entered
    2426 [k] drive from registerBefore alive
    2426 [k] arm which=reversal steps=3 loop_on=true
    2427 [k] service: running (pending=2 loop_which=reversal)
    2427 [k] service_body: entered
    2427 [k] drive from registerBefore alive
    2428 [k] service: running (pending=2 loop_which=reversal)
    2428 [k] service_body: entered
    2428 [k] drive from registerBefore alive
    2429 [k] service: running (pending=2 loop_which=reversal)
    2429 [k] service_body: entered
    2429 [k] drive from registerBefore alive
    2430 [k] service: running (pending=2 loop_which=reversal)
    2430 [k] service_body: entered
    2430 [k] drive from registerBefore alive
    2431 [k] service: running (pending=2 loop_which=reversal)
    2431 [k] service_body: entered
    2431 [k] drive from registerBefore alive
    2432 [k] service: running (pending=2 loop_which=reversal)
    2432 [k] service_body: entered
    2432 [k] waiting: counting ticks (step timing=nil auto=false wait=8) pending=2
    2432 [k] drive from registerBefore alive
    2433 [k] service: running (pending=2 loop_which=reversal)
    2433 [k] service_body: entered
    2433 [k] drive from registerBefore alive
    2434 [k] service: running (pending=2 loop_which=reversal)
    2434 [k] service_body: entered
    2434 [k] drive from registerBefore alive
    2435 [k] service: running (pending=2 loop_which=reversal)
    2435 [k] service_body: entered
    2435 [k] drive from registerBefore alive
    2436 [k] service: running (pending=2 loop_which=reversal)
    2436 [k] service_body: entered
    2436 [k] drive from registerBefore alive
    2437 [k] service: running (pending=2 loop_which=reversal)
    2437 [k] service_body: entered
    2437 [k] drive from registerBefore alive
    2438 [k] service: running (pending=1 loop_which=reversal)
    2438 [k] service_body: entered
    2438 [k] drive from registerBefore alive
    2438 [k] begin_opportunity which=reversal key=5 -> ready reason=nil status=prepared pattern=pattern_1 loop=nil
    2439 [k] service: running (pending=1 loop_which=reversal)
    2439 [k] service_body: entered
    2439 [k] drive from registerBefore alive
    2440 [k] service: running (pending=1 loop_which=reversal)
    2440 [k] service_body: entered
    2440 [k] drive from registerBefore alive
    2441 [k] service: running (pending=1 loop_which=reversal)
    2441 [k] service_body: entered
    2441 [k] drive from registerBefore alive
    2442 [k] service: running (pending=1 loop_which=reversal)
    2442 [k] service_body: entered
    2442 [k] drive from registerBefore alive
    2443 [k] service: running (pending=1 loop_which=reversal)
    2443 [k] service_body: entered
    2443 [k] drive from registerBefore alive
    2444 [k] service: running (pending=1 loop_which=reversal)
    2444 [k] service_body: entered
    2444 [k] drive from registerBefore alive
    2445 [k] service: running (pending=1 loop_which=reversal)
    2445 [k] service_body: entered
    2445 [k] drive from registerBefore alive
    2446 [k] service: running (pending=1 loop_which=reversal)
    2446 [k] service_body: entered
    2446 [k] drive from registerBefore alive
    2447 [k] service: running (pending=1 loop_which=reversal)
    2447 [k] service_body: entered
    2447 [k] drive from registerBefore alive
    2448 [k] service: running (pending=1 loop_which=reversal)
    2448 [k] service_body: entered
    2448 [k] drive from registerBefore alive
    2449 [k] service: running (pending=1 loop_which=reversal)
    2449 [k] service_body: entered
    2449 [k] drive from registerBefore alive
    2450 [k] service: running (pending=1 loop_which=reversal)
    2450 [k] service_body: entered
    2450 [k] drive from registerBefore alive
    2451 [k] service: running (pending=1 loop_which=reversal)
    2451 [k] service_body: entered
    2451 [k] drive from registerBefore alive
    2452 [k] service: running (pending=1 loop_which=reversal)
    2452 [k] service_body: entered
    2452 [k] drive from registerBefore alive
    2453 [k] service: running (pending=1 loop_which=reversal)
    2453 [k] service_body: entered
    2453 [k] drive from registerBefore alive
    2454 [k] service: running (pending=1 loop_which=reversal)
    2454 [k] service_body: entered
    2454 [k] drive from registerBefore alive
    2455 [k] service: running (pending=1 loop_which=reversal)
    2455 [k] service_body: entered
    2455 [k] drive from registerBefore alive
    2456 [k] service: running (pending=1 loop_which=reversal)
    2456 [k] service_body: entered
    2456 [k] drive from registerBefore alive
    2457 [k] service: running (pending=1 loop_which=reversal)
    2457 [k] service_body: entered
    2457 [k] drive from registerBefore alive
    2458 [k] service: running (pending=1 loop_which=reversal)
    2458 [k] service_body: entered
    2458 [k] drive from registerBefore alive
    2459 [k] service: running (pending=1 loop_which=reversal)
    2459 [k] service_body: entered
    2459 [k] drive from registerBefore alive
    2460 [k] service: running (pending=1 loop_which=reversal)
    2460 [k] service_body: entered
    2460 [k] drive from registerBefore alive
    2461 [k] service: running (pending=1 loop_which=reversal)
    2461 [k] service_body: entered
    2461 [k] drive from registerBefore alive
    2462 [k] service: running (pending=1 loop_which=reversal)
    2462 [k] service_body: entered
    2462 [k] drive from registerBefore alive
    2463 [k] service: running (pending=1 loop_which=reversal)
    2463 [k] service_body: entered
    2463 [k] drive from registerBefore alive
    2464 [k] service: running (pending=1 loop_which=reversal)
    2464 [k] service_body: entered
    2464 [k] drive from registerBefore alive
    2465 [k] service: running (pending=1 loop_which=reversal)
    2465 [k] service_body: entered
    2465 [k] drive from registerBefore alive
    2466 [k] service: running (pending=1 loop_which=reversal)
    2466 [k] service_body: entered
    2466 [k] drive from registerBefore alive
    2467 [k] service: running (pending=1 loop_which=reversal)
    2467 [k] service_body: entered
    2467 [k] drive from registerBefore alive
    2468 [k] service: running (pending=1 loop_which=reversal)
    2468 [k] service_body: entered
    2468 [k] drive from registerBefore alive
    2468 [k] arm which=reversal steps=4 loop_on=true
    2469 [k] service: running (pending=3 loop_which=reversal)
    2469 [k] service_body: entered
    2469 [k] drive from registerBefore alive
    2470 [k] service: running (pending=3 loop_which=reversal)
    2470 [k] service_body: entered
    2470 [k] drive from registerBefore alive
    2471 [k] service: running (pending=3 loop_which=reversal)
    2471 [k] service_body: entered
    2471 [k] drive from registerBefore alive
    2472 [k] service: running (pending=3 loop_which=reversal)
    2472 [k] service_body: entered
    2472 [k] drive from registerBefore alive
    2473 [k] service: running (pending=3 loop_which=reversal)
    2473 [k] service_body: entered
    2473 [k] drive from registerBefore alive
    2474 [k] service: running (pending=3 loop_which=reversal)
    2474 [k] service_body: entered
    2474 [k] drive from registerBefore alive
    2475 [k] service: running (pending=3 loop_which=reversal)
    2475 [k] service_body: entered
    2475 [k] drive from registerBefore alive
    2476 [k] service: running (pending=3 loop_which=reversal)
    2476 [k] service_body: entered
    2476 [k] drive from registerBefore alive
    2477 [k] service: running (pending=2 loop_which=reversal)
    2477 [k] service_body: entered
    2477 [k] drive from registerBefore alive
    2478 [k] service: running (pending=2 loop_which=reversal)
    2478 [k] service_body: entered
    2478 [k] drive from registerBefore alive
    2479 [k] service: running (pending=2 loop_which=reversal)
    2479 [k] service_body: entered
    2479 [k] drive from registerBefore alive
    2480 [k] service: running (pending=2 loop_which=reversal)
    2480 [k] service_body: entered
    2480 [k] drive from registerBefore alive
    2481 [k] service: running (pending=2 loop_which=reversal)
    2481 [k] service_body: entered
    2481 [k] drive from registerBefore alive
    2482 [k] service: running (pending=2 loop_which=reversal)
    2482 [k] service_body: entered
    2482 [k] drive from registerBefore alive
    2483 [k] service: running (pending=2 loop_which=reversal)
    2483 [k] service_body: entered
    2483 [k] drive from registerBefore alive
    2484 [k] service: running (pending=2 loop_which=reversal)
    2484 [k] service_body: entered
    2484 [k] drive from registerBefore alive
    2485 [k] service: running (pending=2 loop_which=reversal)
    2485 [k] service_body: entered
    2485 [k] drive from registerBefore alive
    2486 [k] service: running (pending=2 loop_which=reversal)
    2486 [k] service_body: entered
    2486 [k] drive from registerBefore alive
    2487 [k] service: running (pending=2 loop_which=reversal)
    2487 [k] service_body: entered
    2487 [k] drive from registerBefore alive
    2488 [k] service: running (pending=2 loop_which=reversal)
    2488 [k] service_body: entered
    2488 [k] drive from registerBefore alive
    2489 [k] service: running (pending=2 loop_which=reversal)
    2489 [k] service_body: entered
    2489 [k] drive from registerBefore alive
    2490 [k] service: running (pending=2 loop_which=reversal)
    2490 [k] service_body: entered
    2490 [k] drive from registerBefore alive
    2491 [k] service: running (pending=2 loop_which=reversal)
    2491 [k] service_body: entered
    2491 [k] drive from registerBefore alive
    2492 [k] service: running (pending=2 loop_which=reversal)
    2492 [k] service_body: entered
    2492 [k] drive from registerBefore alive
    2493 [k] service: running (pending=2 loop_which=reversal)
    2493 [k] service_body: entered
    2493 [k] drive from registerBefore alive
    2494 [k] service: running (pending=2 loop_which=reversal)
    2494 [k] service_body: entered
    2494 [k] drive from registerBefore alive
    2495 [k] service: running (pending=2 loop_which=reversal)
    2495 [k] service_body: entered
    2495 [k] drive from registerBefore alive
    2496 [k] service: running (pending=1 loop_which=reversal)
    2496 [k] service_body: entered
    2496 [k] drive from registerBefore alive
    2497 [k] service: running (pending=1 loop_which=reversal)
    2497 [k] service_body: entered
    2497 [k] drive from registerBefore alive
    2498 [k] service: running (pending=1 loop_which=reversal)
    2498 [k] service_body: entered
    2498 [k] drive from registerBefore alive
    2499 [k] service: running (pending=1 loop_which=reversal)
    2499 [k] service_body: entered
    2499 [k] drive from registerBefore alive
    2500 [k] service: running (pending=1 loop_which=reversal)
    2500 [k] service_body: entered
    2500 [k] drive from registerBefore alive
    2501 [k] service: running (pending=nil loop_which=reversal)
    2501 [k] idle: queue empty, nothing refilled (status=active loop_which=reversal)
    2501 [k] drive from registerBefore alive
    2502 [k] service: running (pending=3 loop_which=reversal)
    2502 [k] service_body: entered
    2502 [k] drive from registerBefore alive
    2503 [k] service: running (pending=3 loop_which=reversal)
    2503 [k] service_body: entered
    2503 [k] drive from registerBefore alive
    2504 [k] service: running (pending=3 loop_which=reversal)
    2504 [k] service_body: entered
    2504 [k] drive from registerBefore alive
    2505 [k] service: running (pending=3 loop_which=reversal)
    2505 [k] service_body: entered
    2505 [k] drive from registerBefore alive
    2506 [k] service: running (pending=3 loop_which=reversal)
    2506 [k] service_body: entered
    2506 [k] drive from registerBefore alive
    2507 [k] service: running (pending=3 loop_which=reversal)
    2507 [k] service_body: entered
    2507 [k] drive from registerBefore alive
    2508 [k] service: running (pending=3 loop_which=reversal)
    2508 [k] service_body: entered
    2508 [k] drive from registerBefore alive
    2509 [k] service: running (pending=3 loop_which=reversal)
    2509 [k] service_body: entered
    2509 [k] drive from registerBefore alive
    2510 [k] service: running (pending=3 loop_which=reversal)
    2510 [k] service_body: entered
    2510 [k] drive from registerBefore alive
    2511 [k] service: running (pending=3 loop_which=reversal)
    2511 [k] service_body: entered
    2511 [k] drive from registerBefore alive
    2512 [k] service: running (pending=3 loop_which=reversal)
    2512 [k] service_body: entered
    2512 [k] drive from registerBefore alive
    2513 [k] service: running (pending=2 loop_which=reversal)
    2513 [k] service_body: entered
    2513 [k] drive from registerBefore alive
    2514 [k] service: running (pending=2 loop_which=reversal)
    2514 [k] service_body: entered
    2514 [k] drive from registerBefore alive
    2515 [k] service: running (pending=2 loop_which=reversal)
    2515 [k] service_body: entered
    2515 [k] drive from registerBefore alive
    2516 [k] service: running (pending=2 loop_which=reversal)
    2516 [k] service_body: entered
    2516 [k] drive from registerBefore alive
    2517 [k] service: running (pending=2 loop_which=reversal)
    2517 [k] service_body: entered
    2517 [k] drive from registerBefore alive
    2518 [k] service: running (pending=2 loop_which=reversal)
    2518 [k] service_body: entered
    2518 [k] drive from registerBefore alive
    2519 [k] service: running (pending=1 loop_which=reversal)
    2519 [k] service_body: entered
    2519 [k] drive from registerBefore alive
    2520 [k] service: running (pending=1 loop_which=reversal)
    2520 [k] service_body: entered
    2520 [k] drive from registerBefore alive
    2521 [k] service: running (pending=1 loop_which=reversal)
    2521 [k] service_body: entered
    2521 [k] drive from registerBefore alive
    2522 [k] service: running (pending=1 loop_which=reversal)
    2522 [k] service_body: entered
    2522 [k] drive from registerBefore alive
    2523 [k] service: running (pending=1 loop_which=reversal)
    2523 [k] service_body: entered
    2523 [k] drive from registerBefore alive
    2524 [k] service: running (pending=1 loop_which=reversal)
    2524 [k] service_body: entered
    2524 [k] drive from registerBefore alive
    2525 [k] service: running (pending=1 loop_which=reversal)
    2525 [k] service_body: entered
    2525 [k] drive from registerBefore alive
    2526 [k] service: running (pending=1 loop_which=reversal)
    2526 [k] service_body: entered
    2526 [k] drive from registerBefore alive
    2527 [k] service: running (pending=1 loop_which=reversal)
    2527 [k] service_body: entered
    2527 [k] drive from registerBefore alive
    2528 [k] service: running (pending=1 loop_which=reversal)
    2528 [k] service_body: entered
    2528 [k] drive from registerBefore alive
    2529 [k] service: running (pending=1 loop_which=reversal)
    2529 [k] service_body: entered
    2529 [k] drive from registerBefore alive
    2530 [k] service: running (pending=1 loop_which=reversal)
    2530 [k] service_body: entered
    2530 [k] drive from registerBefore alive
    2531 [k] service: running (pending=1 loop_which=reversal)
    2531 [k] service_body: entered
    2531 [k] drive from registerBefore alive
    2532 [k] service: running (pending=1 loop_which=reversal)
    2532 [k] service_body: entered
    2532 [k] drive from registerBefore alive
    2533 [k] service: running (pending=1 loop_which=reversal)
    2533 [k] service_body: entered
    2533 [k] drive from registerBefore alive
    2534 [k] service: running (pending=1 loop_which=reversal)
    2534 [k] service_body: entered
    2534 [k] drive from registerBefore alive
    2535 [k] service: running (pending=1 loop_which=reversal)
    2535 [k] service_body: entered
    2535 [k] drive from registerBefore alive
    2536 [k] service: running (pending=1 loop_which=reversal)
    2536 [k] service_body: entered
    2536 [k] drive from registerBefore alive
    2537 [k] service: running (pending=1 loop_which=reversal)
    2537 [k] service_body: entered
    2537 [k] drive from registerBefore alive
    2538 [k] service: running (pending=1 loop_which=reversal)
    2538 [k] service_body: entered
    2538 [k] drive from registerBefore alive
    2539 [k] service: running (pending=1 loop_which=reversal)
    2539 [k] service_body: entered
    2539 [k] drive from registerBefore alive
    2540 [k] service: running (pending=1 loop_which=reversal)
    2540 [k] service_body: entered
    2540 [k] drive from registerBefore alive
    2541 [k] service: running (pending=1 loop_which=reversal)
    2541 [k] service_body: entered
    2541 [k] drive from registerBefore alive
    2542 [k] service: running (pending=1 loop_which=reversal)
    2542 [k] service_body: entered
    2542 [k] drive from registerBefore alive
    2543 [k] service: running (pending=1 loop_which=reversal)
    2543 [k] service_body: entered
    2543 [k] drive from registerBefore alive
    2544 [k] service: running (pending=1 loop_which=reversal)
    2544 [k] service_body: entered
    2544 [k] drive from registerBefore alive
    2545 [k] service: running (pending=1 loop_which=reversal)
    2545 [k] service_body: entered
    2545 [k] drive from registerBefore alive
    2546 [k] service: running (pending=1 loop_which=reversal)
    2546 [k] service_body: entered
    2546 [k] drive from registerBefore alive
    2547 [k] service: running (pending=1 loop_which=reversal)
    2547 [k] service_body: entered
    2547 [k] drive from registerBefore alive
    2548 [k] service: running (pending=1 loop_which=reversal)
    2548 [k] service_body: entered
    2548 [k] drive from registerBefore alive
    2549 [k] service: running (pending=1 loop_which=reversal)
    2549 [k] service_body: entered
    2549 [k] drive from registerBefore alive
    2550 [k] service: running (pending=1 loop_which=reversal)
    2550 [k] service_body: entered
    2550 [k] drive from registerBefore alive
    2551 [k] service: running (pending=1 loop_which=reversal)
    2551 [k] service_body: entered
    2551 [k] drive from registerBefore alive
    2552 [k] service: running (pending=1 loop_which=reversal)
    2552 [k] service_body: entered
    2552 [k] drive from registerBefore alive
    2553 [k] service: running (pending=1 loop_which=reversal)
    2553 [k] service_body: entered
    2553 [k] drive from registerBefore alive
    2554 [k] service: running (pending=1 loop_which=reversal)
    2554 [k] service_body: entered
    2554 [k] drive from registerBefore alive
    2555 [k] service: running (pending=1 loop_which=reversal)
    2555 [k] service_body: entered
    2555 [k] drive from registerBefore alive
    2556 [k] service: running (pending=1 loop_which=reversal)
    2556 [k] service_body: entered
    2556 [k] drive from registerBefore alive
    2557 [k] service: running (pending=1 loop_which=reversal)
    2557 [k] service_body: entered
    2557 [k] drive from registerBefore alive
    2558 [k] service: running (pending=1 loop_which=reversal)
    2558 [k] service_body: entered
    2558 [k] drive from registerBefore alive
    2559 [k] service: running (pending=1 loop_which=reversal)
    2559 [k] service_body: entered
    2559 [k] drive from registerBefore alive
    2560 [k] service: running (pending=1 loop_which=reversal)
    2560 [k] service_body: entered
    2560 [k] drive from registerBefore alive
    2561 [k] service: running (pending=1 loop_which=reversal)
    2561 [k] service_body: entered
    2561 [k] drive from registerBefore alive
    2562 [k] service: running (pending=1 loop_which=reversal)
    2562 [k] service_body: entered
    2562 [k] drive from registerBefore alive
    2563 [k] service: running (pending=1 loop_which=reversal)
    2563 [k] service_body: entered
    2563 [k] drive from registerBefore alive
    2564 [k] service: running (pending=1 loop_which=reversal)
    2564 [k] service_body: entered
    2564 [k] drive from registerBefore alive
    2565 [k] service: running (pending=1 loop_which=reversal)
    2565 [k] service_body: entered
    2565 [k] drive from registerBefore alive
    2566 [k] service: running (pending=1 loop_which=reversal)
    2566 [k] service_body: entered
    2566 [k] drive from registerBefore alive
    2567 [k] service: running (pending=1 loop_which=reversal)
    2567 [k] service_body: entered
    2567 [k] drive from registerBefore alive
    2568 [k] service: running (pending=1 loop_which=reversal)
    2568 [k] service_body: entered
    2568 [k] drive from registerBefore alive
    2569 [k] service: running (pending=1 loop_which=reversal)
    2569 [k] service_body: entered
    2569 [k] drive from registerBefore alive
    2570 [k] service: running (pending=1 loop_which=reversal)
    2570 [k] service_body: entered
    2570 [k] drive from registerBefore alive
    2571 [k] service: running (pending=1 loop_which=reversal)
    2571 [k] service_body: entered
    2571 [k] drive from registerBefore alive
    2572 [k] service: running (pending=1 loop_which=reversal)
    2572 [k] service_body: entered
    2572 [k] drive from registerBefore alive
    2573 [k] service: running (pending=1 loop_which=reversal)
    2573 [k] service_body: entered
    2573 [k] drive from registerBefore alive
    2574 [k] service: running (pending=1 loop_which=reversal)
    2574 [k] service_body: entered
    2574 [k] drive from registerBefore alive
    2575 [k] service: running (pending=1 loop_which=reversal)
    2575 [k] service_body: entered
    2575 [k] drive from registerBefore alive
    2576 [k] service: running (pending=1 loop_which=reversal)
    2576 [k] service_body: entered
    2576 [k] drive from registerBefore alive
    2577 [k] service: running (pending=1 loop_which=reversal)
    2577 [k] service_body: entered
    2577 [k] drive from registerBefore alive
    2578 [k] service: running (pending=1 loop_which=reversal)
    2578 [k] service_body: entered
    2578 [k] drive from registerBefore alive
    2579 [k] service: running (pending=1 loop_which=reversal)
    2579 [k] service_body: entered
    2579 [k] drive from registerBefore alive
    2580 [k] service: running (pending=1 loop_which=reversal)
    2580 [k] service_body: entered
    2580 [k] drive from registerBefore alive
    2581 [k] service: running (pending=1 loop_which=reversal)
    2581 [k] service_body: entered
    2581 [k] drive from registerBefore alive
    2582 [k] service: running (pending=1 loop_which=reversal)
    2582 [k] service_body: entered
    2582 [k] drive from registerBefore alive
    2583 [k] service: running (pending=1 loop_which=reversal)
    2583 [k] service_body: entered
    2583 [k] drive from registerBefore alive
    2584 [k] service: running (pending=1 loop_which=reversal)
    2584 [k] service_body: entered
    2584 [k] drive from registerBefore alive
    2585 [k] service: running (pending=1 loop_which=reversal)
    2585 [k] service_body: entered
    2585 [k] drive from registerBefore alive
    2586 [k] service: running (pending=1 loop_which=reversal)
    2586 [k] service_body: entered
    2586 [k] drive from registerBefore alive
    2587 [k] service: running (pending=1 loop_which=reversal)
    2587 [k] service_body: entered
    2587 [k] drive from registerBefore alive
    2588 [k] service: running (pending=1 loop_which=reversal)
    2588 [k] service_body: entered
    2588 [k] drive from registerBefore alive
    2589 [k] service: running (pending=1 loop_which=reversal)
    2589 [k] service_body: entered
    2589 [k] drive from registerBefore alive
    2590 [k] service: running (pending=1 loop_which=reversal)
    2590 [k] service_body: entered
    2590 [k] drive from registerBefore alive
    2591 [k] service: running (pending=1 loop_which=reversal)
    2591 [k] service_body: entered
    2591 [k] drive from registerBefore alive
    2592 [k] service: running (pending=1 loop_which=reversal)
    2592 [k] service_body: entered
    2592 [k] drive from registerBefore alive
    2593 [k] service: running (pending=1 loop_which=reversal)
    2593 [k] service_body: entered
    2593 [k] drive from registerBefore alive
    2594 [k] service: running (pending=1 loop_which=reversal)
    2594 [k] service_body: entered
    2594 [k] drive from registerBefore alive
    2595 [k] service: running (pending=1 loop_which=reversal)
    2595 [k] service_body: entered
    2595 [k] drive from registerBefore alive
    2596 [k] service: running (pending=1 loop_which=reversal)
    2596 [k] service_body: entered
    2596 [k] drive from registerBefore alive
    2597 [k] service: running (pending=1 loop_which=reversal)
    2597 [k] service_body: entered
    2597 [k] drive from registerBefore alive
    2598 [k] service: running (pending=1 loop_which=reversal)
    2598 [k] service_body: entered
    2598 [k] drive from registerBefore alive
    2599 [k] service: running (pending=1 loop_which=reversal)
    2599 [k] service_body: entered
    2599 [k] drive from registerBefore alive
    2600 [k] service: running (pending=1 loop_which=reversal)
    2600 [k] service_body: entered
    2600 [k] drive from registerBefore alive
    2601 [k] service: running (pending=1 loop_which=reversal)
    2601 [k] service_body: entered
    2601 [k] drive from registerBefore alive
    2602 [k] service: running (pending=1 loop_which=reversal)
    2602 [k] service_body: entered
    2602 [k] drive from registerBefore alive
    2603 [k] service: running (pending=1 loop_which=reversal)
    2603 [k] service_body: entered
    2603 [k] drive from registerBefore alive
    2604 [k] service: running (pending=1 loop_which=reversal)
    2604 [k] service_body: entered
    2604 [k] drive from registerBefore alive
    2605 [k] service: running (pending=1 loop_which=reversal)
    2605 [k] service_body: entered
    2605 [k] drive from registerBefore alive
    2606 [k] service: running (pending=1 loop_which=reversal)
    2606 [k] service_body: entered
    2606 [k] drive from registerBefore alive
    2607 [k] service: running (pending=1 loop_which=reversal)
    2607 [k] service_body: entered
    2607 [k] drive from registerBefore alive
    2608 [k] service: running (pending=1 loop_which=reversal)
    2608 [k] service_body: entered
    2608 [k] drive from registerBefore alive
    2609 [k] service: running (pending=1 loop_which=reversal)
    2609 [k] service_body: entered
    2609 [k] drive from registerBefore alive
    2610 [k] service: running (pending=1 loop_which=reversal)
    2610 [k] service_body: entered
    2610 [k] drive from registerBefore alive
    2611 [k] service: running (pending=1 loop_which=reversal)
    2611 [k] service_body: entered
    2611 [k] drive from registerBefore alive
    2612 [k] service: running (pending=1 loop_which=reversal)
    2612 [k] service_body: entered
    2612 [k] drive from registerBefore alive
    2613 [k] service: running (pending=1 loop_which=reversal)
    2613 [k] service_body: entered
    2613 [k] drive from registerBefore alive
    2614 [k] service: running (pending=1 loop_which=reversal)
    2614 [k] service_body: entered
    2614 [k] drive from registerBefore alive
    2615 [k] service: running (pending=1 loop_which=reversal)
    2615 [k] service_body: entered
    2615 [k] drive from registerBefore alive
    2616 [k] service: running (pending=1 loop_which=reversal)
    2616 [k] service_body: entered
    2616 [k] drive from registerBefore alive
    2617 [k] service: running (pending=1 loop_which=reversal)
    2617 [k] service_body: entered
    2617 [k] drive from registerBefore alive
    2618 [k] service: running (pending=1 loop_which=reversal)
    2618 [k] service_body: entered
    2618 [k] drive from registerBefore alive
    2619 [k] service: running (pending=1 loop_which=reversal)
    2619 [k] service_body: entered
    2619 [k] drive from registerBefore alive
    2620 [k] service: running (pending=1 loop_which=reversal)
    2620 [k] service_body: entered
    2620 [k] drive from registerBefore alive
    2621 [k] service: running (pending=1 loop_which=reversal)
    2621 [k] service_body: entered
    2621 [k] drive from registerBefore alive
    2622 [k] service: running (pending=1 loop_which=reversal)
    2622 [k] service_body: entered
    2622 [k] drive from registerBefore alive
    2623 [k] service: running (pending=1 loop_which=reversal)
    2623 [k] service_body: entered
    2623 [k] drive from registerBefore alive
    2624 [k] service: running (pending=1 loop_which=reversal)
    2624 [k] service_body: entered
    2624 [k] drive from registerBefore alive
    2625 [k] service: running (pending=1 loop_which=reversal)
    2625 [k] service_body: entered
    2625 [k] drive from registerBefore alive
    2626 [k] service: running (pending=1 loop_which=reversal)
    2626 [k] service_body: entered
    2626 [k] drive from registerBefore alive
    2627 [k] service: running (pending=1 loop_which=reversal)
    2627 [k] service_body: entered
    2627 [k] drive from registerBefore alive
    2628 [k] service: running (pending=1 loop_which=reversal)
    2628 [k] service_body: entered
    2628 [k] drive from registerBefore alive
    2629 [k] service: running (pending=1 loop_which=reversal)
    2629 [k] service_body: entered
    2629 [k] drive from registerBefore alive
    2630 [k] service: running (pending=1 loop_which=reversal)
    2630 [k] service_body: entered
    2630 [k] drive from registerBefore alive
    2631 [k] service: running (pending=1 loop_which=reversal)
    2631 [k] service_body: entered
    2631 [k] drive from registerBefore alive
    2632 [k] service: running (pending=1 loop_which=reversal)
    2632 [k] service_body: entered
    2632 [k] drive from registerBefore alive
    2633 [k] service: running (pending=1 loop_which=reversal)
    2633 [k] service_body: entered
    2633 [k] drive from registerBefore alive
    2633 [k] begin_opportunity which=reversal key=6 -> ready reason=nil status=prepared pattern=pattern_2 loop=nil
    2634 [k] service: running (pending=1 loop_which=reversal)
    2634 [k] service_body: entered
    2634 [k] drive from registerBefore alive
    2635 [k] service: running (pending=1 loop_which=reversal)
    2635 [k] service_body: entered
    2635 [k] drive from registerBefore alive
    2636 [k] service: running (pending=1 loop_which=reversal)
    2636 [k] service_body: entered
    2636 [k] drive from registerBefore alive
    2637 [k] service: running (pending=1 loop_which=reversal)
    2637 [k] service_body: entered
    2637 [k] drive from registerBefore alive
    2638 [k] service: running (pending=1 loop_which=reversal)
    2638 [k] service_body: entered
    2638 [k] drive from registerBefore alive
    2639 [k] service: running (pending=1 loop_which=reversal)
    2639 [k] service_body: entered
    2639 [k] drive from registerBefore alive
    2640 [k] service: running (pending=1 loop_which=reversal)
    2640 [k] service_body: entered
    2640 [k] drive from registerBefore alive
    2641 [k] service: running (pending=1 loop_which=reversal)
    2641 [k] service_body: entered
    2641 [k] drive from registerBefore alive
    2642 [k] service: running (pending=1 loop_which=reversal)
    2642 [k] service_body: entered
    2642 [k] drive from registerBefore alive
    2643 [k] service: running (pending=1 loop_which=reversal)
    2643 [k] service_body: entered
    2643 [k] drive from registerBefore alive
    2644 [k] service: running (pending=1 loop_which=reversal)
    2644 [k] service_body: entered
    2644 [k] drive from registerBefore alive
    2645 [k] service: running (pending=1 loop_which=reversal)
    2645 [k] service_body: entered
    2645 [k] drive from registerBefore alive
    2646 [k] service: running (pending=1 loop_which=reversal)
    2646 [k] service_body: entered
    2646 [k] drive from registerBefore alive
    2647 [k] service: running (pending=1 loop_which=reversal)
    2647 [k] service_body: entered
    2647 [k] drive from registerBefore alive
    2647 [k] arm which=reversal steps=3 loop_on=true
    2648 [k] service: running (pending=2 loop_which=reversal)
    2648 [k] service_body: entered
    2648 [k] drive from registerBefore alive
    2649 [k] service: running (pending=2 loop_which=reversal)
    2649 [k] service_body: entered
    2649 [k] drive from registerBefore alive
    2650 [k] service: running (pending=2 loop_which=reversal)
    2650 [k] service_body: entered
    2650 [k] drive from registerBefore alive
    2651 [k] service: running (pending=2 loop_which=reversal)
    2651 [k] service_body: entered
    2651 [k] drive from registerBefore alive
    2652 [k] service: running (pending=2 loop_which=reversal)
    2652 [k] service_body: entered
    2652 [k] drive from registerBefore alive
    2653 [k] service: running (pending=2 loop_which=reversal)
    2653 [k] service_body: entered
    2653 [k] drive from registerBefore alive
    2654 [k] service: running (pending=1 loop_which=reversal)
    2654 [k] service_body: entered
    2654 [k] drive from registerBefore alive
    2655 [k] service: running (pending=1 loop_which=reversal)
    2655 [k] service_body: entered
    2655 [k] drive from registerBefore alive
    2656 [k] service: running (pending=1 loop_which=reversal)
    2656 [k] service_body: entered
    2656 [k] drive from registerBefore alive
    2657 [k] service: running (pending=1 loop_which=reversal)
    2657 [k] service_body: entered
    2657 [k] drive from registerBefore alive
    2658 [k] service: running (pending=1 loop_which=reversal)
    2658 [k] service_body: entered
    2658 [k] drive from registerBefore alive
    2659 [k] service: running (pending=1 loop_which=reversal)
    2659 [k] service_body: entered
    2659 [k] drive from registerBefore alive
    2660 [k] service: running (pending=1 loop_which=reversal)
    2660 [k] service_body: entered
    2660 [k] drive from registerBefore alive
    2661 [k] service: running (pending=1 loop_which=reversal)
    2661 [k] service_body: entered
    2661 [k] drive from registerBefore alive
    2662 [k] service: running (pending=1 loop_which=reversal)
    2662 [k] service_body: entered
    2662 [k] drive from registerBefore alive
    2663 [k] service: running (pending=1 loop_which=reversal)
    2663 [k] service_body: entered
    2663 [k] drive from registerBefore alive
    2664 [k] service: running (pending=1 loop_which=reversal)
    2664 [k] service_body: entered
    2664 [k] drive from registerBefore alive
    2664 [k] begin_opportunity which=reversal key=nil -> ready reason=nil status=prepared pattern=pattern_2 loop=nil
    2664 [k] arm re-prepared -> true
    2664 [k] arm which=reversal steps=3 loop_on=true
    2665 [k] service: running (pending=2 loop_which=reversal)
    2665 [k] service_body: entered
    2665 [k] drive from registerBefore alive
    2666 [k] service: running (pending=2 loop_which=reversal)
    2666 [k] service_body: entered
    2666 [k] drive from registerBefore alive
    2667 [k] service: running (pending=2 loop_which=reversal)
    2667 [k] service_body: entered
    2667 [k] drive from registerBefore alive
    2668 [k] service: running (pending=2 loop_which=reversal)
    2668 [k] service_body: entered
    2668 [k] drive from registerBefore alive
    2669 [k] service: running (pending=2 loop_which=reversal)
    2669 [k] service_body: entered
    2669 [k] drive from registerBefore alive
    2670 [k] service: running (pending=2 loop_which=reversal)
    2670 [k] service_body: entered
    2670 [k] drive from registerBefore alive
    2671 [k] service: running (pending=2 loop_which=reversal)
    2671 [k] service_body: entered
    2671 [k] waiting: counting ticks (step timing=nil auto=false wait=8) pending=2
    2671 [k] drive from registerBefore alive
    2672 [k] service: running (pending=2 loop_which=reversal)
    2672 [k] service_body: entered
    2672 [k] drive from registerBefore alive
    2673 [k] service: running (pending=2 loop_which=reversal)
    2673 [k] service_body: entered
    2673 [k] drive from registerBefore alive
    2674 [k] service: running (pending=2 loop_which=reversal)
    2674 [k] service_body: entered
    2674 [k] drive from registerBefore alive
    2675 [k] service: running (pending=2 loop_which=reversal)
    2675 [k] service_body: entered
    2675 [k] drive from registerBefore alive
    2676 [k] service: running (pending=1 loop_which=reversal)
    2676 [k] service_body: entered
    2676 [k] waiting: delivering previous input (step timing=landing auto=false wait=0) pending=1
    2676 [k] service: running (pending=1 loop_which=reversal)
    2676 [k] service_body: entered
    2676 [k] waiting: landing (step timing=landing auto=false wait=0) pending=1
    2676 [k] drive from registerBefore alive
    2677 [k] service: running (pending=1 loop_which=reversal)
    2677 [k] service_body: entered
    2677 [k] drive from registerBefore alive
    2678 [k] service: running (pending=1 loop_which=reversal)
    2678 [k] service_body: entered
    2678 [k] drive from registerBefore alive
    2679 [k] service: running (pending=1 loop_which=reversal)
    2679 [k] service_body: entered
    2679 [k] drive from registerBefore alive
    2680 [k] service: running (pending=1 loop_which=reversal)
    2680 [k] service_body: entered
    2680 [k] drive from registerBefore alive
    2680 [k] begin_opportunity which=reversal key=7 -> ready reason=nil status=prepared pattern=pattern_2 loop=nil
    2681 [k] service: running (pending=1 loop_which=reversal)
    2681 [k] service_body: entered
    2681 [k] drive from registerBefore alive
    2682 [k] service: running (pending=1 loop_which=reversal)
    2682 [k] service_body: entered
    2682 [k] drive from registerBefore alive
    2683 [k] service: running (pending=1 loop_which=reversal)
    2683 [k] service_body: entered
    2683 [k] drive from registerBefore alive
    2684 [k] service: running (pending=1 loop_which=reversal)
    2684 [k] service_body: entered
    2684 [k] drive from registerBefore alive
    2685 [k] service: running (pending=1 loop_which=reversal)
    2685 [k] service_body: entered
    2685 [k] drive from registerBefore alive
    2686 [k] service: running (pending=1 loop_which=reversal)
    2686 [k] service_body: entered
    2686 [k] drive from registerBefore alive
    2687 [k] service: running (pending=1 loop_which=reversal)
    2687 [k] service_body: entered
    2687 [k] drive from registerBefore alive
    2688 [k] service: running (pending=1 loop_which=reversal)
    2688 [k] service_body: entered
    2688 [k] drive from registerBefore alive
    2689 [k] service: running (pending=1 loop_which=reversal)
    2689 [k] service_body: entered
    2689 [k] drive from registerBefore alive
    2690 [k] service: running (pending=1 loop_which=reversal)
    2690 [k] service_body: entered
    2690 [k] drive from registerBefore alive
    2691 [k] service: running (pending=1 loop_which=reversal)
    2691 [k] service_body: entered
    2691 [k] drive from registerBefore alive
    2692 [k] service: running (pending=1 loop_which=reversal)
    2692 [k] service_body: entered
    2692 [k] drive from registerBefore alive
    2693 [k] service: running (pending=1 loop_which=reversal)
    2693 [k] service_body: entered
    2693 [k] drive from registerBefore alive
    2694 [k] service: running (pending=1 loop_which=reversal)
    2694 [k] service_body: entered
    2694 [k] drive from registerBefore alive
    2695 [k] service: running (pending=1 loop_which=reversal)
    2695 [k] service_body: entered
    2695 [k] drive from registerBefore alive
    2696 [k] service: running (pending=1 loop_which=reversal)
    2696 [k] service_body: entered
    2696 [k] drive from registerBefore alive
    2697 [k] service: running (pending=1 loop_which=reversal)
    2697 [k] service_body: entered
    2697 [k] drive from registerBefore alive
    2698 [k] service: running (pending=1 loop_which=reversal)
    2698 [k] service_body: entered
    2698 [k] drive from registerBefore alive
    2699 [k] service: running (pending=1 loop_which=reversal)
    2699 [k] service_body: entered
    2699 [k] drive from registerBefore alive
    2700 [k] service: running (pending=1 loop_which=reversal)
    2700 [k] service_body: entered
    2700 [k] drive from registerBefore alive
    2701 [k] service: running (pending=1 loop_which=reversal)
    2701 [k] service_body: entered
    2701 [k] drive from registerBefore alive
    2702 [k] service: running (pending=1 loop_which=reversal)
    2702 [k] service_body: entered
    2702 [k] drive from registerBefore alive
    2703 [k] service: running (pending=1 loop_which=reversal)
    2703 [k] service_body: entered
    2703 [k] drive from registerBefore alive
    2704 [k] service: running (pending=1 loop_which=reversal)
    2704 [k] service_body: entered
    2704 [k] drive from registerBefore alive
    2705 [k] service: running (pending=1 loop_which=reversal)
    2705 [k] service_body: entered
    2705 [k] drive from registerBefore alive
    2706 [k] service: running (pending=1 loop_which=reversal)
    2706 [k] service_body: entered
    2706 [k] drive from registerBefore alive
    2707 [k] service: running (pending=1 loop_which=reversal)
    2707 [k] service_body: entered
    2707 [k] drive from registerBefore alive
    2708 [k] service: running (pending=1 loop_which=reversal)
    2708 [k] service_body: entered
    2708 [k] drive from registerBefore alive
    2709 [k] service: running (pending=1 loop_which=reversal)
    2709 [k] service_body: entered
    2709 [k] drive from registerBefore alive
    2710 [k] service: running (pending=1 loop_which=reversal)
    2710 [k] service_body: entered
    2710 [k] drive from registerBefore alive
    2711 [k] service: running (pending=1 loop_which=reversal)
    2711 [k] service_body: entered
    2711 [k] drive from registerBefore alive
    2711 [k] arm which=reversal steps=3 loop_on=true
    2712 [k] service: running (pending=2 loop_which=reversal)
    2712 [k] service_body: entered
    2712 [k] drive from registerBefore alive
    2713 [k] service: running (pending=2 loop_which=reversal)
    2713 [k] service_body: entered
    2713 [k] drive from registerBefore alive
    2714 [k] service: running (pending=2 loop_which=reversal)
    2714 [k] service_body: entered
    2714 [k] drive from registerBefore alive
    2715 [k] service: running (pending=2 loop_which=reversal)
    2715 [k] service_body: entered
    2715 [k] drive from registerBefore alive
    2716 [k] service: running (pending=2 loop_which=reversal)
    2716 [k] service_body: entered
    2716 [k] drive from registerBefore alive
    2717 [k] service: running (pending=2 loop_which=reversal)
    2717 [k] service_body: entered
    2717 [k] drive from registerBefore alive
    2718 [k] service: running (pending=2 loop_which=reversal)
    2718 [k] service_body: entered
    2718 [k] waiting: counting ticks (step timing=nil auto=false wait=8) pending=2
    2718 [k] drive from registerBefore alive
    2719 [k] service: running (pending=2 loop_which=reversal)
    2719 [k] service_body: entered
    2719 [k] drive from registerBefore alive
    2720 [k] service: running (pending=2 loop_which=reversal)
    2720 [k] service_body: entered
    2720 [k] drive from registerBefore alive
    2720 [k] begin_opportunity which=reversal key=8 -> ready reason=nil status=prepared pattern=pattern_3 loop=nil
    2721 [k] service: running (pending=2 loop_which=reversal)
    2721 [k] service_body: entered
    2721 [k] drive from registerBefore alive
    2722 [k] service: running (pending=2 loop_which=reversal)
    2722 [k] service_body: entered
    2722 [k] drive from registerBefore alive
    2723 [k] service: running (pending=1 loop_which=reversal)
    2723 [k] service_body: entered
    2723 [k] drive from registerBefore alive
    2724 [k] service: running (pending=1 loop_which=reversal)
    2724 [k] service_body: entered
    2724 [k] drive from registerBefore alive
    2725 [k] service: running (pending=1 loop_which=reversal)
    2725 [k] service_body: entered
    2725 [k] drive from registerBefore alive
    2726 [k] service: running (pending=1 loop_which=reversal)
    2726 [k] service_body: entered
    2726 [k] drive from registerBefore alive
    2727 [k] service: running (pending=1 loop_which=reversal)
    2727 [k] service_body: entered
    2727 [k] drive from registerBefore alive
    2728 [k] service: running (pending=1 loop_which=reversal)
    2728 [k] service_body: entered
    2728 [k] drive from registerBefore alive
    2729 [k] service: running (pending=1 loop_which=reversal)
    2729 [k] service_body: entered
    2729 [k] drive from registerBefore alive
    2730 [k] service: running (pending=1 loop_which=reversal)
    2730 [k] service_body: entered
    2730 [k] drive from registerBefore alive
    2731 [k] service: running (pending=1 loop_which=reversal)
    2731 [k] service_body: entered
    2731 [k] drive from registerBefore alive
    2732 [k] service: running (pending=1 loop_which=reversal)
    2732 [k] service_body: entered
    2732 [k] drive from registerBefore alive
    2733 [k] service: running (pending=1 loop_which=reversal)
    2733 [k] service_body: entered
    2733 [k] drive from registerBefore alive
    2734 [k] service: running (pending=1 loop_which=reversal)
    2734 [k] service_body: entered
    2734 [k] drive from registerBefore alive
    2735 [k] service: running (pending=1 loop_which=reversal)
    2735 [k] service_body: entered
    2735 [k] drive from registerBefore alive
    2736 [k] service: running (pending=1 loop_which=reversal)
    2736 [k] service_body: entered
    2736 [k] drive from registerBefore alive
    2737 [k] service: running (pending=1 loop_which=reversal)
    2737 [k] service_body: entered
    2737 [k] drive from registerBefore alive
    2738 [k] service: running (pending=1 loop_which=reversal)
    2738 [k] service_body: entered
    2738 [k] drive from registerBefore alive
    2739 [k] service: running (pending=1 loop_which=reversal)
    2739 [k] service_body: entered
    2739 [k] drive from registerBefore alive
    2740 [k] service: running (pending=1 loop_which=reversal)
    2740 [k] service_body: entered
    2740 [k] drive from registerBefore alive
    2741 [k] service: running (pending=1 loop_which=reversal)
    2741 [k] service_body: entered
    2741 [k] drive from registerBefore alive
    2742 [k] service: running (pending=1 loop_which=reversal)
    2742 [k] service_body: entered
    2742 [k] drive from registerBefore alive
    2743 [k] service: running (pending=1 loop_which=reversal)
    2743 [k] service_body: entered
    2743 [k] drive from registerBefore alive
    2744 [k] service: running (pending=1 loop_which=reversal)
    2744 [k] service_body: entered
    2744 [k] drive from registerBefore alive
    2745 [k] service: running (pending=1 loop_which=reversal)
    2745 [k] service_body: entered
    2745 [k] drive from registerBefore alive
    2746 [k] service: running (pending=1 loop_which=reversal)
    2746 [k] service_body: entered
    2746 [k] drive from registerBefore alive
    2747 [k] service: running (pending=1 loop_which=reversal)
    2747 [k] service_body: entered
    2747 [k] drive from registerBefore alive
    2748 [k] service: running (pending=1 loop_which=reversal)
    2748 [k] service_body: entered
    2748 [k] drive from registerBefore alive
    2749 [k] service: running (pending=1 loop_which=reversal)
    2749 [k] service_body: entered
    2749 [k] drive from registerBefore alive
    2749 [k] arm which=reversal steps=3 loop_on=true
    2750 [k] service: running (pending=2 loop_which=reversal)
    2750 [k] service_body: entered
    2750 [k] drive from registerBefore alive
    2751 [k] service: running (pending=2 loop_which=reversal)
    2751 [k] service_body: entered
    2751 [k] drive from registerBefore alive
    2752 [k] service: running (pending=2 loop_which=reversal)
    2752 [k] service_body: entered
    2752 [k] drive from registerBefore alive
    2753 [k] service: running (pending=2 loop_which=reversal)
    2753 [k] service_body: entered
    2753 [k] drive from registerBefore alive
    2754 [k] service: running (pending=2 loop_which=reversal)
    2754 [k] service_body: entered
    2754 [k] drive from registerBefore alive
    2755 [k] service: running (pending=2 loop_which=reversal)
    2755 [k] service_body: entered
    2755 [k] drive from registerBefore alive
    2756 [k] service: running (pending=2 loop_which=reversal)
    2756 [k] service_body: entered
    2756 [k] drive from registerBefore alive
    2757 [k] service: running (pending=2 loop_which=reversal)
    2757 [k] service_body: entered
    2757 [k] drive from registerBefore alive
    2758 [k] service: running (pending=2 loop_which=reversal)
    2758 [k] service_body: entered
    2758 [k] drive from registerBefore alive
    2759 [k] service: running (pending=2 loop_which=reversal)
    2759 [k] service_body: entered
    2759 [k] drive from registerBefore alive
    2760 [k] service: running (pending=2 loop_which=reversal)
    2760 [k] service_body: entered
    2760 [k] drive from registerBefore alive
    2761 [k] service: running (pending=2 loop_which=reversal)
    2761 [k] service_body: entered
    2761 [k] drive from registerBefore alive
    2762 [k] service: running (pending=1 loop_which=reversal)
    2762 [k] service_body: entered
    2762 [k] drive from registerBefore alive
    2763 [k] service: running (pending=1 loop_which=reversal)
    2763 [k] service_body: entered
    2763 [k] drive from registerBefore alive
    2764 [k] service: running (pending=1 loop_which=reversal)
    2764 [k] service_body: entered
    2764 [k] drive from registerBefore alive
    2765 [k] service: running (pending=1 loop_which=reversal)
    2765 [k] service_body: entered
    2765 [k] drive from registerBefore alive
    2766 [k] service: running (pending=1 loop_which=reversal)
    2766 [k] service_body: entered
    2766 [k] drive from registerBefore alive
    2767 [k] service: running (pending=1 loop_which=reversal)
    2767 [k] service_body: entered
    2767 [k] drive from registerBefore alive
    2768 [k] service: running (pending=1 loop_which=reversal)
    2768 [k] service_body: entered
    2768 [k] drive from registerBefore alive
    2769 [k] service: running (pending=1 loop_which=reversal)
    2769 [k] service_body: entered
    2769 [k] drive from registerBefore alive
    2770 [k] service: running (pending=1 loop_which=reversal)
    2770 [k] service_body: entered
    2770 [k] drive from registerBefore alive
    2771 [k] service: running (pending=1 loop_which=reversal)
    2771 [k] service_body: entered
    2771 [k] drive from registerBefore alive
    2772 [k] service: running (pending=1 loop_which=reversal)
    2772 [k] service_body: entered
    2772 [k] drive from registerBefore alive
    2773 [k] service: running (pending=1 loop_which=reversal)
    2773 [k] service_body: entered
    2773 [k] drive from registerBefore alive
    2774 [k] service: running (pending=1 loop_which=reversal)
    2774 [k] service_body: entered
    2774 [k] drive from registerBefore alive
    2775 [k] service: running (pending=1 loop_which=reversal)
    2775 [k] service_body: entered
    2775 [k] drive from registerBefore alive
    2776 [k] service: running (pending=1 loop_which=reversal)
    2776 [k] service_body: entered
    2776 [k] drive from registerBefore alive
    2777 [k] service: running (pending=1 loop_which=reversal)
    2777 [k] service_body: entered
    2777 [k] drive from registerBefore alive
    2778 [k] service: running (pending=1 loop_which=reversal)
    2778 [k] service_body: entered
    2778 [k] drive from registerBefore alive
    2779 [k] service: running (pending=1 loop_which=reversal)
    2779 [k] service_body: entered
    2779 [k] drive from registerBefore alive
    2780 [k] service: running (pending=1 loop_which=reversal)
    2780 [k] service_body: entered
    2780 [k] drive from registerBefore alive
    2781 [k] service: running (pending=1 loop_which=reversal)
    2781 [k] service_body: entered
    2781 [k] drive from registerBefore alive
    2782 [k] service: running (pending=1 loop_which=reversal)
    2782 [k] service_body: entered
    2782 [k] fire: timing=landing auto=false wait=0  remaining=0
    2782 [k] drive from registerBefore alive
    2783 [k] service: running (pending=3 loop_which=reversal)
    2783 [k] service_body: entered
    2783 [k] drive from registerBefore alive
    2784 [k] service: running (pending=3 loop_which=reversal)
    2784 [k] service_body: entered
    2784 [k] drive from registerBefore alive
    2785 [k] service: running (pending=3 loop_which=reversal)
    2785 [k] service_body: entered
    2785 [k] drive from registerBefore alive
    2786 [k] service: running (pending=3 loop_which=reversal)
    2786 [k] service_body: entered
    2786 [k] drive from registerBefore alive
    2787 [k] service: running (pending=3 loop_which=reversal)
    2787 [k] service_body: entered
    2787 [k] drive from registerBefore alive
    2788 [k] service: running (pending=3 loop_which=reversal)
    2788 [k] service_body: entered
    2788 [k] drive from registerBefore alive
    2789 [k] service: running (pending=3 loop_which=reversal)
    2789 [k] service_body: entered
    2789 [k] drive from registerBefore alive
    2790 [k] service: running (pending=3 loop_which=reversal)
    2790 [k] service_body: entered
    2790 [k] drive from registerBefore alive
    2791 [k] service: running (pending=3 loop_which=reversal)
    2791 [k] service_body: entered
    2791 [k] drive from registerBefore alive
    2792 [k] service: running (pending=3 loop_which=reversal)
    2792 [k] service_body: entered
    2792 [k] drive from registerBefore alive
    2793 [k] service: running (pending=3 loop_which=reversal)
    2793 [k] service_body: entered
    2793 [k] drive from registerBefore alive
    2794 [k] service: running (pending=2 loop_which=reversal)
    2794 [k] service_body: entered
    2794 [k] drive from registerBefore alive
    2795 [k] service: running (pending=2 loop_which=reversal)
    2795 [k] service_body: entered
    2795 [k] drive from registerBefore alive
    2796 [k] service: running (pending=2 loop_which=reversal)
    2796 [k] service_body: entered
    2796 [k] drive from registerBefore alive
    2797 [k] service: running (pending=2 loop_which=reversal)
    2797 [k] service_body: entered
    2797 [k] drive from registerBefore alive
    2798 [k] service: running (pending=2 loop_which=reversal)
    2798 [k] service_body: entered
    2798 [k] drive from registerBefore alive
    2799 [k] service: running (pending=2 loop_which=reversal)
    2799 [k] service_body: entered
    2799 [k] drive from registerBefore alive
    2800 [k] service: running (pending=2 loop_which=reversal)
    2800 [k] service_body: entered
    2800 [k] drive from registerBefore alive
    2801 [k] service: running (pending=1 loop_which=reversal)
    2801 [k] service_body: entered
    2801 [k] drive from registerBefore alive
    2802 [k] service: running (pending=1 loop_which=reversal)
    2802 [k] service_body: entered
    2802 [k] drive from registerBefore alive
    2803 [k] service: running (pending=1 loop_which=reversal)
    2803 [k] service_body: entered
    2803 [k] drive from registerBefore alive
    2804 [k] service: running (pending=1 loop_which=reversal)
    2804 [k] service_body: entered
    2804 [k] drive from registerBefore alive
    2805 [k] service: running (pending=1 loop_which=reversal)
    2805 [k] service_body: entered
    2805 [k] drive from registerBefore alive
    2806 [k] service: running (pending=1 loop_which=reversal)
    2806 [k] service_body: entered
    2806 [k] drive from registerBefore alive
    2807 [k] service: running (pending=1 loop_which=reversal)
    2807 [k] service_body: entered
    2807 [k] drive from registerBefore alive
    2808 [k] service: running (pending=1 loop_which=reversal)
    2808 [k] service_body: entered
    2808 [k] drive from registerBefore alive
    2809 [k] service: running (pending=1 loop_which=reversal)
    2809 [k] service_body: entered
    2809 [k] drive from registerBefore alive
    2810 [k] service: running (pending=1 loop_which=reversal)
    2810 [k] service_body: entered
    2810 [k] drive from registerBefore alive
    2811 [k] service: running (pending=1 loop_which=reversal)
    2811 [k] service_body: entered
    2811 [k] drive from registerBefore alive
    2812 [k] service: running (pending=1 loop_which=reversal)
    2812 [k] service_body: entered
    2812 [k] drive from registerBefore alive
    2813 [k] service: running (pending=1 loop_which=reversal)
    2813 [k] service_body: entered
    2813 [k] drive from registerBefore alive
    2814 [k] service: running (pending=1 loop_which=reversal)
    2814 [k] service_body: entered
    2814 [k] drive from registerBefore alive
    2815 [k] service: running (pending=1 loop_which=reversal)
    2815 [k] service_body: entered
    2815 [k] drive from registerBefore alive
    2816 [k] service: running (pending=1 loop_which=reversal)
    2816 [k] service_body: entered
    2816 [k] drive from registerBefore alive
    2817 [k] service: running (pending=1 loop_which=reversal)
    2817 [k] service_body: entered
    2817 [k] drive from registerBefore alive
    2818 [k] service: running (pending=1 loop_which=reversal)
    2818 [k] service_body: entered
    2818 [k] drive from registerBefore alive
    2819 [k] service: running (pending=1 loop_which=reversal)
    2819 [k] service_body: entered
    2819 [k] drive from registerBefore alive
    2820 [k] service: running (pending=1 loop_which=reversal)
    2820 [k] service_body: entered
    2820 [k] drive from registerBefore alive
    2821 [k] service: running (pending=1 loop_which=reversal)
    2821 [k] service_body: entered
    2821 [k] drive from registerBefore alive
    2822 [k] service: running (pending=1 loop_which=reversal)
    2822 [k] service_body: entered
    2822 [k] drive from registerBefore alive
    2823 [k] service: running (pending=1 loop_which=reversal)
    2823 [k] service_body: entered
    2823 [k] drive from registerBefore alive
    2824 [k] service: running (pending=1 loop_which=reversal)
    2824 [k] service_body: entered
    2824 [k] drive from registerBefore alive
    2825 [k] service: running (pending=1 loop_which=reversal)
    2825 [k] service_body: entered
    2825 [k] drive from registerBefore alive
    2826 [k] service: running (pending=1 loop_which=reversal)
    2826 [k] service_body: entered
    2826 [k] drive from registerBefore alive
    2827 [k] service: running (pending=1 loop_which=reversal)
    2827 [k] service_body: entered
    2827 [k] drive from registerBefore alive
    2828 [k] service: running (pending=1 loop_which=reversal)
    2828 [k] service_body: entered
    2828 [k] drive from registerBefore alive
    2829 [k] service: running (pending=1 loop_which=reversal)
    2829 [k] service_body: entered
    2829 [k] drive from registerBefore alive
    2830 [k] service: running (pending=1 loop_which=reversal)
    2830 [k] service_body: entered
    2830 [k] drive from registerBefore alive
    2831 [k] service: running (pending=1 loop_which=reversal)
    2831 [k] service_body: entered
    2831 [k] drive from registerBefore alive
    2832 [k] service: running (pending=1 loop_which=reversal)
    2832 [k] service_body: entered
    2832 [k] drive from registerBefore alive
    2833 [k] service: running (pending=1 loop_which=reversal)
    2833 [k] service_body: entered
    2833 [k] drive from registerBefore alive
    2834 [k] service: running (pending=1 loop_which=reversal)
    2834 [k] service_body: entered
    2834 [k] drive from registerBefore alive
    2835 [k] service: running (pending=1 loop_which=reversal)
    2835 [k] service_body: entered
    2835 [k] drive from registerBefore alive
    2836 [k] service: running (pending=1 loop_which=reversal)
    2836 [k] service_body: entered
    2836 [k] drive from registerBefore alive
    2837 [k] service: running (pending=1 loop_which=reversal)
    2837 [k] service_body: entered
    2837 [k] drive from registerBefore alive
    2838 [k] service: running (pending=1 loop_which=reversal)
    2838 [k] service_body: entered
    2838 [k] drive from registerBefore alive
    2839 [k] service: running (pending=1 loop_which=reversal)
    2839 [k] service_body: entered
    2839 [k] drive from registerBefore alive
    2840 [k] service: running (pending=1 loop_which=reversal)
    2840 [k] service_body: entered
    2840 [k] drive from registerBefore alive
    2841 [k] service: running (pending=1 loop_which=reversal)
    2841 [k] service_body: entered
    2841 [k] drive from registerBefore alive
    2842 [k] service: running (pending=1 loop_which=reversal)
    2842 [k] service_body: entered
    2842 [k] drive from registerBefore alive
    2843 [k] service: running (pending=1 loop_which=reversal)
    2843 [k] service_body: entered
    2843 [k] drive from registerBefore alive
    2844 [k] service: running (pending=1 loop_which=reversal)
    2844 [k] service_body: entered
    2844 [k] drive from registerBefore alive
    2845 [k] service: running (pending=1 loop_which=reversal)
    2845 [k] service_body: entered
    2845 [k] drive from registerBefore alive
    2846 [k] service: running (pending=1 loop_which=reversal)
    2846 [k] service_body: entered
    2846 [k] drive from registerBefore alive
    2847 [k] service: running (pending=1 loop_which=reversal)
    2847 [k] service_body: entered
    2847 [k] drive from registerBefore alive
    2848 [k] service: running (pending=1 loop_which=reversal)
    2848 [k] service_body: entered
    2848 [k] drive from registerBefore alive
    2849 [k] service: running (pending=1 loop_which=reversal)
    2849 [k] service_body: entered
    2849 [k] drive from registerBefore alive
    2850 [k] service: running (pending=1 loop_which=reversal)
    2850 [k] service_body: entered
    2850 [k] drive from registerBefore alive
    2851 [k] service: running (pending=1 loop_which=reversal)
    2851 [k] service_body: entered
    2851 [k] drive from registerBefore alive
    2852 [k] service: running (pending=1 loop_which=reversal)
    2852 [k] service_body: entered
    2852 [k] drive from registerBefore alive
    2853 [k] service: running (pending=1 loop_which=reversal)
    2853 [k] service_body: entered
    2853 [k] drive from registerBefore alive
    2854 [k] service: running (pending=1 loop_which=reversal)
    2854 [k] service_body: entered
    2854 [k] drive from registerBefore alive
    2855 [k] service: running (pending=1 loop_which=reversal)
    2855 [k] service_body: entered
    2855 [k] drive from registerBefore alive
    2855 [k] begin_opportunity which=reversal key=9 -> ready reason=nil status=prepared pattern=pattern_1 loop=nil
    2856 [k] service: running (pending=1 loop_which=reversal)
    2856 [k] service_body: entered
    2856 [k] drive from registerBefore alive
    2857 [k] service: running (pending=1 loop_which=reversal)
    2857 [k] service_body: entered
    2857 [k] drive from registerBefore alive
    2858 [k] service: running (pending=1 loop_which=reversal)
    2858 [k] service_body: entered
    2858 [k] drive from registerBefore alive
    2859 [k] service: running (pending=1 loop_which=reversal)
    2859 [k] service_body: entered
    2859 [k] drive from registerBefore alive
    2860 [k] service: running (pending=1 loop_which=reversal)
    2860 [k] service_body: entered
    2860 [k] drive from registerBefore alive
    2861 [k] service: running (pending=1 loop_which=reversal)
    2861 [k] service_body: entered
    2861 [k] drive from registerBefore alive
    2862 [k] service: running (pending=1 loop_which=reversal)
    2862 [k] service_body: entered
    2862 [k] drive from registerBefore alive
    2863 [k] service: running (pending=1 loop_which=reversal)
    2863 [k] service_body: entered
    2863 [k] drive from registerBefore alive
    2864 [k] service: running (pending=1 loop_which=reversal)
    2864 [k] service_body: entered
    2864 [k] drive from registerBefore alive
    2865 [k] service: running (pending=1 loop_which=reversal)
    2865 [k] service_body: entered
    2865 [k] drive from registerBefore alive
    2866 [k] service: running (pending=1 loop_which=reversal)
    2866 [k] service_body: entered
    2866 [k] drive from registerBefore alive
    2867 [k] service: running (pending=1 loop_which=reversal)
    2867 [k] service_body: entered
    2867 [k] drive from registerBefore alive
    2867 [k] arm which=reversal steps=4 loop_on=true
    2868 [k] service: running (pending=3 loop_which=reversal)
    2868 [k] service_body: entered
    2868 [k] drive from registerBefore alive
    2869 [k] service: running (pending=3 loop_which=reversal)
    2869 [k] service_body: entered
    2869 [k] drive from registerBefore alive
    2870 [k] service: running (pending=3 loop_which=reversal)
    2870 [k] service_body: entered
    2870 [k] drive from registerBefore alive
    2871 [k] service: running (pending=3 loop_which=reversal)
    2871 [k] service_body: entered
    2871 [k] drive from registerBefore alive
    2872 [k] service: running (pending=2 loop_which=reversal)
    2872 [k] service_body: entered
    2872 [k] waiting: delivering previous input (step timing=nil auto=false wait=27) pending=2
    2872 [k] service: running (pending=2 loop_which=reversal)
    2872 [k] service_body: entered
    2872 [k] waiting: counting ticks (step timing=nil auto=false wait=27) pending=2
    2872 [k] drive from registerBefore alive
    2873 [k] service: running (pending=2 loop_which=reversal)
    2873 [k] service_body: entered
    2873 [k] drive from registerBefore alive
    2874 [k] service: running (pending=2 loop_which=reversal)
    2874 [k] service_body: entered
    2874 [k] drive from registerBefore alive
    2875 [k] service: running (pending=2 loop_which=reversal)
    2875 [k] service_body: entered
    2875 [k] drive from registerBefore alive
    2876 [k] service: running (pending=2 loop_which=reversal)
    2876 [k] service_body: entered
    2876 [k] drive from registerBefore alive
    2877 [k] service: running (pending=2 loop_which=reversal)
    2877 [k] service_body: entered
    2877 [k] drive from registerBefore alive
    2878 [k] service: running (pending=2 loop_which=reversal)
    2878 [k] service_body: entered
    2878 [k] drive from registerBefore alive
    2879 [k] service: running (pending=2 loop_which=reversal)
    2879 [k] service_body: entered
    2879 [k] drive from registerBefore alive
    2880 [k] service: running (pending=2 loop_which=reversal)
    2880 [k] service_body: entered
    2880 [k] drive from registerBefore alive
    2881 [k] service: running (pending=2 loop_which=reversal)
    2881 [k] service_body: entered
    2881 [k] drive from registerBefore alive
    2882 [k] service: running (pending=2 loop_which=reversal)
    2882 [k] service_body: entered
    2882 [k] drive from registerBefore alive
    2883 [k] service: running (pending=2 loop_which=reversal)
    2883 [k] service_body: entered
    2883 [k] drive from registerBefore alive
    2884 [k] service: running (pending=2 loop_which=reversal)
    2884 [k] service_body: entered
    2884 [k] drive from registerBefore alive
    2885 [k] service: running (pending=2 loop_which=reversal)
    2885 [k] service_body: entered
    2885 [k] drive from registerBefore alive
    2885 [k] begin_opportunity which=reversal key=nil -> ready reason=nil status=prepared pattern=pattern_1 loop=nil
    2885 [k] arm re-prepared -> true
    2885 [k] arm which=reversal steps=4 loop_on=true
    2886 [k] service: running (pending=3 loop_which=reversal)
    2886 [k] service_body: entered
    2886 [k] drive from registerBefore alive
    2887 [k] service: running (pending=3 loop_which=reversal)
    2887 [k] service_body: entered
    2887 [k] drive from registerBefore alive
    2888 [k] service: running (pending=3 loop_which=reversal)
    2888 [k] service_body: entered
    2888 [k] drive from registerBefore alive
    2889 [k] service: running (pending=3 loop_which=reversal)
    2889 [k] service_body: entered
    2889 [k] drive from registerBefore alive
    2890 [k] service: running (pending=3 loop_which=reversal)
    2890 [k] service_body: entered
    2890 [k] drive from registerBefore alive
    2891 [k] service: running (pending=3 loop_which=reversal)
    2891 [k] service_body: entered
    2891 [k] drive from registerBefore alive
    2892 [k] service: running (pending=3 loop_which=reversal)
    2892 [k] service_body: entered
    2892 [k] waiting: counting ticks (step timing=nil auto=false wait=2) pending=3
    2892 [k] drive from registerBefore alive
    2893 [k] service: running (pending=2 loop_which=reversal)
    2893 [k] service_body: entered
    2893 [k] drive from registerBefore alive
    2894 [k] service: running (pending=2 loop_which=reversal)
    2894 [k] service_body: entered
    2894 [k] drive from registerBefore alive
    2895 [k] service: running (pending=2 loop_which=reversal)
    2895 [k] service_body: entered
    2895 [k] drive from registerBefore alive
    2896 [k] service: running (pending=2 loop_which=reversal)
    2896 [k] service_body: entered
    2896 [k] drive from registerBefore alive
    2897 [k] service: running (pending=2 loop_which=reversal)
    2897 [k] service_body: entered
    2897 [k] drive from registerBefore alive
    2898 [k] service: running (pending=2 loop_which=reversal)
    2898 [k] service_body: entered
    2898 [k] drive from registerBefore alive
    2899 [k] service: running (pending=2 loop_which=reversal)
    2899 [k] service_body: entered
    2899 [k] drive from registerBefore alive
    2900 [k] service: running (pending=2 loop_which=reversal)
    2900 [k] service_body: entered
    2900 [k] drive from registerBefore alive
    2901 [k] service: running (pending=2 loop_which=reversal)
    2901 [k] service_body: entered
    2901 [k] drive from registerBefore alive
    2902 [k] service: running (pending=2 loop_which=reversal)
    2902 [k] service_body: entered
    2902 [k] drive from registerBefore alive
    2903 [k] service: running (pending=2 loop_which=reversal)
    2903 [k] service_body: entered
    2903 [k] drive from registerBefore alive
    2904 [k] service: running (pending=2 loop_which=reversal)
    2904 [k] service_body: entered
    2904 [k] drive from registerBefore alive
    2905 [k] service: running (pending=2 loop_which=reversal)
    2905 [k] service_body: entered
    2905 [k] drive from registerBefore alive
    2906 [k] service: running (pending=2 loop_which=reversal)
    2906 [k] service_body: entered
    2906 [k] drive from registerBefore alive
    2907 [k] service: running (pending=2 loop_which=reversal)
    2907 [k] service_body: entered
    2907 [k] drive from registerBefore alive
    2908 [k] service: running (pending=2 loop_which=reversal)
    2908 [k] service_body: entered
    2908 [k] drive from registerBefore alive
    2909 [k] service: running (pending=2 loop_which=reversal)
    2909 [k] service_body: entered
    2909 [k] drive from registerBefore alive
    2910 [k] service: running (pending=2 loop_which=reversal)
    2910 [k] service_body: entered
    2910 [k] drive from registerBefore alive
    2911 [k] service: running (pending=2 loop_which=reversal)
    2911 [k] service_body: entered
    2911 [k] drive from registerBefore alive
    2912 [k] service: running (pending=1 loop_which=reversal)
    2912 [k] service_body: entered
    2912 [k] drive from registerBefore alive
    2913 [k] service: running (pending=1 loop_which=reversal)
    2913 [k] service_body: entered
    2913 [k] drive from registerBefore alive
    2914 [k] service: running (pending=1 loop_which=reversal)
    2914 [k] service_body: entered
    2914 [k] drive from registerBefore alive
    2915 [k] service: running (pending=1 loop_which=reversal)
    2915 [k] service_body: entered
    2915 [k] drive from registerBefore alive
    2916 [k] service: running (pending=1 loop_which=reversal)
    2916 [k] service_body: entered
    2916 [k] drive from registerBefore alive
    2917 [k] service: running (pending=1 loop_which=reversal)
    2917 [k] service_body: entered
    2917 [k] drive from registerBefore alive
    2918 [k] service: running (pending=nil loop_which=reversal)
    2918 [k] idle: queue empty, nothing refilled (status=active loop_which=reversal)
    2918 [k] drive from registerBefore alive
    2919 [k] service: running (pending=3 loop_which=reversal)
    2919 [k] service_body: entered
    2919 [k] drive from registerBefore alive
    2920 [k] service: running (pending=3 loop_which=reversal)
    2920 [k] service_body: entered
    2920 [k] drive from registerBefore alive
    2921 [k] service: running (pending=3 loop_which=reversal)
    2921 [k] service_body: entered
    2921 [k] drive from registerBefore alive
    2922 [k] service: running (pending=3 loop_which=reversal)
    2922 [k] service_body: entered
    2922 [k] drive from registerBefore alive
    2923 [k] service: running (pending=3 loop_which=reversal)
    2923 [k] service_body: entered
    2923 [k] drive from registerBefore alive
    2924 [k] service: running (pending=2 loop_which=reversal)
    2924 [k] service_body: entered
    2924 [k] waiting: delivering previous input (step timing=nil auto=false wait=8) pending=2
    2924 [k] drive from registerBefore alive
    2925 [k] service: running (pending=2 loop_which=reversal)
    2925 [k] service_body: entered
    2925 [k] service: running (pending=2 loop_which=reversal)
    2925 [k] service_body: entered
    2925 [k] waiting: counting ticks (step timing=nil auto=false wait=8) pending=2
    2925 [k] drive from registerBefore alive
    2926 [k] service: running (pending=2 loop_which=reversal)
    2926 [k] service_body: entered
    2926 [k] drive from registerBefore alive
    2927 [k] service: running (pending=2 loop_which=reversal)
    2927 [k] service_body: entered
    2927 [k] drive from registerBefore alive
    2928 [k] service: running (pending=2 loop_which=reversal)
    2928 [k] service_body: entered
    2928 [k] drive from registerBefore alive
    2929 [k] service: running (pending=2 loop_which=reversal)
    2929 [k] service_body: entered
    2929 [k] drive from registerBefore alive
    2930 [k] service: running (pending=1 loop_which=reversal)
    2930 [k] service_body: entered
    2930 [k] waiting: delivering previous input (step timing=landing auto=false wait=0) pending=1
    2930 [k] service: running (pending=1 loop_which=reversal)
    2930 [k] service_body: entered
    2930 [k] waiting: landing (step timing=landing auto=false wait=0) pending=1
    2930 [k] drive from registerBefore alive
    2931 [k] service: running (pending=1 loop_which=reversal)
    2931 [k] service_body: entered
    2931 [k] drive from registerBefore alive
    2932 [k] service: running (pending=1 loop_which=reversal)
    2932 [k] service_body: entered
    2932 [k] drive from registerBefore alive
    2933 [k] service: running (pending=1 loop_which=reversal)
    2933 [k] service_body: entered
    2933 [k] drive from registerBefore alive
    2934 [k] service: running (pending=1 loop_which=reversal)
    2934 [k] service_body: entered
    2934 [k] drive from registerBefore alive
    2935 [k] service: running (pending=1 loop_which=reversal)
    2935 [k] service_body: entered
    2935 [k] drive from registerBefore alive
    2936 [k] service: running (pending=1 loop_which=reversal)
    2936 [k] service_body: entered
    2936 [k] drive from registerBefore alive
    2937 [k] service: running (pending=1 loop_which=reversal)
    2937 [k] service_body: entered
    2937 [k] drive from registerBefore alive
    2938 [k] service: running (pending=1 loop_which=reversal)
    2938 [k] service_body: entered
    2938 [k] drive from registerBefore alive
    2939 [k] service: running (pending=1 loop_which=reversal)
    2939 [k] service_body: entered
    2939 [k] drive from registerBefore alive
    2940 [k] service: running (pending=1 loop_which=reversal)
    2940 [k] service_body: entered
    2940 [k] drive from registerBefore alive
    2941 [k] service: running (pending=1 loop_which=reversal)
    2941 [k] service_body: entered
    2941 [k] drive from registerBefore alive
    2942 [k] service: running (pending=1 loop_which=reversal)
    2942 [k] service_body: entered
    2942 [k] drive from registerBefore alive
    2943 [k] service: running (pending=1 loop_which=reversal)
    2943 [k] service_body: entered
    2943 [k] drive from registerBefore alive
    2944 [k] service: running (pending=1 loop_which=reversal)
    2944 [k] service_body: entered
    2944 [k] drive from registerBefore alive
    2945 [k] service: running (pending=1 loop_which=reversal)
    2945 [k] service_body: entered
    2945 [k] drive from registerBefore alive
    2946 [k] service: running (pending=1 loop_which=reversal)
    2946 [k] service_body: entered
    2946 [k] drive from registerBefore alive
    2947 [k] service: running (pending=1 loop_which=reversal)
    2947 [k] service_body: entered
    2947 [k] drive from registerBefore alive
    2948 [k] service: running (pending=1 loop_which=reversal)
    2948 [k] service_body: entered
    2948 [k] drive from registerBefore alive
    2949 [k] service: running (pending=1 loop_which=reversal)
    2949 [k] service_body: entered
    2949 [k] drive from registerBefore alive
    2950 [k] service: running (pending=1 loop_which=reversal)
    2950 [k] service_body: entered
    2950 [k] drive from registerBefore alive
    2951 [k] service: running (pending=1 loop_which=reversal)
    2951 [k] service_body: entered
    2951 [k] drive from registerBefore alive
    2952 [k] service: running (pending=1 loop_which=reversal)
    2952 [k] service_body: entered
    2952 [k] drive from registerBefore alive
    2953 [k] service: running (pending=4 loop_which=reversal)
    2953 [k] service_body: entered
    2953 [k] drive from registerBefore alive
    2954 [k] service: running (pending=4 loop_which=reversal)
    2954 [k] service_body: entered
    2954 [k] drive from registerBefore alive
    2955 [k] service: running (pending=4 loop_which=reversal)
    2955 [k] service_body: entered
    2955 [k] drive from registerBefore alive
    2956 [k] service: running (pending=4 loop_which=reversal)
    2956 [k] service_body: entered
    2956 [k] drive from registerBefore alive
    2957 [k] service: running (pending=4 loop_which=reversal)
    2957 [k] service_body: entered
    2957 [k] drive from registerBefore alive
    2958 [k] service: running (pending=4 loop_which=reversal)
    2958 [k] service_body: entered
    2958 [k] drive from registerBefore alive
    2959 [k] service: running (pending=4 loop_which=reversal)
    2959 [k] service_body: entered
    2959 [k] drive from registerBefore alive
    2960 [k] service: running (pending=4 loop_which=reversal)
    2960 [k] service_body: entered
    2960 [k] drive from registerBefore alive
    2961 [k] service: running (pending=4 loop_which=reversal)
    2961 [k] service_body: entered
    2961 [k] drive from registerBefore alive
    2962 [k] service: running (pending=4 loop_which=reversal)
    2962 [k] service_body: entered
    2962 [k] drive from registerBefore alive
    2963 [k] service: running (pending=4 loop_which=reversal)
    2963 [k] service_body: entered
    2963 [k] drive from registerBefore alive
    2964 [k] service: running (pending=3 loop_which=reversal)
    2964 [k] service_body: entered
    2964 [k] drive from registerBefore alive
    2965 [k] service: running (pending=3 loop_which=reversal)
    2965 [k] service_body: entered
    2965 [k] service: running (pending=3 loop_which=reversal)
    2965 [k] service_body: entered
    2965 [k] waiting: counting ticks (step timing=nil auto=false wait=2) pending=3
    2965 [k] drive from registerBefore alive
    2966 [k] service: running (pending=2 loop_which=reversal)
    2966 [k] service_body: entered
    2966 [k] drive from registerBefore alive
    2966 [k] begin_opportunity which=reversal key=10 -> ready reason=nil status=prepared pattern=pattern_3 loop=nil
    2967 [k] service: running (pending=2 loop_which=reversal)
    2967 [k] service_body: entered
    2967 [k] drive from registerBefore alive
    2968 [k] service: running (pending=2 loop_which=reversal)
    2968 [k] service_body: entered
    2968 [k] drive from registerBefore alive
    2969 [k] service: running (pending=2 loop_which=reversal)
    2969 [k] service_body: entered
    2969 [k] drive from registerBefore alive
    2970 [k] service: running (pending=2 loop_which=reversal)
    2970 [k] service_body: entered
    2970 [k] drive from registerBefore alive
    2971 [k] service: running (pending=2 loop_which=reversal)
    2971 [k] service_body: entered
    2971 [k] drive from registerBefore alive
    2972 [k] service: running (pending=2 loop_which=reversal)
    2972 [k] service_body: entered
    2972 [k] drive from registerBefore alive
    2973 [k] service: running (pending=2 loop_which=reversal)
    2973 [k] service_body: entered
    2973 [k] drive from registerBefore alive
    2974 [k] service: running (pending=2 loop_which=reversal)
    2974 [k] service_body: entered
    2974 [k] drive from registerBefore alive
    2975 [k] service: running (pending=2 loop_which=reversal)
    2975 [k] service_body: entered
    2975 [k] drive from registerBefore alive
    2976 [k] service: running (pending=2 loop_which=reversal)
    2976 [k] service_body: entered
    2976 [k] drive from registerBefore alive
    2977 [k] service: running (pending=2 loop_which=reversal)
    2977 [k] service_body: entered
    2977 [k] drive from registerBefore alive
    2978 [k] service: running (pending=2 loop_which=reversal)
    2978 [k] service_body: entered
    2978 [k] drive from registerBefore alive
    2979 [k] service: running (pending=2 loop_which=reversal)
    2979 [k] service_body: entered
    2979 [k] drive from registerBefore alive
    2980 [k] service: running (pending=2 loop_which=reversal)
    2980 [k] service_body: entered
    2980 [k] drive from registerBefore alive
    2980 [k] arm which=reversal steps=3 loop_on=true
    2981 [k] service: running (pending=2 loop_which=reversal)
    2981 [k] service_body: entered
    2981 [k] drive from registerBefore alive
    2982 [k] service: running (pending=2 loop_which=reversal)
    2982 [k] service_body: entered
    2982 [k] drive from registerBefore alive
    2983 [k] service: running (pending=2 loop_which=reversal)
    2983 [k] service_body: entered
    2983 [k] drive from registerBefore alive
    2984 [k] service: running (pending=2 loop_which=reversal)
    2984 [k] service_body: entered
    2984 [k] drive from registerBefore alive
    2985 [k] service: running (pending=2 loop_which=reversal)
    2985 [k] service_body: entered
    2985 [k] drive from registerBefore alive
    2986 [k] service: running (pending=2 loop_which=reversal)
    2986 [k] service_body: entered
    2986 [k] drive from registerBefore alive
    2987 [k] service: running (pending=2 loop_which=reversal)
    2987 [k] service_body: entered
    2987 [k] drive from registerBefore alive
    2988 [k] service: running (pending=2 loop_which=reversal)
    2988 [k] service_body: entered
    2988 [k] drive from registerBefore alive
    2989 [k] service: running (pending=1 loop_which=reversal)
    2989 [k] service_body: entered
    2989 [k] drive from registerBefore alive
    2990 [k] service: running (pending=1 loop_which=reversal)
    2990 [k] service_body: entered
    2990 [k] drive from registerBefore alive
    2991 [k] service: running (pending=1 loop_which=reversal)
    2991 [k] service_body: entered
    2991 [k] drive from registerBefore alive
    2992 [k] service: running (pending=1 loop_which=reversal)
    2992 [k] service_body: entered
    2992 [k] drive from registerBefore alive
    2993 [k] service: running (pending=1 loop_which=reversal)
    2993 [k] service_body: entered
    2993 [k] drive from registerBefore alive
    2994 [k] service: running (pending=1 loop_which=reversal)
    2994 [k] service_body: entered
    2994 [k] drive from registerBefore alive
    2995 [k] service: running (pending=1 loop_which=reversal)
    2995 [k] service_body: entered
    2995 [k] drive from registerBefore alive
    2996 [k] service: running (pending=1 loop_which=reversal)
    2996 [k] service_body: entered
    2996 [k] drive from registerBefore alive
    2997 [k] service: running (pending=1 loop_which=reversal)
    2997 [k] service_body: entered
    2997 [k] drive from registerBefore alive
    2998 [k] service: running (pending=1 loop_which=reversal)
    2998 [k] service_body: entered
    2998 [k] drive from registerBefore alive
    2999 [k] service: running (pending=1 loop_which=reversal)
    2999 [k] service_body: entered
    2999 [k] drive from registerBefore alive
    2999 [k] begin_opportunity which=reversal key=nil -> ready reason=nil status=prepared pattern=pattern_2 loop=nil
    2999 [k] arm re-prepared -> true
    2999 [k] arm which=reversal steps=3 loop_on=true
    3000 [k] service: running (pending=2 loop_which=reversal)
    3000 [k] service_body: entered
    3000 [k] drive from registerBefore alive
    3001 [k] service: running (pending=2 loop_which=reversal)
    3001 [k] service_body: entered
    3001 [k] drive from registerBefore alive
    3002 [k] service: running (pending=2 loop_which=reversal)
    3002 [k] service_body: entered
    3002 [k] drive from registerBefore alive
    3003 [k] service: running (pending=2 loop_which=reversal)
    3003 [k] service_body: entered
    3003 [k] drive from registerBefore alive
    3004 [k] service: running (pending=2 loop_which=reversal)
    3004 [k] service_body: entered
    3004 [k] drive from registerBefore alive
    3005 [k] service: running (pending=2 loop_which=reversal)
    3005 [k] service_body: entered
    3005 [k] waiting: counting ticks (step timing=nil auto=false wait=8) pending=2
    3005 [k] drive from registerBefore alive
    3006 [k] service: running (pending=2 loop_which=reversal)
    3006 [k] service_body: entered
    3006 [k] drive from registerBefore alive
    3006 [k] begin_opportunity which=reversal key=11 -> ready reason=nil status=prepared pattern=pattern_3 loop=nil
    3007 [k] service: running (pending=2 loop_which=reversal)
    3007 [k] service_body: entered
    3007 [k] drive from registerBefore alive
    3008 [k] service: running (pending=2 loop_which=reversal)
    3008 [k] service_body: entered
    3008 [k] drive from registerBefore alive
    3009 [k] service: running (pending=2 loop_which=reversal)
    3009 [k] service_body: entered
    3009 [k] drive from registerBefore alive
    3010 [k] service: running (pending=2 loop_which=reversal)
    3010 [k] service_body: entered
    3010 [k] drive from registerBefore alive
    3011 [k] service: running (pending=1 loop_which=reversal)
    3011 [k] service_body: entered
    3011 [k] drive from registerBefore alive
    3012 [k] service: running (pending=1 loop_which=reversal)
    3012 [k] service_body: entered
    3012 [k] drive from registerBefore alive
    3013 [k] service: running (pending=1 loop_which=reversal)
    3013 [k] service_body: entered
    3013 [k] drive from registerBefore alive
    3014 [k] service: running (pending=1 loop_which=reversal)
    3014 [k] service_body: entered
    3014 [k] drive from registerBefore alive
    3015 [k] service: running (pending=1 loop_which=reversal)
    3015 [k] service_body: entered
    3015 [k] drive from registerBefore alive
    3016 [k] service: running (pending=1 loop_which=reversal)
    3016 [k] service_body: entered
    3016 [k] drive from registerBefore alive
    3017 [k] service: running (pending=1 loop_which=reversal)
    3017 [k] service_body: entered
    3017 [k] drive from registerBefore alive
    3018 [k] service: running (pending=1 loop_which=reversal)
    3018 [k] service_body: entered
    3018 [k] drive from registerBefore alive
    3019 [k] service: running (pending=1 loop_which=reversal)
    3019 [k] service_body: entered
    3019 [k] drive from registerBefore alive
    3020 [k] service: running (pending=1 loop_which=reversal)
    3020 [k] service_body: entered
    3020 [k] drive from registerBefore alive
    3021 [k] service: running (pending=1 loop_which=reversal)
    3021 [k] service_body: entered
    3021 [k] drive from registerBefore alive
    3022 [k] service: running (pending=1 loop_which=reversal)
    3022 [k] service_body: entered
    3022 [k] drive from registerBefore alive
    3023 [k] service: running (pending=1 loop_which=reversal)
    3023 [k] service_body: entered
    3023 [k] drive from registerBefore alive
    3024 [k] service: running (pending=1 loop_which=reversal)
    3024 [k] service_body: entered
    3024 [k] drive from registerBefore alive
    3025 [k] service: running (pending=1 loop_which=reversal)
    3025 [k] service_body: entered
    3025 [k] drive from registerBefore alive
    3026 [k] service: running (pending=1 loop_which=reversal)
    3026 [k] service_body: entered
    3026 [k] drive from registerBefore alive
    3027 [k] service: running (pending=1 loop_which=reversal)
    3027 [k] service_body: entered
    3027 [k] drive from registerBefore alive
    3028 [k] service: running (pending=1 loop_which=reversal)
    3028 [k] service_body: entered
    3028 [k] drive from registerBefore alive
    3029 [k] service: running (pending=1 loop_which=reversal)
    3029 [k] service_body: entered
    3029 [k] drive from registerBefore alive
    3030 [k] service: running (pending=1 loop_which=reversal)
    3030 [k] service_body: entered
    3030 [k] drive from registerBefore alive
    3031 [k] service: running (pending=1 loop_which=reversal)
    3031 [k] service_body: entered
    3031 [k] drive from registerBefore alive
    3032 [k] service: running (pending=1 loop_which=reversal)
    3032 [k] service_body: entered
    3032 [k] drive from registerBefore alive
    3033 [k] service: running (pending=1 loop_which=reversal)
    3033 [k] service_body: entered
    3033 [k] drive from registerBefore alive
    3034 [k] service: running (pending=1 loop_which=reversal)
    3034 [k] service_body: entered
    3034 [k] drive from registerBefore alive
    3035 [k] service: running (pending=1 loop_which=reversal)
    3035 [k] service_body: entered
    3035 [k] drive from registerBefore alive
    3035 [k] arm which=reversal steps=3 loop_on=true
    3036 [k] service: running (pending=2 loop_which=reversal)
    3036 [k] service_body: entered
    3036 [k] drive from registerBefore alive
    3037 [k] service: running (pending=2 loop_which=reversal)
    3037 [k] service_body: entered
    3037 [k] drive from registerBefore alive
    3038 [k] service: running (pending=2 loop_which=reversal)
    3038 [k] service_body: entered
    3038 [k] drive from registerBefore alive
    3039 [k] service: running (pending=2 loop_which=reversal)
    3039 [k] service_body: entered
    3039 [k] drive from registerBefore alive
    3040 [k] service: running (pending=2 loop_which=reversal)
    3040 [k] service_body: entered
    3040 [k] drive from registerBefore alive
    3041 [k] service: running (pending=2 loop_which=reversal)
    3041 [k] service_body: entered
    3041 [k] drive from registerBefore alive
    3042 [k] service: running (pending=2 loop_which=reversal)
    3042 [k] service_body: entered
    3042 [k] waiting: counting ticks (step timing=nil auto=false wait=8) pending=2
    3042 [k] drive from registerBefore alive
    3043 [k] service: running (pending=2 loop_which=reversal)
    3043 [k] service_body: entered
    3043 [k] drive from registerBefore alive
    3044 [k] service: running (pending=2 loop_which=reversal)
    3044 [k] service_body: entered
    3044 [k] drive from registerBefore alive
    3045 [k] service: running (pending=2 loop_which=reversal)
    3045 [k] service_body: entered
    3045 [k] drive from registerBefore alive
    3046 [k] service: running (pending=2 loop_which=reversal)
    3046 [k] service_body: entered
    3046 [k] drive from registerBefore alive
    3047 [k] service: running (pending=1 loop_which=reversal)
    3047 [k] service_body: entered
    3047 [k] drive from registerBefore alive
    3048 [k] service: running (pending=1 loop_which=reversal)
    3048 [k] service_body: entered
    3048 [k] drive from registerBefore alive
    3049 [k] service: running (pending=1 loop_which=reversal)
    3049 [k] service_body: entered
    3049 [k] drive from registerBefore alive
    3050 [k] service: running (pending=1 loop_which=reversal)
    3050 [k] service_body: entered
    3050 [k] drive from registerBefore alive
    3051 [k] service: running (pending=1 loop_which=reversal)
    3051 [k] service_body: entered
    3051 [k] drive from registerBefore alive
    3052 [k] service: running (pending=1 loop_which=reversal)
    3052 [k] service_body: entered
    3052 [k] drive from registerBefore alive
    3053 [k] service: running (pending=1 loop_which=reversal)
    3053 [k] service_body: entered
    3053 [k] drive from registerBefore alive
    3054 [k] service: running (pending=1 loop_which=reversal)
    3054 [k] service_body: entered
    3054 [k] drive from registerBefore alive
    3055 [k] service: running (pending=1 loop_which=reversal)
    3055 [k] service_body: entered
    3055 [k] drive from registerBefore alive
    3056 [k] service: running (pending=1 loop_which=reversal)
    3056 [k] service_body: entered
    3056 [k] drive from registerBefore alive
    3057 [k] service: running (pending=1 loop_which=reversal)
    3057 [k] service_body: entered
    3057 [k] drive from registerBefore alive
    3058 [k] service: running (pending=1 loop_which=reversal)
    3058 [k] service_body: entered
    3058 [k] drive from registerBefore alive
    3059 [k] service: running (pending=1 loop_which=reversal)
    3059 [k] service_body: entered
    3059 [k] drive from registerBefore alive
    3060 [k] service: running (pending=1 loop_which=reversal)
    3060 [k] service_body: entered
    3060 [k] drive from registerBefore alive
    3061 [k] service: running (pending=1 loop_which=reversal)
    3061 [k] service_body: entered
    3061 [k] drive from registerBefore alive
    3062 [k] service: running (pending=1 loop_which=reversal)
    3062 [k] service_body: entered
    3062 [k] drive from registerBefore alive
    3063 [k] service: running (pending=1 loop_which=reversal)
    3063 [k] service_body: entered
    3063 [k] drive from registerBefore alive
    3064 [k] service: running (pending=1 loop_which=reversal)
    3064 [k] service_body: entered
    3064 [k] drive from registerBefore alive
    3064 [k] begin_opportunity which=reversal key=12 -> ready reason=nil status=prepared pattern=pattern_1 loop=nil
    3065 [k] service: running (pending=1 loop_which=reversal)
    3065 [k] service_body: entered
    3065 [k] drive from registerBefore alive
    3066 [k] service: running (pending=1 loop_which=reversal)
    3066 [k] service_body: entered
    3066 [k] drive from registerBefore alive
    3067 [k] service: running (pending=1 loop_which=reversal)
    3067 [k] service_body: entered
    3067 [k] drive from registerBefore alive
    3068 [k] service: running (pending=1 loop_which=reversal)
    3068 [k] service_body: entered
    3068 [k] drive from registerBefore alive
    3069 [k] service: running (pending=1 loop_which=reversal)
    3069 [k] service_body: entered
    3069 [k] drive from registerBefore alive
    3070 [k] service: running (pending=1 loop_which=reversal)
    3070 [k] service_body: entered
    3070 [k] drive from registerBefore alive
    3071 [k] service: running (pending=1 loop_which=reversal)
    3071 [k] service_body: entered
    3071 [k] drive from registerBefore alive
    3072 [k] service: running (pending=1 loop_which=reversal)
    3072 [k] service_body: entered
    3072 [k] drive from registerBefore alive
    3073 [k] service: running (pending=1 loop_which=reversal)
    3073 [k] service_body: entered
    3073 [k] drive from registerBefore alive
    3074 [k] service: running (pending=1 loop_which=reversal)
    3074 [k] service_body: entered
    3074 [k] drive from registerBefore alive
    3075 [k] service: running (pending=1 loop_which=reversal)
    3075 [k] service_body: entered
    3075 [k] drive from registerBefore alive
    3076 [k] service: running (pending=1 loop_which=reversal)
    3076 [k] service_body: entered
    3076 [k] drive from registerBefore alive
    3077 [k] service: running (pending=1 loop_which=reversal)
    3077 [k] service_body: entered
    3077 [k] drive from registerBefore alive
    3078 [k] service: running (pending=1 loop_which=reversal)
    3078 [k] service_body: entered
    3078 [k] drive from registerBefore alive
    3079 [k] service: running (pending=1 loop_which=reversal)
    3079 [k] service_body: entered
    3079 [k] drive from registerBefore alive
    3080 [k] service: running (pending=1 loop_which=reversal)
    3080 [k] service_body: entered
    3080 [k] drive from registerBefore alive
    3081 [k] service: running (pending=1 loop_which=reversal)
    3081 [k] service_body: entered
    3081 [k] drive from registerBefore alive
    3082 [k] service: running (pending=1 loop_which=reversal)
    3082 [k] service_body: entered
    3082 [k] drive from registerBefore alive
    3083 [k] service: running (pending=1 loop_which=reversal)
    3083 [k] service_body: entered
    3083 [k] drive from registerBefore alive
    3084 [k] service: running (pending=1 loop_which=reversal)
    3084 [k] service_body: entered
    3084 [k] drive from registerBefore alive
    3085 [k] service: running (pending=1 loop_which=reversal)
    3085 [k] service_body: entered
    3085 [k] drive from registerBefore alive
    3086 [k] service: running (pending=1 loop_which=reversal)
    3086 [k] service_body: entered
    3086 [k] drive from registerBefore alive
    3087 [k] service: running (pending=1 loop_which=reversal)
    3087 [k] service_body: entered
    3087 [k] drive from registerBefore alive
    3088 [k] service: running (pending=1 loop_which=reversal)
    3088 [k] service_body: entered
    3088 [k] drive from registerBefore alive
    3089 [k] service: running (pending=1 loop_which=reversal)
    3089 [k] service_body: entered
    3089 [k] drive from registerBefore alive
    3090 [k] service: running (pending=1 loop_which=reversal)
    3090 [k] service_body: entered
    3090 [k] drive from registerBefore alive
    3091 [k] service: running (pending=1 loop_which=reversal)
    3091 [k] service_body: entered
    3091 [k] drive from registerBefore alive
    3092 [k] service: running (pending=1 loop_which=reversal)
    3092 [k] service_body: entered
    3092 [k] drive from registerBefore alive
    3093 [k] service: running (pending=1 loop_which=reversal)
    3093 [k] service_body: entered
    3093 [k] drive from registerBefore alive
    3094 [k] service: running (pending=1 loop_which=reversal)
    3094 [k] service_body: entered
    3094 [k] drive from registerBefore alive
    3095 [k] service: running (pending=1 loop_which=reversal)
    3095 [k] service_body: entered
    3095 [k] drive from registerBefore alive
    3096 [k] service: running (pending=1 loop_which=reversal)
    3096 [k] service_body: entered
    3096 [k] drive from registerBefore alive
    3097 [k] service: running (pending=1 loop_which=reversal)
    3097 [k] service_body: entered
    3097 [k] drive from registerBefore alive
    3098 [k] service: running (pending=1 loop_which=reversal)
    3098 [k] service_body: entered
    3098 [k] drive from registerBefore alive
    3099 [k] service: running (pending=1 loop_which=reversal)
    3099 [k] service_body: entered
    3099 [k] drive from registerBefore alive
    3100 [k] service: running (pending=nil loop_which=reversal)
    3100 [k] idle: queue empty, nothing refilled (status=prepared loop_which=reversal)
    3100 [k] drive from registerBefore alive
    3101 [k] service: running (pending=nil loop_which=reversal)
    3101 [k] idle: queue empty, nothing refilled (status=prepared loop_which=reversal)
    3101 [k] drive from registerBefore alive
    3102 [k] service: running (pending=nil loop_which=reversal)
    3102 [k] idle: queue empty, nothing refilled (status=prepared loop_which=reversal)
    3102 [k] drive from registerBefore alive
    3103 [k] service: running (pending=nil loop_which=reversal)
    3103 [k] idle: queue empty, nothing refilled (status=prepared loop_which=reversal)
    3103 [k] drive from registerBefore alive
    3104 [k] service: running (pending=nil loop_which=reversal)
    3104 [k] idle: queue empty, nothing refilled (status=prepared loop_which=reversal)
    3104 [k] drive from registerBefore alive
    3105 [k] service: running (pending=nil loop_which=reversal)
    3105 [k] idle: queue empty, nothing refilled (status=prepared loop_which=reversal)
    3105 [k] drive from registerBefore alive
    3106 [k] service: running (pending=nil loop_which=reversal)
    3106 [k] idle: queue empty, nothing refilled (status=prepared loop_which=reversal)
    3106 [k] drive from registerBefore alive
    3107 [k] service: running (pending=nil loop_which=reversal)
    3107 [k] idle: queue empty, nothing refilled (status=prepared loop_which=reversal)
    3107 [k] drive from registerBefore alive
    3108 [k] service: running (pending=nil loop_which=reversal)
    3108 [k] idle: queue empty, nothing refilled (status=prepared loop_which=reversal)
    3108 [k] drive from registerBefore alive
    3109 [k] service: running (pending=nil loop_which=reversal)
    3109 [k] idle: queue empty, nothing refilled (status=prepared loop_which=reversal)
    3109 [k] drive from registerBefore alive
    3110 [k] service: running (pending=nil loop_which=reversal)
    3110 [k] idle: queue empty, nothing refilled (status=prepared loop_which=reversal)
    3110 [k] drive from registerBefore alive
    3111 [k] service: running (pending=nil loop_which=reversal)
    3111 [k] idle: queue empty, nothing refilled (status=prepared loop_which=reversal)
    3111 [k] drive from registerBefore alive
    3112 [k] service: running (pending=nil loop_which=reversal)
    3112 [k] idle: queue empty, nothing refilled (status=prepared loop_which=reversal)
    3112 [k] drive from registerBefore alive
    3113 [k] service: running (pending=nil loop_which=reversal)
    3113 [k] idle: queue empty, nothing refilled (status=prepared loop_which=reversal)
    3113 [k] drive from registerBefore alive
    3114 [k] service: running (pending=nil loop_which=reversal)
    3114 [k] idle: queue empty, nothing refilled (status=prepared loop_which=reversal)
    3114 [k] drive from registerBefore alive
    3115 [k] service: running (pending=nil loop_which=reversal)
    3115 [k] idle: queue empty, nothing refilled (status=prepared loop_which=reversal)
    3115 [k] drive from registerBefore alive
    3116 [k] service: running (pending=nil loop_which=reversal)
    3116 [k] idle: queue empty, nothing refilled (status=prepared loop_which=reversal)
    3116 [k] drive from registerBefore alive
    3117 [k] service: running (pending=nil loop_which=reversal)
    3117 [k] idle: queue empty, nothing refilled (status=prepared loop_which=reversal)
    3117 [k] drive from registerBefore alive
    3118 [k] service: running (pending=nil loop_which=reversal)
    3118 [k] idle: queue empty, nothing refilled (status=prepared loop_which=reversal)
    3118 [k] drive from registerBefore alive
    3119 [k] service: running (pending=nil loop_which=reversal)
    3119 [k] idle: queue empty, nothing refilled (status=prepared loop_which=reversal)
    3119 [k] drive from registerBefore alive
    3120 [k] service: running (pending=nil loop_which=reversal)
    3120 [k] idle: queue empty, nothing refilled (status=prepared loop_which=reversal)
    3120 [k] drive from registerBefore alive
    3121 [k] service: running (pending=nil loop_which=reversal)
    3121 [k] idle: queue empty, nothing refilled (status=prepared loop_which=reversal)
    3121 [k] drive from registerBefore alive
    3122 [k] service: running (pending=nil loop_which=reversal)
    3122 [k] idle: queue empty, nothing refilled (status=prepared loop_which=reversal)
    3122 [k] drive from registerBefore alive
    3123 [k] service: running (pending=nil loop_which=reversal)
    3123 [k] idle: queue empty, nothing refilled (status=prepared loop_which=reversal)
    3123 [k] drive from registerBefore alive
    3124 [k] service: running (pending=nil loop_which=reversal)
    3124 [k] idle: queue empty, nothing refilled (status=prepared loop_which=reversal)
    3124 [k] drive from registerBefore alive
    3125 [k] service: running (pending=nil loop_which=reversal)
    3125 [k] idle: queue empty, nothing refilled (status=prepared loop_which=reversal)
    3125 [k] drive from registerBefore alive
    3126 [k] service: running (pending=nil loop_which=reversal)
    3126 [k] idle: queue empty, nothing refilled (status=prepared loop_which=reversal)
    3126 [k] drive from registerBefore alive
    3127 [k] service: running (pending=nil loop_which=reversal)
    3127 [k] idle: queue empty, nothing refilled (status=prepared loop_which=reversal)
    3127 [k] drive from registerBefore alive
    3128 [k] service: running (pending=nil loop_which=reversal)
    3128 [k] idle: queue empty, nothing refilled (status=prepared loop_which=reversal)
    3128 [k] drive from registerBefore alive
    3129 [k] service: running (pending=nil loop_which=reversal)
    3129 [k] idle: queue empty, nothing refilled (status=prepared loop_which=reversal)
    3129 [k] drive from registerBefore alive
    3130 [k] service: running (pending=nil loop_which=reversal)
    3130 [k] idle: queue empty, nothing refilled (status=prepared loop_which=reversal)
    3130 [k] drive from registerBefore alive
    3131 [k] service: running (pending=nil loop_which=reversal)
    3131 [k] idle: queue empty, nothing refilled (status=prepared loop_which=reversal)
    3131 [k] drive from registerBefore alive
    3132 [k] service: running (pending=nil loop_which=reversal)
    3132 [k] idle: queue empty, nothing refilled (status=prepared loop_which=reversal)
    3132 [k] drive from registerBefore alive
    3133 [k] service: running (pending=nil loop_which=reversal)
    3133 [k] idle: queue empty, nothing refilled (status=prepared loop_which=reversal)
    3133 [k] drive from registerBefore alive
    3134 [k] service: running (pending=nil loop_which=reversal)
    3134 [k] idle: queue empty, nothing refilled (status=prepared loop_which=reversal)
    3134 [k] drive from registerBefore alive
    3135 [k] service: running (pending=nil loop_which=reversal)
    3135 [k] idle: queue empty, nothing refilled (status=prepared loop_which=reversal)
    3135 [k] drive from registerBefore alive
    3136 [k] service: running (pending=nil loop_which=reversal)
    3136 [k] idle: queue empty, nothing refilled (status=prepared loop_which=reversal)
    3136 [k] drive from registerBefore alive
    3137 [k] service: running (pending=nil loop_which=reversal)
    3137 [k] idle: queue empty, nothing refilled (status=prepared loop_which=reversal)
    3137 [k] drive from registerBefore alive
    3137 [k] arm which=reversal steps=4 loop_on=true
    3138 [k] service: running (pending=3 loop_which=reversal)
    3138 [k] service_body: entered
    3138 [k] drive from registerBefore alive
    3139 [k] service: running (pending=3 loop_which=reversal)
    3139 [k] service_body: entered
    3139 [k] drive from registerBefore alive
    3140 [k] service: running (pending=3 loop_which=reversal)
    3140 [k] service_body: entered
    3140 [k] drive from registerBefore alive
    3141 [k] service: running (pending=3 loop_which=reversal)
    3141 [k] service_body: entered
    3141 [k] drive from registerBefore alive
    3142 [k] service: running (pending=3 loop_which=reversal)
    3142 [k] service_body: entered
    3142 [k] drive from registerBefore alive
    3143 [k] service: running (pending=3 loop_which=reversal)
    3143 [k] service_body: entered
    3143 [k] drive from registerBefore alive
    3144 [k] service: running (pending=3 loop_which=reversal)
    3144 [k] service_body: entered
    3144 [k] waiting: counting ticks (step timing=nil auto=false wait=2) pending=3
    3144 [k] drive from registerBefore alive
    3145 [k] service: running (pending=2 loop_which=reversal)
    3145 [k] service_body: entered
    3145 [k] waiting: delivering previous input (step timing=nil auto=false wait=27) pending=2
    3145 [k] service: running (pending=2 loop_which=reversal)
    3145 [k] service_body: entered
    3145 [k] waiting: counting ticks (step timing=nil auto=false wait=27) pending=2
    3145 [k] drive from registerBefore alive
    3146 [k] service: running (pending=2 loop_which=reversal)
    3146 [k] service_body: entered
    3146 [k] drive from registerBefore alive
    3147 [k] service: running (pending=2 loop_which=reversal)
    3147 [k] service_body: entered
    3147 [k] drive from registerBefore alive
    3148 [k] service: running (pending=2 loop_which=reversal)
    3148 [k] service_body: entered
    3148 [k] drive from registerBefore alive
    3149 [k] service: running (pending=2 loop_which=reversal)
    3149 [k] service_body: entered
    3149 [k] drive from registerBefore alive
    3150 [k] service: running (pending=2 loop_which=reversal)
    3150 [k] service_body: entered
    3150 [k] drive from registerBefore alive
    3151 [k] service: running (pending=2 loop_which=reversal)
    3151 [k] service_body: entered
    3151 [k] drive from registerBefore alive
    3152 [k] service: running (pending=2 loop_which=reversal)
    3152 [k] service_body: entered
    3152 [k] drive from registerBefore alive
    3153 [k] service: running (pending=2 loop_which=reversal)
    3153 [k] service_body: entered
    3153 [k] drive from registerBefore alive
    3154 [k] service: running (pending=2 loop_which=reversal)
    3154 [k] service_body: entered
    3154 [k] drive from registerBefore alive
    3155 [k] service: running (pending=2 loop_which=reversal)
    3155 [k] service_body: entered
    3155 [k] drive from registerBefore alive
    3156 [k] service: running (pending=2 loop_which=reversal)
    3156 [k] service_body: entered
    3156 [k] drive from registerBefore alive
    3157 [k] service: running (pending=2 loop_which=reversal)
    3157 [k] service_body: entered
    3157 [k] drive from registerBefore alive
    3158 [k] service: running (pending=2 loop_which=reversal)
    3158 [k] service_body: entered
    3158 [k] drive from registerBefore alive
    3159 [k] service: running (pending=2 loop_which=reversal)
    3159 [k] service_body: entered
    3159 [k] drive from registerBefore alive
    3160 [k] service: running (pending=2 loop_which=reversal)
    3160 [k] service_body: entered
    3160 [k] drive from registerBefore alive
    3161 [k] service: running (pending=2 loop_which=reversal)
    3161 [k] service_body: entered
    3161 [k] drive from registerBefore alive
    3162 [k] service: running (pending=2 loop_which=reversal)
    3162 [k] service_body: entered
    3162 [k] drive from registerBefore alive
    3163 [k] service: running (pending=2 loop_which=reversal)
    3163 [k] service_body: entered
    3163 [k] drive from registerBefore alive
    3164 [k] service: running (pending=1 loop_which=reversal)
    3164 [k] service_body: entered
    3164 [k] waiting: delivering previous input (step timing=landing auto=false wait=0) pending=1
    3164 [k] service: running (pending=1 loop_which=reversal)
    3164 [k] service_body: entered
    3164 [k] waiting: landing (step timing=landing auto=false wait=0) pending=1
    3164 [k] drive from registerBefore alive
    3165 [k] service: running (pending=1 loop_which=reversal)
    3165 [k] service_body: entered
    3165 [k] drive from registerBefore alive
    3166 [k] service: running (pending=1 loop_which=reversal)
    3166 [k] service_body: entered
    3166 [k] drive from registerBefore alive
    3167 [k] service: running (pending=1 loop_which=reversal)
    3167 [k] service_body: entered
    3167 [k] drive from registerBefore alive
    3168 [k] service: running (pending=1 loop_which=reversal)
    3168 [k] service_body: entered
    3168 [k] drive from registerBefore alive
    3168 [k] begin_opportunity which=reversal key=13 -> ready reason=nil status=prepared pattern=pattern_3 loop=nil
    3169 [k] service: running (pending=1 loop_which=reversal)
    3169 [k] service_body: entered
    3169 [k] drive from registerBefore alive
    3170 [k] service: running (pending=1 loop_which=reversal)
    3170 [k] service_body: entered
    3170 [k] drive from registerBefore alive
    3171 [k] service: running (pending=1 loop_which=reversal)
    3171 [k] service_body: entered
    3171 [k] drive from registerBefore alive
    3172 [k] service: running (pending=1 loop_which=reversal)
    3172 [k] service_body: entered
    3172 [k] drive from registerBefore alive
    3173 [k] service: running (pending=1 loop_which=reversal)
    3173 [k] service_body: entered
    3173 [k] drive from registerBefore alive
    3174 [k] service: running (pending=1 loop_which=reversal)
    3174 [k] service_body: entered
    3174 [k] drive from registerBefore alive
    3175 [k] service: running (pending=1 loop_which=reversal)
    3175 [k] service_body: entered
    3175 [k] drive from registerBefore alive
    3176 [k] service: running (pending=1 loop_which=reversal)
    3176 [k] service_body: entered
    3176 [k] drive from registerBefore alive
    3177 [k] service: running (pending=1 loop_which=reversal)
    3177 [k] service_body: entered
    3177 [k] drive from registerBefore alive
    3178 [k] service: running (pending=1 loop_which=reversal)
    3178 [k] service_body: entered
    3178 [k] drive from registerBefore alive
    3179 [k] service: running (pending=1 loop_which=reversal)
    3179 [k] service_body: entered
    3179 [k] drive from registerBefore alive
    3180 [k] service: running (pending=1 loop_which=reversal)
    3180 [k] service_body: entered
    3180 [k] drive from registerBefore alive
    3181 [k] service: running (pending=1 loop_which=reversal)
    3181 [k] service_body: entered
    3181 [k] drive from registerBefore alive
    3182 [k] service: running (pending=1 loop_which=reversal)
    3182 [k] service_body: entered
    3182 [k] drive from registerBefore alive
    3183 [k] service: running (pending=1 loop_which=reversal)
    3183 [k] service_body: entered
    3183 [k] drive from registerBefore alive
    3184 [k] service: running (pending=1 loop_which=reversal)
    3184 [k] service_body: entered
    3184 [k] drive from registerBefore alive
    3185 [k] service: running (pending=1 loop_which=reversal)
    3185 [k] service_body: entered
    3185 [k] drive from registerBefore alive
    3186 [k] service: running (pending=1 loop_which=reversal)
    3186 [k] service_body: entered
    3186 [k] drive from registerBefore alive
    3187 [k] service: running (pending=1 loop_which=reversal)
    3187 [k] service_body: entered
    3187 [k] drive from registerBefore alive
    3188 [k] service: running (pending=1 loop_which=reversal)
    3188 [k] service_body: entered
    3188 [k] drive from registerBefore alive
    3189 [k] service: running (pending=1 loop_which=reversal)
    3189 [k] service_body: entered
    3189 [k] drive from registerBefore alive
    3190 [k] service: running (pending=1 loop_which=reversal)
    3190 [k] service_body: entered
    3190 [k] drive from registerBefore alive
    3191 [k] service: running (pending=1 loop_which=reversal)
    3191 [k] service_body: entered
    3191 [k] drive from registerBefore alive
    3192 [k] service: running (pending=1 loop_which=reversal)
    3192 [k] service_body: entered
    3192 [k] drive from registerBefore alive
    3193 [k] service: running (pending=1 loop_which=reversal)
    3193 [k] service_body: entered
    3193 [k] drive from registerBefore alive
    3194 [k] service: running (pending=1 loop_which=reversal)
    3194 [k] service_body: entered
    3194 [k] drive from registerBefore alive
    3195 [k] service: running (pending=1 loop_which=reversal)
    3195 [k] service_body: entered
    3195 [k] drive from registerBefore alive
    3196 [k] service: running (pending=1 loop_which=reversal)
    3196 [k] service_body: entered
    3196 [k] drive from registerBefore alive
    3197 [k] service: running (pending=1 loop_which=reversal)
    3197 [k] service_body: entered
    3197 [k] drive from registerBefore alive
    3198 [k] service: running (pending=1 loop_which=reversal)
    3198 [k] service_body: entered
    3198 [k] drive from registerBefore alive
    3199 [k] service: running (pending=1 loop_which=reversal)
    3199 [k] service_body: entered
    3199 [k] drive from registerBefore alive
    3200 [k] service: running (pending=1 loop_which=reversal)
    3200 [k] service_body: entered
    3200 [k] drive from registerBefore alive
    3201 [k] service: running (pending=1 loop_which=reversal)
    3201 [k] service_body: entered
    3201 [k] drive from registerBefore alive
    3202 [k] service: running (pending=1 loop_which=reversal)
    3202 [k] service_body: entered
    3202 [k] drive from registerBefore alive
    3203 [k] service: running (pending=nil loop_which=reversal)
    3203 [k] idle: queue empty, nothing refilled (status=prepared loop_which=reversal)
    3203 [k] service: running (pending=nil loop_which=reversal)
    3203 [k] idle: queue empty, nothing refilled (status=prepared loop_which=reversal)
    3203 [k] drive from registerBefore alive
    3204 [k] service: running (pending=nil loop_which=reversal)
    3204 [k] idle: queue empty, nothing refilled (status=prepared loop_which=reversal)
    3204 [k] drive from registerBefore alive
    3205 [k] service: running (pending=nil loop_which=reversal)
    3205 [k] idle: queue empty, nothing refilled (status=prepared loop_which=reversal)
    3205 [k] drive from registerBefore alive
    3206 [k] service: running (pending=nil loop_which=reversal)
    3206 [k] idle: queue empty, nothing refilled (status=prepared loop_which=reversal)
    3206 [k] drive from registerBefore alive
    3207 [k] service: running (pending=nil loop_which=reversal)
    3207 [k] idle: queue empty, nothing refilled (status=prepared loop_which=reversal)
    3207 [k] drive from registerBefore alive
    3208 [k] service: running (pending=nil loop_which=reversal)
    3208 [k] idle: queue empty, nothing refilled (status=prepared loop_which=reversal)
    3208 [k] drive from registerBefore alive
    3209 [k] service: running (pending=nil loop_which=reversal)
    3209 [k] idle: queue empty, nothing refilled (status=prepared loop_which=reversal)
    3209 [k] drive from registerBefore alive
    3210 [k] service: running (pending=nil loop_which=reversal)
    3210 [k] idle: queue empty, nothing refilled (status=prepared loop_which=reversal)
    3210 [k] drive from registerBefore alive
    3211 [k] service: running (pending=nil loop_which=reversal)
    3211 [k] idle: queue empty, nothing refilled (status=prepared loop_which=reversal)
    3211 [k] drive from registerBefore alive
    3212 [k] service: running (pending=nil loop_which=reversal)
    3212 [k] idle: queue empty, nothing refilled (status=prepared loop_which=reversal)
    3212 [k] drive from registerBefore alive
    3213 [k] service: running (pending=nil loop_which=reversal)
    3213 [k] idle: queue empty, nothing refilled (status=prepared loop_which=reversal)
    3213 [k] drive from registerBefore alive
    3214 [k] service: running (pending=nil loop_which=reversal)
    3214 [k] idle: queue empty, nothing refilled (status=prepared loop_which=reversal)
    3214 [k] drive from registerBefore alive
    3215 [k] service: running (pending=nil loop_which=reversal)
    3215 [k] idle: queue empty, nothing refilled (status=prepared loop_which=reversal)
    3215 [k] drive from registerBefore alive
    3216 [k] service: running (pending=nil loop_which=reversal)
    3216 [k] idle: queue empty, nothing refilled (status=prepared loop_which=reversal)
    3216 [k] drive from registerBefore alive
    3217 [k] service: running (pending=nil loop_which=reversal)
    3217 [k] idle: queue empty, nothing refilled (status=prepared loop_which=reversal)
    3217 [k] drive from registerBefore alive
    3218 [k] service: running (pending=nil loop_which=reversal)
    3218 [k] idle: queue empty, nothing refilled (status=prepared loop_which=reversal)
    3218 [k] drive from registerBefore alive
    3219 [k] service: running (pending=nil loop_which=reversal)
    3219 [k] idle: queue empty, nothing refilled (status=prepared loop_which=reversal)
    3219 [k] drive from registerBefore alive
    3220 [k] service: running (pending=nil loop_which=reversal)
    3220 [k] idle: queue empty, nothing refilled (status=prepared loop_which=reversal)
    3220 [k] drive from registerBefore alive
    3221 [k] service: running (pending=nil loop_which=reversal)
    3221 [k] idle: queue empty, nothing refilled (status=prepared loop_which=reversal)
    3221 [k] drive from registerBefore alive
    3222 [k] service: running (pending=nil loop_which=reversal)
    3222 [k] idle: queue empty, nothing refilled (status=prepared loop_which=reversal)
    3222 [k] drive from registerBefore alive
    3223 [k] service: running (pending=nil loop_which=reversal)
    3223 [k] idle: queue empty, nothing refilled (status=prepared loop_which=reversal)
    3223 [k] drive from registerBefore alive
    3224 [k] service: running (pending=nil loop_which=reversal)
    3224 [k] idle: queue empty, nothing refilled (status=prepared loop_which=reversal)
    3224 [k] drive from registerBefore alive
    3225 [k] service: running (pending=nil loop_which=reversal)
    3225 [k] idle: queue empty, nothing refilled (status=prepared loop_which=reversal)
    3225 [k] drive from registerBefore alive
    3226 [k] service: running (pending=nil loop_which=reversal)
    3226 [k] idle: queue empty, nothing refilled (status=prepared loop_which=reversal)
    3226 [k] drive from registerBefore alive
    3227 [k] service: running (pending=nil loop_which=reversal)
    3227 [k] idle: queue empty, nothing refilled (status=prepared loop_which=reversal)
    3227 [k] drive from registerBefore alive
    3228 [k] service: running (pending=nil loop_which=reversal)
    3228 [k] idle: queue empty, nothing refilled (status=prepared loop_which=reversal)
    3228 [k] drive from registerBefore alive
    3229 [k] service: running (pending=nil loop_which=reversal)
    3229 [k] idle: queue empty, nothing refilled (status=prepared loop_which=reversal)
    3229 [k] drive from registerBefore alive
    3230 [k] service: running (pending=nil loop_which=reversal)
    3230 [k] idle: queue empty, nothing refilled (status=prepared loop_which=reversal)
    3230 [k] drive from registerBefore alive
    3231 [k] service: running (pending=nil loop_which=reversal)
    3231 [k] idle: queue empty, nothing refilled (status=prepared loop_which=reversal)
    3231 [k] drive from registerBefore alive
    3232 [k] service: running (pending=nil loop_which=reversal)
    3232 [k] idle: queue empty, nothing refilled (status=prepared loop_which=reversal)
    3232 [k] drive from registerBefore alive
    3233 [k] service: running (pending=nil loop_which=reversal)
    3233 [k] idle: queue empty, nothing refilled (status=prepared loop_which=reversal)
    3233 [k] drive from registerBefore alive
    3234 [k] service: running (pending=nil loop_which=reversal)
    3234 [k] idle: queue empty, nothing refilled (status=prepared loop_which=reversal)
    3234 [k] drive from registerBefore alive
    3235 [k] service: running (pending=nil loop_which=reversal)
    3235 [k] idle: queue empty, nothing refilled (status=prepared loop_which=reversal)
    3235 [k] drive from registerBefore alive
    3236 [k] service: running (pending=nil loop_which=reversal)
    3236 [k] idle: queue empty, nothing refilled (status=prepared loop_which=reversal)
    3236 [k] drive from registerBefore alive
    3236 [k] arm which=reversal steps=3 loop_on=true
    3237 [k] service: running (pending=2 loop_which=reversal)
    3237 [k] service_body: entered
    3237 [k] drive from registerBefore alive
    3238 [k] service: running (pending=2 loop_which=reversal)
    3238 [k] service_body: entered
    3238 [k] drive from registerBefore alive
    3239 [k] service: running (pending=2 loop_which=reversal)
    3239 [k] service_body: entered
    3239 [k] drive from registerBefore alive
    3240 [k] service: running (pending=2 loop_which=reversal)
    3240 [k] service_body: entered
    3240 [k] drive from registerBefore alive
    3241 [k] service: running (pending=2 loop_which=reversal)
    3241 [k] service_body: entered
    3241 [k] drive from registerBefore alive
    3242 [k] service: running (pending=2 loop_which=reversal)
    3242 [k] service_body: entered
    3242 [k] drive from registerBefore alive
    3243 [k] service: running (pending=2 loop_which=reversal)
    3243 [k] service_body: entered
    3243 [k] waiting: counting ticks (step timing=nil auto=false wait=8) pending=2
    3243 [k] drive from registerBefore alive
    3244 [k] service: running (pending=2 loop_which=reversal)
    3244 [k] service_body: entered
    3244 [k] drive from registerBefore alive
    3245 [k] service: running (pending=2 loop_which=reversal)
    3245 [k] service_body: entered
    3245 [k] drive from registerBefore alive
    3246 [k] service: running (pending=2 loop_which=reversal)
    3246 [k] service_body: entered
    3246 [k] drive from registerBefore alive
    3247 [k] service: running (pending=2 loop_which=reversal)
    3247 [k] service_body: entered
    3247 [k] drive from registerBefore alive
    3248 [k] service: running (pending=1 loop_which=reversal)
    3248 [k] service_body: entered
    3248 [k] drive from registerBefore alive
    3249 [k] service: running (pending=1 loop_which=reversal)
    3249 [k] service_body: entered
    3249 [k] drive from registerBefore alive
    3250 [k] service: running (pending=1 loop_which=reversal)
    3250 [k] service_body: entered
    3250 [k] drive from registerBefore alive
    3251 [k] service: running (pending=1 loop_which=reversal)
    3251 [k] service_body: entered
    3251 [k] drive from registerBefore alive
    3252 [k] service: running (pending=1 loop_which=reversal)
    3252 [k] service_body: entered
    3252 [k] drive from registerBefore alive
    3253 [k] service: running (pending=1 loop_which=reversal)
    3253 [k] service_body: entered
    3253 [k] drive from registerBefore alive
    3254 [k] service: running (pending=1 loop_which=reversal)
    3254 [k] service_body: entered
    3254 [k] drive from registerBefore alive
    3255 [k] service: running (pending=1 loop_which=reversal)
    3255 [k] service_body: entered
    3255 [k] drive from registerBefore alive
    3256 [k] service: running (pending=1 loop_which=reversal)
    3256 [k] service_body: entered
    3256 [k] drive from registerBefore alive
    3257 [k] service: running (pending=1 loop_which=reversal)
    3257 [k] service_body: entered
    3257 [k] drive from registerBefore alive
    3258 [k] service: running (pending=1 loop_which=reversal)
    3258 [k] service_body: entered
    3258 [k] drive from registerBefore alive
    3259 [k] service: running (pending=1 loop_which=reversal)
    3259 [k] service_body: entered
    3259 [k] drive from registerBefore alive
    3260 [k] service: running (pending=1 loop_which=reversal)
    3260 [k] service_body: entered
    3260 [k] drive from registerBefore alive
    3261 [k] service: running (pending=1 loop_which=reversal)
    3261 [k] service_body: entered
    3261 [k] drive from registerBefore alive
    3262 [k] service: running (pending=1 loop_which=reversal)
    3262 [k] service_body: entered
    3262 [k] drive from registerBefore alive
    3263 [k] service: running (pending=1 loop_which=reversal)
    3263 [k] service_body: entered
    3263 [k] drive from registerBefore alive
    3264 [k] service: running (pending=1 loop_which=reversal)
    3264 [k] service_body: entered
    3264 [k] drive from registerBefore alive
    3265 [k] service: running (pending=1 loop_which=reversal)
    3265 [k] service_body: entered
    3265 [k] drive from registerBefore alive
    3266 [k] service: running (pending=1 loop_which=reversal)
    3266 [k] service_body: entered
    3266 [k] drive from registerBefore alive
    3267 [k] service: running (pending=1 loop_which=reversal)
    3267 [k] service_body: entered
    3267 [k] drive from registerBefore alive
    3268 [k] service: running (pending=1 loop_which=reversal)
    3268 [k] service_body: entered
    3268 [k] drive from registerBefore alive
    3269 [k] service: running (pending=1 loop_which=reversal)
    3269 [k] service_body: entered
    3269 [k] drive from registerBefore alive
    3270 [k] service: running (pending=3 loop_which=reversal)
    3270 [k] service_body: entered
    3270 [k] drive from registerBefore alive
    3271 [k] service: running (pending=3 loop_which=reversal)
    3271 [k] service_body: entered
    3271 [k] drive from registerBefore alive
    3272 [k] service: running (pending=3 loop_which=reversal)
    3272 [k] service_body: entered
    3272 [k] drive from registerBefore alive
    3273 [k] service: running (pending=3 loop_which=reversal)
    3273 [k] service_body: entered
    3273 [k] drive from registerBefore alive
    3274 [k] service: running (pending=3 loop_which=reversal)
    3274 [k] service_body: entered
    3274 [k] drive from registerBefore alive
    3275 [k] service: running (pending=2 loop_which=reversal)
    3275 [k] service_body: entered
    3275 [k] drive from registerBefore alive
    3276 [k] service: running (pending=2 loop_which=reversal)
    3276 [k] service_body: entered
    3276 [k] service: running (pending=2 loop_which=reversal)
    3276 [k] service_body: entered
    3276 [k] waiting: counting ticks (step timing=nil auto=false wait=8) pending=2
    3276 [k] drive from registerBefore alive
    3277 [k] service: running (pending=2 loop_which=reversal)
    3277 [k] service_body: entered
    3277 [k] drive from registerBefore alive
    3278 [k] service: running (pending=2 loop_which=reversal)
    3278 [k] service_body: entered
    3278 [k] drive from registerBefore alive
    3279 [k] service: running (pending=2 loop_which=reversal)
    3279 [k] service_body: entered
    3279 [k] drive from registerBefore alive
    3280 [k] service: running (pending=2 loop_which=reversal)
    3280 [k] service_body: entered
    3280 [k] drive from registerBefore alive
    3281 [k] service: running (pending=1 loop_which=reversal)
    3281 [k] service_body: entered
    3281 [k] waiting: delivering previous input (step timing=landing auto=false wait=0) pending=1
    3281 [k] service: running (pending=1 loop_which=reversal)
    3281 [k] service_body: entered
    3281 [k] waiting: landing (step timing=landing auto=false wait=0) pending=1
    3281 [k] drive from registerBefore alive
    3282 [k] service: running (pending=1 loop_which=reversal)
    3282 [k] service_body: entered
    3282 [k] drive from registerBefore alive
    3283 [k] service: running (pending=1 loop_which=reversal)
    3283 [k] service_body: entered
    3283 [k] drive from registerBefore alive
    3284 [k] service: running (pending=1 loop_which=reversal)
    3284 [k] service_body: entered
    3284 [k] drive from registerBefore alive
    3285 [k] service: running (pending=1 loop_which=reversal)
    3285 [k] service_body: entered
    3285 [k] drive from registerBefore alive
    3286 [k] service: running (pending=1 loop_which=reversal)
    3286 [k] service_body: entered
    3286 [k] drive from registerBefore alive
    3287 [k] service: running (pending=1 loop_which=reversal)
    3287 [k] service_body: entered
    3287 [k] drive from registerBefore alive
    3288 [k] service: running (pending=1 loop_which=reversal)
    3288 [k] service_body: entered
    3288 [k] drive from registerBefore alive
    3289 [k] service: running (pending=1 loop_which=reversal)
    3289 [k] service_body: entered
    3289 [k] drive from registerBefore alive
    3290 [k] service: running (pending=1 loop_which=reversal)
    3290 [k] service_body: entered
    3290 [k] drive from registerBefore alive
    3291 [k] service: running (pending=1 loop_which=reversal)
    3291 [k] service_body: entered
    3291 [k] drive from registerBefore alive
    3292 [k] service: running (pending=1 loop_which=reversal)
    3292 [k] service_body: entered
    3292 [k] drive from registerBefore alive
    3293 [k] service: running (pending=1 loop_which=reversal)
    3293 [k] service_body: entered
    3293 [k] drive from registerBefore alive
    3294 [k] service: running (pending=1 loop_which=reversal)
    3294 [k] service_body: entered
    3294 [k] drive from registerBefore alive
    3295 [k] service: running (pending=1 loop_which=reversal)
    3295 [k] service_body: entered
    3295 [k] drive from registerBefore alive
    3296 [k] service: running (pending=1 loop_which=reversal)
    3296 [k] service_body: entered
    3296 [k] drive from registerBefore alive
    3297 [k] service: running (pending=1 loop_which=reversal)
    3297 [k] service_body: entered
    3297 [k] drive from registerBefore alive
    3298 [k] service: running (pending=1 loop_which=reversal)
    3298 [k] service_body: entered
    3298 [k] drive from registerBefore alive
    3299 [k] service: running (pending=1 loop_which=reversal)
    3299 [k] service_body: entered
    3299 [k] drive from registerBefore alive
    3300 [k] service: running (pending=1 loop_which=reversal)
    3300 [k] service_body: entered
    3300 [k] drive from registerBefore alive
    3301 [k] service: running (pending=1 loop_which=reversal)
    3301 [k] service_body: entered
    3301 [k] drive from registerBefore alive
    3302 [k] service: running (pending=1 loop_which=reversal)
    3302 [k] service_body: entered
    3302 [k] drive from registerBefore alive
    3303 [k] service: running (pending=1 loop_which=reversal)
    3303 [k] service_body: entered
    3303 [k] drive from registerBefore alive
    3304 [k] service: running (pending=1 loop_which=reversal)
    3304 [k] service_body: entered
    3304 [k] drive from registerBefore alive
    3305 [k] service: running (pending=1 loop_which=reversal)
    3305 [k] service_body: entered
    3305 [k] drive from registerBefore alive
    3306 [k] service: running (pending=1 loop_which=reversal)
    3306 [k] service_body: entered
    3306 [k] drive from registerBefore alive
    3307 [k] service: running (pending=1 loop_which=reversal)
    3307 [k] service_body: entered
    3307 [k] drive from registerBefore alive
    3308 [k] service: running (pending=1 loop_which=reversal)
    3308 [k] service_body: entered
    3308 [k] drive from registerBefore alive
    3309 [k] service: running (pending=1 loop_which=reversal)
    3309 [k] service_body: entered
    3309 [k] drive from registerBefore alive
    3310 [k] service: running (pending=1 loop_which=reversal)
    3310 [k] service_body: entered
    3310 [k] drive from registerBefore alive
    3311 [k] service: running (pending=1 loop_which=reversal)
    3311 [k] service_body: entered
    3311 [k] drive from registerBefore alive
    3312 [k] service: running (pending=1 loop_which=reversal)
    3312 [k] service_body: entered
    3312 [k] drive from registerBefore alive
    3313 [k] service: running (pending=1 loop_which=reversal)
    3313 [k] service_body: entered
    3313 [k] drive from registerBefore alive
    3314 [k] service: running (pending=1 loop_which=reversal)
    3314 [k] service_body: entered
    3314 [k] drive from registerBefore alive
    3315 [k] service: running (pending=1 loop_which=reversal)
    3315 [k] service_body: entered
    3315 [k] drive from registerBefore alive
    3316 [k] service: running (pending=1 loop_which=reversal)
    3316 [k] service_body: entered
    3316 [k] drive from registerBefore alive
    3317 [k] service: running (pending=1 loop_which=reversal)
    3317 [k] service_body: entered
    3317 [k] drive from registerBefore alive
    3318 [k] service: running (pending=1 loop_which=reversal)
    3318 [k] service_body: entered
    3318 [k] drive from registerBefore alive
    3319 [k] service: running (pending=1 loop_which=reversal)
    3319 [k] service_body: entered
    3319 [k] drive from registerBefore alive
    3320 [k] service: running (pending=1 loop_which=reversal)
    3320 [k] service_body: entered
    3320 [k] drive from registerBefore alive
    3321 [k] service: running (pending=1 loop_which=reversal)
    3321 [k] service_body: entered
    3321 [k] drive from registerBefore alive
    3322 [k] service: running (pending=1 loop_which=reversal)
    3322 [k] service_body: entered
    3322 [k] drive from registerBefore alive
    3323 [k] service: running (pending=1 loop_which=reversal)
    3323 [k] service_body: entered
    3323 [k] drive from registerBefore alive
    3324 [k] service: running (pending=1 loop_which=reversal)
    3324 [k] service_body: entered
    3324 [k] drive from registerBefore alive
    3325 [k] service: running (pending=1 loop_which=reversal)
    3325 [k] service_body: entered
    3325 [k] drive from registerBefore alive
    3326 [k] service: running (pending=1 loop_which=reversal)
    3326 [k] service_body: entered
    3326 [k] drive from registerBefore alive
    3327 [k] service: running (pending=1 loop_which=reversal)
    3327 [k] service_body: entered
    3327 [k] drive from registerBefore alive
    3328 [k] service: running (pending=1 loop_which=reversal)
    3328 [k] service_body: entered
    3328 [k] drive from registerBefore alive
    3329 [k] service: running (pending=1 loop_which=reversal)
    3329 [k] service_body: entered
    3329 [k] drive from registerBefore alive
    3330 [k] service: running (pending=1 loop_which=reversal)
    3330 [k] service_body: entered
    3330 [k] drive from registerBefore alive
    3331 [k] service: running (pending=1 loop_which=reversal)
    3331 [k] service_body: entered
    3331 [k] drive from registerBefore alive
    3332 [k] service: running (pending=1 loop_which=reversal)
    3332 [k] service_body: entered
    3332 [k] drive from registerBefore alive
    3333 [k] service: running (pending=1 loop_which=reversal)
    3333 [k] service_body: entered
    3333 [k] drive from registerBefore alive
    3334 [k] service: running (pending=1 loop_which=reversal)
    3334 [k] service_body: entered
    3334 [k] drive from registerBefore alive
    3335 [k] service: running (pending=1 loop_which=reversal)
    3335 [k] service_body: entered
    3335 [k] drive from registerBefore alive
    3336 [k] service: running (pending=1 loop_which=reversal)
    3336 [k] service_body: entered
    3336 [k] drive from registerBefore alive
    3337 [k] service: running (pending=1 loop_which=reversal)
    3337 [k] service_body: entered
    3337 [k] drive from registerBefore alive
    3338 [k] service: running (pending=1 loop_which=reversal)
    3338 [k] service_body: entered
    3338 [k] drive from registerBefore alive
    3339 [k] service: running (pending=1 loop_which=reversal)
    3339 [k] service_body: entered
    3339 [k] drive from registerBefore alive
    3340 [k] service: running (pending=1 loop_which=reversal)
    3340 [k] service_body: entered
    3340 [k] drive from registerBefore alive
    3341 [k] service: running (pending=1 loop_which=reversal)
    3341 [k] service_body: entered
    3341 [k] drive from registerBefore alive
    3342 [k] service: running (pending=1 loop_which=reversal)
    3342 [k] service_body: entered
    3342 [k] drive from registerBefore alive
    3343 [k] service: running (pending=1 loop_which=reversal)
    3343 [k] service_body: entered
    3343 [k] drive from registerBefore alive
    3344 [k] service: running (pending=1 loop_which=reversal)
    3344 [k] service_body: entered
    3344 [k] drive from registerBefore alive
    3345 [k] service: running (pending=1 loop_which=reversal)
    3345 [k] service_body: entered
    3345 [k] drive from registerBefore alive
    3346 [k] service: running (pending=1 loop_which=reversal)
    3346 [k] service_body: entered
    3346 [k] drive from registerBefore alive
    3347 [k] service: running (pending=1 loop_which=reversal)
    3347 [k] service_body: entered
    3347 [k] drive from registerBefore alive
    3348 [k] service: running (pending=1 loop_which=reversal)
    3348 [k] service_body: entered
    3348 [k] drive from registerBefore alive
    3349 [k] service: running (pending=1 loop_which=reversal)
    3349 [k] service_body: entered
    3349 [k] drive from registerBefore alive
    3350 [k] service: running (pending=1 loop_which=reversal)
    3350 [k] service_body: entered
    3350 [k] drive from registerBefore alive
    3351 [k] service: running (pending=1 loop_which=reversal)
    3351 [k] service_body: entered
    3351 [k] drive from registerBefore alive
    3352 [k] service: running (pending=1 loop_which=reversal)
    3352 [k] service_body: entered
    3352 [k] drive from registerBefore alive
    3353 [k] service: running (pending=1 loop_which=reversal)
    3353 [k] service_body: entered
    3353 [k] drive from registerBefore alive
    3354 [k] service: running (pending=1 loop_which=reversal)
    3354 [k] service_body: entered
    3354 [k] drive from registerBefore alive
    3355 [k] service: running (pending=1 loop_which=reversal)
    3355 [k] service_body: entered
    3355 [k] drive from registerBefore alive
    3356 [k] service: running (pending=1 loop_which=reversal)
    3356 [k] service_body: entered
    3356 [k] drive from registerBefore alive
    3357 [k] service: running (pending=1 loop_which=reversal)
    3357 [k] service_body: entered
    3357 [k] drive from registerBefore alive
    3358 [k] service: running (pending=1 loop_which=reversal)
    3358 [k] service_body: entered
    3358 [k] drive from registerBefore alive
    3359 [k] service: running (pending=1 loop_which=reversal)
    3359 [k] service_body: entered
    3359 [k] drive from registerBefore alive
    3360 [k] service: running (pending=1 loop_which=reversal)
    3360 [k] service_body: entered
    3360 [k] drive from registerBefore alive
    3361 [k] service: running (pending=1 loop_which=reversal)
    3361 [k] service_body: entered
    3361 [k] drive from registerBefore alive
    3362 [k] service: running (pending=1 loop_which=reversal)
    3362 [k] service_body: entered
    3362 [k] drive from registerBefore alive
    3363 [k] service: running (pending=1 loop_which=reversal)
    3363 [k] service_body: entered
    3363 [k] drive from registerBefore alive
    3364 [k] service: running (pending=1 loop_which=reversal)
    3364 [k] service_body: entered
    3364 [k] drive from registerBefore alive
    3365 [k] service: running (pending=1 loop_which=reversal)
    3365 [k] service_body: entered
    3365 [k] drive from registerBefore alive
    3366 [k] service: running (pending=1 loop_which=reversal)
    3366 [k] service_body: entered
    3366 [k] drive from registerBefore alive
    3367 [k] service: running (pending=1 loop_which=reversal)
    3367 [k] service_body: entered
    3367 [k] drive from registerBefore alive
    3368 [k] service: running (pending=1 loop_which=reversal)
    3368 [k] service_body: entered
    3368 [k] drive from registerBefore alive
    3369 [k] service: running (pending=1 loop_which=reversal)
    3369 [k] service_body: entered
    3369 [k] drive from registerBefore alive
    3370 [k] service: running (pending=1 loop_which=reversal)
    3370 [k] service_body: entered
    3370 [k] drive from registerBefore alive
    3371 [k] service: running (pending=1 loop_which=reversal)
    3371 [k] service_body: entered
    3371 [k] drive from registerBefore alive
    3372 [k] service: running (pending=1 loop_which=reversal)
    3372 [k] service: dropped, menu is open
    3372 [k] drive from registerBefore alive
    3373 [k] service: running (pending=nil loop_which=nil)
    3373 [k] service: dropped, menu is open
    3373 [k] drive from registerBefore alive
    3374 [k] service: running (pending=nil loop_which=nil)
    3374 [k] service: dropped, menu is open
    3374 [k] drive from registerBefore alive
    3375 [k] service: running (pending=nil loop_which=nil)
    3375 [k] service: dropped, menu is open
    3375 [k] drive from registerBefore alive
    3376 [k] service: running (pending=nil loop_which=nil)
    3376 [k] service: dropped, menu is open
    3376 [k] drive from registerBefore alive
    3377 [k] service: running (pending=nil loop_which=nil)
    3377 [k] service: dropped, menu is open
    3377 [k] drive from registerBefore alive
    3378 [k] service: running (pending=nil loop_which=nil)
    3378 [k] service: dropped, menu is open
    3378 [k] drive from registerBefore alive
    3379 [k] service: running (pending=nil loop_which=nil)
    3379 [k] service: dropped, menu is open
    3379 [k] drive from registerBefore alive
    3380 [k] service: running (pending=nil loop_which=nil)
    3380 [k] service: dropped, menu is open
    3380 [k] drive from registerBefore alive
    3381 [k] service: running (pending=nil loop_which=nil)
    3381 [k] service: dropped, menu is open
    3381 [k] drive from registerBefore alive
    3382 [k] service: running (pending=nil loop_which=nil)
    3382 [k] service: dropped, menu is open
    3382 [k] drive from registerBefore alive
    3383 [k] service: running (pending=nil loop_which=nil)
    3383 [k] service: dropped, menu is open
    3383 [k] drive from registerBefore alive
    3384 [k] service: running (pending=nil loop_which=nil)
    3384 [k] service: dropped, menu is open
    3384 [k] drive from registerBefore alive
    3385 [k] service: running (pending=nil loop_which=nil)
    3385 [k] service: dropped, menu is open
    3385 [k] drive from registerBefore alive
    3386 [k] service: running (pending=nil loop_which=nil)
    3386 [k] service: dropped, menu is open
    3386 [k] drive from registerBefore alive
    3387 [k] service: running (pending=nil loop_which=nil)
    3387 [k] service: dropped, menu is open
    3387 [k] drive from registerBefore alive
    3388 [k] service: running (pending=nil loop_which=nil)
    3388 [k] service: dropped, menu is open
    3388 [k] drive from registerBefore alive
    3389 [k] service: running (pending=nil loop_which=nil)
    3389 [k] service: dropped, menu is open
    3389 [k] drive from registerBefore alive
    3390 [k] service: running (pending=nil loop_which=nil)
    3390 [k] service: dropped, menu is open
    3390 [k] drive from registerBefore alive
    3391 [k] service: running (pending=nil loop_which=nil)
    3391 [k] service: dropped, menu is open
    3391 [k] drive from registerBefore alive
    3392 [k] service: running (pending=nil loop_which=nil)
    3392 [k] service: dropped, menu is open
    3392 [k] drive from registerBefore alive
    3393 [k] service: running (pending=nil loop_which=nil)
    3393 [k] service: dropped, menu is open
    3393 [k] drive from registerBefore alive
    3394 [k] service: running (pending=nil loop_which=nil)
    3394 [k] service: dropped, menu is open
    3394 [k] drive from registerBefore alive
    3395 [k] service: running (pending=nil loop_which=nil)
    3395 [k] service: dropped, menu is open
    3395 [k] drive from registerBefore alive
    3396 [k] service: running (pending=nil loop_which=nil)
    3396 [k] service: dropped, menu is open
    3396 [k] drive from registerBefore alive
    3397 [k] service: running (pending=nil loop_which=nil)
    3397 [k] service: dropped, menu is open
    3397 [k] drive from registerBefore alive
    3398 [k] service: running (pending=nil loop_which=nil)
    3398 [k] service: dropped, menu is open
    3398 [k] drive from registerBefore alive
    3399 [k] service: running (pending=nil loop_which=nil)
    3399 [k] service: dropped, menu is open
    3399 [k] drive from registerBefore alive
    3400 [k] service: running (pending=nil loop_which=nil)
    3400 [k] service: dropped, menu is open
    3400 [k] drive from registerBefore alive
    3401 [k] service: running (pending=nil loop_which=nil)
    3401 [k] service: dropped, menu is open
    3401 [k] drive from registerBefore alive
    3402 [k] service: running (pending=nil loop_which=nil)
    3402 [k] service: dropped, menu is open
    3402 [k] drive from registerBefore alive
    3403 [k] service: running (pending=nil loop_which=nil)
    3403 [k] service: dropped, menu is open
    3403 [k] drive from registerBefore alive
    3404 [k] service: running (pending=nil loop_which=nil)
    3404 [k] service: dropped, menu is open
    3404 [k] drive from registerBefore alive
    3405 [k] service: running (pending=nil loop_which=nil)
    3405 [k] service: dropped, menu is open
    3405 [k] drive from registerBefore alive
    3406 [k] service: running (pending=nil loop_which=nil)
    3406 [k] service: dropped, menu is open
    3406 [k] drive from registerBefore alive
    3407 [k] service: running (pending=nil loop_which=nil)
    3407 [k] service: dropped, menu is open
    3407 [k] drive from registerBefore alive
    3408 [k] service: running (pending=nil loop_which=nil)
    3408 [k] service: dropped, menu is open
    3408 [k] drive from registerBefore alive
    3409 [k] service: running (pending=nil loop_which=nil)
    3409 [k] service: dropped, menu is open
    3409 [k] drive from registerBefore alive
    3410 [k] service: running (pending=nil loop_which=nil)
    3410 [k] service: dropped, menu is open
    3410 [k] drive from registerBefore alive
    3411 [k] service: running (pending=nil loop_which=nil)
    3411 [k] service: dropped, menu is open
    3411 [k] drive from registerBefore alive
    3412 [k] service: running (pending=nil loop_which=nil)
    3412 [k] service: dropped, menu is open
    3412 [k] drive from registerBefore alive
    3413 [k] service: running (pending=nil loop_which=nil)
    3413 [k] service: dropped, menu is open
    3413 [k] drive from registerBefore alive
    3414 [k] service: running (pending=nil loop_which=nil)
    3414 [k] service: dropped, menu is open
    3414 [k] drive from registerBefore alive
    3415 [k] service: running (pending=nil loop_which=nil)
    3415 [k] service: dropped, menu is open
    3415 [k] drive from registerBefore alive
    3416 [k] service: running (pending=nil loop_which=nil)
    3416 [k] service: dropped, menu is open
    3416 [k] drive from registerBefore alive
    3417 [k] service: running (pending=nil loop_which=nil)
    3417 [k] service: dropped, menu is open
    3417 [k] drive from registerBefore alive
    3418 [k] service: running (pending=nil loop_which=nil)
    3418 [k] service: dropped, menu is open
    3418 [k] drive from registerBefore alive
    3419 [k] service: running (pending=nil loop_which=nil)
    3419 [k] service: dropped, menu is open
    3419 [k] drive from registerBefore alive
    3420 [k] service: running (pending=nil loop_which=nil)
    3420 [k] service: dropped, menu is open
    3420 [k] drive from registerBefore alive
    3421 [k] service: running (pending=nil loop_which=nil)
    3421 [k] service: dropped, menu is open
    3421 [k] drive from registerBefore alive
    3422 [k] service: running (pending=nil loop_which=nil)
    3422 [k] service: dropped, menu is open
    3422 [k] drive from registerBefore alive
    3423 [k] service: running (pending=nil loop_which=nil)
    3423 [k] service: dropped, menu is open
    3423 [k] drive from registerBefore alive
    3424 [k] service: running (pending=nil loop_which=nil)
    3424 [k] service: dropped, menu is open
    3424 [k] drive from registerBefore alive
    3425 [k] service: running (pending=nil loop_which=nil)
    3425 [k] service: dropped, menu is open
    3425 [k] drive from registerBefore alive
    3426 [k] service: running (pending=nil loop_which=nil)
    3426 [k] service: dropped, menu is open
    3426 [k] drive from registerBefore alive
    3427 [k] service: running (pending=nil loop_which=nil)
    3427 [k] service: dropped, menu is open
    3427 [k] drive from registerBefore alive
    3428 [k] service: running (pending=nil loop_which=nil)
    3428 [k] service: dropped, menu is open
    3428 [k] drive from registerBefore alive
    3429 [k] service: running (pending=nil loop_which=nil)
    3429 [k] service: dropped, menu is open
    3429 [k] drive from registerBefore alive
    3430 [k] service: running (pending=nil loop_which=nil)
    3430 [k] service: dropped, menu is open
    3430 [k] drive from registerBefore alive
    3431 [k] service: running (pending=nil loop_which=nil)
    3431 [k] service: dropped, menu is open
    3431 [k] drive from registerBefore alive
    3432 [k] service: running (pending=nil loop_which=nil)
    3432 [k] service: dropped, menu is open
    3432 [k] drive from registerBefore alive
    3433 [k] service: running (pending=nil loop_which=nil)
    3433 [k] service: dropped, menu is open
    3433 [k] drive from registerBefore alive
    3434 [k] service: running (pending=nil loop_which=nil)
    3434 [k] service: dropped, menu is open
    3434 [k] drive from registerBefore alive
    3435 [k] service: running (pending=nil loop_which=nil)
    3435 [k] service: dropped, menu is open
    3435 [k] drive from registerBefore alive
    3436 [k] service: running (pending=nil loop_which=nil)
    3436 [k] service: dropped, menu is open
    3436 [k] drive from registerBefore alive
    3437 [k] service: running (pending=nil loop_which=nil)
    3437 [k] service: dropped, menu is open
    3437 [k] drive from registerBefore alive
    3438 [k] service: running (pending=nil loop_which=nil)
    3438 [k] service: dropped, menu is open
    3438 [k] drive from registerBefore alive
    3439 [k] service: running (pending=nil loop_which=nil)
    3439 [k] service: dropped, menu is open
    3439 [k] drive from registerBefore alive
    3440 [k] service: running (pending=nil loop_which=nil)
    3440 [k] service: dropped, menu is open
    3440 [k] drive from registerBefore alive
    3441 [k] service: running (pending=nil loop_which=nil)
    3441 [k] service: dropped, menu is open
    3441 [k] drive from registerBefore alive
    3442 [k] service: running (pending=nil loop_which=nil)
    3442 [k] service: dropped, menu is open
    3442 [k] drive from registerBefore alive
    3443 [k] service: running (pending=nil loop_which=nil)
    3443 [k] service: dropped, menu is open
    3443 [k] drive from registerBefore alive
    3444 [k] service: running (pending=nil loop_which=nil)
    3444 [k] service: dropped, menu is open
    3444 [k] drive from registerBefore alive
    3445 [k] service: running (pending=nil loop_which=nil)
    3445 [k] service: dropped, menu is open
    3445 [k] drive from registerBefore alive
    3446 [k] service: running (pending=nil loop_which=nil)
    3446 [k] service: dropped, menu is open
    3446 [k] drive from registerBefore alive
    3447 [k] service: running (pending=nil loop_which=nil)
    3447 [k] service: dropped, menu is open
    3447 [k] drive from registerBefore alive
    3448 [k] service: running (pending=nil loop_which=nil)
    3448 [k] service: dropped, menu is open
    3448 [k] drive from registerBefore alive
    3449 [k] service: running (pending=nil loop_which=nil)
    3449 [k] service: dropped, menu is open
    3449 [k] drive from registerBefore alive
    3450 [k] service: running (pending=nil loop_which=nil)
    3450 [k] service: dropped, menu is open
    3450 [k] drive from registerBefore alive
    3451 [k] service: running (pending=nil loop_which=nil)
    3451 [k] service: dropped, menu is open
    3451 [k] drive from registerBefore alive
    3452 [k] service: running (pending=nil loop_which=nil)
    3452 [k] service: dropped, menu is open
    3452 [k] drive from registerBefore alive
    3453 [k] service: running (pending=nil loop_which=nil)
    3453 [k] service: dropped, menu is open
    3453 [k] drive from registerBefore alive
    3454 [k] service: running (pending=nil loop_which=nil)
    3454 [k] service: dropped, menu is open
    3454 [k] drive from registerBefore alive
    3455 [k] service: running (pending=nil loop_which=nil)
    3455 [k] service: dropped, menu is open
    3455 [k] drive from registerBefore alive
    3456 [k] service: running (pending=nil loop_which=nil)
    3456 [k] service: dropped, menu is open
    3456 [k] drive from registerBefore alive
    3457 [k] service: running (pending=nil loop_which=nil)
    3457 [k] service: dropped, menu is open
    3457 [k] drive from registerBefore alive
    3458 [k] service: running (pending=nil loop_which=nil)
    3458 [k] service: dropped, menu is open
    3458 [k] drive from registerBefore alive
    3459 [k] service: running (pending=nil loop_which=nil)
    3459 [k] service: dropped, menu is open
    3459 [k] drive from registerBefore alive
    3460 [k] service: running (pending=nil loop_which=nil)
    3460 [k] service: dropped, menu is open
    3460 [k] drive from registerBefore alive
    3461 [k] service: running (pending=nil loop_which=nil)
    3461 [k] service: dropped, menu is open
    3461 [k] drive from registerBefore alive
    3462 [k] service: running (pending=nil loop_which=nil)
    3462 [k] service: dropped, menu is open
    3462 [k] drive from registerBefore alive
    3463 [k] service: running (pending=nil loop_which=nil)
    3463 [k] service: dropped, menu is open
    3463 [k] drive from registerBefore alive
    3464 [k] service: running (pending=nil loop_which=nil)
    3464 [k] service: dropped, menu is open
    3464 [k] drive from registerBefore alive
    3465 [k] service: running (pending=nil loop_which=nil)
    3465 [k] service: dropped, menu is open
    3465 [k] drive from registerBefore alive
    3466 [k] service: running (pending=nil loop_which=nil)
    3466 [k] service: dropped, menu is open
    3466 [k] drive from registerBefore alive
    3467 [k] service: running (pending=nil loop_which=nil)
    3467 [k] service: dropped, menu is open
    3467 [k] drive from registerBefore alive
    3468 [k] service: running (pending=nil loop_which=nil)
    3468 [k] service: dropped, menu is open
    3468 [k] drive from registerBefore alive
    3469 [k] service: running (pending=nil loop_which=nil)
    3469 [k] service: dropped, menu is open
    3469 [k] drive from registerBefore alive
    3470 [k] service: running (pending=nil loop_which=nil)
    3470 [k] service: dropped, menu is open
    3470 [k] drive from registerBefore alive
    3471 [k] service: running (pending=nil loop_which=nil)
    3471 [k] service: dropped, menu is open
    3471 [k] drive from registerBefore alive
    3472 [k] service: running (pending=nil loop_which=nil)
    3472 [k] service: dropped, menu is open
    3472 [k] drive from registerBefore alive
    3473 [k] service: running (pending=nil loop_which=nil)
    3473 [k] service: dropped, menu is open
    3473 [k] drive from registerBefore alive
    3474 [k] service: running (pending=nil loop_which=nil)
    3474 [k] service: dropped, menu is open
    3474 [k] drive from registerBefore alive
    3475 [k] service: running (pending=nil loop_which=nil)
    3475 [k] service: dropped, menu is open
    3475 [k] drive from registerBefore alive
    3476 [k] service: running (pending=nil loop_which=nil)
    3476 [k] service: dropped, menu is open
    3476 [k] drive from registerBefore alive
    3477 [k] service: running (pending=nil loop_which=nil)
    3477 [k] service: dropped, menu is open
    3477 [k] drive from registerBefore alive
    3478 [k] service: running (pending=nil loop_which=nil)
    3478 [k] service: dropped, menu is open
    3478 [k] drive from registerBefore alive
    3479 [k] service: running (pending=nil loop_which=nil)
    3479 [k] service: dropped, menu is open
    3479 [k] drive from registerBefore alive
    3480 [k] service: running (pending=nil loop_which=nil)
    3480 [k] service: dropped, menu is open
    3480 [k] drive from registerBefore alive
    3481 [k] service: running (pending=nil loop_which=nil)
    3481 [k] service: dropped, menu is open
    3481 [k] drive from registerBefore alive
    3482 [k] service: running (pending=nil loop_which=nil)
    3482 [k] service: dropped, menu is open
    3482 [k] drive from registerBefore alive
    3483 [k] service: running (pending=nil loop_which=nil)
    3483 [k] service: dropped, menu is open
    3483 [k] drive from registerBefore alive
    3484 [k] service: running (pending=nil loop_which=nil)
    3484 [k] service: dropped, menu is open
    3484 [k] drive from registerBefore alive
    3485 [k] service: running (pending=nil loop_which=nil)
    3485 [k] service: dropped, menu is open
    3485 [k] drive from registerBefore alive
    3486 [k] service: running (pending=nil loop_which=nil)
    3486 [k] service: dropped, menu is open
    3486 [k] drive from registerBefore alive
    3487 [k] service: running (pending=nil loop_which=nil)
    3487 [k] service: dropped, menu is open
    3487 [k] drive from registerBefore alive
    3488 [k] service: running (pending=nil loop_which=nil)
    3488 [k] service: dropped, menu is open
    3488 [k] drive from registerBefore alive
    3489 [k] service: running (pending=nil loop_which=nil)
    3489 [k] service: dropped, menu is open
    3489 [k] drive from registerBefore alive
    3490 [k] service: running (pending=nil loop_which=nil)
    3490 [k] service: dropped, menu is open
    3490 [k] drive from registerBefore alive
    3491 [k] service: running (pending=nil loop_which=nil)
    3491 [k] service: dropped, menu is open
    3491 [k] drive from registerBefore alive
    3492 [k] service: running (pending=nil loop_which=nil)
    3492 [k] service: dropped, menu is open
    3492 [k] drive from registerBefore alive
    3493 [k] service: running (pending=nil loop_which=nil)
    3493 [k] service: dropped, menu is open
    3493 [k] drive from registerBefore alive
    3494 [k] service: running (pending=nil loop_which=nil)
    3494 [k] service: dropped, menu is open
    3494 [k] drive from registerBefore alive
    3495 [k] service: running (pending=nil loop_which=nil)
    3495 [k] service: dropped, menu is open
    3495 [k] drive from registerBefore alive
    3496 [k] service: running (pending=nil loop_which=nil)
    3496 [k] service: dropped, menu is open
    3496 [k] drive from registerBefore alive
    3497 [k] service: running (pending=nil loop_which=nil)
    3497 [k] service: dropped, menu is open
    3497 [k] drive from registerBefore alive
    3498 [k] service: running (pending=nil loop_which=nil)
    3498 [k] service: dropped, menu is open
    3498 [k] drive from registerBefore alive
    3499 [k] service: running (pending=nil loop_which=nil)
    3499 [k] service: dropped, menu is open
    3499 [k] drive from registerBefore alive
    3500 [k] service: running (pending=nil loop_which=nil)
    3500 [k] service: dropped, menu is open
    3500 [k] drive from registerBefore alive
    3501 [k] service: running (pending=nil loop_which=nil)
    3501 [k] service: dropped, menu is open
    3501 [k] drive from registerBefore alive
    3502 [k] service: running (pending=nil loop_which=nil)
    3502 [k] service: dropped, menu is open
    3502 [k] drive from registerBefore alive
    3503 [k] service: running (pending=nil loop_which=nil)
    3503 [k] service: dropped, menu is open
    3503 [k] drive from registerBefore alive
    3504 [k] service: running (pending=nil loop_which=nil)
    3504 [k] service: dropped, menu is open
    3504 [k] drive from registerBefore alive
    3505 [k] service: running (pending=nil loop_which=nil)
    3505 [k] service: dropped, menu is open
    3505 [k] drive from registerBefore alive
    3506 [k] service: running (pending=nil loop_which=nil)
    3506 [k] service: dropped, menu is open
    3506 [k] drive from registerBefore alive
    3507 [k] service: running (pending=nil loop_which=nil)
    3507 [k] service: dropped, menu is open
    3507 [k] drive from registerBefore alive
    3508 [k] service: running (pending=nil loop_which=nil)
    3508 [k] service: dropped, menu is open
    3508 [k] drive from registerBefore alive
    3509 [k] service: running (pending=nil loop_which=nil)
    3509 [k] service: dropped, menu is open
    3509 [k] drive from registerBefore alive
    3510 [k] service: running (pending=nil loop_which=nil)
    3510 [k] service: dropped, menu is open
    3510 [k] drive from registerBefore alive
    3511 [k] service: running (pending=nil loop_which=nil)
    3511 [k] service: dropped, menu is open
    3511 [k] drive from registerBefore alive
    3512 [k] service: running (pending=nil loop_which=nil)
    3512 [k] service: dropped, menu is open
    3512 [k] drive from registerBefore alive
    3513 [k] service: running (pending=nil loop_which=nil)
    3513 [k] service: dropped, menu is open
    3513 [k] drive from registerBefore alive
    3514 [k] service: running (pending=nil loop_which=nil)
    3514 [k] service: dropped, menu is open
    3514 [k] drive from registerBefore alive
    3515 [k] service: running (pending=nil loop_which=nil)
    3515 [k] service: dropped, menu is open
    3515 [k] drive from registerBefore alive
    3516 [k] service: running (pending=nil loop_which=nil)
    3516 [k] service: dropped, menu is open
    3516 [k] drive from registerBefore alive
    3517 [k] service: running (pending=nil loop_which=nil)
    3517 [k] service: dropped, menu is open
    3517 [k] drive from registerBefore alive
    3518 [k] service: running (pending=nil loop_which=nil)
    3518 [k] service: dropped, menu is open
    3518 [k] drive from registerBefore alive
    3519 [k] service: running (pending=nil loop_which=nil)
    3519 [k] service: dropped, menu is open
    3519 [k] drive from registerBefore alive
    3520 [k] service: running (pending=nil loop_which=nil)
    3520 [k] service: dropped, menu is open
    3520 [k] drive from registerBefore alive
    3521 [k] service: running (pending=nil loop_which=nil)
    3521 [k] service: dropped, menu is open
    3521 [k] drive from registerBefore alive
    3522 [k] service: running (pending=nil loop_which=nil)
    3522 [k] service: dropped, menu is open
    3522 [k] drive from registerBefore alive
    3523 [k] service: running (pending=nil loop_which=nil)
    3523 [k] service: dropped, menu is open
    3523 [k] drive from registerBefore alive
    3524 [k] service: running (pending=nil loop_which=nil)
    3524 [k] service: dropped, menu is open
    3524 [k] drive from registerBefore alive
    3525 [k] service: running (pending=nil loop_which=nil)
    3525 [k] service: dropped, menu is open
    3525 [k] drive from registerBefore alive
    3526 [k] service: running (pending=nil loop_which=nil)
    3526 [k] service: dropped, menu is open
    3526 [k] drive from registerBefore alive
    3527 [k] service: running (pending=nil loop_which=nil)
    3527 [k] service: dropped, menu is open
    3527 [k] drive from registerBefore alive
    3528 [k] service: running (pending=nil loop_which=nil)
    3528 [k] service: dropped, menu is open
    3528 [k] drive from registerBefore alive
    3529 [k] service: running (pending=nil loop_which=nil)
    3529 [k] service: dropped, menu is open
    3529 [k] drive from registerBefore alive
    3530 [k] service: running (pending=nil loop_which=nil)
    3530 [k] service: dropped, menu is open
    3530 [k] drive from registerBefore alive
    3531 [k] service: running (pending=nil loop_which=nil)
    3531 [k] service: dropped, menu is open
    3531 [k] drive from registerBefore alive
    3532 [k] service: running (pending=nil loop_which=nil)
    3532 [k] service: dropped, menu is open
    3532 [k] drive from registerBefore alive
    3533 [k] service: running (pending=nil loop_which=nil)
    3533 [k] service: dropped, menu is open
    3533 [k] drive from registerBefore alive
    3534 [k] service: running (pending=nil loop_which=nil)
    3534 [k] service: dropped, menu is open
    3534 [k] drive from registerBefore alive
    3535 [k] service: running (pending=nil loop_which=nil)
    3535 [k] service: dropped, menu is open
    3535 [k] drive from registerBefore alive
    3536 [k] service: running (pending=nil loop_which=nil)
    3536 [k] service: dropped, menu is open
    3536 [k] drive from registerBefore alive
    3537 [k] service: running (pending=nil loop_which=nil)
    3537 [k] service: dropped, menu is open
    3537 [k] drive from registerBefore alive
    3538 [k] service: running (pending=nil loop_which=nil)
    3538 [k] service: dropped, menu is open
    3538 [k] drive from registerBefore alive
    3539 [k] service: running (pending=nil loop_which=nil)
    3539 [k] service: dropped, menu is open
    3539 [k] drive from registerBefore alive
    3540 [k] service: running (pending=nil loop_which=nil)
    3540 [k] service: dropped, menu is open
    3540 [k] drive from registerBefore alive
    3541 [k] service: running (pending=nil loop_which=nil)
    3541 [k] service: dropped, menu is open
    3541 [k] drive from registerBefore alive
    3542 [k] service: running (pending=nil loop_which=nil)
    3542 [k] service: dropped, menu is open
    3542 [k] drive from registerBefore alive
    3543 [k] service: running (pending=nil loop_which=nil)
    3543 [k] service: dropped, menu is open
    3543 [k] drive from registerBefore alive
    3544 [k] service: running (pending=nil loop_which=nil)
    3544 [k] service: dropped, menu is open
    3544 [k] drive from registerBefore alive
    3545 [k] service: running (pending=nil loop_which=nil)
    3545 [k] service: dropped, menu is open
    3545 [k] drive from registerBefore alive
    3546 [k] service: running (pending=nil loop_which=nil)
    3546 [k] service: dropped, menu is open
    3546 [k] drive from registerBefore alive
    3547 [k] service: running (pending=nil loop_which=nil)
    3547 [k] service: dropped, menu is open
    3547 [k] drive from registerBefore alive
    3548 [k] service: running (pending=nil loop_which=nil)
    3548 [k] service: dropped, menu is open
    3548 [k] drive from registerBefore alive
    3549 [k] service: running (pending=nil loop_which=nil)
    3549 [k] service: dropped, menu is open
    3549 [k] drive from registerBefore alive
    3550 [k] service: running (pending=nil loop_which=nil)
    3550 [k] service: dropped, menu is open
    3550 [k] drive from registerBefore alive
    3551 [k] service: running (pending=nil loop_which=nil)
    3551 [k] service: dropped, menu is open
    3551 [k] drive from registerBefore alive
    3552 [k] service: running (pending=nil loop_which=nil)
    3552 [k] service: dropped, menu is open
    3552 [k] drive from registerBefore alive
    3553 [k] service: running (pending=nil loop_which=nil)
    3553 [k] service: dropped, menu is open
    3553 [k] drive from registerBefore alive
    3554 [k] service: running (pending=nil loop_which=nil)
    3554 [k] service: dropped, menu is open
    3554 [k] drive from registerBefore alive
    3555 [k] service: running (pending=nil loop_which=nil)
    3555 [k] service: dropped, menu is open
    3555 [k] drive from registerBefore alive
    3556 [k] service: running (pending=nil loop_which=nil)
    3556 [k] service: dropped, menu is open
    3556 [k] drive from registerBefore alive
    3557 [k] service: running (pending=nil loop_which=nil)
    3557 [k] service: dropped, menu is open
    3557 [k] drive from registerBefore alive
    3558 [k] service: running (pending=nil loop_which=nil)
    3558 [k] service: dropped, menu is open
    3558 [k] drive from registerBefore alive
    3559 [k] service: running (pending=nil loop_which=nil)
    3559 [k] service: dropped, menu is open
    3559 [k] drive from registerBefore alive
    3560 [k] service: running (pending=nil loop_which=nil)
    3560 [k] service: dropped, menu is open
    3560 [k] drive from registerBefore alive
    3561 [k] service: running (pending=nil loop_which=nil)
    3561 [k] service: dropped, menu is open
    3561 [k] drive from registerBefore alive
    3562 [k] service: running (pending=nil loop_which=nil)
    3562 [k] service: dropped, menu is open
    3562 [k] drive from registerBefore alive
    3563 [k] service: running (pending=nil loop_which=nil)
    3563 [k] service: dropped, menu is open
    3563 [k] drive from registerBefore alive
    3564 [k] service: running (pending=nil loop_which=nil)
    3564 [k] service: dropped, menu is open
    3564 [k] drive from registerBefore alive
    3565 [k] service: running (pending=nil loop_which=nil)
    3565 [k] service: dropped, menu is open
    3565 [k] drive from registerBefore alive
    3566 [k] service: running (pending=nil loop_which=nil)
    3566 [k] service: dropped, menu is open
    3566 [k] drive from registerBefore alive
    3567 [k] service: running (pending=nil loop_which=nil)
    3567 [k] service: dropped, menu is open
    3567 [k] drive from registerBefore alive
    3568 [k] service: running (pending=nil loop_which=nil)
    3568 [k] service: dropped, menu is open
    3568 [k] drive from registerBefore alive
    3569 [k] service: running (pending=nil loop_which=nil)
    3569 [k] service: dropped, menu is open
    3569 [k] drive from registerBefore alive
    3570 [k] service: running (pending=nil loop_which=nil)
    3570 [k] service: dropped, menu is open
    3570 [k] drive from registerBefore alive
    3571 [k] service: running (pending=nil loop_which=nil)
    3571 [k] service: dropped, menu is open
    3571 [k] drive from registerBefore alive
    3572 [k] service: running (pending=nil loop_which=nil)
    3572 [k] service: dropped, menu is open
    3572 [k] drive from registerBefore alive
    3573 [k] service: running (pending=nil loop_which=nil)
    3573 [k] service: dropped, menu is open
    3573 [k] drive from registerBefore alive
    3574 [k] service: running (pending=nil loop_which=nil)
    3574 [k] service: dropped, menu is open
    3574 [k] drive from registerBefore alive
    3575 [k] service: running (pending=nil loop_which=nil)
    3575 [k] service: dropped, menu is open
    3575 [k] drive from registerBefore alive
    3576 [k] service: running (pending=nil loop_which=nil)
    3576 [k] service: dropped, menu is open
    3576 [k] drive from registerBefore alive
    3577 [k] service: running (pending=nil loop_which=nil)
    3577 [k] service: dropped, menu is open
    3577 [k] drive from registerBefore alive
    3578 [k] service: running (pending=nil loop_which=nil)
    3578 [k] service: dropped, menu is open
    3578 [k] drive from registerBefore alive
    3579 [k] service: running (pending=nil loop_which=nil)
    3579 [k] service: dropped, menu is open
    3579 [k] drive from registerBefore alive
    3580 [k] service: running (pending=nil loop_which=nil)
    3580 [k] service: dropped, menu is open
    3580 [k] drive from registerBefore alive
    3581 [k] service: running (pending=nil loop_which=nil)
    3581 [k] service: dropped, menu is open
    3581 [k] drive from registerBefore alive
    3582 [k] service: running (pending=nil loop_which=nil)
    3582 [k] service: dropped, menu is open
    3582 [k] drive from registerBefore alive
    3583 [k] service: running (pending=nil loop_which=nil)
    3583 [k] service: dropped, menu is open
    3583 [k] drive from registerBefore alive
    3584 [k] service: running (pending=nil loop_which=nil)
    3584 [k] service: dropped, menu is open
    3584 [k] drive from registerBefore alive
    3585 [k] service: running (pending=nil loop_which=nil)
    3585 [k] service: dropped, menu is open
    3585 [k] drive from registerBefore alive
    3586 [k] service: running (pending=nil loop_which=nil)
    3586 [k] service: dropped, menu is open
    3586 [k] drive from registerBefore alive
    3587 [k] service: running (pending=nil loop_which=nil)
    3587 [k] service: dropped, menu is open
    3587 [k] drive from registerBefore alive
    3588 [k] service: running (pending=nil loop_which=nil)
    3588 [k] service: dropped, menu is open
    3588 [k] drive from registerBefore alive
    3589 [k] service: running (pending=nil loop_which=nil)
    3589 [k] service: dropped, menu is open
    3589 [k] drive from registerBefore alive
    3590 [k] service: running (pending=nil loop_which=nil)
    3590 [k] service: dropped, menu is open
    3590 [k] drive from registerBefore alive
    3591 [k] service: running (pending=nil loop_which=nil)
    3591 [k] service: dropped, menu is open
    3591 [k] drive from registerBefore alive
    3592 [k] service: running (pending=nil loop_which=nil)
    3592 [k] service: dropped, menu is open
    3592 [k] drive from registerBefore alive
    3593 [k] service: running (pending=nil loop_which=nil)
    3593 [k] service: dropped, menu is open
    3593 [k] drive from registerBefore alive
    3594 [k] service: running (pending=nil loop_which=nil)
    3594 [k] service: dropped, menu is open
    3594 [k] drive from registerBefore alive
    3595 [k] service: running (pending=nil loop_which=nil)
    3595 [k] service: dropped, menu is open
    3595 [k] drive from registerBefore alive
    3596 [k] service: running (pending=nil loop_which=nil)
    3596 [k] service: dropped, menu is open
    3596 [k] drive from registerBefore alive
    3597 [k] service: running (pending=nil loop_which=nil)
    3597 [k] service: dropped, menu is open
    3597 [k] drive from registerBefore alive
    3598 [k] service: running (pending=nil loop_which=nil)
    3598 [k] service: dropped, menu is open
    3598 [k] drive from registerBefore alive
    3599 [k] service: running (pending=nil loop_which=nil)
    3599 [k] service: dropped, menu is open
    3599 [k] drive from registerBefore alive
    3600 [k] service: running (pending=nil loop_which=nil)
    3600 [k] service: dropped, menu is open
    3600 [k] drive from registerBefore alive
    3601 [k] service: running (pending=nil loop_which=nil)
    3601 [k] service: dropped, menu is open
    3601 [k] drive from registerBefore alive
    3602 [k] service: running (pending=nil loop_which=nil)
    3602 [k] service: dropped, menu is open
    3602 [k] drive from registerBefore alive
    3603 [k] service: running (pending=nil loop_which=nil)
    3603 [k] service: dropped, menu is open
    3603 [k] drive from registerBefore alive
    3604 [k] service: running (pending=nil loop_which=nil)
    3604 [k] service: dropped, menu is open
    3604 [k] drive from registerBefore alive
    3605 [k] service: running (pending=nil loop_which=nil)
    3605 [k] service: dropped, menu is open
    3605 [k] drive from registerBefore alive
    3606 [k] service: running (pending=nil loop_which=nil)
    3606 [k] service: dropped, menu is open
    3606 [k] drive from registerBefore alive
    3607 [k] service: running (pending=nil loop_which=nil)
    3607 [k] service: dropped, menu is open
    3607 [k] drive from registerBefore alive
    3608 [k] service: running (pending=nil loop_which=nil)
    3608 [k] service: dropped, menu is open
    3608 [k] drive from registerBefore alive
    3609 [k] service: running (pending=nil loop_which=nil)
    3609 [k] service: dropped, menu is open
    3609 [k] drive from registerBefore alive
    3610 [k] service: running (pending=nil loop_which=nil)
    3610 [k] service: dropped, menu is open
    3610 [k] drive from registerBefore alive
    3611 [k] service: running (pending=nil loop_which=nil)
    3611 [k] service: dropped, menu is open
    3611 [k] drive from registerBefore alive
    3612 [k] service: running (pending=nil loop_which=nil)
    3612 [k] service: dropped, menu is open
    3612 [k] drive from registerBefore alive
    3613 [k] service: running (pending=nil loop_which=nil)
    3613 [k] service: dropped, menu is open
    3613 [k] drive from registerBefore alive
    3614 [k] service: running (pending=nil loop_which=nil)
    3614 [k] service: dropped, menu is open
    3614 [k] drive from registerBefore alive
    3615 [k] service: running (pending=nil loop_which=nil)
    3615 [k] service: dropped, menu is open
    3615 [k] drive from registerBefore alive
    3616 [k] service: running (pending=nil loop_which=nil)
    3616 [k] service: dropped, menu is open
    3616 [k] drive from registerBefore alive
    3617 [k] service: running (pending=nil loop_which=nil)
    3617 [k] service: dropped, menu is open
    3617 [k] drive from registerBefore alive
    3618 [k] service: running (pending=nil loop_which=nil)
    3618 [k] service: dropped, menu is open
    3618 [k] drive from registerBefore alive
    3619 [k] service: running (pending=nil loop_which=nil)
    3619 [k] service: dropped, menu is open
    3619 [k] drive from registerBefore alive
    3620 [k] service: running (pending=nil loop_which=nil)
    3620 [k] service: dropped, menu is open
    3620 [k] drive from registerBefore alive
    3621 [k] service: running (pending=nil loop_which=nil)
    3621 [k] service: dropped, menu is open
    3621 [k] drive from registerBefore alive
    3622 [k] service: running (pending=nil loop_which=nil)
    3622 [k] service: dropped, menu is open
    3622 [k] drive from registerBefore alive
    3623 [k] service: running (pending=nil loop_which=nil)
    3623 [k] service: dropped, menu is open
    3623 [k] drive from registerBefore alive
    3624 [k] service: running (pending=nil loop_which=nil)
    3624 [k] service: dropped, menu is open
    3624 [k] drive from registerBefore alive
    3625 [k] service: running (pending=nil loop_which=nil)
    3625 [k] service: dropped, menu is open
    3625 [k] drive from registerBefore alive
    3626 [k] service: running (pending=nil loop_which=nil)
    3626 [k] service: dropped, menu is open
    3626 [k] drive from registerBefore alive
    3627 [k] service: running (pending=nil loop_which=nil)
    3627 [k] service: dropped, menu is open
    3627 [k] drive from registerBefore alive
    3628 [k] service: running (pending=nil loop_which=nil)
    3628 [k] service: dropped, menu is open
    3628 [k] drive from registerBefore alive
    3629 [k] service: running (pending=nil loop_which=nil)
    3629 [k] service: dropped, menu is open
    3629 [k] drive from registerBefore alive
    3630 [k] service: running (pending=nil loop_which=nil)
    3630 [k] service: dropped, menu is open
    3630 [k] drive from registerBefore alive
    3631 [k] service: running (pending=nil loop_which=nil)
    3631 [k] service: dropped, menu is open
    3631 [k] drive from registerBefore alive
    3632 [k] service: running (pending=nil loop_which=nil)
    3632 [k] service: dropped, menu is open
    3632 [k] drive from registerBefore alive
    3633 [k] service: running (pending=nil loop_which=nil)
    3633 [k] service: dropped, menu is open
    3633 [k] drive from registerBefore alive
    3634 [k] service: running (pending=nil loop_which=nil)
    3634 [k] service: dropped, menu is open
    3634 [k] drive from registerBefore alive
    3635 [k] service: running (pending=nil loop_which=nil)
    3635 [k] service: dropped, menu is open
    3635 [k] drive from registerBefore alive
    3636 [k] service: running (pending=nil loop_which=nil)
    3636 [k] service: dropped, menu is open
    3636 [k] drive from registerBefore alive
    3637 [k] service: running (pending=nil loop_which=nil)
    3637 [k] service: dropped, menu is open
    3637 [k] drive from registerBefore alive
    3638 [k] service: running (pending=nil loop_which=nil)
    3638 [k] service: dropped, menu is open
    3638 [k] drive from registerBefore alive
    3639 [k] service: running (pending=nil loop_which=nil)
    3639 [k] service: dropped, menu is open
    3639 [k] drive from registerBefore alive
    3640 [k] service: running (pending=nil loop_which=nil)
    3640 [k] service: dropped, menu is open
    3640 [k] drive from registerBefore alive
    3641 [k] service: running (pending=nil loop_which=nil)
    3641 [k] service: dropped, menu is open
    3641 [k] drive from registerBefore alive
    3642 [k] service: running (pending=nil loop_which=nil)
    3642 [k] service: dropped, menu is open
    3642 [k] drive from registerBefore alive
    3643 [k] service: running (pending=nil loop_which=nil)
    3643 [k] service: dropped, menu is open
    3643 [k] drive from registerBefore alive
    3644 [k] service: running (pending=nil loop_which=nil)
    3644 [k] service: dropped, menu is open
    3644 [k] drive from registerBefore alive
    3645 [k] service: running (pending=nil loop_which=nil)
    3645 [k] service: dropped, menu is open
    3645 [k] drive from registerBefore alive
    3646 [k] service: running (pending=nil loop_which=nil)
    3646 [k] service: dropped, menu is open
    3646 [k] drive from registerBefore alive
    3647 [k] service: running (pending=nil loop_which=nil)
    3647 [k] service: dropped, menu is open
    3647 [k] drive from registerBefore alive
    3648 [k] service: running (pending=nil loop_which=nil)
    3648 [k] service: dropped, menu is open
    3648 [k] drive from registerBefore alive
    3649 [k] service: running (pending=nil loop_which=nil)
    3649 [k] service: dropped, menu is open
    3649 [k] drive from registerBefore alive
    3650 [k] service: running (pending=nil loop_which=nil)
    3650 [k] service: dropped, menu is open
    3650 [k] drive from registerBefore alive
    3651 [k] service: running (pending=nil loop_which=nil)
    3651 [k] service: dropped, menu is open
    3651 [k] drive from registerBefore alive
    3652 [k] service: running (pending=nil loop_which=nil)
    3652 [k] service: dropped, menu is open
    3652 [k] drive from registerBefore alive
    3653 [k] service: running (pending=nil loop_which=nil)
    3653 [k] service: dropped, menu is open
    3653 [k] drive from registerBefore alive
    3654 [k] service: running (pending=nil loop_which=nil)
    3654 [k] service: dropped, menu is open
    3654 [k] drive from registerBefore alive
    3655 [k] service: running (pending=nil loop_which=nil)
    3655 [k] service: dropped, menu is open
    3655 [k] drive from registerBefore alive
    3656 [k] service: running (pending=nil loop_which=nil)
    3656 [k] service: dropped, menu is open
    3656 [k] drive from registerBefore alive
    3657 [k] service: running (pending=nil loop_which=nil)
    3657 [k] service: dropped, menu is open
    3657 [k] drive from registerBefore alive
    3658 [k] service: running (pending=nil loop_which=nil)
    3658 [k] service: dropped, menu is open
    3658 [k] drive from registerBefore alive
    3659 [k] service: running (pending=nil loop_which=nil)
    3659 [k] service: dropped, menu is open
    3659 [k] drive from registerBefore alive
    3660 [k] service: running (pending=nil loop_which=nil)
    3660 [k] service: dropped, menu is open
    3660 [k] drive from registerBefore alive
    3661 [k] service: running (pending=nil loop_which=nil)
    3661 [k] service: dropped, menu is open
    3661 [k] drive from registerBefore alive
    3662 [k] service: running (pending=nil loop_which=nil)
    3662 [k] service: dropped, menu is open
    3662 [k] drive from registerBefore alive
    3663 [k] service: running (pending=nil loop_which=nil)
    3663 [k] service: dropped, menu is open
    3663 [k] drive from registerBefore alive
    3664 [k] service: running (pending=nil loop_which=nil)
    3664 [k] service: dropped, menu is open
    3664 [k] drive from registerBefore alive
    3665 [k] service: running (pending=nil loop_which=nil)
    3665 [k] service: dropped, menu is open
    3665 [k] drive from registerBefore alive
    3666 [k] service: running (pending=nil loop_which=nil)
    3666 [k] service: dropped, menu is open
    3666 [k] drive from registerBefore alive
    3667 [k] service: running (pending=nil loop_which=nil)
    3667 [k] service: dropped, menu is open
    3667 [k] drive from registerBefore alive
    3668 [k] service: running (pending=nil loop_which=nil)
    3668 [k] service: dropped, menu is open
    3668 [k] drive from registerBefore alive
    3669 [k] service: running (pending=nil loop_which=nil)
    3669 [k] service: dropped, menu is open
    3669 [k] drive from registerBefore alive
    3670 [k] service: running (pending=nil loop_which=nil)
    3670 [k] service: dropped, menu is open
    3670 [k] drive from registerBefore alive
    3671 [k] service: running (pending=nil loop_which=nil)
    3671 [k] service: dropped, menu is open
    3671 [k] drive from registerBefore alive
    3672 [k] service: running (pending=nil loop_which=nil)
    3672 [k] service: dropped, menu is open
    3672 [k] drive from registerBefore alive
    3673 [k] service: running (pending=nil loop_which=nil)
    3673 [k] service: dropped, menu is open
    3673 [k] drive from registerBefore alive
    3674 [k] service: running (pending=nil loop_which=nil)
    3674 [k] service: dropped, menu is open
    3674 [k] drive from registerBefore alive
    3675 [k] service: running (pending=nil loop_which=nil)
    3675 [k] service: dropped, menu is open
    3675 [k] drive from registerBefore alive
    3676 [k] service: running (pending=nil loop_which=nil)
    3676 [k] service: dropped, menu is open
    3676 [k] drive from registerBefore alive
    3677 [k] service: running (pending=nil loop_which=nil)
    3677 [k] service: dropped, menu is open
    3677 [k] drive from registerBefore alive
    3678 [k] service: running (pending=nil loop_which=nil)
    3678 [k] service: dropped, menu is open
    3678 [k] drive from registerBefore alive
    3679 [k] service: running (pending=nil loop_which=nil)
    3679 [k] service: dropped, menu is open
    3679 [k] drive from registerBefore alive
    3680 [k] service: running (pending=nil loop_which=nil)
    3680 [k] service: dropped, menu is open
    3680 [k] drive from registerBefore alive
    3681 [k] service: running (pending=nil loop_which=nil)
    3681 [k] service: dropped, menu is open
    3681 [k] drive from registerBefore alive
    3682 [k] service: running (pending=nil loop_which=nil)
    3682 [k] service: dropped, menu is open
    3682 [k] drive from registerBefore alive
    3683 [k] service: running (pending=nil loop_which=nil)
    3683 [k] service: dropped, menu is open
    3683 [k] drive from registerBefore alive
    3684 [k] service: running (pending=nil loop_which=nil)
    3684 [k] service: dropped, menu is open
    3684 [k] drive from registerBefore alive
    3685 [k] service: running (pending=nil loop_which=nil)
    3685 [k] service: dropped, menu is open
    3685 [k] drive from registerBefore alive
    3686 [k] service: running (pending=nil loop_which=nil)
    3686 [k] service: dropped, menu is open
    3686 [k] drive from registerBefore alive
    3687 [k] service: running (pending=nil loop_which=nil)
    3687 [k] service: dropped, menu is open
    3687 [k] drive from registerBefore alive
    3688 [k] service: running (pending=nil loop_which=nil)
    3688 [k] service: dropped, menu is open
    3688 [k] drive from registerBefore alive
    3689 [k] service: running (pending=nil loop_which=nil)
    3689 [k] service: dropped, menu is open
    3689 [k] drive from registerBefore alive
    3690 [k] service: running (pending=nil loop_which=nil)
    3690 [k] service: dropped, menu is open
    3690 [k] drive from registerBefore alive
    3691 [k] service: running (pending=nil loop_which=nil)
    3691 [k] service: dropped, menu is open
    3691 [k] drive from registerBefore alive
    3692 [k] service: running (pending=nil loop_which=nil)
    3692 [k] service: dropped, menu is open
    3692 [k] drive from registerBefore alive
    3693 [k] service: running (pending=nil loop_which=nil)
    3693 [k] service: dropped, menu is open
    3693 [k] drive from registerBefore alive
    3694 [k] service: running (pending=nil loop_which=nil)
    3694 [k] service: dropped, menu is open
    3694 [k] drive from registerBefore alive
    3695 [k] service: running (pending=nil loop_which=nil)
    3695 [k] service: dropped, menu is open
    3695 [k] drive from registerBefore alive
    3696 [k] service: running (pending=nil loop_which=nil)
    3696 [k] service: dropped, menu is open
    3696 [k] drive from registerBefore alive
    3697 [k] service: running (pending=nil loop_which=nil)
    3697 [k] service: dropped, menu is open
    3697 [k] drive from registerBefore alive
    3698 [k] service: running (pending=nil loop_which=nil)
    3698 [k] service: dropped, menu is open
    3698 [k] drive from registerBefore alive
    3699 [k] service: running (pending=nil loop_which=nil)
    3699 [k] service: dropped, menu is open
    3699 [k] drive from registerBefore alive
    3700 [k] service: running (pending=nil loop_which=nil)
    3700 [k] service: dropped, menu is open
    3700 [k] drive from registerBefore alive
    3701 [k] service: running (pending=nil loop_which=nil)
    3701 [k] service: dropped, menu is open
    3701 [k] drive from registerBefore alive
    3702 [k] service: running (pending=nil loop_which=nil)
    3702 [k] service: dropped, menu is open
    3702 [k] drive from registerBefore alive
    3703 [k] service: running (pending=nil loop_which=nil)
    3703 [k] service: dropped, menu is open
    3703 [k] drive from registerBefore alive
    3704 [k] service: running (pending=nil loop_which=nil)
    3704 [k] service: dropped, menu is open
    3704 [k] drive from registerBefore alive
    3705 [k] service: running (pending=nil loop_which=nil)
    3705 [k] service: dropped, menu is open
    3705 [k] drive from registerBefore alive
    3706 [k] service: running (pending=nil loop_which=nil)
    3706 [k] service: dropped, menu is open
    3706 [k] drive from registerBefore alive
    3707 [k] service: running (pending=nil loop_which=nil)
    3707 [k] service: dropped, menu is open
    3707 [k] drive from registerBefore alive
    3708 [k] service: running (pending=nil loop_which=nil)
    3708 [k] service: dropped, menu is open
    3708 [k] drive from registerBefore alive
    3709 [k] service: running (pending=nil loop_which=nil)
    3709 [k] service: dropped, menu is open
    3709 [k] drive from registerBefore alive
    3710 [k] service: running (pending=nil loop_which=nil)
    3710 [k] service: dropped, menu is open
    3710 [k] drive from registerBefore alive
    3711 [k] service: running (pending=nil loop_which=nil)
    3711 [k] service: dropped, menu is open
    3711 [k] drive from registerBefore alive
    3712 [k] service: running (pending=nil loop_which=nil)
    3712 [k] service: dropped, menu is open
    3712 [k] drive from registerBefore alive
    3713 [k] service: running (pending=nil loop_which=nil)
    3713 [k] service: dropped, menu is open
    3713 [k] drive from registerBefore alive
    3714 [k] service: running (pending=nil loop_which=nil)
    3714 [k] service: dropped, menu is open
    3714 [k] drive from registerBefore alive
    3715 [k] service: running (pending=nil loop_which=nil)
    3715 [k] service: dropped, menu is open
    3715 [k] drive from registerBefore alive
    3716 [k] service: running (pending=nil loop_which=nil)
    3716 [k] service: dropped, menu is open
    3716 [k] drive from registerBefore alive
    3717 [k] service: running (pending=nil loop_which=nil)
    3717 [k] service: dropped, menu is open
    3717 [k] drive from registerBefore alive
    3718 [k] service: running (pending=nil loop_which=nil)
    3718 [k] service: dropped, menu is open
    3718 [k] drive from registerBefore alive
    3719 [k] service: running (pending=nil loop_which=nil)
    3719 [k] service: dropped, menu is open
    3719 [k] drive from registerBefore alive
    3720 [k] service: running (pending=nil loop_which=nil)
    3720 [k] service: dropped, menu is open
    3720 [k] drive from registerBefore alive
    3721 [k] service: running (pending=nil loop_which=nil)
    3721 [k] service: dropped, menu is open
    3721 [k] drive from registerBefore alive
    3722 [k] service: running (pending=nil loop_which=nil)
    3722 [k] service: dropped, menu is open
    3722 [k] drive from registerBefore alive
    3723 [k] service: running (pending=nil loop_which=nil)
    3723 [k] service: dropped, menu is open
    3723 [k] drive from registerBefore alive
    3724 [k] service: running (pending=nil loop_which=nil)
    3724 [k] service: dropped, menu is open
    3724 [k] drive from registerBefore alive
    3725 [k] service: running (pending=nil loop_which=nil)
    3725 [k] service: dropped, menu is open
    3725 [k] drive from registerBefore alive
    3726 [k] service: running (pending=nil loop_which=nil)
    3726 [k] service: dropped, menu is open
    3726 [k] drive from registerBefore alive
    3727 [k] service: running (pending=nil loop_which=nil)
    3727 [k] service: dropped, menu is open
    3727 [k] drive from registerBefore alive
    3728 [k] service: running (pending=nil loop_which=nil)
    3728 [k] service: dropped, menu is open
    3728 [k] drive from registerBefore alive
    3729 [k] service: running (pending=nil loop_which=nil)
    3729 [k] service: dropped, menu is open
    3729 [k] drive from registerBefore alive
    3730 [k] service: running (pending=nil loop_which=nil)
    3730 [k] service: dropped, menu is open
    3730 [k] drive from registerBefore alive
    3731 [k] service: running (pending=nil loop_which=nil)
    3731 [k] service: dropped, menu is open
    3731 [k] drive from registerBefore alive
    3732 [k] service: running (pending=nil loop_which=nil)
    3732 [k] service: dropped, menu is open
    3732 [k] drive from registerBefore alive
    3733 [k] service: running (pending=nil loop_which=nil)
    3733 [k] service: dropped, menu is open
    3733 [k] drive from registerBefore alive
    3734 [k] service: running (pending=nil loop_which=nil)
    3734 [k] service: dropped, menu is open
    3734 [k] drive from registerBefore alive
    3735 [k] service: running (pending=nil loop_which=nil)
    3735 [k] service: dropped, menu is open
    3735 [k] drive from registerBefore alive
    3736 [k] service: running (pending=nil loop_which=nil)
    3736 [k] service: dropped, menu is open
    3736 [k] drive from registerBefore alive
    3737 [k] service: running (pending=nil loop_which=nil)
    3737 [k] service: dropped, menu is open
    3737 [k] drive from registerBefore alive
    3738 [k] service: running (pending=nil loop_which=nil)
    3738 [k] service: dropped, menu is open
    3738 [k] drive from registerBefore alive
    3739 [k] service: running (pending=nil loop_which=nil)
    3739 [k] service: dropped, menu is open
    3739 [k] drive from registerBefore alive
    3740 [k] service: running (pending=nil loop_which=nil)
    3740 [k] service: dropped, menu is open
    3740 [k] drive from registerBefore alive
    3741 [k] service: running (pending=nil loop_which=nil)
    3741 [k] service: dropped, menu is open
    3741 [k] drive from registerBefore alive
    3742 [k] service: running (pending=nil loop_which=nil)
    3742 [k] service: dropped, menu is open
    3742 [k] drive from registerBefore alive
    3743 [k] service: running (pending=nil loop_which=nil)
    3743 [k] service: dropped, menu is open
    3743 [k] drive from registerBefore alive
    3744 [k] service: running (pending=nil loop_which=nil)
    3744 [k] service: dropped, menu is open
    3744 [k] drive from registerBefore alive
    3745 [k] service: running (pending=nil loop_which=nil)
    3745 [k] service: dropped, menu is open
    3745 [k] drive from registerBefore alive
    3746 [k] service: running (pending=nil loop_which=nil)
    3746 [k] service: dropped, menu is open
    3746 [k] drive from registerBefore alive
    3747 [k] service: running (pending=nil loop_which=nil)
    3747 [k] service: dropped, menu is open
    3747 [k] drive from registerBefore alive
    3748 [k] service: running (pending=nil loop_which=nil)
    3748 [k] service: dropped, menu is open
    3748 [k] drive from registerBefore alive
    3749 [k] service: running (pending=nil loop_which=nil)
    3749 [k] service: dropped, menu is open
    3749 [k] drive from registerBefore alive
    3750 [k] service: running (pending=nil loop_which=nil)
    3750 [k] service: dropped, menu is open
    3750 [k] drive from registerBefore alive
    3751 [k] service: running (pending=nil loop_which=nil)
    3751 [k] service: dropped, menu is open
    3751 [k] drive from registerBefore alive
    3752 [k] service: running (pending=nil loop_which=nil)
    3752 [k] service: dropped, menu is open
    3752 [k] drive from registerBefore alive
    3753 [k] service: running (pending=nil loop_which=nil)
    3753 [k] service: dropped, menu is open
    3753 [k] drive from registerBefore alive
    3754 [k] service: running (pending=nil loop_which=nil)
    3754 [k] service: dropped, menu is open
    3754 [k] drive from registerBefore alive
    3755 [k] service: running (pending=nil loop_which=nil)
    3755 [k] service: dropped, menu is open
    3755 [k] drive from registerBefore alive
    3756 [k] service: running (pending=nil loop_which=nil)
    3756 [k] service: dropped, menu is open
    3756 [k] drive from registerBefore alive
    3757 [k] service: running (pending=nil loop_which=nil)
    3757 [k] service: dropped, menu is open
    3757 [k] drive from registerBefore alive
    3758 [k] service: running (pending=nil loop_which=nil)
    3758 [k] service: dropped, menu is open
    3758 [k] drive from registerBefore alive
    3759 [k] service: running (pending=nil loop_which=nil)
    3759 [k] service: dropped, menu is open
    3759 [k] drive from registerBefore alive
    3760 [k] service: running (pending=nil loop_which=nil)
    3760 [k] service: dropped, menu is open
    3760 [k] drive from registerBefore alive
    3761 [k] service: running (pending=nil loop_which=nil)
    3761 [k] service: dropped, menu is open
    3761 [k] drive from registerBefore alive
    3762 [k] service: running (pending=nil loop_which=nil)
    3762 [k] service: dropped, menu is open
    3762 [k] drive from registerBefore alive
    3763 [k] service: running (pending=nil loop_which=nil)
    3763 [k] service: dropped, menu is open
    3763 [k] drive from registerBefore alive
    3764 [k] service: running (pending=nil loop_which=nil)
    3764 [k] service: dropped, menu is open
    3764 [k] drive from registerBefore alive
    3765 [k] service: running (pending=nil loop_which=nil)
    3765 [k] service: dropped, menu is open
    3765 [k] drive from registerBefore alive
    3766 [k] service: running (pending=nil loop_which=nil)
    3766 [k] service: dropped, menu is open
    3766 [k] drive from registerBefore alive
    3767 [k] service: running (pending=nil loop_which=nil)
    3767 [k] service: dropped, menu is open
    3767 [k] drive from registerBefore alive
    3768 [k] service: running (pending=nil loop_which=nil)
    3768 [k] service: dropped, menu is open
    3768 [k] drive from registerBefore alive
    3769 [k] service: running (pending=nil loop_which=nil)
    3769 [k] service: dropped, menu is open
    3769 [k] drive from registerBefore alive
    3770 [k] service: running (pending=nil loop_which=nil)
    3770 [k] service: dropped, menu is open
    3770 [k] drive from registerBefore alive
    3771 [k] service: running (pending=nil loop_which=nil)
    3771 [k] service: dropped, menu is open
    3771 [k] drive from registerBefore alive
    3772 [k] service: running (pending=nil loop_which=nil)
    3772 [k] service: dropped, menu is open
    3772 [k] drive from registerBefore alive
    3773 [k] service: running (pending=nil loop_which=nil)
    3773 [k] service: dropped, menu is open
    3773 [k] drive from registerBefore alive
    3774 [k] service: running (pending=nil loop_which=nil)
    3774 [k] service: dropped, menu is open
    3774 [k] drive from registerBefore alive
    3775 [k] service: running (pending=nil loop_which=nil)
    3775 [k] service: dropped, menu is open
    3775 [k] drive from registerBefore alive
    3776 [k] service: running (pending=nil loop_which=nil)
    3776 [k] service: dropped, menu is open
    3776 [k] drive from registerBefore alive
    3777 [k] service: running (pending=nil loop_which=nil)
    3777 [k] service: dropped, menu is open
    3777 [k] drive from registerBefore alive
    3778 [k] service: running (pending=nil loop_which=nil)
    3778 [k] service: dropped, menu is open
    3778 [k] drive from registerBefore alive
    3779 [k] service: running (pending=nil loop_which=nil)
    3779 [k] service: dropped, menu is open
    3779 [k] drive from registerBefore alive
    3780 [k] service: running (pending=nil loop_which=nil)
    3780 [k] service: dropped, menu is open
    3780 [k] drive from registerBefore alive
    3781 [k] service: running (pending=nil loop_which=nil)
    3781 [k] service: dropped, menu is open
    3781 [k] drive from registerBefore alive
    3782 [k] service: running (pending=nil loop_which=nil)
    3782 [k] service: dropped, menu is open
    3782 [k] drive from registerBefore alive
    3783 [k] service: running (pending=nil loop_which=nil)
    3783 [k] service: dropped, menu is open
    3783 [k] drive from registerBefore alive
    3784 [k] service: running (pending=nil loop_which=nil)
    3784 [k] service: dropped, menu is open
    3784 [k] drive from registerBefore alive
    3785 [k] service: running (pending=nil loop_which=nil)
    3785 [k] service: dropped, menu is open
    3785 [k] drive from registerBefore alive
    3786 [k] service: running (pending=nil loop_which=nil)
    3786 [k] service: dropped, menu is open
    3786 [k] drive from registerBefore alive
    3787 [k] service: running (pending=nil loop_which=nil)
    3787 [k] service: dropped, menu is open
    3787 [k] drive from registerBefore alive
    3788 [k] service: running (pending=nil loop_which=nil)
    3788 [k] service: dropped, menu is open
    3788 [k] drive from registerBefore alive
    3789 [k] service: running (pending=nil loop_which=nil)
    3789 [k] service: dropped, menu is open
    3789 [k] drive from registerBefore alive
    3790 [k] service: running (pending=nil loop_which=nil)
    3790 [k] service: dropped, menu is open
    3790 [k] drive from registerBefore alive
    3791 [k] service: running (pending=nil loop_which=nil)
    3791 [k] service: dropped, menu is open
    3791 [k] drive from registerBefore alive
    3792 [k] service: running (pending=nil loop_which=nil)
    3792 [k] service: dropped, menu is open
    3792 [k] drive from registerBefore alive
    3793 [k] service: running (pending=nil loop_which=nil)
    3793 [k] service: dropped, menu is open
    3793 [k] drive from registerBefore alive
    3794 [k] service: running (pending=nil loop_which=nil)
    3794 [k] service: dropped, menu is open
    3794 [k] drive from registerBefore alive
    3795 [k] service: running (pending=nil loop_which=nil)
    3795 [k] service: dropped, menu is open
    3795 [k] drive from registerBefore alive
    3796 [k] service: running (pending=nil loop_which=nil)
    3796 [k] service: dropped, menu is open
    3796 [k] drive from registerBefore alive
    3797 [k] service: running (pending=nil loop_which=nil)
    3797 [k] service: dropped, menu is open
    3797 [k] drive from registerBefore alive
    3798 [k] service: running (pending=nil loop_which=nil)
    3798 [k] service: dropped, menu is open
    3798 [k] drive from registerBefore alive
    3799 [k] service: running (pending=nil loop_which=nil)
    3799 [k] service: dropped, menu is open
    3799 [k] drive from registerBefore alive
    3800 [k] service: running (pending=nil loop_which=nil)
    3800 [k] service: dropped, menu is open
    3800 [k] drive from registerBefore alive
    3801 [k] service: running (pending=nil loop_which=nil)
    3801 [k] service: dropped, menu is open
    3801 [k] drive from registerBefore alive
    3802 [k] service: running (pending=nil loop_which=nil)
    3802 [k] service: dropped, menu is open
    3802 [k] drive from registerBefore alive
    3803 [k] service: running (pending=nil loop_which=nil)
    3803 [k] service: dropped, menu is open
    3803 [k] drive from registerBefore alive
    3804 [k] service: running (pending=nil loop_which=nil)
    3804 [k] service: dropped, menu is open
    3804 [k] drive from registerBefore alive
    3805 [k] service: running (pending=nil loop_which=nil)
    3805 [k] service: dropped, menu is open
    3805 [k] drive from registerBefore alive
    3806 [k] service: running (pending=nil loop_which=nil)
    3806 [k] service: dropped, menu is open
    3806 [k] drive from registerBefore alive
    3807 [k] service: running (pending=nil loop_which=nil)
    3807 [k] service: dropped, menu is open
    3807 [k] drive from registerBefore alive
    3808 [k] service: running (pending=nil loop_which=nil)
    3808 [k] service: dropped, menu is open
    3808 [k] drive from registerBefore alive
    3809 [k] service: running (pending=nil loop_which=nil)
    3809 [k] service: dropped, menu is open
    3809 [k] drive from registerBefore alive
    3810 [k] service: running (pending=nil loop_which=nil)
    3810 [k] service: dropped, menu is open
    3810 [k] drive from registerBefore alive
    3811 [k] service: running (pending=nil loop_which=nil)
    3811 [k] service: dropped, menu is open
    3811 [k] drive from registerBefore alive
    3812 [k] service: running (pending=nil loop_which=nil)
    3812 [k] service: dropped, menu is open
    3812 [k] drive from registerBefore alive
    3813 [k] service: running (pending=nil loop_which=nil)
    3813 [k] service: dropped, menu is open
    3813 [k] drive from registerBefore alive
    3814 [k] service: running (pending=nil loop_which=nil)
    3814 [k] service: dropped, menu is open
    3814 [k] drive from registerBefore alive
    3815 [k] service: running (pending=nil loop_which=nil)
    3815 [k] service: dropped, menu is open
    3815 [k] drive from registerBefore alive
    3816 [k] service: running (pending=nil loop_which=nil)
    3816 [k] service: dropped, menu is open
    3816 [k] drive from registerBefore alive
    3817 [k] service: running (pending=nil loop_which=nil)
    3817 [k] service: dropped, menu is open
    3817 [k] drive from registerBefore alive
    3818 [k] service: running (pending=nil loop_which=nil)
    3818 [k] service: dropped, menu is open
    3818 [k] drive from registerBefore alive
    3819 [k] service: running (pending=nil loop_which=nil)
    3819 [k] service: dropped, menu is open
    3819 [k] drive from registerBefore alive
    3820 [k] service: running (pending=nil loop_which=nil)
    3820 [k] service: dropped, menu is open
    3820 [k] drive from registerBefore alive
    3821 [k] service: running (pending=nil loop_which=nil)
    3821 [k] service: dropped, menu is open
    3821 [k] drive from registerBefore alive
    3822 [k] service: running (pending=nil loop_which=nil)
    3822 [k] service: dropped, menu is open
    3822 [k] drive from registerBefore alive
    3823 [k] service: running (pending=nil loop_which=nil)
    3823 [k] service: dropped, menu is open
    3823 [k] drive from registerBefore alive
    3824 [k] service: running (pending=nil loop_which=nil)
    3824 [k] service: dropped, menu is open
    3824 [k] drive from registerBefore alive
    3825 [k] service: running (pending=nil loop_which=nil)
    3825 [k] service: dropped, menu is open
    3825 [k] drive from registerBefore alive
    3826 [k] service: running (pending=nil loop_which=nil)
    3826 [k] service: dropped, menu is open
    3826 [k] drive from registerBefore alive
    3827 [k] service: running (pending=nil loop_which=nil)
    3827 [k] service: dropped, menu is open
    3827 [k] drive from registerBefore alive
    3828 [k] service: running (pending=nil loop_which=nil)
    3828 [k] service: dropped, menu is open
    3828 [k] drive from registerBefore alive
    3829 [k] service: running (pending=nil loop_which=nil)
    3829 [k] service: dropped, menu is open
    3829 [k] drive from registerBefore alive
    3830 [k] service: running (pending=nil loop_which=nil)
    3830 [k] service: dropped, menu is open
    3830 [k] drive from registerBefore alive
    3831 [k] service: running (pending=nil loop_which=nil)
    3831 [k] service: dropped, menu is open
    3831 [k] drive from registerBefore alive
    3832 [k] service: running (pending=nil loop_which=nil)
    3832 [k] service: dropped, menu is open
    3832 [k] drive from registerBefore alive
    3833 [k] service: running (pending=nil loop_which=nil)
    3833 [k] service: dropped, menu is open
    3833 [k] drive from registerBefore alive
    3834 [k] service: running (pending=nil loop_which=nil)
    3834 [k] service: dropped, menu is open
    3834 [k] drive from registerBefore alive
    3835 [k] service: running (pending=nil loop_which=nil)
    3835 [k] service: dropped, menu is open
    3835 [k] drive from registerBefore alive
    3836 [k] service: running (pending=nil loop_which=nil)
    3836 [k] service: dropped, menu is open
    3836 [k] drive from registerBefore alive
    3837 [k] service: running (pending=nil loop_which=nil)
    3837 [k] service: dropped, menu is open
    3837 [k] drive from registerBefore alive
    3838 [k] service: running (pending=nil loop_which=nil)
    3838 [k] service: dropped, menu is open
    3838 [k] drive from registerBefore alive
    3839 [k] service: running (pending=nil loop_which=nil)
    3839 [k] service: dropped, menu is open
    3839 [k] drive from registerBefore alive
    3840 [k] service: running (pending=nil loop_which=nil)
    3840 [k] service: dropped, menu is open
    3840 [k] drive from registerBefore alive
    3841 [k] service: running (pending=nil loop_which=nil)
    3841 [k] service: dropped, menu is open
    3841 [k] drive from registerBefore alive
    3842 [k] service: running (pending=nil loop_which=nil)
    3842 [k] service: dropped, menu is open
    3842 [k] drive from registerBefore alive
    3843 [k] service: running (pending=nil loop_which=nil)
    3843 [k] service: dropped, menu is open
    3843 [k] drive from registerBefore alive
    3844 [k] service: running (pending=nil loop_which=nil)
    3844 [k] service: dropped, menu is open
    3844 [k] drive from registerBefore alive
    3845 [k] service: running (pending=nil loop_which=nil)
    3845 [k] service: dropped, menu is open
    3845 [k] drive from registerBefore alive
    3846 [k] service: running (pending=nil loop_which=nil)
    3846 [k] service: dropped, menu is open
    3846 [k] drive from registerBefore alive
    3847 [k] service: running (pending=nil loop_which=nil)
    3847 [k] service: dropped, menu is open
    3847 [k] drive from registerBefore alive
    3848 [k] service: running (pending=nil loop_which=nil)
    3848 [k] service: dropped, menu is open
    3848 [k] drive from registerBefore alive
    3849 [k] service: running (pending=nil loop_which=nil)
    3849 [k] service: dropped, menu is open
    3849 [k] drive from registerBefore alive
    3850 [k] service: running (pending=nil loop_which=nil)
    3850 [k] service: dropped, menu is open
    3850 [k] drive from registerBefore alive
    3851 [k] service: running (pending=nil loop_which=nil)
    3851 [k] service: dropped, menu is open
    3851 [k] drive from registerBefore alive
    3852 [k] service: running (pending=nil loop_which=nil)
    3852 [k] service: dropped, menu is open
    3852 [k] drive from registerBefore alive
    3853 [k] service: running (pending=nil loop_which=nil)
    3853 [k] service: dropped, menu is open
    3853 [k] drive from registerBefore alive
    3854 [k] service: running (pending=nil loop_which=nil)
    3854 [k] service: dropped, menu is open
    3854 [k] drive from registerBefore alive
    3855 [k] service: running (pending=nil loop_which=nil)
    3855 [k] service: dropped, menu is open
    3855 [k] drive from registerBefore alive
    3856 [k] service: running (pending=nil loop_which=nil)
    3856 [k] service: dropped, menu is open
    3856 [k] drive from registerBefore alive
    3857 [k] service: running (pending=nil loop_which=nil)
    3857 [k] service: dropped, menu is open
    3857 [k] drive from registerBefore alive
    3858 [k] service: running (pending=nil loop_which=nil)
    3858 [k] service: dropped, menu is open
    3858 [k] drive from registerBefore alive
    3859 [k] service: running (pending=nil loop_which=nil)
    3859 [k] service: dropped, menu is open
    3859 [k] drive from registerBefore alive
    3860 [k] service: running (pending=nil loop_which=nil)
    3860 [k] service: dropped, menu is open
    3860 [k] drive from registerBefore alive
    3861 [k] service: running (pending=nil loop_which=nil)
    3861 [k] service: dropped, menu is open
    3861 [k] drive from registerBefore alive
    3862 [k] service: running (pending=nil loop_which=nil)
    3862 [k] service: dropped, menu is open
    3862 [k] drive from registerBefore alive
    3863 [k] service: running (pending=nil loop_which=nil)
    3863 [k] service: dropped, menu is open
    3863 [k] drive from registerBefore alive
    3864 [k] service: running (pending=nil loop_which=nil)
    3864 [k] service: dropped, menu is open
    3864 [k] drive from registerBefore alive
    3865 [k] service: running (pending=nil loop_which=nil)
    3865 [k] service: dropped, menu is open
    3865 [k] drive from registerBefore alive
    3866 [k] service: running (pending=nil loop_which=nil)
    3866 [k] service: dropped, menu is open
    3866 [k] drive from registerBefore alive
    3867 [k] service: running (pending=nil loop_which=nil)
    3867 [k] service: dropped, menu is open
    3867 [k] drive from registerBefore alive
    3868 [k] service: running (pending=nil loop_which=nil)
    3868 [k] service: dropped, menu is open
    3868 [k] drive from registerBefore alive
    3869 [k] service: running (pending=nil loop_which=nil)
    3869 [k] service: dropped, menu is open
    3869 [k] drive from registerBefore alive
    3870 [k] service: running (pending=nil loop_which=nil)
    3870 [k] service: dropped, menu is open
    3870 [k] drive from registerBefore alive
    3871 [k] service: running (pending=nil loop_which=nil)
    3871 [k] service: dropped, menu is open
    3871 [k] drive from registerBefore alive
    3872 [k] service: running (pending=nil loop_which=nil)
    3872 [k] service: dropped, menu is open
    3872 [k] drive from registerBefore alive
    3873 [k] service: running (pending=nil loop_which=nil)
    3873 [k] service: dropped, menu is open
    3873 [k] drive from registerBefore alive
    3874 [k] service: running (pending=nil loop_which=nil)
    3874 [k] service: dropped, menu is open
    3874 [k] drive from registerBefore alive
    3875 [k] service: running (pending=nil loop_which=nil)
    3875 [k] service: dropped, menu is open
    3875 [k] drive from registerBefore alive
    3876 [k] service: running (pending=nil loop_which=nil)
    3876 [k] service: dropped, menu is open
    3876 [k] drive from registerBefore alive
