---- landing prediction ----
P1  landings=1  no_prediction_ticks=0
   err all : -22:31 -21:1 -20:1 -19:1 -18:1 -17:1 -16:1 -15:1 -14:1 -13:1 -12:1 -11:6 -10:1 -9:1 -8:1 -7:1 -6:1 -5:1 -4:1 -3:1 -2:1 -1:1 +0:3
   err NEAR (made within 20 ticks of the landing): -12:1 -11:6 -10:1 -9:1 -8:1 -7:1 -6:1 -5:1 -4:1 -3:1 -2:1 -1:1 +0:3
   err far  (made earlier, can still be invalidated): -22:31 -21:1 -20:1 -19:1 -18:1 -17:1 -16:1 -15:1 -14:1 -13:1
   NEAR + $5C seen at the time : -11:6 +0:14
   NEAR + every frozen tick    : -1:12 +0:8
   NEAR + every STILL tick     : +0:20
   last descent, landed on tick 76:
     t= 16 pred= 38 left= 60  y=    40 vy=  622592 ay=  -32000
     t= 17 pred= 37 left= 59  y=    49 vy=  590592 ay=  -32000
     t= 18 pred= 36 left= 58  y=    57 vy=  558592 ay=  -32000
     t= 19 pred= 35 left= 57  y=    65 vy=  526592 ay=  -32000
     t= 20 pred= 34 left= 56  y=    73 vy=  494592 ay=  -32000
     t= 21 pred= 33 left= 55  y=    80 vy=  462592 ay=  -32000
     t= 22 pred= 32 left= 54  y=    86 vy=  430592 ay=  -32000
     t= 23 pred= 31 left= 53  y=    92 vy=  398592 ay=  -32000
     t= 24 pred= 30 left= 52  y=    98 vy=  366592 ay=  -32000
     t= 25 pred= 29 left= 51  y=   103 vy=  334592 ay=  -32000
     t= 26 pred= 28 left= 50  y=   108 vy=  302592 ay=  -32000
     t= 27 pred= 27 left= 49  y=   112 vy=  270592 ay=  -32000
     t= 28 pred= 26 left= 48  y=   115 vy=  238592 ay=  -32000
     t= 29 pred= 25 left= 47  y=   119 vy=  206592 ay=  -32000
     t= 30 pred= 24 left= 46  y=   121 vy=  174592 ay=  -32000
     t= 31 pred= 23 left= 45  y=   123 vy=  142592 ay=  -32000
     t= 32 pred= 22 left= 44  y=   125 vy=  110592 ay=  -32000
     t= 33 pred= 21 left= 43  y=   126 vy=   78592 ay=  -32000
     t= 34 pred= 20 left= 42  y=   127 vy=   46592 ay=  -32000
     t= 35 pred= 19 left= 41  y=   127 vy=   14592 ay=  -32000
     t= 36 pred= 18 left= 40  y=   127 vy=  -17408 ay=  -32000
     t= 37 pred= 17 left= 39  y=   126 vy=  -49408 ay=  -32000
     t= 38 pred= 16 left= 38  y=   125 vy=  -81408 ay=  -32000
     t= 39 pred= 15 left= 37  y=   123 vy= -113408 ay=  -32000
     t= 40 pred= 14 left= 36  y=   121 vy= -145408 ay=  -32000
     t= 41 pred= 13 left= 35  y=   118 vy= -177408 ay=  -32000
     t= 42 pred= 12 left= 34  y=   115 vy= -209408 ay=  -32000
     t= 43 pred= 11 left= 33  y=   111 vy= -241408 ay=  -32000
     t= 44 pred= 10 left= 32  y=   107 vy= -273408 ay=  -32000
     t= 45 pred=  9 left= 31  y=   103 vy= -305408 ay=  -32000
     t= 46 pred=  8 left= 30  y=    97 vy= -337408 ay=  -32000
     t= 47 pred=  8 left= 29  y=    97 vy= -337408 ay=  -32000
     t= 48 pred=  8 left= 28  y=    97 vy= -337408 ay=  -32000
     t= 49 pred=  8 left= 27  y=    97 vy= -337408 ay=  -32000
     t= 50 pred=  8 left= 26  y=    97 vy= -337408 ay=  -32000
     t= 51 pred=  8 left= 25  y=    97 vy= -337408 ay=  -32000
     t= 52 pred=  8 left= 24  y=    97 vy= -337408 ay=  -32000
     t= 53 pred=  8 left= 23  y=    97 vy= -337408 ay=  -32000
     t= 54 pred=  8 left= 22  y=    97 vy= -337408 ay=  -32000
     t= 55 pred=  8 left= 21  y=    97 vy= -337408 ay=  -32000
P2  landings=0  no_prediction_ticks=0
   err all : -
   err NEAR (made within 20 ticks of the landing): -
   err far  (made earlier, can still be invalidated): -
   NEAR + $5C seen at the time : -
   NEAR + every frozen tick    : -
   NEAR + every STILL tick     : -
---- landing prediction ----
P1  landings=2  no_prediction_ticks=0
   err all : -22:31 -21:1 -20:1 -19:1 -18:1 -17:1 -16:1 -15:1 -14:1 -13:1 -12:1 -11:15 -10:2 -9:2 -8:2 -7:2 -6:2 -5:2 -4:2 -3:2 -2:2 -1:2 +0:6 +5:9
   err NEAR (made within 20 ticks of the landing): -12:1 -11:13 -10:2 -9:2 -8:2 -7:2 -6:2 -5:2 -4:2 -3:2 -2:2 -1:2 +0:6
   err far  (made earlier, can still be invalidated): -22:31 -21:1 -20:1 -19:1 -18:1 -17:1 -16:1 -15:1 -14:1 -13:1 -11:2 +5:9
   NEAR + $5C seen at the time : -11:12 +0:28
   NEAR + every frozen tick    : -1:23 +0:17
   NEAR + every STILL tick     : +0:40
   last descent, landed on tick 160:
     t=129 pred= 36 left= 31  y=    40 vy=  245760 ay=  -13312
     t=130 pred= 35 left= 30  y=    43 vy=  232448 ay=  -13312
     t=131 pred= 34 left= 29  y=    46 vy=  219136 ay=  -13312
     t=132 pred= 33 left= 28  y=    50 vy=  205824 ay=  -13312
     t=133 pred= 32 left= 27  y=    52 vy=  192512 ay=  -13312
     t=134 pred= 31 left= 26  y=    55 vy=  179200 ay=  -13312
     t=135 pred= 30 left= 25  y=    58 vy=  165888 ay=  -13312
     t=136 pred= 29 left= 24  y=    60 vy=  152576 ay=  -13312
     t=137 pred= 28 left= 23  y=    62 vy=  139264 ay=  -13312
     t=138 pred= 11 left= 22  y=    64 vy=       0 ay=  -26624
     t=139 pred= 10 left= 21  y=    64 vy=  -26624 ay=  -26624
     t=140 pred=  9 left= 20  y=    63 vy=  -53248 ay=  -26624
     t=141 pred=  8 left= 19  y=    62 vy=  -79872 ay=  -26624
     t=142 pred=  7 left= 18  y=    60 vy= -106496 ay=  -26624
     t=143 pred=  6 left= 17  y=    58 vy= -133120 ay=  -26624
     t=144 pred=  5 left= 16  y=    56 vy= -159744 ay=  -26624
     t=145 pred=  4 left= 15  y=    53 vy= -186368 ay=  -26624
     t=146 pred=  3 left= 14  y=    49 vy= -212992 ay=  -26624
     t=147 pred=  3 left= 13  y=    49 vy= -212992 ay=  -26624
     t=148 pred=  3 left= 12  y=    49 vy= -212992 ay=  -26624
     t=149 pred=  3 left= 11  y=    49 vy= -212992 ay=  -26624
     t=150 pred=  3 left= 10  y=    49 vy= -212992 ay=  -26624
     t=151 pred=  3 left=  9  y=    49 vy= -212992 ay=  -26624
     t=152 pred=  3 left=  8  y=    49 vy= -212992 ay=  -26624
     t=153 pred=  3 left=  7  y=    49 vy= -212992 ay=  -26624
     t=154 pred=  3 left=  6  y=    49 vy= -212992 ay=  -26624
     t=155 pred=  3 left=  5  y=    49 vy= -212992 ay=  -26624
     t=156 pred=  3 left=  4  y=    49 vy= -212992 ay=  -26624
     t=157 pred=  3 left=  3  y=    49 vy= -212992 ay=  -26624
     t=158 pred=  2 left=  2  y=    46 vy= -239616 ay=  -26624
     t=159 pred=  1 left=  1  y=    42 vy= -266240 ay=  -26624
P2  landings=0  no_prediction_ticks=0
   err all : -
   err NEAR (made within 20 ticks of the landing): -
   err far  (made earlier, can still be invalidated): -
   NEAR + $5C seen at the time : -
   NEAR + every frozen tick    : -
   NEAR + every STILL tick     : -
---- landing prediction ----
P1  landings=3  no_prediction_ticks=0
   err all : -22:31 -21:1 -20:1 -19:1 -18:1 -17:1 -16:1 -15:1 -14:1 -13:1 -12:1 -11:22 -10:3 -9:3 -8:3 -7:3 -6:3 -5:3 -4:3 -3:3 -2:3 -1:3 +0:11 +5:18
   err NEAR (made within 20 ticks of the landing): -12:1 -11:18 -10:3 -9:3 -8:3 -7:3 -6:3 -5:3 -4:3 -3:3 -2:3 -1:3 +0:11
   err far  (made earlier, can still be invalidated): -22:31 -21:1 -20:1 -19:1 -18:1 -17:1 -16:1 -15:1 -14:1 -13:1 -11:4 +5:18
   NEAR + $5C seen at the time : -11:16 +0:44
   NEAR + every frozen tick    : -1:34 +0:26
   NEAR + every STILL tick     : +0:60
   last descent, landed on tick 236:
     t=205 pred= 36 left= 31  y=    40 vy=  245760 ay=  -13312
     t=206 pred= 35 left= 30  y=    43 vy=  232448 ay=  -13312
     t=207 pred= 34 left= 29  y=    46 vy=  219136 ay=  -13312
     t=208 pred= 33 left= 28  y=    50 vy=  205824 ay=  -13312
     t=209 pred= 32 left= 27  y=    52 vy=  192512 ay=  -13312
     t=210 pred= 31 left= 26  y=    55 vy=  179200 ay=  -13312
     t=211 pred= 30 left= 25  y=    58 vy=  165888 ay=  -13312
     t=212 pred= 29 left= 24  y=    60 vy=  152576 ay=  -13312
     t=213 pred= 28 left= 23  y=    62 vy=  139264 ay=  -13312
     t=214 pred= 11 left= 22  y=    64 vy=       0 ay=  -26624
     t=215 pred= 10 left= 21  y=    64 vy=  -26624 ay=  -26624
     t=216 pred=  9 left= 20  y=    63 vy=  -53248 ay=  -26624
     t=217 pred=  8 left= 19  y=    62 vy=  -79872 ay=  -26624
     t=218 pred=  7 left= 18  y=    60 vy= -106496 ay=  -26624
     t=219 pred=  6 left= 17  y=    58 vy= -133120 ay=  -26624
     t=220 pred=  5 left= 16  y=    56 vy= -159744 ay=  -26624
     t=221 pred=  5 left= 15  y=    56 vy= -159744 ay=  -26624
     t=222 pred=  5 left= 14  y=    56 vy= -159744 ay=  -26624
     t=223 pred=  5 left= 13  y=    56 vy= -159744 ay=  -26624
     t=224 pred=  5 left= 12  y=    56 vy= -159744 ay=  -26624
     t=225 pred=  5 left= 11  y=    56 vy= -159744 ay=  -26624
     t=226 pred=  5 left= 10  y=    56 vy= -159744 ay=  -26624
     t=227 pred=  5 left=  9  y=    56 vy= -159744 ay=  -26624
     t=228 pred=  5 left=  8  y=    56 vy= -159744 ay=  -26624
     t=229 pred=  5 left=  7  y=    56 vy= -159744 ay=  -26624
     t=230 pred=  5 left=  6  y=    56 vy= -159744 ay=  -26624
     t=231 pred=  5 left=  5  y=    56 vy= -159744 ay=  -26624
     t=232 pred=  4 left=  4  y=    53 vy= -186368 ay=  -26624
     t=233 pred=  3 left=  3  y=    49 vy= -212992 ay=  -26624
     t=234 pred=  2 left=  2  y=    46 vy= -239616 ay=  -26624
     t=235 pred=  1 left=  1  y=    42 vy= -266240 ay=  -26624
P2  landings=0  no_prediction_ticks=0
   err all : -
   err NEAR (made within 20 ticks of the landing): -
   err far  (made earlier, can still be invalidated): -
   NEAR + $5C seen at the time : -
   NEAR + every frozen tick    : -
   NEAR + every STILL tick     : -
---- landing prediction ----
P1  landings=4  no_prediction_ticks=0
   err all : -22:31 -21:1 -20:1 -19:1 -18:1 -17:1 -16:1 -15:1 -14:1 -13:1 -12:1 -11:22 -10:3 -9:3 -8:3 -7:3 -6:3 -5:3 -4:3 -3:3 -2:3 -1:3 +0:22 +5:18 +16:9
   err NEAR (made within 20 ticks of the landing): -12:1 -11:18 -10:3 -9:3 -8:3 -7:3 -6:3 -5:3 -4:3 -3:3 -2:3 -1:3 +0:22 +16:9
   err far  (made earlier, can still be invalidated): -22:31 -21:1 -20:1 -19:1 -18:1 -17:1 -16:1 -15:1 -14:1 -13:1 -11:4 +5:18
   NEAR + $5C seen at the time : -11:16 +0:55 +16:9
   NEAR + every frozen tick    : -1:34 +0:37 +16:9
   NEAR + every STILL tick     : +0:71 +16:9
   last descent, landed on tick 2:
     t=238 pred= 36 left= 20  y=    40 vy=  245760 ay=  -13312
     t=239 pred= 35 left= 19  y=    43 vy=  232448 ay=  -13312
     t=240 pred= 34 left= 18  y=    46 vy=  219136 ay=  -13312
     t=241 pred= 33 left= 17  y=    50 vy=  205824 ay=  -13312
     t=242 pred= 32 left= 16  y=    52 vy=  192512 ay=  -13312
     t=243 pred= 31 left= 15  y=    55 vy=  179200 ay=  -13312
     t=244 pred= 30 left= 14  y=    58 vy=  165888 ay=  -13312
     t=245 pred= 29 left= 13  y=    60 vy=  152576 ay=  -13312
     t=246 pred= 28 left= 12  y=    62 vy=  139264 ay=  -13312
     t=247 pred= 11 left= 11  y=    64 vy=       0 ay=  -26624
     t=248 pred= 10 left= 10  y=    64 vy=  -26624 ay=  -26624
     t=249 pred=  9 left=  9  y=    63 vy=  -53248 ay=  -26624
     t=250 pred=  8 left=  8  y=    62 vy=  -79872 ay=  -26624
     t=251 pred=  7 left=  7  y=    60 vy= -106496 ay=  -26624
     t=252 pred=  6 left=  6  y=    58 vy= -133120 ay=  -26624
     t=253 pred=  5 left=  5  y=    56 vy= -159744 ay=  -26624
     t=254 pred=  4 left=  4  y=    53 vy= -186368 ay=  -26624
     t=255 pred=  3 left=  3  y=    49 vy= -212992 ay=  -26624
     t=  0 pred=  2 left=  2  y=    46 vy= -239616 ay=  -26624
     t=  1 pred=  1 left=  1  y=    42 vy= -266240 ay=  -26624
P2  landings=0  no_prediction_ticks=0
   err all : -
   err NEAR (made within 20 ticks of the landing): -
   err far  (made earlier, can still be invalidated): -
   NEAR + $5C seen at the time : -
   NEAR + every frozen tick    : -
   NEAR + every STILL tick     : -
---- landing prediction ----
P1  landings=5  no_prediction_ticks=0
   err all : -22:31 -21:1 -20:1 -19:1 -18:1 -17:1 -16:1 -15:1 -14:1 -13:1 -12:1 -11:31 -10:4 -9:4 -8:4 -7:4 -6:4 -5:4 -4:4 -3:4 -2:4 -1:4 +0:25 +5:27 +16:9
   err NEAR (made within 20 ticks of the landing): -12:1 -11:25 -10:4 -9:4 -8:4 -7:4 -6:4 -5:4 -4:4 -3:4 -2:4 -1:4 +0:25 +16:9
   err far  (made earlier, can still be invalidated): -22:31 -21:1 -20:1 -19:1 -18:1 -17:1 -16:1 -15:1 -14:1 -13:1 -11:6 +5:27
   NEAR + $5C seen at the time : -11:22 +0:69 +16:9
   NEAR + every frozen tick    : -1:45 +0:46 +16:9
   NEAR + every STILL tick     : +0:91 +16:9
   last descent, landed on tick 81:
     t= 50 pred= 36 left= 31  y=    40 vy=  245760 ay=  -13312
     t= 51 pred= 35 left= 30  y=    43 vy=  232448 ay=  -13312
     t= 52 pred= 34 left= 29  y=    46 vy=  219136 ay=  -13312
     t= 53 pred= 33 left= 28  y=    50 vy=  205824 ay=  -13312
     t= 54 pred= 32 left= 27  y=    52 vy=  192512 ay=  -13312
     t= 55 pred= 31 left= 26  y=    55 vy=  179200 ay=  -13312
     t= 56 pred= 30 left= 25  y=    58 vy=  165888 ay=  -13312
     t= 57 pred= 29 left= 24  y=    60 vy=  152576 ay=  -13312
     t= 58 pred= 28 left= 23  y=    62 vy=  139264 ay=  -13312
     t= 59 pred= 11 left= 22  y=    64 vy=       0 ay=  -26624
     t= 60 pred= 10 left= 21  y=    64 vy=  -26624 ay=  -26624
     t= 61 pred=  9 left= 20  y=    63 vy=  -53248 ay=  -26624
     t= 62 pred=  8 left= 19  y=    62 vy=  -79872 ay=  -26624
     t= 63 pred=  7 left= 18  y=    60 vy= -106496 ay=  -26624
     t= 64 pred=  6 left= 17  y=    58 vy= -133120 ay=  -26624
     t= 65 pred=  5 left= 16  y=    56 vy= -159744 ay=  -26624
     t= 66 pred=  4 left= 15  y=    53 vy= -186368 ay=  -26624
     t= 67 pred=  3 left= 14  y=    49 vy= -212992 ay=  -26624
     t= 68 pred=  3 left= 13  y=    49 vy= -212992 ay=  -26624
     t= 69 pred=  3 left= 12  y=    49 vy= -212992 ay=  -26624
     t= 70 pred=  3 left= 11  y=    49 vy= -212992 ay=  -26624
     t= 71 pred=  3 left= 10  y=    49 vy= -212992 ay=  -26624
     t= 72 pred=  3 left=  9  y=    49 vy= -212992 ay=  -26624
     t= 73 pred=  3 left=  8  y=    49 vy= -212992 ay=  -26624
     t= 74 pred=  3 left=  7  y=    49 vy= -212992 ay=  -26624
     t= 75 pred=  3 left=  6  y=    49 vy= -212992 ay=  -26624
     t= 76 pred=  3 left=  5  y=    49 vy= -212992 ay=  -26624
     t= 77 pred=  3 left=  4  y=    49 vy= -212992 ay=  -26624
     t= 78 pred=  3 left=  3  y=    49 vy= -212992 ay=  -26624
     t= 79 pred=  2 left=  2  y=    46 vy= -239616 ay=  -26624
     t= 80 pred=  1 left=  1  y=    42 vy= -266240 ay=  -26624
P2  landings=0  no_prediction_ticks=0
   err all : -
   err NEAR (made within 20 ticks of the landing): -
   err far  (made earlier, can still be invalidated): -
   NEAR + $5C seen at the time : -
   NEAR + every frozen tick    : -
   NEAR + every STILL tick     : -
---- landing prediction ----
P1  landings=6  no_prediction_ticks=0
   err all : -22:31 -21:1 -20:1 -19:1 -18:1 -17:1 -16:1 -15:1 -14:1 -13:1 -12:1 -11:41 -10:5 -9:5 -8:5 -7:5 -6:5 -5:5 -4:5 -3:5 -2:5 -1:5 +0:27 +5:36 +16:9
   err NEAR (made within 20 ticks of the landing): -12:1 -11:33 -10:5 -9:5 -8:5 -7:5 -6:5 -5:5 -4:5 -3:5 -2:5 -1:5 +0:27 +16:9
   err far  (made earlier, can still be invalidated): -22:31 -21:1 -20:1 -19:1 -18:1 -17:1 -16:1 -15:1 -14:1 -13:1 -11:8 +5:36
   NEAR + $5C seen at the time : -11:29 +0:82 +16:9
   NEAR + every frozen tick    : -1:56 +0:55 +16:9
   NEAR + every STILL tick     : +0:111 +16:9
   last descent, landed on tick 160:
     t=129 pred= 36 left= 31  y=    40 vy=  245760 ay=  -13312
     t=130 pred= 35 left= 30  y=    43 vy=  232448 ay=  -13312
     t=131 pred= 34 left= 29  y=    46 vy=  219136 ay=  -13312
     t=132 pred= 33 left= 28  y=    50 vy=  205824 ay=  -13312
     t=133 pred= 32 left= 27  y=    52 vy=  192512 ay=  -13312
     t=134 pred= 31 left= 26  y=    55 vy=  179200 ay=  -13312
     t=135 pred= 30 left= 25  y=    58 vy=  165888 ay=  -13312
     t=136 pred= 29 left= 24  y=    60 vy=  152576 ay=  -13312
     t=137 pred= 28 left= 23  y=    62 vy=  139264 ay=  -13312
     t=138 pred= 11 left= 22  y=    64 vy=       0 ay=  -26624
     t=139 pred= 10 left= 21  y=    64 vy=  -26624 ay=  -26624
     t=140 pred=  9 left= 20  y=    63 vy=  -53248 ay=  -26624
     t=141 pred=  8 left= 19  y=    62 vy=  -79872 ay=  -26624
     t=142 pred=  7 left= 18  y=    60 vy= -106496 ay=  -26624
     t=143 pred=  6 left= 17  y=    58 vy= -133120 ay=  -26624
     t=144 pred=  5 left= 16  y=    56 vy= -159744 ay=  -26624
     t=145 pred=  4 left= 15  y=    53 vy= -186368 ay=  -26624
     t=146 pred=  3 left= 14  y=    49 vy= -212992 ay=  -26624
     t=147 pred=  2 left= 13  y=    46 vy= -239616 ay=  -26624
     t=148 pred=  2 left= 12  y=    46 vy= -239616 ay=  -26624
     t=149 pred=  2 left= 11  y=    46 vy= -239616 ay=  -26624
     t=150 pred=  2 left= 10  y=    46 vy= -239616 ay=  -26624
     t=151 pred=  2 left=  9  y=    46 vy= -239616 ay=  -26624
     t=152 pred=  2 left=  8  y=    46 vy= -239616 ay=  -26624
     t=153 pred=  2 left=  7  y=    46 vy= -239616 ay=  -26624
     t=154 pred=  2 left=  6  y=    46 vy= -239616 ay=  -26624
     t=155 pred=  2 left=  5  y=    46 vy= -239616 ay=  -26624
     t=156 pred=  2 left=  4  y=    46 vy= -239616 ay=  -26624
     t=157 pred=  2 left=  3  y=    46 vy= -239616 ay=  -26624
     t=158 pred=  2 left=  2  y=    46 vy= -239616 ay=  -26624
     t=159 pred=  1 left=  1  y=    42 vy= -266240 ay=  -26624
P2  landings=0  no_prediction_ticks=0
   err all : -
   err NEAR (made within 20 ticks of the landing): -
   err far  (made earlier, can still be invalidated): -
   NEAR + $5C seen at the time : -
   NEAR + every frozen tick    : -
   NEAR + every STILL tick     : -
---- landing prediction ----
P1  landings=7  no_prediction_ticks=0
   err all : -22:31 -21:1 -20:1 -19:1 -18:1 -17:1 -16:1 -15:1 -14:1 -13:1 -12:1 -11:50 -10:6 -9:6 -8:6 -7:6 -6:6 -5:6 -4:6 -3:6 -2:6 -1:6 +0:30 +5:45 +16:9
   err NEAR (made within 20 ticks of the landing): -12:1 -11:40 -10:6 -9:6 -8:6 -7:6 -6:6 -5:6 -4:6 -3:6 -2:6 -1:6 +0:30 +16:9
   err far  (made earlier, can still be invalidated): -22:31 -21:1 -20:1 -19:1 -18:1 -17:1 -16:1 -15:1 -14:1 -13:1 -11:10 +5:45
   NEAR + $5C seen at the time : -11:35 +0:96 +16:9
   NEAR + every frozen tick    : -1:67 +0:64 +16:9
   NEAR + every STILL tick     : +0:131 +16:9
   last descent, landed on tick 241:
     t=210 pred= 36 left= 31  y=    40 vy=  245760 ay=  -13312
     t=211 pred= 35 left= 30  y=    43 vy=  232448 ay=  -13312
     t=212 pred= 34 left= 29  y=    46 vy=  219136 ay=  -13312
     t=213 pred= 33 left= 28  y=    50 vy=  205824 ay=  -13312
     t=214 pred= 32 left= 27  y=    52 vy=  192512 ay=  -13312
     t=215 pred= 31 left= 26  y=    55 vy=  179200 ay=  -13312
     t=216 pred= 30 left= 25  y=    58 vy=  165888 ay=  -13312
     t=217 pred= 29 left= 24  y=    60 vy=  152576 ay=  -13312
     t=218 pred= 28 left= 23  y=    62 vy=  139264 ay=  -13312
     t=219 pred= 11 left= 22  y=    64 vy=       0 ay=  -26624
     t=220 pred= 10 left= 21  y=    64 vy=  -26624 ay=  -26624
     t=221 pred=  9 left= 20  y=    63 vy=  -53248 ay=  -26624
     t=222 pred=  8 left= 19  y=    62 vy=  -79872 ay=  -26624
     t=223 pred=  7 left= 18  y=    60 vy= -106496 ay=  -26624
     t=224 pred=  6 left= 17  y=    58 vy= -133120 ay=  -26624
     t=225 pred=  5 left= 16  y=    56 vy= -159744 ay=  -26624
     t=226 pred=  4 left= 15  y=    53 vy= -186368 ay=  -26624
     t=227 pred=  3 left= 14  y=    49 vy= -212992 ay=  -26624
     t=228 pred=  3 left= 13  y=    49 vy= -212992 ay=  -26624
     t=229 pred=  3 left= 12  y=    49 vy= -212992 ay=  -26624
     t=230 pred=  3 left= 11  y=    49 vy= -212992 ay=  -26624
     t=231 pred=  3 left= 10  y=    49 vy= -212992 ay=  -26624
     t=232 pred=  3 left=  9  y=    49 vy= -212992 ay=  -26624
     t=233 pred=  3 left=  8  y=    49 vy= -212992 ay=  -26624
     t=234 pred=  3 left=  7  y=    49 vy= -212992 ay=  -26624
     t=235 pred=  3 left=  6  y=    49 vy= -212992 ay=  -26624
     t=236 pred=  3 left=  5  y=    49 vy= -212992 ay=  -26624
     t=237 pred=  3 left=  4  y=    49 vy= -212992 ay=  -26624
     t=238 pred=  3 left=  3  y=    49 vy= -212992 ay=  -26624
     t=239 pred=  2 left=  2  y=    46 vy= -239616 ay=  -26624
     t=240 pred=  1 left=  1  y=    42 vy= -266240 ay=  -26624
P2  landings=0  no_prediction_ticks=0
   err all : -
   err NEAR (made within 20 ticks of the landing): -
   err far  (made earlier, can still be invalidated): -
   NEAR + $5C seen at the time : -
   NEAR + every frozen tick    : -
   NEAR + every STILL tick     : -
---- landing prediction ----
P1  landings=8  no_prediction_ticks=0
   err all : -22:31 -21:1 -20:1 -19:1 -18:1 -17:1 -16:1 -15:1 -14:1 -13:1 -12:1 -11:58 -10:7 -9:7 -8:7 -7:7 -6:7 -5:7 -4:7 -3:7 -2:7 -1:7 +0:34 +5:54 +16:9
   err NEAR (made within 20 ticks of the landing): -12:1 -11:46 -10:7 -9:7 -8:7 -7:7 -6:7 -5:7 -4:7 -3:7 -2:7 -1:7 +0:34 +16:9
   err far  (made earlier, can still be invalidated): -22:31 -21:1 -20:1 -19:1 -18:1 -17:1 -16:1 -15:1 -14:1 -13:1 -11:12 +5:54
   NEAR + $5C seen at the time : -11:40 +0:111 +16:9
   NEAR + every frozen tick    : -1:78 +0:73 +16:9
   NEAR + every STILL tick     : +0:151 +16:9
   last descent, landed on tick 74:
     t= 43 pred= 36 left= 31  y=    40 vy=  245760 ay=  -13312
     t= 44 pred= 35 left= 30  y=    43 vy=  232448 ay=  -13312
     t= 45 pred= 34 left= 29  y=    46 vy=  219136 ay=  -13312
     t= 46 pred= 33 left= 28  y=    50 vy=  205824 ay=  -13312
     t= 47 pred= 32 left= 27  y=    52 vy=  192512 ay=  -13312
     t= 48 pred= 31 left= 26  y=    55 vy=  179200 ay=  -13312
     t= 49 pred= 30 left= 25  y=    58 vy=  165888 ay=  -13312
     t= 50 pred= 29 left= 24  y=    60 vy=  152576 ay=  -13312
     t= 51 pred= 28 left= 23  y=    62 vy=  139264 ay=  -13312
     t= 52 pred= 11 left= 22  y=    64 vy=       0 ay=  -26624
     t= 53 pred= 10 left= 21  y=    64 vy=  -26624 ay=  -26624
     t= 54 pred=  9 left= 20  y=    63 vy=  -53248 ay=  -26624
     t= 55 pred=  8 left= 19  y=    62 vy=  -79872 ay=  -26624
     t= 56 pred=  7 left= 18  y=    60 vy= -106496 ay=  -26624
     t= 57 pred=  6 left= 17  y=    58 vy= -133120 ay=  -26624
     t= 58 pred=  5 left= 16  y=    56 vy= -159744 ay=  -26624
     t= 59 pred=  4 left= 15  y=    53 vy= -186368 ay=  -26624
     t= 60 pred=  4 left= 14  y=    53 vy= -186368 ay=  -26624
     t= 61 pred=  4 left= 13  y=    53 vy= -186368 ay=  -26624
     t= 62 pred=  4 left= 12  y=    53 vy= -186368 ay=  -26624
     t= 63 pred=  4 left= 11  y=    53 vy= -186368 ay=  -26624
     t= 64 pred=  4 left= 10  y=    53 vy= -186368 ay=  -26624
     t= 65 pred=  4 left=  9  y=    53 vy= -186368 ay=  -26624
     t= 66 pred=  4 left=  8  y=    53 vy= -186368 ay=  -26624
     t= 67 pred=  4 left=  7  y=    53 vy= -186368 ay=  -26624
     t= 68 pred=  4 left=  6  y=    53 vy= -186368 ay=  -26624
     t= 69 pred=  4 left=  5  y=    53 vy= -186368 ay=  -26624
     t= 70 pred=  4 left=  4  y=    53 vy= -186368 ay=  -26624
     t= 71 pred=  3 left=  3  y=    49 vy= -212992 ay=  -26624
     t= 72 pred=  2 left=  2  y=    46 vy= -239616 ay=  -26624
     t= 73 pred=  1 left=  1  y=    42 vy= -266240 ay=  -26624
P2  landings=0  no_prediction_ticks=0
   err all : -
   err NEAR (made within 20 ticks of the landing): -
   err far  (made earlier, can still be invalidated): -
   NEAR + $5C seen at the time : -
   NEAR + every frozen tick    : -
   NEAR + every STILL tick     : -
---- landing prediction ----
P1  landings=9  no_prediction_ticks=0
   err all : -22:31 -21:1 -20:1 -19:1 -18:1 -17:1 -16:1 -15:1 -14:1 -13:1 -12:1 -11:66 -10:8 -9:8 -8:8 -7:8 -6:8 -5:8 -4:8 -3:8 -2:8 -1:8 +0:38 +5:63 +16:9
   err NEAR (made within 20 ticks of the landing): -12:1 -11:52 -10:8 -9:8 -8:8 -7:8 -6:8 -5:8 -4:8 -3:8 -2:8 -1:8 +0:38 +16:9
   err far  (made earlier, can still be invalidated): -22:31 -21:1 -20:1 -19:1 -18:1 -17:1 -16:1 -15:1 -14:1 -13:1 -11:14 +5:63
   NEAR + $5C seen at the time : -11:45 +0:126 +16:9
   NEAR + every frozen tick    : -1:89 +0:82 +16:9
   NEAR + every STILL tick     : +0:171 +16:9
   last descent, landed on tick 180:
     t=149 pred= 36 left= 31  y=    40 vy=  245760 ay=  -13312
     t=150 pred= 35 left= 30  y=    43 vy=  232448 ay=  -13312
     t=151 pred= 34 left= 29  y=    46 vy=  219136 ay=  -13312
     t=152 pred= 33 left= 28  y=    50 vy=  205824 ay=  -13312
     t=153 pred= 32 left= 27  y=    52 vy=  192512 ay=  -13312
     t=154 pred= 31 left= 26  y=    55 vy=  179200 ay=  -13312
     t=155 pred= 30 left= 25  y=    58 vy=  165888 ay=  -13312
     t=156 pred= 29 left= 24  y=    60 vy=  152576 ay=  -13312
     t=157 pred= 28 left= 23  y=    62 vy=  139264 ay=  -13312
     t=158 pred= 11 left= 22  y=    64 vy=       0 ay=  -26624
     t=159 pred= 10 left= 21  y=    64 vy=  -26624 ay=  -26624
     t=160 pred=  9 left= 20  y=    63 vy=  -53248 ay=  -26624
     t=161 pred=  8 left= 19  y=    62 vy=  -79872 ay=  -26624
     t=162 pred=  7 left= 18  y=    60 vy= -106496 ay=  -26624
     t=163 pred=  6 left= 17  y=    58 vy= -133120 ay=  -26624
     t=164 pred=  5 left= 16  y=    56 vy= -159744 ay=  -26624
     t=165 pred=  4 left= 15  y=    53 vy= -186368 ay=  -26624
     t=166 pred=  4 left= 14  y=    53 vy= -186368 ay=  -26624
     t=167 pred=  4 left= 13  y=    53 vy= -186368 ay=  -26624
     t=168 pred=  4 left= 12  y=    53 vy= -186368 ay=  -26624
     t=169 pred=  4 left= 11  y=    53 vy= -186368 ay=  -26624
     t=170 pred=  4 left= 10  y=    53 vy= -186368 ay=  -26624
     t=171 pred=  4 left=  9  y=    53 vy= -186368 ay=  -26624
     t=172 pred=  4 left=  8  y=    53 vy= -186368 ay=  -26624
     t=173 pred=  4 left=  7  y=    53 vy= -186368 ay=  -26624
     t=174 pred=  4 left=  6  y=    53 vy= -186368 ay=  -26624
     t=175 pred=  4 left=  5  y=    53 vy= -186368 ay=  -26624
     t=176 pred=  4 left=  4  y=    53 vy= -186368 ay=  -26624
     t=177 pred=  3 left=  3  y=    49 vy= -212992 ay=  -26624
     t=178 pred=  2 left=  2  y=    46 vy= -239616 ay=  -26624
     t=179 pred=  1 left=  1  y=    42 vy= -266240 ay=  -26624
P2  landings=0  no_prediction_ticks=0
   err all : -
   err NEAR (made within 20 ticks of the landing): -
   err far  (made earlier, can still be invalidated): -
   NEAR + $5C seen at the time : -
   NEAR + every frozen tick    : -
   NEAR + every STILL tick     : -
---- landing prediction ----
P1  landings=10  no_prediction_ticks=0
   err all : -22:58 -21:2 -20:2 -19:2 -18:2 -17:2 -16:2 -15:2 -14:2 -13:2 -12:2 -11:74 -10:9 -9:9 -8:9 -7:9 -6:9 -5:9 -4:9 -3:9 -2:9 -1:9 +0:43 +5:63 +16:9
   err NEAR (made within 20 ticks of the landing): -12:1 -11:57 -10:9 -9:9 -8:9 -7:9 -6:9 -5:9 -4:9 -3:9 -2:9 -1:9 +0:43 +16:9
   err far  (made earlier, can still be invalidated): -22:58 -21:2 -20:2 -19:2 -18:2 -17:2 -16:2 -15:2 -14:2 -13:2 -12:1 -11:17 +5:63
   NEAR + $5C seen at the time : -11:49 +0:142 +16:9
   NEAR + every frozen tick    : -1:100 +0:91 +16:9
   NEAR + every STILL tick     : +0:191 +16:9
   last descent, landed on tick 249:
     t=189 pred= 38 left= 60  y=    40 vy=  614400 ay=  -32000
     t=190 pred= 37 left= 59  y=    48 vy=  582400 ay=  -32000
     t=191 pred= 36 left= 58  y=    57 vy=  550400 ay=  -32000
     t=192 pred= 35 left= 57  y=    65 vy=  518400 ay=  -32000
     t=193 pred= 34 left= 56  y=    72 vy=  486400 ay=  -32000
     t=194 pred= 33 left= 55  y=    79 vy=  454400 ay=  -32000
     t=195 pred= 32 left= 54  y=    85 vy=  422400 ay=  -32000
     t=196 pred= 31 left= 53  y=    91 vy=  390400 ay=  -32000
     t=197 pred= 30 left= 52  y=    97 vy=  358400 ay=  -32000
     t=198 pred= 29 left= 51  y=   102 vy=  326400 ay=  -32000
     t=199 pred= 28 left= 50  y=   106 vy=  294400 ay=  -32000
     t=200 pred= 27 left= 49  y=   110 vy=  262400 ay=  -32000
     t=201 pred= 26 left= 48  y=   114 vy=  230400 ay=  -32000
     t=202 pred= 25 left= 47  y=   117 vy=  198400 ay=  -32000
     t=203 pred= 24 left= 46  y=   119 vy=  166400 ay=  -32000
     t=204 pred= 23 left= 45  y=   122 vy=  134400 ay=  -32000
     t=205 pred= 22 left= 44  y=   123 vy=  102400 ay=  -32000
     t=206 pred= 21 left= 43  y=   124 vy=   70400 ay=  -32000
     t=207 pred= 20 left= 42  y=   125 vy=   38400 ay=  -32000
     t=208 pred= 19 left= 41  y=   125 vy=    6400 ay=  -32000
     t=209 pred= 18 left= 40  y=   124 vy=  -25600 ay=  -32000
     t=210 pred= 17 left= 39  y=   124 vy=  -57600 ay=  -32000
     t=211 pred= 16 left= 38  y=   122 vy=  -89600 ay=  -32000
     t=212 pred= 15 left= 37  y=   120 vy= -121600 ay=  -32000
     t=213 pred= 14 left= 36  y=   118 vy= -153600 ay=  -32000
     t=214 pred= 13 left= 35  y=   115 vy= -185600 ay=  -32000
     t=215 pred= 12 left= 34  y=   112 vy= -217600 ay=  -32000
     t=216 pred= 12 left= 33  y=   112 vy= -217600 ay=  -32000
     t=217 pred= 12 left= 32  y=   112 vy= -217600 ay=  -32000
     t=218 pred= 12 left= 31  y=   112 vy= -217600 ay=  -32000
     t=219 pred= 12 left= 30  y=   112 vy= -217600 ay=  -32000
     t=220 pred= 12 left= 29  y=   112 vy= -217600 ay=  -32000
     t=221 pred= 12 left= 28  y=   112 vy= -217600 ay=  -32000
     t=222 pred= 12 left= 27  y=   112 vy= -217600 ay=  -32000
     t=223 pred= 12 left= 26  y=   112 vy= -217600 ay=  -32000
     t=224 pred= 12 left= 25  y=   112 vy= -217600 ay=  -32000
     t=225 pred= 12 left= 24  y=   112 vy= -217600 ay=  -32000
     t=226 pred= 12 left= 23  y=   112 vy= -217600 ay=  -32000
     t=227 pred= 11 left= 22  y=   108 vy= -249600 ay=  -32000
     t=228 pred= 10 left= 21  y=   104 vy= -281600 ay=  -32000
P2  landings=0  no_prediction_ticks=0
   err all : -
   err NEAR (made within 20 ticks of the landing): -
   err far  (made earlier, can still be invalidated): -
   NEAR + $5C seen at the time : -
   NEAR + every frozen tick    : -
   NEAR + every STILL tick     : -
---- landing prediction ----
P1  landings=11  no_prediction_ticks=0
   err all : -22:58 -21:2 -20:2 -19:2 -18:2 -17:2 -16:2 -15:2 -14:2 -13:2 -12:2 -11:83 -10:10 -9:10 -8:10 -7:10 -6:10 -5:10 -4:10 -3:10 -2:10 -1:10 +0:46 +5:72 +16:9
   err NEAR (made within 20 ticks of the landing): -12:1 -11:64 -10:10 -9:10 -8:10 -7:10 -6:10 -5:10 -4:10 -3:10 -2:10 -1:10 +0:46 +16:9
   err far  (made earlier, can still be invalidated): -22:58 -21:2 -20:2 -19:2 -18:2 -17:2 -16:2 -15:2 -14:2 -13:2 -12:1 -11:19 +5:72
   NEAR + $5C seen at the time : -11:55 +0:156 +16:9
   NEAR + every frozen tick    : -1:111 +0:100 +16:9
   NEAR + every STILL tick     : +0:211 +16:9
   last descent, landed on tick 64:
     t= 33 pred= 36 left= 31  y=    40 vy=  245760 ay=  -13312
     t= 34 pred= 35 left= 30  y=    43 vy=  232448 ay=  -13312
     t= 35 pred= 34 left= 29  y=    46 vy=  219136 ay=  -13312
     t= 36 pred= 33 left= 28  y=    50 vy=  205824 ay=  -13312
     t= 37 pred= 32 left= 27  y=    52 vy=  192512 ay=  -13312
     t= 38 pred= 31 left= 26  y=    55 vy=  179200 ay=  -13312
     t= 39 pred= 30 left= 25  y=    58 vy=  165888 ay=  -13312
     t= 40 pred= 29 left= 24  y=    60 vy=  152576 ay=  -13312
     t= 41 pred= 28 left= 23  y=    62 vy=  139264 ay=  -13312
     t= 42 pred= 11 left= 22  y=    64 vy=       0 ay=  -26624
     t= 43 pred= 10 left= 21  y=    64 vy=  -26624 ay=  -26624
     t= 44 pred=  9 left= 20  y=    63 vy=  -53248 ay=  -26624
     t= 45 pred=  8 left= 19  y=    62 vy=  -79872 ay=  -26624
     t= 46 pred=  7 left= 18  y=    60 vy= -106496 ay=  -26624
     t= 47 pred=  6 left= 17  y=    58 vy= -133120 ay=  -26624
     t= 48 pred=  5 left= 16  y=    56 vy= -159744 ay=  -26624
     t= 49 pred=  4 left= 15  y=    53 vy= -186368 ay=  -26624
     t= 50 pred=  3 left= 14  y=    49 vy= -212992 ay=  -26624
     t= 51 pred=  3 left= 13  y=    49 vy= -212992 ay=  -26624
     t= 52 pred=  3 left= 12  y=    49 vy= -212992 ay=  -26624
     t= 53 pred=  3 left= 11  y=    49 vy= -212992 ay=  -26624
     t= 54 pred=  3 left= 10  y=    49 vy= -212992 ay=  -26624
     t= 55 pred=  3 left=  9  y=    49 vy= -212992 ay=  -26624
     t= 56 pred=  3 left=  8  y=    49 vy= -212992 ay=  -26624
     t= 57 pred=  3 left=  7  y=    49 vy= -212992 ay=  -26624
     t= 58 pred=  3 left=  6  y=    49 vy= -212992 ay=  -26624
     t= 59 pred=  3 left=  5  y=    49 vy= -212992 ay=  -26624
     t= 60 pred=  3 left=  4  y=    49 vy= -212992 ay=  -26624
     t= 61 pred=  3 left=  3  y=    49 vy= -212992 ay=  -26624
     t= 62 pred=  2 left=  2  y=    46 vy= -239616 ay=  -26624
     t= 63 pred=  1 left=  1  y=    42 vy= -266240 ay=  -26624
P2  landings=0  no_prediction_ticks=0
   err all : -
   err NEAR (made within 20 ticks of the landing): -
   err far  (made earlier, can still be invalidated): -
   NEAR + $5C seen at the time : -
   NEAR + every frozen tick    : -
   NEAR + every STILL tick     : -
---- landing prediction ----
P1  landings=12  no_prediction_ticks=0
   err all : -22:58 -21:2 -20:2 -19:2 -18:2 -17:2 -16:2 -15:2 -14:2 -13:2 -12:2 -11:92 -10:11 -9:11 -8:11 -7:11 -6:11 -5:11 -4:11 -3:11 -2:11 -1:11 +0:49 +5:81 +16:9
   err NEAR (made within 20 ticks of the landing): -12:1 -11:71 -10:11 -9:11 -8:11 -7:11 -6:11 -5:11 -4:11 -3:11 -2:11 -1:11 +0:49 +16:9
   err far  (made earlier, can still be invalidated): -22:58 -21:2 -20:2 -19:2 -18:2 -17:2 -16:2 -15:2 -14:2 -13:2 -12:1 -11:21 +5:81
   NEAR + $5C seen at the time : -11:61 +0:170 +16:9
   NEAR + every frozen tick    : -1:122 +0:109 +16:9
   NEAR + every STILL tick     : +0:231 +16:9
   last descent, landed on tick 152:
     t=121 pred= 36 left= 31  y=    40 vy=  245760 ay=  -13312
     t=122 pred= 35 left= 30  y=    43 vy=  232448 ay=  -13312
     t=123 pred= 34 left= 29  y=    46 vy=  219136 ay=  -13312
     t=124 pred= 33 left= 28  y=    50 vy=  205824 ay=  -13312
     t=125 pred= 32 left= 27  y=    52 vy=  192512 ay=  -13312
     t=126 pred= 31 left= 26  y=    55 vy=  179200 ay=  -13312
     t=127 pred= 30 left= 25  y=    58 vy=  165888 ay=  -13312
     t=128 pred= 29 left= 24  y=    60 vy=  152576 ay=  -13312
     t=129 pred= 28 left= 23  y=    62 vy=  139264 ay=  -13312
     t=130 pred= 11 left= 22  y=    64 vy=       0 ay=  -26624
     t=131 pred= 10 left= 21  y=    64 vy=  -26624 ay=  -26624
     t=132 pred=  9 left= 20  y=    63 vy=  -53248 ay=  -26624
     t=133 pred=  8 left= 19  y=    62 vy=  -79872 ay=  -26624
     t=134 pred=  7 left= 18  y=    60 vy= -106496 ay=  -26624
     t=135 pred=  6 left= 17  y=    58 vy= -133120 ay=  -26624
     t=136 pred=  5 left= 16  y=    56 vy= -159744 ay=  -26624
     t=137 pred=  4 left= 15  y=    53 vy= -186368 ay=  -26624
     t=138 pred=  3 left= 14  y=    49 vy= -212992 ay=  -26624
     t=139 pred=  3 left= 13  y=    49 vy= -212992 ay=  -26624
     t=140 pred=  3 left= 12  y=    49 vy= -212992 ay=  -26624
     t=141 pred=  3 left= 11  y=    49 vy= -212992 ay=  -26624
     t=142 pred=  3 left= 10  y=    49 vy= -212992 ay=  -26624
     t=143 pred=  3 left=  9  y=    49 vy= -212992 ay=  -26624
     t=144 pred=  3 left=  8  y=    49 vy= -212992 ay=  -26624
     t=145 pred=  3 left=  7  y=    49 vy= -212992 ay=  -26624
     t=146 pred=  3 left=  6  y=    49 vy= -212992 ay=  -26624
     t=147 pred=  3 left=  5  y=    49 vy= -212992 ay=  -26624
     t=148 pred=  3 left=  4  y=    49 vy= -212992 ay=  -26624
     t=149 pred=  3 left=  3  y=    49 vy= -212992 ay=  -26624
     t=150 pred=  2 left=  2  y=    46 vy= -239616 ay=  -26624
     t=151 pred=  1 left=  1  y=    42 vy= -266240 ay=  -26624
P2  landings=0  no_prediction_ticks=0
   err all : -
   err NEAR (made within 20 ticks of the landing): -
   err far  (made earlier, can still be invalidated): -
   NEAR + $5C seen at the time : -
   NEAR + every frozen tick    : -
   NEAR + every STILL tick     : -
---- landing prediction ----
P1  landings=13  no_prediction_ticks=0
   err all : -22:58 -21:2 -20:2 -19:2 -18:2 -17:2 -16:2 -15:2 -14:2 -13:2 -12:2 -11:92 -10:11 -9:11 -8:11 -7:11 -6:11 -5:11 -4:11 -3:11 -2:11 -1:11 +0:78 +5:81 +16:9
   err NEAR (made within 20 ticks of the landing): -12:1 -11:71 -10:11 -9:11 -8:11 -7:11 -6:11 -5:11 -4:11 -3:11 -2:11 -1:11 +0:69 +16:9
   err far  (made earlier, can still be invalidated): -22:58 -21:2 -20:2 -19:2 -18:2 -17:2 -16:2 -15:2 -14:2 -13:2 -12:1 -11:21 +0:9 +5:81
   NEAR + $5C seen at the time : -11:61 +0:190 +16:9
   NEAR + every frozen tick    : -1:122 +0:129 +16:9
   NEAR + every STILL tick     : +0:251 +16:9
   last descent, landed on tick 218:
     t=189 pred= 29 left= 29  y=    40 vy=  786432 ay=  -53248
     t=190 pred= 28 left= 28  y=    51 vy=  733184 ay=  -53248
     t=191 pred= 27 left= 27  y=    61 vy=  679936 ay=  -53248
     t=192 pred= 26 left= 26  y=    71 vy=  626688 ay=  -53248
     t=193 pred= 25 left= 25  y=    79 vy=  573440 ay=  -53248
     t=194 pred= 24 left= 24  y=    87 vy=  520192 ay=  -53248
     t=195 pred= 23 left= 23  y=    94 vy=  466944 ay=  -53248
     t=196 pred= 22 left= 22  y=   101 vy=  413696 ay=  -53248
     t=197 pred= 21 left= 21  y=   106 vy=  360448 ay=  -53248
     t=198 pred= 20 left= 20  y=   111 vy=  307200 ay=  -53248
     t=199 pred= 19 left= 19  y=   115 vy=  253952 ay=  -53248
     t=200 pred= 18 left= 18  y=   118 vy=  200704 ay=  -53248
     t=201 pred= 17 left= 17  y=   120 vy=  147456 ay=  -53248
     t=202 pred= 16 left= 16  y=   122 vy=   94208 ay=  -53248
     t=203 pred= 15 left= 15  y=   122 vy=   40960 ay=  -53248
     t=204 pred= 14 left= 14  y=   122 vy=  -12288 ay=  -53248
     t=205 pred= 13 left= 13  y=   121 vy=  -65536 ay=  -53248
     t=206 pred= 12 left= 12  y=   119 vy= -118784 ay=  -53248
     t=207 pred= 11 left= 11  y=   117 vy= -172032 ay=  -53248
     t=208 pred= 10 left= 10  y=   113 vy= -225280 ay=  -53248
     t=209 pred=  9 left=  9  y=   109 vy= -278528 ay=  -53248
     t=210 pred=  8 left=  8  y=   104 vy= -331776 ay=  -53248
     t=211 pred=  7 left=  7  y=    98 vy= -385024 ay=  -53248
     t=212 pred=  6 left=  6  y=    91 vy= -438272 ay=  -53248
     t=213 pred=  5 left=  5  y=    84 vy= -491520 ay=  -53248
     t=214 pred=  4 left=  4  y=    75 vy= -544768 ay=  -53248
     t=215 pred=  3 left=  3  y=    66 vy= -598016 ay=  -53248
     t=216 pred=  2 left=  2  y=    56 vy= -651264 ay=  -53248
     t=217 pred=  1 left=  1  y=    46 vy= -704512 ay=  -53248
P2  landings=0  no_prediction_ticks=0
   err all : -
   err NEAR (made within 20 ticks of the landing): -
   err far  (made earlier, can still be invalidated): -
   NEAR + $5C seen at the time : -
   NEAR + every frozen tick    : -
   NEAR + every STILL tick     : -
---- landing prediction ----
P1  landings=14  no_prediction_ticks=0
   err all : -22:58 -21:2 -20:2 -19:2 -18:2 -17:2 -16:2 -15:2 -14:2 -13:2 -12:2 -11:92 -10:11 -9:11 -8:11 -7:11 -6:11 -5:11 -4:11 -3:11 -2:11 -1:11 +0:89 +5:81 +16:18
   err NEAR (made within 20 ticks of the landing): -12:1 -11:71 -10:11 -9:11 -8:11 -7:11 -6:11 -5:11 -4:11 -3:11 -2:11 -1:11 +0:80 +16:18
   err far  (made earlier, can still be invalidated): -22:58 -21:2 -20:2 -19:2 -18:2 -17:2 -16:2 -15:2 -14:2 -13:2 -12:1 -11:21 +0:9 +5:81
   NEAR + $5C seen at the time : -11:61 +0:201 +16:18
   NEAR + every frozen tick    : -1:122 +0:140 +16:18
   NEAR + every STILL tick     : +0:262 +16:18
   last descent, landed on tick 243:
     t=223 pred= 36 left= 20  y=    40 vy=  245760 ay=  -13312
     t=224 pred= 35 left= 19  y=    43 vy=  232448 ay=  -13312
     t=225 pred= 34 left= 18  y=    46 vy=  219136 ay=  -13312
     t=226 pred= 33 left= 17  y=    50 vy=  205824 ay=  -13312
     t=227 pred= 32 left= 16  y=    52 vy=  192512 ay=  -13312
     t=228 pred= 31 left= 15  y=    55 vy=  179200 ay=  -13312
     t=229 pred= 30 left= 14  y=    58 vy=  165888 ay=  -13312
     t=230 pred= 29 left= 13  y=    60 vy=  152576 ay=  -13312
     t=231 pred= 28 left= 12  y=    62 vy=  139264 ay=  -13312
     t=232 pred= 11 left= 11  y=    64 vy=       0 ay=  -26624
     t=233 pred= 10 left= 10  y=    64 vy=  -26624 ay=  -26624
     t=234 pred=  9 left=  9  y=    63 vy=  -53248 ay=  -26624
     t=235 pred=  8 left=  8  y=    62 vy=  -79872 ay=  -26624
     t=236 pred=  7 left=  7  y=    60 vy= -106496 ay=  -26624
     t=237 pred=  6 left=  6  y=    58 vy= -133120 ay=  -26624
     t=238 pred=  5 left=  5  y=    56 vy= -159744 ay=  -26624
     t=239 pred=  4 left=  4  y=    53 vy= -186368 ay=  -26624
     t=240 pred=  3 left=  3  y=    49 vy= -212992 ay=  -26624
     t=241 pred=  2 left=  2  y=    46 vy= -239616 ay=  -26624
     t=242 pred=  1 left=  1  y=    42 vy= -266240 ay=  -26624
P2  landings=0  no_prediction_ticks=0
   err all : -
   err NEAR (made within 20 ticks of the landing): -
   err far  (made earlier, can still be invalidated): -
   NEAR + $5C seen at the time : -
   NEAR + every frozen tick    : -
   NEAR + every STILL tick     : -
---- landing prediction ----
P1  landings=15  no_prediction_ticks=0
   err all : -22:58 -21:2 -20:2 -19:2 -18:2 -17:2 -16:2 -15:2 -14:2 -13:2 -12:2 -11:92 -10:11 -9:11 -8:11 -7:11 -6:11 -5:11 -4:11 -3:11 -2:11 -1:11 +0:98 +5:81 +11:9 +16:18
   err NEAR (made within 20 ticks of the landing): -12:1 -11:71 -10:11 -9:11 -8:11 -7:11 -6:11 -5:11 -4:11 -3:11 -2:11 -1:11 +0:89 +11:9 +16:18
   err far  (made earlier, can still be invalidated): -22:58 -21:2 -20:2 -19:2 -18:2 -17:2 -16:2 -15:2 -14:2 -13:2 -12:1 -11:21 +0:9 +5:81
   NEAR + $5C seen at the time : -11:61 +0:210 +11:9 +16:18
   NEAR + every frozen tick    : -1:122 +0:149 +11:9 +16:18
   NEAR + every STILL tick     : +0:271 +11:9 +16:18
   last descent, landed on tick 52:
     t= 34 pred= 29 left= 18  y=    40 vy=  786432 ay=  -53248
     t= 35 pred= 28 left= 17  y=    51 vy=  733184 ay=  -53248
     t= 36 pred= 27 left= 16  y=    61 vy=  679936 ay=  -53248
     t= 37 pred= 26 left= 15  y=    71 vy=  626688 ay=  -53248
     t= 38 pred= 25 left= 14  y=    79 vy=  573440 ay=  -53248
     t= 39 pred= 24 left= 13  y=    87 vy=  520192 ay=  -53248
     t= 40 pred= 23 left= 12  y=    94 vy=  466944 ay=  -53248
     t= 41 pred= 22 left= 11  y=   101 vy=  413696 ay=  -53248
     t= 42 pred= 21 left= 10  y=   106 vy=  360448 ay=  -53248
     t= 43 pred=  9 left=  9  y=   111 vy=       0 ay= -106496
     t= 44 pred=  8 left=  8  y=   109 vy= -106496 ay= -106496
     t= 45 pred=  7 left=  7  y=   106 vy= -212992 ay= -106496
     t= 46 pred=  6 left=  6  y=   101 vy= -319488 ay= -106496
     t= 47 pred=  5 left=  5  y=    95 vy= -425984 ay= -106496
     t= 48 pred=  4 left=  4  y=    87 vy= -532480 ay= -106496
     t= 49 pred=  3 left=  3  y=    77 vy= -638976 ay= -106496
     t= 50 pred=  2 left=  2  y=    65 vy= -745472 ay= -106496
     t= 51 pred=  1 left=  1  y=    52 vy= -851968 ay= -106496
P2  landings=0  no_prediction_ticks=0
   err all : -
   err NEAR (made within 20 ticks of the landing): -
   err far  (made earlier, can still be invalidated): -
   NEAR + $5C seen at the time : -
   NEAR + every frozen tick    : -
   NEAR + every STILL tick     : -
---- landing prediction ----
P1  landings=16  no_prediction_ticks=0
   err all : -22:58 -21:2 -20:2 -19:2 -18:2 -17:2 -16:2 -15:2 -14:2 -13:2 -12:2 -11:92 -10:11 -9:11 -8:11 -7:11 -6:11 -5:11 -4:11 -3:11 -2:11 -1:11 +0:107 +5:81 +11:18 +16:18
   err NEAR (made within 20 ticks of the landing): -12:1 -11:71 -10:11 -9:11 -8:11 -7:11 -6:11 -5:11 -4:11 -3:11 -2:11 -1:11 +0:98 +11:18 +16:18
   err far  (made earlier, can still be invalidated): -22:58 -21:2 -20:2 -19:2 -18:2 -17:2 -16:2 -15:2 -14:2 -13:2 -12:1 -11:21 +0:9 +5:81
   NEAR + $5C seen at the time : -11:61 +0:219 +11:18 +16:18
   NEAR + every frozen tick    : -1:122 +0:158 +11:18 +16:18
   NEAR + every STILL tick     : +0:280 +11:18 +16:18
   last descent, landed on tick 120:
     t=102 pred= 29 left= 18  y=    40 vy=  786432 ay=  -53248
     t=103 pred= 28 left= 17  y=    51 vy=  733184 ay=  -53248
     t=104 pred= 27 left= 16  y=    61 vy=  679936 ay=  -53248
     t=105 pred= 26 left= 15  y=    71 vy=  626688 ay=  -53248
     t=106 pred= 25 left= 14  y=    79 vy=  573440 ay=  -53248
     t=107 pred= 24 left= 13  y=    87 vy=  520192 ay=  -53248
     t=108 pred= 23 left= 12  y=    94 vy=  466944 ay=  -53248
     t=109 pred= 22 left= 11  y=   101 vy=  413696 ay=  -53248
     t=110 pred= 21 left= 10  y=   106 vy=  360448 ay=  -53248
     t=111 pred=  9 left=  9  y=   111 vy=       0 ay= -106496
     t=112 pred=  8 left=  8  y=   109 vy= -106496 ay= -106496
     t=113 pred=  7 left=  7  y=   106 vy= -212992 ay= -106496
     t=114 pred=  6 left=  6  y=   101 vy= -319488 ay= -106496
     t=115 pred=  5 left=  5  y=    95 vy= -425984 ay= -106496
     t=116 pred=  4 left=  4  y=    87 vy= -532480 ay= -106496
     t=117 pred=  3 left=  3  y=    77 vy= -638976 ay= -106496
     t=118 pred=  2 left=  2  y=    65 vy= -745472 ay= -106496
     t=119 pred=  1 left=  1  y=    52 vy= -851968 ay= -106496
P2  landings=0  no_prediction_ticks=0
   err all : -
   err NEAR (made within 20 ticks of the landing): -
   err far  (made earlier, can still be invalidated): -
   NEAR + $5C seen at the time : -
   NEAR + every frozen tick    : -
   NEAR + every STILL tick     : -
---- landing prediction ----
P1  landings=17  no_prediction_ticks=0
   err all : -22:58 -21:2 -20:2 -19:2 -18:2 -17:2 -16:2 -15:2 -14:2 -13:2 -12:2 -11:92 -10:11 -9:11 -8:11 -7:11 -6:11 -5:11 -4:11 -3:11 -2:11 -1:11 +0:136 +5:81 +11:18 +16:18
   err NEAR (made within 20 ticks of the landing): -12:1 -11:71 -10:11 -9:11 -8:11 -7:11 -6:11 -5:11 -4:11 -3:11 -2:11 -1:11 +0:118 +11:18 +16:18
   err far  (made earlier, can still be invalidated): -22:58 -21:2 -20:2 -19:2 -18:2 -17:2 -16:2 -15:2 -14:2 -13:2 -12:1 -11:21 +0:18 +5:81
   NEAR + $5C seen at the time : -11:61 +0:239 +11:18 +16:18
   NEAR + every frozen tick    : -1:122 +0:178 +11:18 +16:18
   NEAR + every STILL tick     : +0:300 +11:18 +16:18
   last descent, landed on tick 170:
     t=141 pred= 29 left= 29  y=    40 vy=  786432 ay=  -53248
     t=142 pred= 28 left= 28  y=    51 vy=  733184 ay=  -53248
     t=143 pred= 27 left= 27  y=    61 vy=  679936 ay=  -53248
     t=144 pred= 26 left= 26  y=    71 vy=  626688 ay=  -53248
     t=145 pred= 25 left= 25  y=    79 vy=  573440 ay=  -53248
     t=146 pred= 24 left= 24  y=    87 vy=  520192 ay=  -53248
     t=147 pred= 23 left= 23  y=    94 vy=  466944 ay=  -53248
     t=148 pred= 22 left= 22  y=   101 vy=  413696 ay=  -53248
     t=149 pred= 21 left= 21  y=   106 vy=  360448 ay=  -53248
     t=150 pred= 20 left= 20  y=   111 vy=  307200 ay=  -53248
     t=151 pred= 19 left= 19  y=   115 vy=  253952 ay=  -53248
     t=152 pred= 18 left= 18  y=   118 vy=  200704 ay=  -53248
     t=153 pred= 17 left= 17  y=   120 vy=  147456 ay=  -53248
     t=154 pred= 16 left= 16  y=   122 vy=   94208 ay=  -53248
     t=155 pred= 15 left= 15  y=   122 vy=   40960 ay=  -53248
     t=156 pred= 14 left= 14  y=   122 vy=  -12288 ay=  -53248
     t=157 pred= 13 left= 13  y=   121 vy=  -65536 ay=  -53248
     t=158 pred= 12 left= 12  y=   119 vy= -118784 ay=  -53248
     t=159 pred= 11 left= 11  y=   117 vy= -172032 ay=  -53248
     t=160 pred= 10 left= 10  y=   113 vy= -225280 ay=  -53248
     t=161 pred=  9 left=  9  y=   109 vy= -278528 ay=  -53248
     t=162 pred=  8 left=  8  y=   104 vy= -331776 ay=  -53248
     t=163 pred=  7 left=  7  y=    98 vy= -385024 ay=  -53248
     t=164 pred=  6 left=  6  y=    91 vy= -438272 ay=  -53248
     t=165 pred=  5 left=  5  y=    84 vy= -491520 ay=  -53248
     t=166 pred=  4 left=  4  y=    75 vy= -544768 ay=  -53248
     t=167 pred=  3 left=  3  y=    66 vy= -598016 ay=  -53248
     t=168 pred=  2 left=  2  y=    56 vy= -651264 ay=  -53248
     t=169 pred=  1 left=  1  y=    46 vy= -704512 ay=  -53248
P2  landings=0  no_prediction_ticks=0
   err all : -
   err NEAR (made within 20 ticks of the landing): -
   err far  (made earlier, can still be invalidated): -
   NEAR + $5C seen at the time : -
   NEAR + every frozen tick    : -
   NEAR + every STILL tick     : -
---- landing prediction ----
P1  landings=18  no_prediction_ticks=0
   err all : -22:58 -21:2 -20:2 -19:2 -18:2 -17:2 -16:2 -15:2 -14:2 -13:2 -12:2 -11:92 -10:11 -9:11 -8:11 -7:11 -6:11 -5:11 -4:11 -3:11 -2:11 -1:11 +0:145 +5:81 +11:27 +16:18
   err NEAR (made within 20 ticks of the landing): -12:1 -11:71 -10:11 -9:11 -8:11 -7:11 -6:11 -5:11 -4:11 -3:11 -2:11 -1:11 +0:127 +11:27 +16:18
   err far  (made earlier, can still be invalidated): -22:58 -21:2 -20:2 -19:2 -18:2 -17:2 -16:2 -15:2 -14:2 -13:2 -12:1 -11:21 +0:18 +5:81
   NEAR + $5C seen at the time : -11:61 +0:248 +11:27 +16:18
   NEAR + every frozen tick    : -1:122 +0:187 +11:27 +16:18
   NEAR + every STILL tick     : +0:309 +11:27 +16:18
   last descent, landed on tick 232:
     t=214 pred= 29 left= 18  y=    40 vy=  786432 ay=  -53248
     t=215 pred= 28 left= 17  y=    51 vy=  733184 ay=  -53248
     t=216 pred= 27 left= 16  y=    61 vy=  679936 ay=  -53248
     t=217 pred= 26 left= 15  y=    71 vy=  626688 ay=  -53248
     t=218 pred= 25 left= 14  y=    79 vy=  573440 ay=  -53248
     t=219 pred= 24 left= 13  y=    87 vy=  520192 ay=  -53248
     t=220 pred= 23 left= 12  y=    94 vy=  466944 ay=  -53248
     t=221 pred= 22 left= 11  y=   101 vy=  413696 ay=  -53248
     t=222 pred= 21 left= 10  y=   106 vy=  360448 ay=  -53248
     t=223 pred=  9 left=  9  y=   111 vy=       0 ay= -106496
     t=224 pred=  8 left=  8  y=   109 vy= -106496 ay= -106496
     t=225 pred=  7 left=  7  y=   106 vy= -212992 ay= -106496
     t=226 pred=  6 left=  6  y=   101 vy= -319488 ay= -106496
     t=227 pred=  5 left=  5  y=    95 vy= -425984 ay= -106496
     t=228 pred=  4 left=  4  y=    87 vy= -532480 ay= -106496
     t=229 pred=  3 left=  3  y=    77 vy= -638976 ay= -106496
     t=230 pred=  2 left=  2  y=    65 vy= -745472 ay= -106496
     t=231 pred=  1 left=  1  y=    52 vy= -851968 ay= -106496
P2  landings=0  no_prediction_ticks=0
   err all : -
   err NEAR (made within 20 ticks of the landing): -
   err far  (made earlier, can still be invalidated): -
   NEAR + $5C seen at the time : -
   NEAR + every frozen tick    : -
   NEAR + every STILL tick     : -
---- landing prediction ----
P1  landings=19  no_prediction_ticks=0
   err all : -22:58 -21:2 -20:2 -19:2 -18:2 -17:2 -16:2 -15:2 -14:2 -13:2 -12:2 -11:92 -10:11 -9:11 -8:11 -7:11 -6:11 -5:11 -4:11 -3:11 -2:11 -1:11 +0:154 +5:81 +11:36 +16:18
   err NEAR (made within 20 ticks of the landing): -12:1 -11:71 -10:11 -9:11 -8:11 -7:11 -6:11 -5:11 -4:11 -3:11 -2:11 -1:11 +0:136 +11:36 +16:18
   err far  (made earlier, can still be invalidated): -22:58 -21:2 -20:2 -19:2 -18:2 -17:2 -16:2 -15:2 -14:2 -13:2 -12:1 -11:21 +0:18 +5:81
   NEAR + $5C seen at the time : -11:61 +0:257 +11:36 +16:18
   NEAR + every frozen tick    : -1:122 +0:196 +11:36 +16:18
   NEAR + every STILL tick     : +0:318 +11:36 +16:18
   last descent, landed on tick 73:
     t= 55 pred= 29 left= 18  y=    40 vy=  786432 ay=  -53248
     t= 56 pred= 28 left= 17  y=    51 vy=  733184 ay=  -53248
     t= 57 pred= 27 left= 16  y=    61 vy=  679936 ay=  -53248
     t= 58 pred= 26 left= 15  y=    71 vy=  626688 ay=  -53248
     t= 59 pred= 25 left= 14  y=    79 vy=  573440 ay=  -53248
     t= 60 pred= 24 left= 13  y=    87 vy=  520192 ay=  -53248
     t= 61 pred= 23 left= 12  y=    94 vy=  466944 ay=  -53248
     t= 62 pred= 22 left= 11  y=   101 vy=  413696 ay=  -53248
     t= 63 pred= 21 left= 10  y=   106 vy=  360448 ay=  -53248
     t= 64 pred=  9 left=  9  y=   111 vy=       0 ay= -106496
     t= 65 pred=  8 left=  8  y=   109 vy= -106496 ay= -106496
     t= 66 pred=  7 left=  7  y=   106 vy= -212992 ay= -106496
     t= 67 pred=  6 left=  6  y=   101 vy= -319488 ay= -106496
     t= 68 pred=  5 left=  5  y=    95 vy= -425984 ay= -106496
     t= 69 pred=  4 left=  4  y=    87 vy= -532480 ay= -106496
     t= 70 pred=  3 left=  3  y=    77 vy= -638976 ay= -106496
     t= 71 pred=  2 left=  2  y=    65 vy= -745472 ay= -106496
     t= 72 pred=  1 left=  1  y=    52 vy= -851968 ay= -106496
P2  landings=0  no_prediction_ticks=0
   err all : -
   err NEAR (made within 20 ticks of the landing): -
   err far  (made earlier, can still be invalidated): -
   NEAR + $5C seen at the time : -
   NEAR + every frozen tick    : -
   NEAR + every STILL tick     : -
---- landing prediction ----
P1  landings=20  no_prediction_ticks=0
   err all : -22:58 -21:2 -20:2 -19:2 -18:2 -17:2 -16:2 -15:2 -14:2 -13:2 -12:2 -11:92 -10:11 -9:11 -8:11 -7:11 -6:11 -5:11 -4:11 -3:11 -2:11 -1:11 +0:165 +5:81 +11:36 +16:27
   err NEAR (made within 20 ticks of the landing): -12:1 -11:71 -10:11 -9:11 -8:11 -7:11 -6:11 -5:11 -4:11 -3:11 -2:11 -1:11 +0:147 +11:36 +16:27
   err far  (made earlier, can still be invalidated): -22:58 -21:2 -20:2 -19:2 -18:2 -17:2 -16:2 -15:2 -14:2 -13:2 -12:1 -11:21 +0:18 +5:81
   NEAR + $5C seen at the time : -11:61 +0:268 +11:36 +16:27
   NEAR + every frozen tick    : -1:122 +0:207 +11:36 +16:27
   NEAR + every STILL tick     : +0:329 +11:36 +16:27
   last descent, landed on tick 141:
     t=121 pred= 36 left= 20  y=    40 vy=  245760 ay=  -13312
     t=122 pred= 35 left= 19  y=    43 vy=  232448 ay=  -13312
     t=123 pred= 34 left= 18  y=    46 vy=  219136 ay=  -13312
     t=124 pred= 33 left= 17  y=    50 vy=  205824 ay=  -13312
     t=125 pred= 32 left= 16  y=    52 vy=  192512 ay=  -13312
     t=126 pred= 31 left= 15  y=    55 vy=  179200 ay=  -13312
     t=127 pred= 30 left= 14  y=    58 vy=  165888 ay=  -13312
     t=128 pred= 29 left= 13  y=    60 vy=  152576 ay=  -13312
     t=129 pred= 28 left= 12  y=    62 vy=  139264 ay=  -13312
     t=130 pred= 11 left= 11  y=    64 vy=       0 ay=  -26624
     t=131 pred= 10 left= 10  y=    64 vy=  -26624 ay=  -26624
     t=132 pred=  9 left=  9  y=    63 vy=  -53248 ay=  -26624
     t=133 pred=  8 left=  8  y=    62 vy=  -79872 ay=  -26624
     t=134 pred=  7 left=  7  y=    60 vy= -106496 ay=  -26624
     t=135 pred=  6 left=  6  y=    58 vy= -133120 ay=  -26624
     t=136 pred=  5 left=  5  y=    56 vy= -159744 ay=  -26624
     t=137 pred=  4 left=  4  y=    53 vy= -186368 ay=  -26624
     t=138 pred=  3 left=  3  y=    49 vy= -212992 ay=  -26624
     t=139 pred=  2 left=  2  y=    46 vy= -239616 ay=  -26624
     t=140 pred=  1 left=  1  y=    42 vy= -266240 ay=  -26624
P2  landings=0  no_prediction_ticks=0
   err all : -
   err NEAR (made within 20 ticks of the landing): -
   err far  (made earlier, can still be invalidated): -
   NEAR + $5C seen at the time : -
   NEAR + every frozen tick    : -
   NEAR + every STILL tick     : -
---- landing prediction ----
P1  landings=21  no_prediction_ticks=0
   err all : -22:58 -21:2 -20:2 -19:2 -18:2 -17:2 -16:2 -15:2 -14:2 -13:2 -12:2 -11:92 -10:11 -9:11 -8:11 -7:11 -6:11 -5:11 -4:11 -3:11 -2:11 -1:11 +0:176 +5:81 +11:36 +16:36
   err NEAR (made within 20 ticks of the landing): -12:1 -11:71 -10:11 -9:11 -8:11 -7:11 -6:11 -5:11 -4:11 -3:11 -2:11 -1:11 +0:158 +11:36 +16:36
   err far  (made earlier, can still be invalidated): -22:58 -21:2 -20:2 -19:2 -18:2 -17:2 -16:2 -15:2 -14:2 -13:2 -12:1 -11:21 +0:18 +5:81
   NEAR + $5C seen at the time : -11:61 +0:279 +11:36 +16:36
   NEAR + every frozen tick    : -1:122 +0:218 +11:36 +16:36
   NEAR + every STILL tick     : +0:340 +11:36 +16:36
   last descent, landed on tick 223:
     t=203 pred= 36 left= 20  y=    40 vy=  245760 ay=  -13312
     t=204 pred= 35 left= 19  y=    43 vy=  232448 ay=  -13312
     t=205 pred= 34 left= 18  y=    46 vy=  219136 ay=  -13312
     t=206 pred= 33 left= 17  y=    50 vy=  205824 ay=  -13312
     t=207 pred= 32 left= 16  y=    52 vy=  192512 ay=  -13312
     t=208 pred= 31 left= 15  y=    55 vy=  179200 ay=  -13312
     t=209 pred= 30 left= 14  y=    58 vy=  165888 ay=  -13312
     t=210 pred= 29 left= 13  y=    60 vy=  152576 ay=  -13312
     t=211 pred= 28 left= 12  y=    62 vy=  139264 ay=  -13312
     t=212 pred= 11 left= 11  y=    64 vy=       0 ay=  -26624
     t=213 pred= 10 left= 10  y=    64 vy=  -26624 ay=  -26624
     t=214 pred=  9 left=  9  y=    63 vy=  -53248 ay=  -26624
     t=215 pred=  8 left=  8  y=    62 vy=  -79872 ay=  -26624
     t=216 pred=  7 left=  7  y=    60 vy= -106496 ay=  -26624
     t=217 pred=  6 left=  6  y=    58 vy= -133120 ay=  -26624
     t=218 pred=  5 left=  5  y=    56 vy= -159744 ay=  -26624
     t=219 pred=  4 left=  4  y=    53 vy= -186368 ay=  -26624
     t=220 pred=  3 left=  3  y=    49 vy= -212992 ay=  -26624
     t=221 pred=  2 left=  2  y=    46 vy= -239616 ay=  -26624
     t=222 pred=  1 left=  1  y=    42 vy= -266240 ay=  -26624
P2  landings=0  no_prediction_ticks=0
   err all : -
   err NEAR (made within 20 ticks of the landing): -
   err far  (made earlier, can still be invalidated): -
   NEAR + $5C seen at the time : -
   NEAR + every frozen tick    : -
   NEAR + every STILL tick     : -
---- landing prediction ----
P1  landings=22  no_prediction_ticks=0
   err all : -22:58 -21:2 -20:2 -19:2 -18:2 -17:2 -16:2 -15:2 -14:2 -13:2 -12:2 -11:92 -10:11 -9:11 -8:11 -7:11 -6:11 -5:11 -4:11 -3:11 -2:11 -1:11 +0:215 +5:81 +11:36 +16:36
   err NEAR (made within 20 ticks of the landing): -12:1 -11:71 -10:11 -9:11 -8:11 -7:11 -6:11 -5:11 -4:11 -3:11 -2:11 -1:11 +0:178 +11:36 +16:36
   err far  (made earlier, can still be invalidated): -22:58 -21:2 -20:2 -19:2 -18:2 -17:2 -16:2 -15:2 -14:2 -13:2 -12:1 -11:21 +0:37 +5:81
   NEAR + $5C seen at the time : -11:61 +0:299 +11:36 +16:36
   NEAR + every frozen tick    : -1:122 +0:238 +11:36 +16:36
   NEAR + every STILL tick     : +0:360 +11:36 +16:36
   last descent, landed on tick 24:
     t=241 pred= 39 left= 39  y=    40 vy=  630784 ay=  -32000
     t=242 pred= 38 left= 38  y=    49 vy=  598784 ay=  -32000
     t=243 pred= 37 left= 37  y=    57 vy=  566784 ay=  -32000
     t=244 pred= 36 left= 36  y=    65 vy=  534784 ay=  -32000
     t=245 pred= 35 left= 35  y=    73 vy=  502784 ay=  -32000
     t=246 pred= 34 left= 34  y=    80 vy=  470784 ay=  -32000
     t=247 pred= 33 left= 33  y=    87 vy=  438784 ay=  -32000
     t=248 pred= 32 left= 32  y=    93 vy=  406784 ay=  -32000
     t=249 pred= 31 left= 31  y=    99 vy=  374784 ay=  -32000
     t=250 pred= 30 left= 30  y=   104 vy=  342784 ay=  -32000
     t=251 pred= 29 left= 29  y=   109 vy=  310784 ay=  -32000
     t=252 pred= 28 left= 28  y=   113 vy=  278784 ay=  -32000
     t=253 pred= 27 left= 27  y=   117 vy=  246784 ay=  -32000
     t=254 pred= 26 left= 26  y=   120 vy=  214784 ay=  -32000
     t=255 pred= 25 left= 25  y=   123 vy=  182784 ay=  -32000
     t=  0 pred= 24 left= 24  y=   125 vy=  150784 ay=  -32000
     t=  1 pred= 23 left= 23  y=   127 vy=  118784 ay=  -32000
     t=  2 pred= 22 left= 22  y=   128 vy=   86784 ay=  -32000
     t=  3 pred= 21 left= 21  y=   129 vy=   54784 ay=  -32000
     t=  4 pred= 20 left= 20  y=   130 vy=   22784 ay=  -32000
     t=  5 pred= 19 left= 19  y=   129 vy=   -9216 ay=  -32000
     t=  6 pred= 18 left= 18  y=   129 vy=  -41216 ay=  -32000
     t=  7 pred= 17 left= 17  y=   128 vy=  -73216 ay=  -32000
     t=  8 pred= 16 left= 16  y=   126 vy= -105216 ay=  -32000
     t=  9 pred= 15 left= 15  y=   124 vy= -137216 ay=  -32000
     t= 10 pred= 14 left= 14  y=   121 vy= -169216 ay=  -32000
     t= 11 pred= 13 left= 13  y=   118 vy= -201216 ay=  -32000
     t= 12 pred= 12 left= 12  y=   115 vy= -233216 ay=  -32000
     t= 13 pred= 11 left= 11  y=   111 vy= -265216 ay=  -32000
     t= 14 pred= 10 left= 10  y=   106 vy= -297216 ay=  -32000
     t= 15 pred=  9 left=  9  y=   101 vy= -329216 ay=  -32000
     t= 16 pred=  8 left=  8  y=    96 vy= -361216 ay=  -32000
     t= 17 pred=  7 left=  7  y=    90 vy= -393216 ay=  -32000
     t= 18 pred=  6 left=  6  y=    83 vy= -425216 ay=  -32000
     t= 19 pred=  5 left=  5  y=    76 vy= -457216 ay=  -32000
     t= 20 pred=  4 left=  4  y=    69 vy= -489216 ay=  -32000
     t= 21 pred=  3 left=  3  y=    61 vy= -521216 ay=  -32000
     t= 22 pred=  2 left=  2  y=    52 vy= -553216 ay=  -32000
     t= 23 pred=  1 left=  1  y=    43 vy= -585216 ay=  -32000
P2  landings=0  no_prediction_ticks=0
   err all : -
   err NEAR (made within 20 ticks of the landing): -
   err far  (made earlier, can still be invalidated): -
   NEAR + $5C seen at the time : -
   NEAR + every frozen tick    : -
   NEAR + every STILL tick     : -
---- landing prediction ----
P1  landings=23  no_prediction_ticks=0
   err all : -22:58 -21:2 -20:2 -19:2 -18:2 -17:2 -16:2 -15:2 -14:2 -13:2 -12:2 -11:92 -10:11 -9:11 -8:11 -7:11 -6:11 -5:11 -4:11 -3:11 -2:11 -1:11 +0:226 +5:81 +11:36 +16:45
   err NEAR (made within 20 ticks of the landing): -12:1 -11:71 -10:11 -9:11 -8:11 -7:11 -6:11 -5:11 -4:11 -3:11 -2:11 -1:11 +0:189 +11:36 +16:45
   err far  (made earlier, can still be invalidated): -22:58 -21:2 -20:2 -19:2 -18:2 -17:2 -16:2 -15:2 -14:2 -13:2 -12:1 -11:21 +0:37 +5:81
   NEAR + $5C seen at the time : -11:61 +0:310 +11:36 +16:45
   NEAR + every frozen tick    : -1:122 +0:249 +11:36 +16:45
   NEAR + every STILL tick     : +0:371 +11:36 +16:45
   last descent, landed on tick 57:
     t= 37 pred= 36 left= 20  y=    40 vy=  245760 ay=  -13312
     t= 38 pred= 35 left= 19  y=    43 vy=  232448 ay=  -13312
     t= 39 pred= 34 left= 18  y=    46 vy=  219136 ay=  -13312
     t= 40 pred= 33 left= 17  y=    50 vy=  205824 ay=  -13312
     t= 41 pred= 32 left= 16  y=    52 vy=  192512 ay=  -13312
     t= 42 pred= 31 left= 15  y=    55 vy=  179200 ay=  -13312
     t= 43 pred= 30 left= 14  y=    58 vy=  165888 ay=  -13312
     t= 44 pred= 29 left= 13  y=    60 vy=  152576 ay=  -13312
     t= 45 pred= 28 left= 12  y=    62 vy=  139264 ay=  -13312
     t= 46 pred= 11 left= 11  y=    64 vy=       0 ay=  -26624
     t= 47 pred= 10 left= 10  y=    64 vy=  -26624 ay=  -26624
     t= 48 pred=  9 left=  9  y=    63 vy=  -53248 ay=  -26624
     t= 49 pred=  8 left=  8  y=    62 vy=  -79872 ay=  -26624
     t= 50 pred=  7 left=  7  y=    60 vy= -106496 ay=  -26624
     t= 51 pred=  6 left=  6  y=    58 vy= -133120 ay=  -26624
     t= 52 pred=  5 left=  5  y=    56 vy= -159744 ay=  -26624
     t= 53 pred=  4 left=  4  y=    53 vy= -186368 ay=  -26624
     t= 54 pred=  3 left=  3  y=    49 vy= -212992 ay=  -26624
     t= 55 pred=  2 left=  2  y=    46 vy= -239616 ay=  -26624
     t= 56 pred=  1 left=  1  y=    42 vy= -266240 ay=  -26624
P2  landings=0  no_prediction_ticks=0
   err all : -
   err NEAR (made within 20 ticks of the landing): -
   err far  (made earlier, can still be invalidated): -
   NEAR + $5C seen at the time : -
   NEAR + every frozen tick    : -
   NEAR + every STILL tick     : -
---- landing prediction ----
P1  landings=24  no_prediction_ticks=0
   err all : -22:58 -21:2 -20:2 -19:2 -18:2 -17:2 -16:2 -15:2 -14:2 -13:2 -12:2 -11:92 -10:11 -9:11 -8:11 -7:11 -6:11 -5:11 -4:11 -3:11 -2:11 -1:11 +0:265 +5:81 +11:36 +16:45
   err NEAR (made within 20 ticks of the landing): -12:1 -11:71 -10:11 -9:11 -8:11 -7:11 -6:11 -5:11 -4:11 -3:11 -2:11 -1:11 +0:209 +11:36 +16:45
   err far  (made earlier, can still be invalidated): -22:58 -21:2 -20:2 -19:2 -18:2 -17:2 -16:2 -15:2 -14:2 -13:2 -12:1 -11:21 +0:56 +5:81
   NEAR + $5C seen at the time : -11:61 +0:330 +11:36 +16:45
   NEAR + every frozen tick    : -1:122 +0:269 +11:36 +16:45
   NEAR + every STILL tick     : +0:391 +11:36 +16:45
   last descent, landed on tick 121:
     t= 82 pred= 39 left= 39  y=    40 vy=  630784 ay=  -32000
     t= 83 pred= 38 left= 38  y=    49 vy=  598784 ay=  -32000
     t= 84 pred= 37 left= 37  y=    57 vy=  566784 ay=  -32000
     t= 85 pred= 36 left= 36  y=    65 vy=  534784 ay=  -32000
     t= 86 pred= 35 left= 35  y=    73 vy=  502784 ay=  -32000
     t= 87 pred= 34 left= 34  y=    80 vy=  470784 ay=  -32000
     t= 88 pred= 33 left= 33  y=    87 vy=  438784 ay=  -32000
     t= 89 pred= 32 left= 32  y=    93 vy=  406784 ay=  -32000
     t= 90 pred= 31 left= 31  y=    99 vy=  374784 ay=  -32000
     t= 91 pred= 30 left= 30  y=   104 vy=  342784 ay=  -32000
     t= 92 pred= 29 left= 29  y=   109 vy=  310784 ay=  -32000
     t= 93 pred= 28 left= 28  y=   113 vy=  278784 ay=  -32000
     t= 94 pred= 27 left= 27  y=   117 vy=  246784 ay=  -32000
     t= 95 pred= 26 left= 26  y=   120 vy=  214784 ay=  -32000
     t= 96 pred= 25 left= 25  y=   123 vy=  182784 ay=  -32000
     t= 97 pred= 24 left= 24  y=   125 vy=  150784 ay=  -32000
     t= 98 pred= 23 left= 23  y=   127 vy=  118784 ay=  -32000
     t= 99 pred= 22 left= 22  y=   128 vy=   86784 ay=  -32000
     t=100 pred= 21 left= 21  y=   129 vy=   54784 ay=  -32000
     t=101 pred= 20 left= 20  y=   130 vy=   22784 ay=  -32000
     t=102 pred= 19 left= 19  y=   129 vy=   -9216 ay=  -32000
     t=103 pred= 18 left= 18  y=   129 vy=  -41216 ay=  -32000
     t=104 pred= 17 left= 17  y=   128 vy=  -73216 ay=  -32000
     t=105 pred= 16 left= 16  y=   126 vy= -105216 ay=  -32000
     t=106 pred= 15 left= 15  y=   124 vy= -137216 ay=  -32000
     t=107 pred= 14 left= 14  y=   121 vy= -169216 ay=  -32000
     t=108 pred= 13 left= 13  y=   118 vy= -201216 ay=  -32000
     t=109 pred= 12 left= 12  y=   115 vy= -233216 ay=  -32000
     t=110 pred= 11 left= 11  y=   111 vy= -265216 ay=  -32000
     t=111 pred= 10 left= 10  y=   106 vy= -297216 ay=  -32000
     t=112 pred=  9 left=  9  y=   101 vy= -329216 ay=  -32000
     t=113 pred=  8 left=  8  y=    96 vy= -361216 ay=  -32000
     t=114 pred=  7 left=  7  y=    90 vy= -393216 ay=  -32000
     t=115 pred=  6 left=  6  y=    83 vy= -425216 ay=  -32000
     t=116 pred=  5 left=  5  y=    76 vy= -457216 ay=  -32000
     t=117 pred=  4 left=  4  y=    69 vy= -489216 ay=  -32000
     t=118 pred=  3 left=  3  y=    61 vy= -521216 ay=  -32000
     t=119 pred=  2 left=  2  y=    52 vy= -553216 ay=  -32000
     t=120 pred=  1 left=  1  y=    43 vy= -585216 ay=  -32000
P2  landings=0  no_prediction_ticks=0
   err all : -
   err NEAR (made within 20 ticks of the landing): -
   err far  (made earlier, can still be invalidated): -
   NEAR + $5C seen at the time : -
   NEAR + every frozen tick    : -
   NEAR + every STILL tick     : -
---- landing prediction ----
P1  landings=25  no_prediction_ticks=0
   err all : -22:58 -21:2 -20:2 -19:2 -18:2 -17:2 -16:2 -15:2 -14:2 -13:2 -12:2 -11:92 -10:11 -9:11 -8:11 -7:11 -6:11 -5:11 -4:11 -3:11 -2:11 -1:11 +0:276 +5:81 +11:36 +16:54
   err NEAR (made within 20 ticks of the landing): -12:1 -11:71 -10:11 -9:11 -8:11 -7:11 -6:11 -5:11 -4:11 -3:11 -2:11 -1:11 +0:220 +11:36 +16:54
   err far  (made earlier, can still be invalidated): -22:58 -21:2 -20:2 -19:2 -18:2 -17:2 -16:2 -15:2 -14:2 -13:2 -12:1 -11:21 +0:56 +5:81
   NEAR + $5C seen at the time : -11:61 +0:341 +11:36 +16:54
   NEAR + every frozen tick    : -1:122 +0:280 +11:36 +16:54
   NEAR + every STILL tick     : +0:402 +11:36 +16:54
   last descent, landed on tick 147:
     t=127 pred= 36 left= 20  y=    40 vy=  245760 ay=  -13312
     t=128 pred= 35 left= 19  y=    43 vy=  232448 ay=  -13312
     t=129 pred= 34 left= 18  y=    46 vy=  219136 ay=  -13312
     t=130 pred= 33 left= 17  y=    50 vy=  205824 ay=  -13312
     t=131 pred= 32 left= 16  y=    52 vy=  192512 ay=  -13312
     t=132 pred= 31 left= 15  y=    55 vy=  179200 ay=  -13312
     t=133 pred= 30 left= 14  y=    58 vy=  165888 ay=  -13312
     t=134 pred= 29 left= 13  y=    60 vy=  152576 ay=  -13312
     t=135 pred= 28 left= 12  y=    62 vy=  139264 ay=  -13312
     t=136 pred= 11 left= 11  y=    64 vy=       0 ay=  -26624
     t=137 pred= 10 left= 10  y=    64 vy=  -26624 ay=  -26624
     t=138 pred=  9 left=  9  y=    63 vy=  -53248 ay=  -26624
     t=139 pred=  8 left=  8  y=    62 vy=  -79872 ay=  -26624
     t=140 pred=  7 left=  7  y=    60 vy= -106496 ay=  -26624
     t=141 pred=  6 left=  6  y=    58 vy= -133120 ay=  -26624
     t=142 pred=  5 left=  5  y=    56 vy= -159744 ay=  -26624
     t=143 pred=  4 left=  4  y=    53 vy= -186368 ay=  -26624
     t=144 pred=  3 left=  3  y=    49 vy= -212992 ay=  -26624
     t=145 pred=  2 left=  2  y=    46 vy= -239616 ay=  -26624
     t=146 pred=  1 left=  1  y=    42 vy= -266240 ay=  -26624
P2  landings=0  no_prediction_ticks=0
   err all : -
   err NEAR (made within 20 ticks of the landing): -
   err far  (made earlier, can still be invalidated): -
   NEAR + $5C seen at the time : -
   NEAR + every frozen tick    : -
   NEAR + every STILL tick     : -
---- landing prediction ----
P1  landings=26  no_prediction_ticks=0
   err all : -22:58 -21:2 -20:2 -19:2 -18:2 -17:2 -16:2 -15:2 -14:2 -13:2 -12:2 -11:92 -10:11 -9:11 -8:11 -7:11 -6:11 -5:11 -4:11 -3:11 -2:11 -1:11 +0:315 +5:81 +11:36 +16:54
   err NEAR (made within 20 ticks of the landing): -12:1 -11:71 -10:11 -9:11 -8:11 -7:11 -6:11 -5:11 -4:11 -3:11 -2:11 -1:11 +0:240 +11:36 +16:54
   err far  (made earlier, can still be invalidated): -22:58 -21:2 -20:2 -19:2 -18:2 -17:2 -16:2 -15:2 -14:2 -13:2 -12:1 -11:21 +0:75 +5:81
   NEAR + $5C seen at the time : -11:61 +0:361 +11:36 +16:54
   NEAR + every frozen tick    : -1:122 +0:300 +11:36 +16:54
   NEAR + every STILL tick     : +0:422 +11:36 +16:54
   last descent, landed on tick 209:
     t=170 pred= 39 left= 39  y=    40 vy=  630784 ay=  -32000
     t=171 pred= 38 left= 38  y=    49 vy=  598784 ay=  -32000
     t=172 pred= 37 left= 37  y=    57 vy=  566784 ay=  -32000
     t=173 pred= 36 left= 36  y=    65 vy=  534784 ay=  -32000
     t=174 pred= 35 left= 35  y=    73 vy=  502784 ay=  -32000
     t=175 pred= 34 left= 34  y=    80 vy=  470784 ay=  -32000
     t=176 pred= 33 left= 33  y=    87 vy=  438784 ay=  -32000
     t=177 pred= 32 left= 32  y=    93 vy=  406784 ay=  -32000
     t=178 pred= 31 left= 31  y=    99 vy=  374784 ay=  -32000
     t=179 pred= 30 left= 30  y=   104 vy=  342784 ay=  -32000
     t=180 pred= 29 left= 29  y=   109 vy=  310784 ay=  -32000
     t=181 pred= 28 left= 28  y=   113 vy=  278784 ay=  -32000
     t=182 pred= 27 left= 27  y=   117 vy=  246784 ay=  -32000
     t=183 pred= 26 left= 26  y=   120 vy=  214784 ay=  -32000
     t=184 pred= 25 left= 25  y=   123 vy=  182784 ay=  -32000
     t=185 pred= 24 left= 24  y=   125 vy=  150784 ay=  -32000
     t=186 pred= 23 left= 23  y=   127 vy=  118784 ay=  -32000
     t=187 pred= 22 left= 22  y=   128 vy=   86784 ay=  -32000
     t=188 pred= 21 left= 21  y=   129 vy=   54784 ay=  -32000
     t=189 pred= 20 left= 20  y=   130 vy=   22784 ay=  -32000
     t=190 pred= 19 left= 19  y=   129 vy=   -9216 ay=  -32000
     t=191 pred= 18 left= 18  y=   129 vy=  -41216 ay=  -32000
     t=192 pred= 17 left= 17  y=   128 vy=  -73216 ay=  -32000
     t=193 pred= 16 left= 16  y=   126 vy= -105216 ay=  -32000
     t=194 pred= 15 left= 15  y=   124 vy= -137216 ay=  -32000
     t=195 pred= 14 left= 14  y=   121 vy= -169216 ay=  -32000
     t=196 pred= 13 left= 13  y=   118 vy= -201216 ay=  -32000
     t=197 pred= 12 left= 12  y=   115 vy= -233216 ay=  -32000
     t=198 pred= 11 left= 11  y=   111 vy= -265216 ay=  -32000
     t=199 pred= 10 left= 10  y=   106 vy= -297216 ay=  -32000
     t=200 pred=  9 left=  9  y=   101 vy= -329216 ay=  -32000
     t=201 pred=  8 left=  8  y=    96 vy= -361216 ay=  -32000
     t=202 pred=  7 left=  7  y=    90 vy= -393216 ay=  -32000
     t=203 pred=  6 left=  6  y=    83 vy= -425216 ay=  -32000
     t=204 pred=  5 left=  5  y=    76 vy= -457216 ay=  -32000
     t=205 pred=  4 left=  4  y=    69 vy= -489216 ay=  -32000
     t=206 pred=  3 left=  3  y=    61 vy= -521216 ay=  -32000
     t=207 pred=  2 left=  2  y=    52 vy= -553216 ay=  -32000
     t=208 pred=  1 left=  1  y=    43 vy= -585216 ay=  -32000
P2  landings=0  no_prediction_ticks=0
   err all : -
   err NEAR (made within 20 ticks of the landing): -
   err far  (made earlier, can still be invalidated): -
   NEAR + $5C seen at the time : -
   NEAR + every frozen tick    : -
   NEAR + every STILL tick     : -
---- landing prediction ----
P1  landings=27  no_prediction_ticks=0
   err all : -22:58 -21:2 -20:2 -19:2 -18:2 -17:2 -16:2 -15:2 -14:2 -13:2 -12:2 -11:92 -10:11 -9:11 -8:11 -7:11 -6:11 -5:11 -4:11 -3:11 -2:11 -1:11 +0:326 +5:81 +11:36 +16:63
   err NEAR (made within 20 ticks of the landing): -12:1 -11:71 -10:11 -9:11 -8:11 -7:11 -6:11 -5:11 -4:11 -3:11 -2:11 -1:11 +0:251 +11:36 +16:63
   err far  (made earlier, can still be invalidated): -22:58 -21:2 -20:2 -19:2 -18:2 -17:2 -16:2 -15:2 -14:2 -13:2 -12:1 -11:21 +0:75 +5:81
   NEAR + $5C seen at the time : -11:61 +0:372 +11:36 +16:63
   NEAR + every frozen tick    : -1:122 +0:311 +11:36 +16:63
   NEAR + every STILL tick     : +0:433 +11:36 +16:63
   last descent, landed on tick 234:
     t=214 pred= 36 left= 20  y=    40 vy=  245760 ay=  -13312
     t=215 pred= 35 left= 19  y=    43 vy=  232448 ay=  -13312
     t=216 pred= 34 left= 18  y=    46 vy=  219136 ay=  -13312
     t=217 pred= 33 left= 17  y=    50 vy=  205824 ay=  -13312
     t=218 pred= 32 left= 16  y=    52 vy=  192512 ay=  -13312
     t=219 pred= 31 left= 15  y=    55 vy=  179200 ay=  -13312
     t=220 pred= 30 left= 14  y=    58 vy=  165888 ay=  -13312
     t=221 pred= 29 left= 13  y=    60 vy=  152576 ay=  -13312
     t=222 pred= 28 left= 12  y=    62 vy=  139264 ay=  -13312
     t=223 pred= 11 left= 11  y=    64 vy=       0 ay=  -26624
     t=224 pred= 10 left= 10  y=    64 vy=  -26624 ay=  -26624
     t=225 pred=  9 left=  9  y=    63 vy=  -53248 ay=  -26624
     t=226 pred=  8 left=  8  y=    62 vy=  -79872 ay=  -26624
     t=227 pred=  7 left=  7  y=    60 vy= -106496 ay=  -26624
     t=228 pred=  6 left=  6  y=    58 vy= -133120 ay=  -26624
     t=229 pred=  5 left=  5  y=    56 vy= -159744 ay=  -26624
     t=230 pred=  4 left=  4  y=    53 vy= -186368 ay=  -26624
     t=231 pred=  3 left=  3  y=    49 vy= -212992 ay=  -26624
     t=232 pred=  2 left=  2  y=    46 vy= -239616 ay=  -26624
     t=233 pred=  1 left=  1  y=    42 vy= -266240 ay=  -26624
P2  landings=0  no_prediction_ticks=0
   err all : -
   err NEAR (made within 20 ticks of the landing): -
   err far  (made earlier, can still be invalidated): -
   NEAR + $5C seen at the time : -
   NEAR + every frozen tick    : -
   NEAR + every STILL tick     : -
---- landing prediction ----
P1  landings=28  no_prediction_ticks=0
   err all : -22:58 -21:2 -20:2 -19:2 -18:2 -17:2 -16:2 -15:2 -14:2 -13:2 -12:2 -11:92 -10:11 -9:11 -8:11 -7:11 -6:11 -5:11 -4:11 -3:11 -2:11 -1:11 +0:335 +5:81 +11:45 +16:63
   err NEAR (made within 20 ticks of the landing): -12:1 -11:71 -10:11 -9:11 -8:11 -7:11 -6:11 -5:11 -4:11 -3:11 -2:11 -1:11 +0:260 +11:45 +16:63
   err far  (made earlier, can still be invalidated): -22:58 -21:2 -20:2 -19:2 -18:2 -17:2 -16:2 -15:2 -14:2 -13:2 -12:1 -11:21 +0:75 +5:81
   NEAR + $5C seen at the time : -11:61 +0:381 +11:45 +16:63
   NEAR + every frozen tick    : -1:122 +0:320 +11:45 +16:63
   NEAR + every STILL tick     : +0:442 +11:45 +16:63
   last descent, landed on tick 49:
     t= 31 pred= 29 left= 18  y=    40 vy=  786432 ay=  -53248
     t= 32 pred= 28 left= 17  y=    51 vy=  733184 ay=  -53248
     t= 33 pred= 27 left= 16  y=    61 vy=  679936 ay=  -53248
     t= 34 pred= 26 left= 15  y=    71 vy=  626688 ay=  -53248
     t= 35 pred= 25 left= 14  y=    79 vy=  573440 ay=  -53248
     t= 36 pred= 24 left= 13  y=    87 vy=  520192 ay=  -53248
     t= 37 pred= 23 left= 12  y=    94 vy=  466944 ay=  -53248
     t= 38 pred= 22 left= 11  y=   101 vy=  413696 ay=  -53248
     t= 39 pred= 21 left= 10  y=   106 vy=  360448 ay=  -53248
     t= 40 pred=  9 left=  9  y=   111 vy=       0 ay= -106496
     t= 41 pred=  8 left=  8  y=   109 vy= -106496 ay= -106496
     t= 42 pred=  7 left=  7  y=   106 vy= -212992 ay= -106496
     t= 43 pred=  6 left=  6  y=   101 vy= -319488 ay= -106496
     t= 44 pred=  5 left=  5  y=    95 vy= -425984 ay= -106496
     t= 45 pred=  4 left=  4  y=    87 vy= -532480 ay= -106496
     t= 46 pred=  3 left=  3  y=    77 vy= -638976 ay= -106496
     t= 47 pred=  2 left=  2  y=    65 vy= -745472 ay= -106496
     t= 48 pred=  1 left=  1  y=    52 vy= -851968 ay= -106496
P2  landings=0  no_prediction_ticks=0
   err all : -
   err NEAR (made within 20 ticks of the landing): -
   err far  (made earlier, can still be invalidated): -
   NEAR + $5C seen at the time : -
   NEAR + every frozen tick    : -
   NEAR + every STILL tick     : -
---- landing prediction ----
P1  landings=29  no_prediction_ticks=0
   err all : -22:58 -21:2 -20:2 -19:2 -18:2 -17:2 -16:2 -15:2 -14:2 -13:2 -12:2 -11:92 -10:11 -9:11 -8:11 -7:11 -6:11 -5:11 -4:11 -3:11 -2:11 -1:11 +0:344 +5:81 +11:54 +16:63
   err NEAR (made within 20 ticks of the landing): -12:1 -11:71 -10:11 -9:11 -8:11 -7:11 -6:11 -5:11 -4:11 -3:11 -2:11 -1:11 +0:269 +11:54 +16:63
   err far  (made earlier, can still be invalidated): -22:58 -21:2 -20:2 -19:2 -18:2 -17:2 -16:2 -15:2 -14:2 -13:2 -12:1 -11:21 +0:75 +5:81
   NEAR + $5C seen at the time : -11:61 +0:390 +11:54 +16:63
   NEAR + every frozen tick    : -1:122 +0:329 +11:54 +16:63
   NEAR + every STILL tick     : +0:451 +11:54 +16:63
   last descent, landed on tick 127:
     t=109 pred= 29 left= 18  y=    40 vy=  786432 ay=  -53248
     t=110 pred= 28 left= 17  y=    51 vy=  733184 ay=  -53248
     t=111 pred= 27 left= 16  y=    61 vy=  679936 ay=  -53248
     t=112 pred= 26 left= 15  y=    71 vy=  626688 ay=  -53248
     t=113 pred= 25 left= 14  y=    79 vy=  573440 ay=  -53248
     t=114 pred= 24 left= 13  y=    87 vy=  520192 ay=  -53248
     t=115 pred= 23 left= 12  y=    94 vy=  466944 ay=  -53248
     t=116 pred= 22 left= 11  y=   101 vy=  413696 ay=  -53248
     t=117 pred= 21 left= 10  y=   106 vy=  360448 ay=  -53248
     t=118 pred=  9 left=  9  y=   111 vy=       0 ay= -106496
     t=119 pred=  8 left=  8  y=   109 vy= -106496 ay= -106496
     t=120 pred=  7 left=  7  y=   106 vy= -212992 ay= -106496
     t=121 pred=  6 left=  6  y=   101 vy= -319488 ay= -106496
     t=122 pred=  5 left=  5  y=    95 vy= -425984 ay= -106496
     t=123 pred=  4 left=  4  y=    87 vy= -532480 ay= -106496
     t=124 pred=  3 left=  3  y=    77 vy= -638976 ay= -106496
     t=125 pred=  2 left=  2  y=    65 vy= -745472 ay= -106496
     t=126 pred=  1 left=  1  y=    52 vy= -851968 ay= -106496
P2  landings=0  no_prediction_ticks=0
   err all : -
   err NEAR (made within 20 ticks of the landing): -
   err far  (made earlier, can still be invalidated): -
   NEAR + $5C seen at the time : -
   NEAR + every frozen tick    : -
   NEAR + every STILL tick     : -
---- landing prediction ----
P1  landings=30  no_prediction_ticks=0
   err all : -22:58 -21:2 -20:2 -19:2 -18:2 -17:2 -16:2 -15:2 -14:2 -13:2 -12:2 -11:92 -10:11 -9:11 -8:11 -7:11 -6:11 -5:11 -4:11 -3:11 -2:11 -1:11 +0:355 +5:81 +11:54 +16:72
   err NEAR (made within 20 ticks of the landing): -12:1 -11:71 -10:11 -9:11 -8:11 -7:11 -6:11 -5:11 -4:11 -3:11 -2:11 -1:11 +0:280 +11:54 +16:72
   err far  (made earlier, can still be invalidated): -22:58 -21:2 -20:2 -19:2 -18:2 -17:2 -16:2 -15:2 -14:2 -13:2 -12:1 -11:21 +0:75 +5:81
   NEAR + $5C seen at the time : -11:61 +0:401 +11:54 +16:72
   NEAR + every frozen tick    : -1:122 +0:340 +11:54 +16:72
   NEAR + every STILL tick     : +0:462 +11:54 +16:72
   last descent, landed on tick 190:
     t=170 pred= 36 left= 20  y=    40 vy=  245760 ay=  -13312
     t=171 pred= 35 left= 19  y=    43 vy=  232448 ay=  -13312
     t=172 pred= 34 left= 18  y=    46 vy=  219136 ay=  -13312
     t=173 pred= 33 left= 17  y=    50 vy=  205824 ay=  -13312
     t=174 pred= 32 left= 16  y=    52 vy=  192512 ay=  -13312
     t=175 pred= 31 left= 15  y=    55 vy=  179200 ay=  -13312
     t=176 pred= 30 left= 14  y=    58 vy=  165888 ay=  -13312
     t=177 pred= 29 left= 13  y=    60 vy=  152576 ay=  -13312
     t=178 pred= 28 left= 12  y=    62 vy=  139264 ay=  -13312
     t=179 pred= 11 left= 11  y=    64 vy=       0 ay=  -26624
     t=180 pred= 10 left= 10  y=    64 vy=  -26624 ay=  -26624
     t=181 pred=  9 left=  9  y=    63 vy=  -53248 ay=  -26624
     t=182 pred=  8 left=  8  y=    62 vy=  -79872 ay=  -26624
     t=183 pred=  7 left=  7  y=    60 vy= -106496 ay=  -26624
     t=184 pred=  6 left=  6  y=    58 vy= -133120 ay=  -26624
     t=185 pred=  5 left=  5  y=    56 vy= -159744 ay=  -26624
     t=186 pred=  4 left=  4  y=    53 vy= -186368 ay=  -26624
     t=187 pred=  3 left=  3  y=    49 vy= -212992 ay=  -26624
     t=188 pred=  2 left=  2  y=    46 vy= -239616 ay=  -26624
     t=189 pred=  1 left=  1  y=    42 vy= -266240 ay=  -26624
P2  landings=0  no_prediction_ticks=0
   err all : -
   err NEAR (made within 20 ticks of the landing): -
   err far  (made earlier, can still be invalidated): -
   NEAR + $5C seen at the time : -
   NEAR + every frozen tick    : -
   NEAR + every STILL tick     : -
---- landing prediction ----
P1  landings=31  no_prediction_ticks=0
   err all : -22:58 -21:2 -20:2 -19:2 -18:2 -17:2 -16:2 -15:2 -14:2 -13:2 -12:2 -11:92 -10:11 -9:11 -8:11 -7:11 -6:11 -5:11 -4:11 -3:11 -2:11 -1:11 +0:366 +5:81 +11:54 +16:81
   err NEAR (made within 20 ticks of the landing): -12:1 -11:71 -10:11 -9:11 -8:11 -7:11 -6:11 -5:11 -4:11 -3:11 -2:11 -1:11 +0:291 +11:54 +16:81
   err far  (made earlier, can still be invalidated): -22:58 -21:2 -20:2 -19:2 -18:2 -17:2 -16:2 -15:2 -14:2 -13:2 -12:1 -11:21 +0:75 +5:81
   NEAR + $5C seen at the time : -11:61 +0:412 +11:54 +16:81
   NEAR + every frozen tick    : -1:122 +0:351 +11:54 +16:81
   NEAR + every STILL tick     : +0:473 +11:54 +16:81
   last descent, landed on tick 254:
     t=234 pred= 36 left= 20  y=    40 vy=  245760 ay=  -13312
     t=235 pred= 35 left= 19  y=    43 vy=  232448 ay=  -13312
     t=236 pred= 34 left= 18  y=    46 vy=  219136 ay=  -13312
     t=237 pred= 33 left= 17  y=    50 vy=  205824 ay=  -13312
     t=238 pred= 32 left= 16  y=    52 vy=  192512 ay=  -13312
     t=239 pred= 31 left= 15  y=    55 vy=  179200 ay=  -13312
     t=240 pred= 30 left= 14  y=    58 vy=  165888 ay=  -13312
     t=241 pred= 29 left= 13  y=    60 vy=  152576 ay=  -13312
     t=242 pred= 28 left= 12  y=    62 vy=  139264 ay=  -13312
     t=243 pred= 11 left= 11  y=    64 vy=       0 ay=  -26624
     t=244 pred= 10 left= 10  y=    64 vy=  -26624 ay=  -26624
     t=245 pred=  9 left=  9  y=    63 vy=  -53248 ay=  -26624
     t=246 pred=  8 left=  8  y=    62 vy=  -79872 ay=  -26624
     t=247 pred=  7 left=  7  y=    60 vy= -106496 ay=  -26624
     t=248 pred=  6 left=  6  y=    58 vy= -133120 ay=  -26624
     t=249 pred=  5 left=  5  y=    56 vy= -159744 ay=  -26624
     t=250 pred=  4 left=  4  y=    53 vy= -186368 ay=  -26624
     t=251 pred=  3 left=  3  y=    49 vy= -212992 ay=  -26624
     t=252 pred=  2 left=  2  y=    46 vy= -239616 ay=  -26624
     t=253 pred=  1 left=  1  y=    42 vy= -266240 ay=  -26624
P2  landings=0  no_prediction_ticks=0
   err all : -
   err NEAR (made within 20 ticks of the landing): -
   err far  (made earlier, can still be invalidated): -
   NEAR + $5C seen at the time : -
   NEAR + every frozen tick    : -
   NEAR + every STILL tick     : -
---- landing prediction ----
P1  landings=32  no_prediction_ticks=0
   err all : -22:58 -21:2 -20:2 -19:2 -18:2 -17:2 -16:2 -15:2 -14:2 -13:2 -12:2 -11:101 -10:12 -9:12 -8:12 -7:12 -6:12 -5:12 -4:12 -3:12 -2:12 -1:12 +0:369 +5:90 +11:54 +16:81
   err NEAR (made within 20 ticks of the landing): -12:1 -11:78 -10:12 -9:12 -8:12 -7:12 -6:12 -5:12 -4:12 -3:12 -2:12 -1:12 +0:294 +11:54 +16:81
   err far  (made earlier, can still be invalidated): -22:58 -21:2 -20:2 -19:2 -18:2 -17:2 -16:2 -15:2 -14:2 -13:2 -12:1 -11:23 +0:75 +5:90
   NEAR + $5C seen at the time : -11:67 +0:426 +11:54 +16:81
   NEAR + every frozen tick    : -1:133 +0:360 +11:54 +16:81
   NEAR + every STILL tick     : +0:493 +11:54 +16:81
   last descent, landed on tick 70:
     t= 39 pred= 36 left= 31  y=    40 vy=  245760 ay=  -13312
     t= 40 pred= 35 left= 30  y=    43 vy=  232448 ay=  -13312
     t= 41 pred= 34 left= 29  y=    46 vy=  219136 ay=  -13312
     t= 42 pred= 33 left= 28  y=    50 vy=  205824 ay=  -13312
     t= 43 pred= 32 left= 27  y=    52 vy=  192512 ay=  -13312
     t= 44 pred= 31 left= 26  y=    55 vy=  179200 ay=  -13312
     t= 45 pred= 30 left= 25  y=    58 vy=  165888 ay=  -13312
     t= 46 pred= 29 left= 24  y=    60 vy=  152576 ay=  -13312
     t= 47 pred= 28 left= 23  y=    62 vy=  139264 ay=  -13312
     t= 48 pred= 11 left= 22  y=    64 vy=       0 ay=  -26624
     t= 49 pred= 10 left= 21  y=    64 vy=  -26624 ay=  -26624
     t= 50 pred=  9 left= 20  y=    63 vy=  -53248 ay=  -26624
     t= 51 pred=  8 left= 19  y=    62 vy=  -79872 ay=  -26624
     t= 52 pred=  7 left= 18  y=    60 vy= -106496 ay=  -26624
     t= 53 pred=  6 left= 17  y=    58 vy= -133120 ay=  -26624
     t= 54 pred=  5 left= 16  y=    56 vy= -159744 ay=  -26624
     t= 55 pred=  4 left= 15  y=    53 vy= -186368 ay=  -26624
     t= 56 pred=  3 left= 14  y=    49 vy= -212992 ay=  -26624
     t= 57 pred=  3 left= 13  y=    49 vy= -212992 ay=  -26624
     t= 58 pred=  3 left= 12  y=    49 vy= -212992 ay=  -26624
     t= 59 pred=  3 left= 11  y=    49 vy= -212992 ay=  -26624
     t= 60 pred=  3 left= 10  y=    49 vy= -212992 ay=  -26624
     t= 61 pred=  3 left=  9  y=    49 vy= -212992 ay=  -26624
     t= 62 pred=  3 left=  8  y=    49 vy= -212992 ay=  -26624
     t= 63 pred=  3 left=  7  y=    49 vy= -212992 ay=  -26624
     t= 64 pred=  3 left=  6  y=    49 vy= -212992 ay=  -26624
     t= 65 pred=  3 left=  5  y=    49 vy= -212992 ay=  -26624
     t= 66 pred=  3 left=  4  y=    49 vy= -212992 ay=  -26624
     t= 67 pred=  3 left=  3  y=    49 vy= -212992 ay=  -26624
     t= 68 pred=  2 left=  2  y=    46 vy= -239616 ay=  -26624
     t= 69 pred=  1 left=  1  y=    42 vy= -266240 ay=  -26624
P2  landings=0  no_prediction_ticks=0
   err all : -
   err NEAR (made within 20 ticks of the landing): -
   err far  (made earlier, can still be invalidated): -
   NEAR + $5C seen at the time : -
   NEAR + every frozen tick    : -
   NEAR + every STILL tick     : -
---- landing prediction ----
P1  landings=33  no_prediction_ticks=0
   err all : -22:58 -21:2 -20:2 -19:2 -18:2 -17:2 -16:2 -15:2 -14:2 -13:2 -12:2 -11:109 -10:13 -9:13 -8:13 -7:13 -6:13 -5:13 -4:13 -3:13 -2:13 -1:13 +0:373 +5:99 +11:54 +16:81
   err NEAR (made within 20 ticks of the landing): -12:1 -11:84 -10:13 -9:13 -8:13 -7:13 -6:13 -5:13 -4:13 -3:13 -2:13 -1:13 +0:298 +11:54 +16:81
   err far  (made earlier, can still be invalidated): -22:58 -21:2 -20:2 -19:2 -18:2 -17:2 -16:2 -15:2 -14:2 -13:2 -12:1 -11:25 +0:75 +5:99
   NEAR + $5C seen at the time : -11:72 +0:441 +11:54 +16:81
   NEAR + every frozen tick    : -1:144 +0:369 +11:54 +16:81
   NEAR + every STILL tick     : +0:513 +11:54 +16:81
   last descent, landed on tick 104:
     t= 73 pred= 36 left= 31  y=    40 vy=  245760 ay=  -13312
     t= 74 pred= 35 left= 30  y=    43 vy=  232448 ay=  -13312
     t= 75 pred= 34 left= 29  y=    46 vy=  219136 ay=  -13312
     t= 76 pred= 33 left= 28  y=    50 vy=  205824 ay=  -13312
     t= 77 pred= 32 left= 27  y=    52 vy=  192512 ay=  -13312
     t= 78 pred= 31 left= 26  y=    55 vy=  179200 ay=  -13312
     t= 79 pred= 30 left= 25  y=    58 vy=  165888 ay=  -13312
     t= 80 pred= 29 left= 24  y=    60 vy=  152576 ay=  -13312
     t= 81 pred= 28 left= 23  y=    62 vy=  139264 ay=  -13312
     t= 82 pred= 11 left= 22  y=    64 vy=       0 ay=  -26624
     t= 83 pred= 10 left= 21  y=    64 vy=  -26624 ay=  -26624
     t= 84 pred=  9 left= 20  y=    63 vy=  -53248 ay=  -26624
     t= 85 pred=  8 left= 19  y=    62 vy=  -79872 ay=  -26624
     t= 86 pred=  7 left= 18  y=    60 vy= -106496 ay=  -26624
     t= 87 pred=  6 left= 17  y=    58 vy= -133120 ay=  -26624
     t= 88 pred=  5 left= 16  y=    56 vy= -159744 ay=  -26624
     t= 89 pred=  4 left= 15  y=    53 vy= -186368 ay=  -26624
     t= 90 pred=  4 left= 14  y=    53 vy= -186368 ay=  -26624
     t= 91 pred=  4 left= 13  y=    53 vy= -186368 ay=  -26624
     t= 92 pred=  4 left= 12  y=    53 vy= -186368 ay=  -26624
     t= 93 pred=  4 left= 11  y=    53 vy= -186368 ay=  -26624
     t= 94 pred=  4 left= 10  y=    53 vy= -186368 ay=  -26624
     t= 95 pred=  4 left=  9  y=    53 vy= -186368 ay=  -26624
     t= 96 pred=  4 left=  8  y=    53 vy= -186368 ay=  -26624
     t= 97 pred=  4 left=  7  y=    53 vy= -186368 ay=  -26624
     t= 98 pred=  4 left=  6  y=    53 vy= -186368 ay=  -26624
     t= 99 pred=  4 left=  5  y=    53 vy= -186368 ay=  -26624
     t=100 pred=  4 left=  4  y=    53 vy= -186368 ay=  -26624
     t=101 pred=  3 left=  3  y=    49 vy= -212992 ay=  -26624
     t=102 pred=  2 left=  2  y=    46 vy= -239616 ay=  -26624
     t=103 pred=  1 left=  1  y=    42 vy= -266240 ay=  -26624
P2  landings=0  no_prediction_ticks=0
   err all : -
   err NEAR (made within 20 ticks of the landing): -
   err far  (made earlier, can still be invalidated): -
   NEAR + $5C seen at the time : -
   NEAR + every frozen tick    : -
   NEAR + every STILL tick     : -
---- landing prediction ----
P1  landings=34  no_prediction_ticks=0
   err all : -22:58 -21:2 -20:2 -19:2 -18:2 -17:2 -16:2 -15:2 -14:2 -13:2 -12:2 -11:118 -10:14 -9:14 -8:14 -7:14 -6:14 -5:14 -4:14 -3:14 -2:14 -1:14 +0:376 +5:108 +11:54 +16:81
   err NEAR (made within 20 ticks of the landing): -12:1 -11:91 -10:14 -9:14 -8:14 -7:14 -6:14 -5:14 -4:14 -3:14 -2:14 -1:14 +0:301 +11:54 +16:81
   err far  (made earlier, can still be invalidated): -22:58 -21:2 -20:2 -19:2 -18:2 -17:2 -16:2 -15:2 -14:2 -13:2 -12:1 -11:27 +0:75 +5:108
   NEAR + $5C seen at the time : -11:78 +0:455 +11:54 +16:81
   NEAR + every frozen tick    : -1:155 +0:378 +11:54 +16:81
   NEAR + every STILL tick     : +0:533 +11:54 +16:81
   last descent, landed on tick 193:
     t=162 pred= 36 left= 31  y=    40 vy=  245760 ay=  -13312
     t=163 pred= 35 left= 30  y=    43 vy=  232448 ay=  -13312
     t=164 pred= 34 left= 29  y=    46 vy=  219136 ay=  -13312
     t=165 pred= 33 left= 28  y=    50 vy=  205824 ay=  -13312
     t=166 pred= 32 left= 27  y=    52 vy=  192512 ay=  -13312
     t=167 pred= 31 left= 26  y=    55 vy=  179200 ay=  -13312
     t=168 pred= 30 left= 25  y=    58 vy=  165888 ay=  -13312
     t=169 pred= 29 left= 24  y=    60 vy=  152576 ay=  -13312
     t=170 pred= 28 left= 23  y=    62 vy=  139264 ay=  -13312
     t=171 pred= 11 left= 22  y=    64 vy=       0 ay=  -26624
     t=172 pred= 10 left= 21  y=    64 vy=  -26624 ay=  -26624
     t=173 pred=  9 left= 20  y=    63 vy=  -53248 ay=  -26624
     t=174 pred=  8 left= 19  y=    62 vy=  -79872 ay=  -26624
     t=175 pred=  7 left= 18  y=    60 vy= -106496 ay=  -26624
     t=176 pred=  6 left= 17  y=    58 vy= -133120 ay=  -26624
     t=177 pred=  5 left= 16  y=    56 vy= -159744 ay=  -26624
     t=178 pred=  4 left= 15  y=    53 vy= -186368 ay=  -26624
     t=179 pred=  3 left= 14  y=    49 vy= -212992 ay=  -26624
     t=180 pred=  3 left= 13  y=    49 vy= -212992 ay=  -26624
     t=181 pred=  3 left= 12  y=    49 vy= -212992 ay=  -26624
     t=182 pred=  3 left= 11  y=    49 vy= -212992 ay=  -26624
     t=183 pred=  3 left= 10  y=    49 vy= -212992 ay=  -26624
     t=184 pred=  3 left=  9  y=    49 vy= -212992 ay=  -26624
     t=185 pred=  3 left=  8  y=    49 vy= -212992 ay=  -26624
     t=186 pred=  3 left=  7  y=    49 vy= -212992 ay=  -26624
     t=187 pred=  3 left=  6  y=    49 vy= -212992 ay=  -26624
     t=188 pred=  3 left=  5  y=    49 vy= -212992 ay=  -26624
     t=189 pred=  3 left=  4  y=    49 vy= -212992 ay=  -26624
     t=190 pred=  3 left=  3  y=    49 vy= -212992 ay=  -26624
     t=191 pred=  2 left=  2  y=    46 vy= -239616 ay=  -26624
     t=192 pred=  1 left=  1  y=    42 vy= -266240 ay=  -26624
P2  landings=0  no_prediction_ticks=0
   err all : -
   err NEAR (made within 20 ticks of the landing): -
   err far  (made earlier, can still be invalidated): -
   NEAR + $5C seen at the time : -
   NEAR + every frozen tick    : -
   NEAR + every STILL tick     : -
---- landing prediction ----
P1  landings=35  no_prediction_ticks=0
   err all : -22:58 -21:2 -20:2 -19:2 -18:2 -17:2 -16:2 -15:2 -14:2 -13:2 -12:2 -11:127 -10:15 -9:15 -8:15 -7:15 -6:15 -5:15 -4:15 -3:15 -2:15 -1:15 +0:379 +5:117 +11:54 +16:81
   err NEAR (made within 20 ticks of the landing): -12:1 -11:98 -10:15 -9:15 -8:15 -7:15 -6:15 -5:15 -4:15 -3:15 -2:15 -1:15 +0:304 +11:54 +16:81
   err far  (made earlier, can still be invalidated): -22:58 -21:2 -20:2 -19:2 -18:2 -17:2 -16:2 -15:2 -14:2 -13:2 -12:1 -11:29 +0:75 +5:117
   NEAR + $5C seen at the time : -11:84 +0:469 +11:54 +16:81
   NEAR + every frozen tick    : -1:166 +0:387 +11:54 +16:81
   NEAR + every STILL tick     : +0:553 +11:54 +16:81
   last descent, landed on tick 25:
     t=250 pred= 36 left= 31  y=    40 vy=  245760 ay=  -13312
     t=251 pred= 35 left= 30  y=    43 vy=  232448 ay=  -13312
     t=252 pred= 34 left= 29  y=    46 vy=  219136 ay=  -13312
     t=253 pred= 33 left= 28  y=    50 vy=  205824 ay=  -13312
     t=254 pred= 32 left= 27  y=    52 vy=  192512 ay=  -13312
     t=255 pred= 31 left= 26  y=    55 vy=  179200 ay=  -13312
     t=  0 pred= 30 left= 25  y=    58 vy=  165888 ay=  -13312
     t=  1 pred= 29 left= 24  y=    60 vy=  152576 ay=  -13312
     t=  2 pred= 28 left= 23  y=    62 vy=  139264 ay=  -13312
     t=  3 pred= 11 left= 22  y=    64 vy=       0 ay=  -26624
     t=  4 pred= 10 left= 21  y=    64 vy=  -26624 ay=  -26624
     t=  5 pred=  9 left= 20  y=    63 vy=  -53248 ay=  -26624
     t=  6 pred=  8 left= 19  y=    62 vy=  -79872 ay=  -26624
     t=  7 pred=  7 left= 18  y=    60 vy= -106496 ay=  -26624
     t=  8 pred=  6 left= 17  y=    58 vy= -133120 ay=  -26624
     t=  9 pred=  5 left= 16  y=    56 vy= -159744 ay=  -26624
     t= 10 pred=  4 left= 15  y=    53 vy= -186368 ay=  -26624
     t= 11 pred=  3 left= 14  y=    49 vy= -212992 ay=  -26624
     t= 12 pred=  3 left= 13  y=    49 vy= -212992 ay=  -26624
     t= 13 pred=  3 left= 12  y=    49 vy= -212992 ay=  -26624
     t= 14 pred=  3 left= 11  y=    49 vy= -212992 ay=  -26624
     t= 15 pred=  3 left= 10  y=    49 vy= -212992 ay=  -26624
     t= 16 pred=  3 left=  9  y=    49 vy= -212992 ay=  -26624
     t= 17 pred=  3 left=  8  y=    49 vy= -212992 ay=  -26624
     t= 18 pred=  3 left=  7  y=    49 vy= -212992 ay=  -26624
     t= 19 pred=  3 left=  6  y=    49 vy= -212992 ay=  -26624
     t= 20 pred=  3 left=  5  y=    49 vy= -212992 ay=  -26624
     t= 21 pred=  3 left=  4  y=    49 vy= -212992 ay=  -26624
     t= 22 pred=  3 left=  3  y=    49 vy= -212992 ay=  -26624
     t= 23 pred=  2 left=  2  y=    46 vy= -239616 ay=  -26624
     t= 24 pred=  1 left=  1  y=    42 vy= -266240 ay=  -26624
P2  landings=0  no_prediction_ticks=0
   err all : -
   err NEAR (made within 20 ticks of the landing): -
   err far  (made earlier, can still be invalidated): -
   NEAR + $5C seen at the time : -
   NEAR + every frozen tick    : -
   NEAR + every STILL tick     : -
---- landing prediction ----
P1  landings=36  no_prediction_ticks=0
   err all : -22:58 -21:2 -20:2 -19:2 -18:2 -17:2 -16:2 -15:2 -14:2 -13:2 -12:2 -11:134 -10:16 -9:16 -8:16 -7:16 -6:16 -5:16 -4:16 -3:16 -2:16 -1:16 +0:384 +5:126 +11:54 +16:81
   err NEAR (made within 20 ticks of the landing): -12:1 -11:103 -10:16 -9:16 -8:16 -7:16 -6:16 -5:16 -4:16 -3:16 -2:16 -1:16 +0:309 +11:54 +16:81
   err far  (made earlier, can still be invalidated): -22:58 -21:2 -20:2 -19:2 -18:2 -17:2 -16:2 -15:2 -14:2 -13:2 -12:1 -11:31 +0:75 +5:126
   NEAR + $5C seen at the time : -11:88 +0:485 +11:54 +16:81
   NEAR + every frozen tick    : -1:177 +0:396 +11:54 +16:81
   NEAR + every STILL tick     : +0:573 +11:54 +16:81
   last descent, landed on tick 61:
     t= 30 pred= 36 left= 31  y=    40 vy=  245760 ay=  -13312
     t= 31 pred= 35 left= 30  y=    43 vy=  232448 ay=  -13312
     t= 32 pred= 34 left= 29  y=    46 vy=  219136 ay=  -13312
     t= 33 pred= 33 left= 28  y=    50 vy=  205824 ay=  -13312
     t= 34 pred= 32 left= 27  y=    52 vy=  192512 ay=  -13312
     t= 35 pred= 31 left= 26  y=    55 vy=  179200 ay=  -13312
     t= 36 pred= 30 left= 25  y=    58 vy=  165888 ay=  -13312
     t= 37 pred= 29 left= 24  y=    60 vy=  152576 ay=  -13312
     t= 38 pred= 28 left= 23  y=    62 vy=  139264 ay=  -13312
     t= 39 pred= 11 left= 22  y=    64 vy=       0 ay=  -26624
     t= 40 pred= 10 left= 21  y=    64 vy=  -26624 ay=  -26624
     t= 41 pred=  9 left= 20  y=    63 vy=  -53248 ay=  -26624
     t= 42 pred=  8 left= 19  y=    62 vy=  -79872 ay=  -26624
     t= 43 pred=  7 left= 18  y=    60 vy= -106496 ay=  -26624
     t= 44 pred=  6 left= 17  y=    58 vy= -133120 ay=  -26624
     t= 45 pred=  5 left= 16  y=    56 vy= -159744 ay=  -26624
     t= 46 pred=  5 left= 15  y=    56 vy= -159744 ay=  -26624
     t= 47 pred=  5 left= 14  y=    56 vy= -159744 ay=  -26624
     t= 48 pred=  5 left= 13  y=    56 vy= -159744 ay=  -26624
     t= 49 pred=  5 left= 12  y=    56 vy= -159744 ay=  -26624
     t= 50 pred=  5 left= 11  y=    56 vy= -159744 ay=  -26624
     t= 51 pred=  5 left= 10  y=    56 vy= -159744 ay=  -26624
     t= 52 pred=  5 left=  9  y=    56 vy= -159744 ay=  -26624
     t= 53 pred=  5 left=  8  y=    56 vy= -159744 ay=  -26624
     t= 54 pred=  5 left=  7  y=    56 vy= -159744 ay=  -26624
     t= 55 pred=  5 left=  6  y=    56 vy= -159744 ay=  -26624
     t= 56 pred=  5 left=  5  y=    56 vy= -159744 ay=  -26624
     t= 57 pred=  4 left=  4  y=    53 vy= -186368 ay=  -26624
     t= 58 pred=  3 left=  3  y=    49 vy= -212992 ay=  -26624
     t= 59 pred=  2 left=  2  y=    46 vy= -239616 ay=  -26624
     t= 60 pred=  1 left=  1  y=    42 vy= -266240 ay=  -26624
P2  landings=0  no_prediction_ticks=0
   err all : -
   err NEAR (made within 20 ticks of the landing): -
   err far  (made earlier, can still be invalidated): -
   NEAR + $5C seen at the time : -
   NEAR + every frozen tick    : -
   NEAR + every STILL tick     : -
---- landing prediction ----
P1  landings=37  no_prediction_ticks=0
   err all : -45:5 -38:1 -36:1 -34:1 -32:1 -30:1 -29:9 -28:1 -26:1 -24:1 -22:59 -21:2 -20:3 -19:2 -18:3 -17:2 -16:3 -15:2 -14:3 -13:2 -12:3 -11:134 -10:17 -9:17 -8:17 -7:17 -6:17 -5:17 -4:17 -3:17 -2:17 -1:17 +0:390 +5:126 +11:54 +16:81
   err NEAR (made within 20 ticks of the landing): -14:1 -12:2 -11:103 -10:17 -9:17 -8:17 -7:17 -6:17 -5:17 -4:17 -3:17 -2:17 -1:17 +0:315 +11:54 +16:81
   err far  (made earlier, can still be invalidated): -45:5 -38:1 -36:1 -34:1 -32:1 -30:1 -29:9 -28:1 -26:1 -24:1 -22:59 -21:2 -20:3 -19:2 -18:3 -17:2 -16:3 -15:2 -14:2 -13:2 -12:1 -11:31 +0:75 +5:126
   NEAR + $5C seen at the time : -11:88 -2:1 -1:1 +0:501 +11:54 +16:81
   NEAR + every frozen tick    : -3:1 -2:1 -1:187 +0:402 +11:54 +16:81
   NEAR + every STILL tick     : -2:1 -1:1 +0:589 +11:54 +16:81
   last descent, landed on tick 199:
     t=134 pred= 36 left= 65  y=    40 vy=  245760 ay=  -13312
     t=135 pred= 35 left= 64  y=    43 vy=  232448 ay=  -13312
     t=136 pred= 34 left= 63  y=    46 vy=  219136 ay=  -13312
     t=137 pred= 33 left= 62  y=    50 vy=  205824 ay=  -13312
     t=138 pred= 32 left= 61  y=    52 vy=  192512 ay=  -13312
     t=139 pred= 31 left= 60  y=    55 vy=  179200 ay=  -13312
     t=140 pred= 30 left= 59  y=    58 vy=  165888 ay=  -13312
     t=141 pred= 29 left= 58  y=    60 vy=  152576 ay=  -13312
     t=142 pred= 28 left= 57  y=    62 vy=  139264 ay=  -13312
     t=143 pred= 11 left= 56  y=    64 vy=       0 ay=  -26624
     t=144 pred= 10 left= 55  y=    64 vy=  -26624 ay=  -26624
     t=145 pred=  9 left= 54  y=    63 vy=  -53248 ay=  -26624
     t=146 pred=  8 left= 53  y=    62 vy=  -79872 ay=  -26624
     t=147 pred=  7 left= 52  y=    60 vy= -106496 ay=  -26624
     t=155 pred=  6 left= 44  y=    58 vy= -133120 ay=  -26624
     t=157 pred=  6 left= 42  y=    58 vy= -133120 ay=  -26624
     t=159 pred=  6 left= 40  y=    58 vy= -133120 ay=  -26624
     t=161 pred=  6 left= 38  y=    58 vy= -133120 ay=  -26624
     t=163 pred=  6 left= 36  y=    58 vy= -133120 ay=  -26624
     t=165 pred=  6 left= 34  y=    58 vy= -133120 ay=  -26624
     t=167 pred=  6 left= 32  y=    58 vy= -133120 ay=  -26624
     t=169 pred=  6 left= 30  y=    58 vy= -133120 ay=  -26624
     t=171 pred=  6 left= 28  y=    58 vy= -133120 ay=  -26624
     t=173 pred=  6 left= 26  y=    58 vy= -133120 ay=  -26624
     t=175 pred=  6 left= 24  y=    58 vy= -133120 ay=  -26624
     t=177 pred=  6 left= 22  y=    58 vy= -133120 ay=  -26624
     t=179 pred=  6 left= 20  y=    58 vy= -133120 ay=  -26624
     t=181 pred=  6 left= 18  y=    58 vy= -133120 ay=  -26624
     t=183 pred=  6 left= 16  y=    58 vy= -133120 ay=  -26624
     t=184 pred=  6 left= 15  y=    58 vy= -133120 ay=  -26624
     t=185 pred=  6 left= 14  y=    58 vy= -133120 ay=  -26624
     t=186 pred=  6 left= 13  y=    58 vy= -133120 ay=  -26624
     t=187 pred=  6 left= 12  y=    58 vy= -133120 ay=  -26624
     t=188 pred=  6 left= 11  y=    58 vy= -133120 ay=  -26624
     t=189 pred=  6 left= 10  y=    58 vy= -133120 ay=  -26624
     t=190 pred=  6 left=  9  y=    58 vy= -133120 ay=  -26624
     t=191 pred=  6 left=  8  y=    58 vy= -133120 ay=  -26624
     t=192 pred=  6 left=  7  y=    58 vy= -133120 ay=  -26624
     t=193 pred=  6 left=  6  y=    58 vy= -133120 ay=  -26624
     t=194 pred=  5 left=  5  y=    56 vy= -159744 ay=  -26624
P2  landings=0  no_prediction_ticks=25
   err all : -
   err NEAR (made within 20 ticks of the landing): -
   err far  (made earlier, can still be invalidated): -
   NEAR + $5C seen at the time : -
   NEAR + every frozen tick    : -
   NEAR + every STILL tick     : -
---- landing prediction ----
P1  landings=37  no_prediction_ticks=0
   err all : -45:5 -38:1 -36:1 -34:1 -32:1 -30:1 -29:9 -28:1 -26:1 -24:1 -22:59 -21:2 -20:3 -19:2 -18:3 -17:2 -16:3 -15:2 -14:3 -13:2 -12:3 -11:134 -10:17 -9:17 -8:17 -7:17 -6:17 -5:17 -4:17 -3:17 -2:17 -1:17 +0:390 +5:126 +11:54 +16:81
   err NEAR (made within 20 ticks of the landing): -14:1 -12:2 -11:103 -10:17 -9:17 -8:17 -7:17 -6:17 -5:17 -4:17 -3:17 -2:17 -1:17 +0:315 +11:54 +16:81
   err far  (made earlier, can still be invalidated): -45:5 -38:1 -36:1 -34:1 -32:1 -30:1 -29:9 -28:1 -26:1 -24:1 -22:59 -21:2 -20:3 -19:2 -18:3 -17:2 -16:3 -15:2 -14:2 -13:2 -12:1 -11:31 +0:75 +5:126
   NEAR + $5C seen at the time : -11:88 -2:1 -1:1 +0:501 +11:54 +16:81
   NEAR + every frozen tick    : -3:1 -2:1 -1:187 +0:402 +11:54 +16:81
   NEAR + every STILL tick     : -2:1 -1:1 +0:589 +11:54 +16:81
   last descent, landed on tick 199:
     t=134 pred= 36 left= 65  y=    40 vy=  245760 ay=  -13312
     t=135 pred= 35 left= 64  y=    43 vy=  232448 ay=  -13312
     t=136 pred= 34 left= 63  y=    46 vy=  219136 ay=  -13312
     t=137 pred= 33 left= 62  y=    50 vy=  205824 ay=  -13312
     t=138 pred= 32 left= 61  y=    52 vy=  192512 ay=  -13312
     t=139 pred= 31 left= 60  y=    55 vy=  179200 ay=  -13312
     t=140 pred= 30 left= 59  y=    58 vy=  165888 ay=  -13312
     t=141 pred= 29 left= 58  y=    60 vy=  152576 ay=  -13312
     t=142 pred= 28 left= 57  y=    62 vy=  139264 ay=  -13312
     t=143 pred= 11 left= 56  y=    64 vy=       0 ay=  -26624
     t=144 pred= 10 left= 55  y=    64 vy=  -26624 ay=  -26624
     t=145 pred=  9 left= 54  y=    63 vy=  -53248 ay=  -26624
     t=146 pred=  8 left= 53  y=    62 vy=  -79872 ay=  -26624
     t=147 pred=  7 left= 52  y=    60 vy= -106496 ay=  -26624
     t=155 pred=  6 left= 44  y=    58 vy= -133120 ay=  -26624
     t=157 pred=  6 left= 42  y=    58 vy= -133120 ay=  -26624
     t=159 pred=  6 left= 40  y=    58 vy= -133120 ay=  -26624
     t=161 pred=  6 left= 38  y=    58 vy= -133120 ay=  -26624
     t=163 pred=  6 left= 36  y=    58 vy= -133120 ay=  -26624
     t=165 pred=  6 left= 34  y=    58 vy= -133120 ay=  -26624
     t=167 pred=  6 left= 32  y=    58 vy= -133120 ay=  -26624
     t=169 pred=  6 left= 30  y=    58 vy= -133120 ay=  -26624
     t=171 pred=  6 left= 28  y=    58 vy= -133120 ay=  -26624
     t=173 pred=  6 left= 26  y=    58 vy= -133120 ay=  -26624
     t=175 pred=  6 left= 24  y=    58 vy= -133120 ay=  -26624
     t=177 pred=  6 left= 22  y=    58 vy= -133120 ay=  -26624
     t=179 pred=  6 left= 20  y=    58 vy= -133120 ay=  -26624
     t=181 pred=  6 left= 18  y=    58 vy= -133120 ay=  -26624
     t=183 pred=  6 left= 16  y=    58 vy= -133120 ay=  -26624
     t=184 pred=  6 left= 15  y=    58 vy= -133120 ay=  -26624
     t=185 pred=  6 left= 14  y=    58 vy= -133120 ay=  -26624
     t=186 pred=  6 left= 13  y=    58 vy= -133120 ay=  -26624
     t=187 pred=  6 left= 12  y=    58 vy= -133120 ay=  -26624
     t=188 pred=  6 left= 11  y=    58 vy= -133120 ay=  -26624
     t=189 pred=  6 left= 10  y=    58 vy= -133120 ay=  -26624
     t=190 pred=  6 left=  9  y=    58 vy= -133120 ay=  -26624
     t=191 pred=  6 left=  8  y=    58 vy= -133120 ay=  -26624
     t=192 pred=  6 left=  7  y=    58 vy= -133120 ay=  -26624
     t=193 pred=  6 left=  6  y=    58 vy= -133120 ay=  -26624
     t=194 pred=  5 left=  5  y=    56 vy= -159744 ay=  -26624
P2  landings=1  no_prediction_ticks=25
   err all : +0:33
   err NEAR (made within 20 ticks of the landing): +0:20
   err far  (made earlier, can still be invalidated): +0:13
   NEAR + $5C seen at the time : +0:20
   NEAR + every frozen tick    : +0:20
   NEAR + every STILL tick     : +0:20
   last descent, landed on tick 228:
     t=157 pred= -1 left= 71  y=    40 vy=       0 ay=       0
     t=159 pred= -1 left= 69  y=    40 vy=       0 ay=       0
     t=161 pred= -1 left= 67  y=    40 vy=       0 ay=       0
     t=163 pred= -1 left= 65  y=    40 vy=       0 ay=       0
     t=165 pred= -1 left= 63  y=    40 vy=       0 ay=       0
     t=167 pred= -1 left= 61  y=    40 vy=       0 ay=       0
     t=169 pred= -1 left= 59  y=    40 vy=       0 ay=       0
     t=171 pred= -1 left= 57  y=    40 vy=       0 ay=       0
     t=173 pred= -1 left= 55  y=    40 vy=       0 ay=       0
     t=175 pred= -1 left= 53  y=    40 vy=       0 ay=       0
     t=177 pred= -1 left= 51  y=    40 vy=       0 ay=       0
     t=179 pred= -1 left= 49  y=    40 vy=       0 ay=       0
     t=181 pred= -1 left= 47  y=    40 vy=       0 ay=       0
     t=183 pred= -1 left= 45  y=    40 vy=       0 ay=       0
     t=184 pred= -1 left= 44  y=    40 vy=       0 ay=       0
     t=185 pred= -1 left= 43  y=    40 vy=       0 ay=       0
     t=186 pred= -1 left= 42  y=    40 vy=       0 ay=       0
     t=187 pred= -1 left= 41  y=    40 vy=       0 ay=       0
     t=188 pred= -1 left= 40  y=    40 vy=       0 ay=       0
     t=189 pred= -1 left= 39  y=    40 vy=       0 ay=       0
     t=190 pred= -1 left= 38  y=    40 vy=       0 ay=       0
     t=191 pred= -1 left= 37  y=    40 vy=       0 ay=       0
     t=192 pred= -1 left= 36  y=    40 vy=       0 ay=       0
     t=193 pred= -1 left= 35  y=    40 vy=       0 ay=       0
     t=194 pred= -1 left= 34  y=    40 vy=       0 ay=       0
     t=195 pred= 33 left= 33  y=    47 vy=  493568 ay=  -30720
     t=196 pred= 32 left= 32  y=    54 vy=  462848 ay=  -30720
     t=197 pred= 31 left= 31  y=    61 vy=  432128 ay=  -30720
     t=198 pred= 30 left= 30  y=    67 vy=  401408 ay=  -30720
     t=199 pred= 29 left= 29  y=    72 vy=  370688 ay=  -30720
     t=200 pred= 28 left= 28  y=    78 vy=  339968 ay=  -30720
     t=201 pred= 27 left= 27  y=    82 vy=  309248 ay=  -30720
     t=202 pred= 26 left= 26  y=    87 vy=  278528 ay=  -30720
     t=203 pred= 25 left= 25  y=    90 vy=  247808 ay=  -30720
     t=204 pred= 24 left= 24  y=    94 vy=  217088 ay=  -30720
     t=205 pred= 23 left= 23  y=    97 vy=  186368 ay=  -30720
     t=206 pred= 22 left= 22  y=    99 vy=  155648 ay=  -30720
     t=207 pred= 21 left= 21  y=   101 vy=  124928 ay=  -30720
     t=208 pred= 20 left= 20  y=   102 vy=   94208 ay=  -30720
     t=209 pred= 19 left= 19  y=   103 vy=   63488 ay=  -30720
---- landing prediction ----
P1  landings=37  no_prediction_ticks=0
   err all : -45:5 -38:1 -36:1 -34:1 -32:1 -30:1 -29:9 -28:1 -26:1 -24:1 -22:59 -21:2 -20:3 -19:2 -18:3 -17:2 -16:3 -15:2 -14:3 -13:2 -12:3 -11:134 -10:17 -9:17 -8:17 -7:17 -6:17 -5:17 -4:17 -3:17 -2:17 -1:17 +0:390 +5:126 +11:54 +16:81
   err NEAR (made within 20 ticks of the landing): -14:1 -12:2 -11:103 -10:17 -9:17 -8:17 -7:17 -6:17 -5:17 -4:17 -3:17 -2:17 -1:17 +0:315 +11:54 +16:81
   err far  (made earlier, can still be invalidated): -45:5 -38:1 -36:1 -34:1 -32:1 -30:1 -29:9 -28:1 -26:1 -24:1 -22:59 -21:2 -20:3 -19:2 -18:3 -17:2 -16:3 -15:2 -14:2 -13:2 -12:1 -11:31 +0:75 +5:126
   NEAR + $5C seen at the time : -11:88 -2:1 -1:1 +0:501 +11:54 +16:81
   NEAR + every frozen tick    : -3:1 -2:1 -1:187 +0:402 +11:54 +16:81
   NEAR + every STILL tick     : -2:1 -1:1 +0:589 +11:54 +16:81
   last descent, landed on tick 199:
     t=134 pred= 36 left= 65  y=    40 vy=  245760 ay=  -13312
     t=135 pred= 35 left= 64  y=    43 vy=  232448 ay=  -13312
     t=136 pred= 34 left= 63  y=    46 vy=  219136 ay=  -13312
     t=137 pred= 33 left= 62  y=    50 vy=  205824 ay=  -13312
     t=138 pred= 32 left= 61  y=    52 vy=  192512 ay=  -13312
     t=139 pred= 31 left= 60  y=    55 vy=  179200 ay=  -13312
     t=140 pred= 30 left= 59  y=    58 vy=  165888 ay=  -13312
     t=141 pred= 29 left= 58  y=    60 vy=  152576 ay=  -13312
     t=142 pred= 28 left= 57  y=    62 vy=  139264 ay=  -13312
     t=143 pred= 11 left= 56  y=    64 vy=       0 ay=  -26624
     t=144 pred= 10 left= 55  y=    64 vy=  -26624 ay=  -26624
     t=145 pred=  9 left= 54  y=    63 vy=  -53248 ay=  -26624
     t=146 pred=  8 left= 53  y=    62 vy=  -79872 ay=  -26624
     t=147 pred=  7 left= 52  y=    60 vy= -106496 ay=  -26624
     t=155 pred=  6 left= 44  y=    58 vy= -133120 ay=  -26624
     t=157 pred=  6 left= 42  y=    58 vy= -133120 ay=  -26624
     t=159 pred=  6 left= 40  y=    58 vy= -133120 ay=  -26624
     t=161 pred=  6 left= 38  y=    58 vy= -133120 ay=  -26624
     t=163 pred=  6 left= 36  y=    58 vy= -133120 ay=  -26624
     t=165 pred=  6 left= 34  y=    58 vy= -133120 ay=  -26624
     t=167 pred=  6 left= 32  y=    58 vy= -133120 ay=  -26624
     t=169 pred=  6 left= 30  y=    58 vy= -133120 ay=  -26624
     t=171 pred=  6 left= 28  y=    58 vy= -133120 ay=  -26624
     t=173 pred=  6 left= 26  y=    58 vy= -133120 ay=  -26624
     t=175 pred=  6 left= 24  y=    58 vy= -133120 ay=  -26624
     t=177 pred=  6 left= 22  y=    58 vy= -133120 ay=  -26624
     t=179 pred=  6 left= 20  y=    58 vy= -133120 ay=  -26624
     t=181 pred=  6 left= 18  y=    58 vy= -133120 ay=  -26624
     t=183 pred=  6 left= 16  y=    58 vy= -133120 ay=  -26624
     t=184 pred=  6 left= 15  y=    58 vy= -133120 ay=  -26624
     t=185 pred=  6 left= 14  y=    58 vy= -133120 ay=  -26624
     t=186 pred=  6 left= 13  y=    58 vy= -133120 ay=  -26624
     t=187 pred=  6 left= 12  y=    58 vy= -133120 ay=  -26624
     t=188 pred=  6 left= 11  y=    58 vy= -133120 ay=  -26624
     t=189 pred=  6 left= 10  y=    58 vy= -133120 ay=  -26624
     t=190 pred=  6 left=  9  y=    58 vy= -133120 ay=  -26624
     t=191 pred=  6 left=  8  y=    58 vy= -133120 ay=  -26624
     t=192 pred=  6 left=  7  y=    58 vy= -133120 ay=  -26624
     t=193 pred=  6 left=  6  y=    58 vy= -133120 ay=  -26624
     t=194 pred=  5 left=  5  y=    56 vy= -159744 ay=  -26624
P2  landings=2  no_prediction_ticks=25
   err all : +0:44
   err NEAR (made within 20 ticks of the landing): +0:31
   err far  (made earlier, can still be invalidated): +0:13
   NEAR + $5C seen at the time : +0:31
   NEAR + every frozen tick    : +0:31
   NEAR + every STILL tick     : +0:31
   last descent, landed on tick 252:
     t=241 pred= 11 left= 11  y=    40 vy=  135168 ay=  -24576
     t=242 pred= 10 left= 10  y=    41 vy=  110592 ay=  -24576
     t=243 pred=  9 left=  9  y=    43 vy=   86016 ay=  -24576
     t=244 pred=  8 left=  8  y=    44 vy=   61440 ay=  -24576
     t=245 pred=  7 left=  7  y=    44 vy=   36864 ay=  -24576
     t=246 pred=  6 left=  6  y=    44 vy=   12288 ay=  -24576
     t=247 pred=  5 left=  5  y=    44 vy=  -12288 ay=  -24576
     t=248 pred=  4 left=  4  y=    44 vy=  -36864 ay=  -24576
     t=249 pred=  3 left=  3  y=    43 vy=  -61440 ay=  -24576
     t=250 pred=  2 left=  2  y=    41 vy=  -86016 ay=  -24576
     t=251 pred=  1 left=  1  y=    40 vy= -110592 ay=  -24576
---- landing prediction ----
P1  landings=38  no_prediction_ticks=0
   err all : -45:5 -38:1 -36:1 -34:1 -32:1 -30:1 -29:9 -28:1 -26:1 -24:1 -22:59 -21:2 -20:3 -19:2 -18:3 -17:2 -16:3 -15:2 -14:3 -13:2 -12:3 -11:143 -10:18 -9:18 -8:18 -7:18 -6:18 -5:18 -4:18 -3:18 -2:18 -1:18 +0:393 +5:135 +11:54 +16:81
   err NEAR (made within 20 ticks of the landing): -14:1 -12:2 -11:110 -10:18 -9:18 -8:18 -7:18 -6:18 -5:18 -4:18 -3:18 -2:18 -1:18 +0:318 +11:54 +16:81
   err far  (made earlier, can still be invalidated): -45:5 -38:1 -36:1 -34:1 -32:1 -30:1 -29:9 -28:1 -26:1 -24:1 -22:59 -21:2 -20:3 -19:2 -18:3 -17:2 -16:3 -15:2 -14:2 -13:2 -12:1 -11:33 +0:75 +5:135
   NEAR + $5C seen at the time : -11:94 -2:1 -1:1 +0:515 +11:54 +16:81
   NEAR + every frozen tick    : -3:1 -2:1 -1:198 +0:411 +11:54 +16:81
   NEAR + every STILL tick     : -2:1 -1:1 +0:609 +11:54 +16:81
   last descent, landed on tick 46:
     t= 15 pred= 36 left= 31  y=    40 vy=  245760 ay=  -13312
     t= 16 pred= 35 left= 30  y=    43 vy=  232448 ay=  -13312
     t= 17 pred= 34 left= 29  y=    46 vy=  219136 ay=  -13312
     t= 18 pred= 33 left= 28  y=    50 vy=  205824 ay=  -13312
     t= 19 pred= 32 left= 27  y=    52 vy=  192512 ay=  -13312
     t= 20 pred= 31 left= 26  y=    55 vy=  179200 ay=  -13312
     t= 21 pred= 30 left= 25  y=    58 vy=  165888 ay=  -13312
     t= 22 pred= 29 left= 24  y=    60 vy=  152576 ay=  -13312
     t= 23 pred= 28 left= 23  y=    62 vy=  139264 ay=  -13312
     t= 24 pred= 11 left= 22  y=    64 vy=       0 ay=  -26624
     t= 25 pred= 10 left= 21  y=    64 vy=  -26624 ay=  -26624
     t= 26 pred=  9 left= 20  y=    63 vy=  -53248 ay=  -26624
     t= 27 pred=  8 left= 19  y=    62 vy=  -79872 ay=  -26624
     t= 28 pred=  7 left= 18  y=    60 vy= -106496 ay=  -26624
     t= 29 pred=  6 left= 17  y=    58 vy= -133120 ay=  -26624
     t= 30 pred=  5 left= 16  y=    56 vy= -159744 ay=  -26624
     t= 31 pred=  4 left= 15  y=    53 vy= -186368 ay=  -26624
     t= 32 pred=  3 left= 14  y=    49 vy= -212992 ay=  -26624
     t= 33 pred=  3 left= 13  y=    49 vy= -212992 ay=  -26624
     t= 34 pred=  3 left= 12  y=    49 vy= -212992 ay=  -26624
     t= 35 pred=  3 left= 11  y=    49 vy= -212992 ay=  -26624
     t= 36 pred=  3 left= 10  y=    49 vy= -212992 ay=  -26624
     t= 37 pred=  3 left=  9  y=    49 vy= -212992 ay=  -26624
     t= 38 pred=  3 left=  8  y=    49 vy= -212992 ay=  -26624
     t= 39 pred=  3 left=  7  y=    49 vy= -212992 ay=  -26624
     t= 40 pred=  3 left=  6  y=    49 vy= -212992 ay=  -26624
     t= 41 pred=  3 left=  5  y=    49 vy= -212992 ay=  -26624
     t= 42 pred=  3 left=  4  y=    49 vy= -212992 ay=  -26624
     t= 43 pred=  3 left=  3  y=    49 vy= -212992 ay=  -26624
     t= 44 pred=  2 left=  2  y=    46 vy= -239616 ay=  -26624
     t= 45 pred=  1 left=  1  y=    42 vy= -266240 ay=  -26624
P2  landings=2  no_prediction_ticks=25
   err all : +0:44
   err NEAR (made within 20 ticks of the landing): +0:31
   err far  (made earlier, can still be invalidated): +0:13
   NEAR + $5C seen at the time : +0:31
   NEAR + every frozen tick    : +0:31
   NEAR + every STILL tick     : +0:31
   last descent, landed on tick 252:
     t=241 pred= 11 left= 11  y=    40 vy=  135168 ay=  -24576
     t=242 pred= 10 left= 10  y=    41 vy=  110592 ay=  -24576
     t=243 pred=  9 left=  9  y=    43 vy=   86016 ay=  -24576
     t=244 pred=  8 left=  8  y=    44 vy=   61440 ay=  -24576
     t=245 pred=  7 left=  7  y=    44 vy=   36864 ay=  -24576
     t=246 pred=  6 left=  6  y=    44 vy=   12288 ay=  -24576
     t=247 pred=  5 left=  5  y=    44 vy=  -12288 ay=  -24576
     t=248 pred=  4 left=  4  y=    44 vy=  -36864 ay=  -24576
     t=249 pred=  3 left=  3  y=    43 vy=  -61440 ay=  -24576
     t=250 pred=  2 left=  2  y=    41 vy=  -86016 ay=  -24576
     t=251 pred=  1 left=  1  y=    40 vy= -110592 ay=  -24576
---- landing prediction ----
P1  landings=39  no_prediction_ticks=0
   err all : -45:5 -38:1 -36:1 -34:1 -32:1 -30:1 -29:9 -28:1 -26:1 -24:1 -22:59 -21:2 -20:3 -19:2 -18:3 -17:2 -16:3 -15:2 -14:3 -13:2 -12:3 -11:152 -10:19 -9:19 -8:19 -7:19 -6:19 -5:19 -4:19 -3:19 -2:19 -1:19 +0:396 +5:144 +11:54 +16:81
   err NEAR (made within 20 ticks of the landing): -14:1 -12:2 -11:117 -10:19 -9:19 -8:19 -7:19 -6:19 -5:19 -4:19 -3:19 -2:19 -1:19 +0:321 +11:54 +16:81
   err far  (made earlier, can still be invalidated): -45:5 -38:1 -36:1 -34:1 -32:1 -30:1 -29:9 -28:1 -26:1 -24:1 -22:59 -21:2 -20:3 -19:2 -18:3 -17:2 -16:3 -15:2 -14:2 -13:2 -12:1 -11:35 +0:75 +5:144
   NEAR + $5C seen at the time : -11:100 -2:1 -1:1 +0:529 +11:54 +16:81
   NEAR + every frozen tick    : -3:1 -2:1 -1:209 +0:420 +11:54 +16:81
   NEAR + every STILL tick     : -2:1 -1:1 +0:629 +11:54 +16:81
   last descent, landed on tick 46:
     t= 15 pred= 36 left= 31  y=    40 vy=  245760 ay=  -13312
     t= 16 pred= 35 left= 30  y=    43 vy=  232448 ay=  -13312
     t= 17 pred= 34 left= 29  y=    46 vy=  219136 ay=  -13312
     t= 18 pred= 33 left= 28  y=    50 vy=  205824 ay=  -13312
     t= 19 pred= 32 left= 27  y=    52 vy=  192512 ay=  -13312
     t= 20 pred= 31 left= 26  y=    55 vy=  179200 ay=  -13312
     t= 21 pred= 30 left= 25  y=    58 vy=  165888 ay=  -13312
     t= 22 pred= 29 left= 24  y=    60 vy=  152576 ay=  -13312
     t= 23 pred= 28 left= 23  y=    62 vy=  139264 ay=  -13312
     t= 24 pred= 11 left= 22  y=    64 vy=       0 ay=  -26624
     t= 25 pred= 10 left= 21  y=    64 vy=  -26624 ay=  -26624
     t= 26 pred=  9 left= 20  y=    63 vy=  -53248 ay=  -26624
     t= 27 pred=  8 left= 19  y=    62 vy=  -79872 ay=  -26624
     t= 28 pred=  7 left= 18  y=    60 vy= -106496 ay=  -26624
     t= 29 pred=  6 left= 17  y=    58 vy= -133120 ay=  -26624
     t= 30 pred=  5 left= 16  y=    56 vy= -159744 ay=  -26624
     t= 31 pred=  4 left= 15  y=    53 vy= -186368 ay=  -26624
     t= 32 pred=  3 left= 14  y=    49 vy= -212992 ay=  -26624
     t= 33 pred=  3 left= 13  y=    49 vy= -212992 ay=  -26624
     t= 34 pred=  3 left= 12  y=    49 vy= -212992 ay=  -26624
     t= 35 pred=  3 left= 11  y=    49 vy= -212992 ay=  -26624
     t= 36 pred=  3 left= 10  y=    49 vy= -212992 ay=  -26624
     t= 37 pred=  3 left=  9  y=    49 vy= -212992 ay=  -26624
     t= 38 pred=  3 left=  8  y=    49 vy= -212992 ay=  -26624
     t= 39 pred=  3 left=  7  y=    49 vy= -212992 ay=  -26624
     t= 40 pred=  3 left=  6  y=    49 vy= -212992 ay=  -26624
     t= 41 pred=  3 left=  5  y=    49 vy= -212992 ay=  -26624
     t= 42 pred=  3 left=  4  y=    49 vy= -212992 ay=  -26624
     t= 43 pred=  3 left=  3  y=    49 vy= -212992 ay=  -26624
     t= 44 pred=  2 left=  2  y=    46 vy= -239616 ay=  -26624
     t= 45 pred=  1 left=  1  y=    42 vy= -266240 ay=  -26624
P2  landings=2  no_prediction_ticks=25
   err all : +0:44
   err NEAR (made within 20 ticks of the landing): +0:31
   err far  (made earlier, can still be invalidated): +0:13
   NEAR + $5C seen at the time : +0:31
   NEAR + every frozen tick    : +0:31
   NEAR + every STILL tick     : +0:31
   last descent, landed on tick 252:
     t=241 pred= 11 left= 11  y=    40 vy=  135168 ay=  -24576
     t=242 pred= 10 left= 10  y=    41 vy=  110592 ay=  -24576
     t=243 pred=  9 left=  9  y=    43 vy=   86016 ay=  -24576
     t=244 pred=  8 left=  8  y=    44 vy=   61440 ay=  -24576
     t=245 pred=  7 left=  7  y=    44 vy=   36864 ay=  -24576
     t=246 pred=  6 left=  6  y=    44 vy=   12288 ay=  -24576
     t=247 pred=  5 left=  5  y=    44 vy=  -12288 ay=  -24576
     t=248 pred=  4 left=  4  y=    44 vy=  -36864 ay=  -24576
     t=249 pred=  3 left=  3  y=    43 vy=  -61440 ay=  -24576
     t=250 pred=  2 left=  2  y=    41 vy=  -86016 ay=  -24576
     t=251 pred=  1 left=  1  y=    40 vy= -110592 ay=  -24576
---- landing prediction ----
P1  landings=40  no_prediction_ticks=0
   err all : -45:5 -38:1 -36:1 -34:1 -32:1 -30:1 -29:9 -28:1 -26:1 -24:1 -22:59 -21:2 -20:3 -19:2 -18:3 -17:2 -16:3 -15:2 -14:3 -13:2 -12:3 -11:152 -10:19 -9:19 -8:19 -7:19 -6:19 -5:19 -4:19 -3:19 -2:19 -1:19 +0:434 +5:144 +11:54 +16:81
   err NEAR (made within 20 ticks of the landing): -14:1 -12:2 -11:117 -10:19 -9:19 -8:19 -7:19 -6:19 -5:19 -4:19 -3:19 -2:19 -1:19 +0:341 +11:54 +16:81
   err far  (made earlier, can still be invalidated): -45:5 -38:1 -36:1 -34:1 -32:1 -30:1 -29:9 -28:1 -26:1 -24:1 -22:59 -21:2 -20:3 -19:2 -18:3 -17:2 -16:3 -15:2 -14:2 -13:2 -12:1 -11:35 +0:93 +5:144
   NEAR + $5C seen at the time : -11:100 -2:1 -1:1 +0:549 +11:54 +16:81
   NEAR + every frozen tick    : -3:1 -2:1 -1:209 +0:440 +11:54 +16:81
   NEAR + every STILL tick     : -2:1 -1:1 +0:649 +11:54 +16:81
   last descent, landed on tick 232:
     t=194 pred= 38 left= 38  y=    40 vy=  622592 ay=  -32000
     t=195 pred= 37 left= 37  y=    49 vy=  590592 ay=  -32000
     t=196 pred= 36 left= 36  y=    57 vy=  558592 ay=  -32000
     t=197 pred= 35 left= 35  y=    65 vy=  526592 ay=  -32000
     t=198 pred= 34 left= 34  y=    73 vy=  494592 ay=  -32000
     t=199 pred= 33 left= 33  y=    80 vy=  462592 ay=  -32000
     t=200 pred= 32 left= 32  y=    86 vy=  430592 ay=  -32000
     t=201 pred= 31 left= 31  y=    92 vy=  398592 ay=  -32000
     t=202 pred= 30 left= 30  y=    98 vy=  366592 ay=  -32000
     t=203 pred= 29 left= 29  y=   103 vy=  334592 ay=  -32000
     t=204 pred= 28 left= 28  y=   108 vy=  302592 ay=  -32000
     t=205 pred= 27 left= 27  y=   112 vy=  270592 ay=  -32000
     t=206 pred= 26 left= 26  y=   115 vy=  238592 ay=  -32000
     t=207 pred= 25 left= 25  y=   119 vy=  206592 ay=  -32000
     t=208 pred= 24 left= 24  y=   121 vy=  174592 ay=  -32000
     t=209 pred= 23 left= 23  y=   123 vy=  142592 ay=  -32000
     t=210 pred= 22 left= 22  y=   125 vy=  110592 ay=  -32000
     t=211 pred= 21 left= 21  y=   126 vy=   78592 ay=  -32000
     t=212 pred= 20 left= 20  y=   127 vy=   46592 ay=  -32000
     t=213 pred= 19 left= 19  y=   127 vy=   14592 ay=  -32000
     t=214 pred= 18 left= 18  y=   127 vy=  -17408 ay=  -32000
     t=215 pred= 17 left= 17  y=   126 vy=  -49408 ay=  -32000
     t=216 pred= 16 left= 16  y=   125 vy=  -81408 ay=  -32000
     t=217 pred= 15 left= 15  y=   123 vy= -113408 ay=  -32000
     t=218 pred= 14 left= 14  y=   121 vy= -145408 ay=  -32000
     t=219 pred= 13 left= 13  y=   118 vy= -177408 ay=  -32000
     t=220 pred= 12 left= 12  y=   115 vy= -209408 ay=  -32000
     t=221 pred= 11 left= 11  y=   111 vy= -241408 ay=  -32000
     t=222 pred= 10 left= 10  y=   107 vy= -273408 ay=  -32000
     t=223 pred=  9 left=  9  y=   103 vy= -305408 ay=  -32000
     t=224 pred=  8 left=  8  y=    97 vy= -337408 ay=  -32000
     t=225 pred=  7 left=  7  y=    92 vy= -369408 ay=  -32000
     t=226 pred=  6 left=  6  y=    86 vy= -401408 ay=  -32000
     t=227 pred=  5 left=  5  y=    79 vy= -433408 ay=  -32000
     t=228 pred=  4 left=  4  y=    72 vy= -465408 ay=  -32000
     t=229 pred=  3 left=  3  y=    64 vy= -497408 ay=  -32000
     t=230 pred=  2 left=  2  y=    56 vy= -529408 ay=  -32000
     t=231 pred=  1 left=  1  y=    48 vy= -561408 ay=  -32000
P2  landings=2  no_prediction_ticks=25
   err all : +0:44
   err NEAR (made within 20 ticks of the landing): +0:31
   err far  (made earlier, can still be invalidated): +0:13
   NEAR + $5C seen at the time : +0:31
   NEAR + every frozen tick    : +0:31
   NEAR + every STILL tick     : +0:31
   last descent, landed on tick 252:
     t=241 pred= 11 left= 11  y=    40 vy=  135168 ay=  -24576
     t=242 pred= 10 left= 10  y=    41 vy=  110592 ay=  -24576
     t=243 pred=  9 left=  9  y=    43 vy=   86016 ay=  -24576
     t=244 pred=  8 left=  8  y=    44 vy=   61440 ay=  -24576
     t=245 pred=  7 left=  7  y=    44 vy=   36864 ay=  -24576
     t=246 pred=  6 left=  6  y=    44 vy=   12288 ay=  -24576
     t=247 pred=  5 left=  5  y=    44 vy=  -12288 ay=  -24576
     t=248 pred=  4 left=  4  y=    44 vy=  -36864 ay=  -24576
     t=249 pred=  3 left=  3  y=    43 vy=  -61440 ay=  -24576
     t=250 pred=  2 left=  2  y=    41 vy=  -86016 ay=  -24576
     t=251 pred=  1 left=  1  y=    40 vy= -110592 ay=  -24576
---- landing prediction ----
P1  landings=40  no_prediction_ticks=0
   err all : -45:5 -38:1 -36:1 -34:1 -32:1 -30:1 -29:9 -28:1 -26:1 -24:1 -22:59 -21:2 -20:3 -19:2 -18:3 -17:2 -16:3 -15:2 -14:3 -13:2 -12:3 -11:152 -10:19 -9:19 -8:19 -7:19 -6:19 -5:19 -4:19 -3:19 -2:19 -1:19 +0:434 +5:144 +11:54 +16:81
   err NEAR (made within 20 ticks of the landing): -14:1 -12:2 -11:117 -10:19 -9:19 -8:19 -7:19 -6:19 -5:19 -4:19 -3:19 -2:19 -1:19 +0:341 +11:54 +16:81
   err far  (made earlier, can still be invalidated): -45:5 -38:1 -36:1 -34:1 -32:1 -30:1 -29:9 -28:1 -26:1 -24:1 -22:59 -21:2 -20:3 -19:2 -18:3 -17:2 -16:3 -15:2 -14:2 -13:2 -12:1 -11:35 +0:93 +5:144
   NEAR + $5C seen at the time : -11:100 -2:1 -1:1 +0:549 +11:54 +16:81
   NEAR + every frozen tick    : -3:1 -2:1 -1:209 +0:440 +11:54 +16:81
   NEAR + every STILL tick     : -2:1 -1:1 +0:649 +11:54 +16:81
   last descent, landed on tick 232:
     t=194 pred= 38 left= 38  y=    40 vy=  622592 ay=  -32000
     t=195 pred= 37 left= 37  y=    49 vy=  590592 ay=  -32000
     t=196 pred= 36 left= 36  y=    57 vy=  558592 ay=  -32000
     t=197 pred= 35 left= 35  y=    65 vy=  526592 ay=  -32000
     t=198 pred= 34 left= 34  y=    73 vy=  494592 ay=  -32000
     t=199 pred= 33 left= 33  y=    80 vy=  462592 ay=  -32000
     t=200 pred= 32 left= 32  y=    86 vy=  430592 ay=  -32000
     t=201 pred= 31 left= 31  y=    92 vy=  398592 ay=  -32000
     t=202 pred= 30 left= 30  y=    98 vy=  366592 ay=  -32000
     t=203 pred= 29 left= 29  y=   103 vy=  334592 ay=  -32000
     t=204 pred= 28 left= 28  y=   108 vy=  302592 ay=  -32000
     t=205 pred= 27 left= 27  y=   112 vy=  270592 ay=  -32000
     t=206 pred= 26 left= 26  y=   115 vy=  238592 ay=  -32000
     t=207 pred= 25 left= 25  y=   119 vy=  206592 ay=  -32000
     t=208 pred= 24 left= 24  y=   121 vy=  174592 ay=  -32000
     t=209 pred= 23 left= 23  y=   123 vy=  142592 ay=  -32000
     t=210 pred= 22 left= 22  y=   125 vy=  110592 ay=  -32000
     t=211 pred= 21 left= 21  y=   126 vy=   78592 ay=  -32000
     t=212 pred= 20 left= 20  y=   127 vy=   46592 ay=  -32000
     t=213 pred= 19 left= 19  y=   127 vy=   14592 ay=  -32000
     t=214 pred= 18 left= 18  y=   127 vy=  -17408 ay=  -32000
     t=215 pred= 17 left= 17  y=   126 vy=  -49408 ay=  -32000
     t=216 pred= 16 left= 16  y=   125 vy=  -81408 ay=  -32000
     t=217 pred= 15 left= 15  y=   123 vy= -113408 ay=  -32000
     t=218 pred= 14 left= 14  y=   121 vy= -145408 ay=  -32000
     t=219 pred= 13 left= 13  y=   118 vy= -177408 ay=  -32000
     t=220 pred= 12 left= 12  y=   115 vy= -209408 ay=  -32000
     t=221 pred= 11 left= 11  y=   111 vy= -241408 ay=  -32000
     t=222 pred= 10 left= 10  y=   107 vy= -273408 ay=  -32000
     t=223 pred=  9 left=  9  y=   103 vy= -305408 ay=  -32000
     t=224 pred=  8 left=  8  y=    97 vy= -337408 ay=  -32000
     t=225 pred=  7 left=  7  y=    92 vy= -369408 ay=  -32000
     t=226 pred=  6 left=  6  y=    86 vy= -401408 ay=  -32000
     t=227 pred=  5 left=  5  y=    79 vy= -433408 ay=  -32000
     t=228 pred=  4 left=  4  y=    72 vy= -465408 ay=  -32000
     t=229 pred=  3 left=  3  y=    64 vy= -497408 ay=  -32000
     t=230 pred=  2 left=  2  y=    56 vy= -529408 ay=  -32000
     t=231 pred=  1 left=  1  y=    48 vy= -561408 ay=  -32000
P2  landings=3  no_prediction_ticks=32
   err all : -29:7 -18:1 -17:1 -16:1 -15:1 -14:1 -13:11 -5:1 -4:1 -3:1 -2:1 -1:1 +0:52
   err NEAR (made within 20 ticks of the landing): -13:7 -5:1 -4:1 -3:1 -2:1 -1:1 +0:39
   err far  (made earlier, can still be invalidated): -29:7 -18:1 -17:1 -16:1 -15:1 -14:1 -13:4 +0:13
   NEAR + $5C seen at the time : -13:7 -5:1 -4:1 -3:1 -2:1 -1:1 +0:39
   NEAR + every frozen tick    : -13:7 -5:1 -4:1 -3:1 -2:1 -1:1 +0:39
   NEAR + every STILL tick     : -8:7 +0:44
   last descent, landed on tick 203:
     t=160 pred= -1 left= 43  y=    23 vy=  262144 ay=  -24576
     t=161 pred= -1 left= 42  y=    26 vy=  237568 ay=  -24576
     t=162 pred= -1 left= 41  y=    29 vy=  212992 ay=  -24576
     t=163 pred= -1 left= 40  y=    32 vy=  188416 ay=  -24576
     t=164 pred= -1 left= 39  y=    35 vy=  163840 ay=  -24576
     t=165 pred= -1 left= 38  y=    37 vy=  139264 ay=  -24576
     t=166 pred= -1 left= 37  y=    39 vy=  114688 ay=  -24576
     t=167 pred=  7 left= 36  y=    40 vy=   90112 ay=  -24576
     t=168 pred=  6 left= 35  y=    41 vy=   65536 ay=  -24576
     t=169 pred=  5 left= 34  y=    42 vy=   40960 ay=  -24576
     t=170 pred=  4 left= 33  y=    42 vy=   16384 ay=  -24576
     t=171 pred=  3 left= 32  y=    42 vy=   -8192 ay=  -24576
     t=172 pred=  2 left= 31  y=    41 vy=  -32768 ay=  -24576
     t=173 pred=  1 left= 30  y=    40 vy=  -57344 ay=  -24576
     t=174 pred= 11 left= 29  y=    40 vy=  131072 ay=  -24576
     t=175 pred= 11 left= 28  y=    40 vy=  131072 ay=  -24576
     t=176 pred= 11 left= 27  y=    40 vy=  131072 ay=  -24576
     t=177 pred= 11 left= 26  y=    40 vy=  131072 ay=  -24576
     t=178 pred= 11 left= 25  y=    40 vy=  131072 ay=  -24576
     t=179 pred= 11 left= 24  y=    40 vy=  131072 ay=  -24576
     t=180 pred= 10 left= 23  y=    42 vy=  106496 ay=  -24576
     t=181 pred=  9 left= 22  y=    43 vy=   81920 ay=  -24576
     t=182 pred=  8 left= 21  y=    44 vy=   57344 ay=  -24576
     t=183 pred=  7 left= 20  y=    44 vy=   32768 ay=  -24576
     t=184 pred=  6 left= 19  y=    45 vy=    8192 ay=  -24576
     t=185 pred=  5 left= 18  y=    44 vy=  -16384 ay=  -24576
     t=186 pred=  4 left= 17  y=    44 vy=  -40960 ay=  -24576
     t=187 pred=  3 left= 16  y=    43 vy=  -65536 ay=  -24576
     t=188 pred=  2 left= 15  y=    41 vy=  -90112 ay=  -24576
     t=189 pred=  1 left= 14  y=    40 vy= -114688 ay=  -24576
     t=190 pred=  8 left= 13  y=    40 vy=   98304 ay=  -24576
     t=191 pred=  8 left= 12  y=    40 vy=   98304 ay=  -24576
     t=192 pred=  8 left= 11  y=    40 vy=   98304 ay=  -24576
     t=193 pred=  8 left= 10  y=    40 vy=   98304 ay=  -24576
     t=194 pred=  8 left=  9  y=    40 vy=   98304 ay=  -24576
     t=195 pred=  8 left=  8  y=    40 vy=   98304 ay=  -24576
     t=196 pred=  7 left=  7  y=    42 vy=   73728 ay=  -24576
     t=197 pred=  6 left=  6  y=    42 vy=   49152 ay=  -24576
     t=198 pred=  5 left=  5  y=    43 vy=   24576 ay=  -24576
     t=199 pred=  4 left=  4  y=    43 vy=       0 ay=  -24576
---- landing prediction ----
P1  landings=41  no_prediction_ticks=0
   err all : -45:5 -38:1 -36:1 -34:1 -32:1 -30:1 -29:9 -28:1 -26:1 -24:1 -22:90 -21:3 -20:4 -19:3 -18:4 -17:3 -16:4 -15:3 -14:4 -13:3 -12:4 -11:159 -10:20 -9:20 -8:20 -7:20 -6:20 -5:20 -4:20 -3:20 -2:20 -1:20 +0:436 +5:144 +11:54 +16:81
   err NEAR (made within 20 ticks of the landing): -14:1 -12:3 -11:124 -10:20 -9:20 -8:20 -7:20 -6:20 -5:20 -4:20 -3:20 -2:20 -1:20 +0:343 +11:54 +16:81
   err far  (made earlier, can still be invalidated): -45:5 -38:1 -36:1 -34:1 -32:1 -30:1 -29:9 -28:1 -26:1 -24:1 -22:90 -21:3 -20:4 -19:3 -18:4 -17:3 -16:4 -15:3 -14:3 -13:3 -12:1 -11:35 +0:93 +5:144
   NEAR + $5C seen at the time : -11:107 -2:1 -1:1 +0:562 +11:54 +16:81
   NEAR + every frozen tick    : -3:1 -2:1 -1:221 +0:448 +11:54 +16:81
   NEAR + every STILL tick     : -2:1 -1:1 +0:669 +11:54 +16:81
   last descent, landed on tick 30:
     t=226 pred= 38 left= 60  y=    40 vy=  622592 ay=  -32000
     t=227 pred= 37 left= 59  y=    49 vy=  590592 ay=  -32000
     t=228 pred= 36 left= 58  y=    57 vy=  558592 ay=  -32000
     t=229 pred= 35 left= 57  y=    65 vy=  526592 ay=  -32000
     t=230 pred= 34 left= 56  y=    73 vy=  494592 ay=  -32000
     t=231 pred= 33 left= 55  y=    80 vy=  462592 ay=  -32000
     t=232 pred= 32 left= 54  y=    86 vy=  430592 ay=  -32000
     t=233 pred= 31 left= 53  y=    92 vy=  398592 ay=  -32000
     t=234 pred= 30 left= 52  y=    98 vy=  366592 ay=  -32000
     t=235 pred= 29 left= 51  y=   103 vy=  334592 ay=  -32000
     t=236 pred= 28 left= 50  y=   108 vy=  302592 ay=  -32000
     t=237 pred= 27 left= 49  y=   112 vy=  270592 ay=  -32000
     t=238 pred= 26 left= 48  y=   115 vy=  238592 ay=  -32000
     t=239 pred= 25 left= 47  y=   119 vy=  206592 ay=  -32000
     t=240 pred= 24 left= 46  y=   121 vy=  174592 ay=  -32000
     t=241 pred= 23 left= 45  y=   123 vy=  142592 ay=  -32000
     t=242 pred= 22 left= 44  y=   125 vy=  110592 ay=  -32000
     t=243 pred= 21 left= 43  y=   126 vy=   78592 ay=  -32000
     t=244 pred= 20 left= 42  y=   127 vy=   46592 ay=  -32000
     t=245 pred= 19 left= 41  y=   127 vy=   14592 ay=  -32000
     t=246 pred= 18 left= 40  y=   127 vy=  -17408 ay=  -32000
     t=247 pred= 17 left= 39  y=   126 vy=  -49408 ay=  -32000
     t=248 pred= 16 left= 38  y=   125 vy=  -81408 ay=  -32000
     t=249 pred= 15 left= 37  y=   123 vy= -113408 ay=  -32000
     t=250 pred= 14 left= 36  y=   121 vy= -145408 ay=  -32000
     t=251 pred= 13 left= 35  y=   118 vy= -177408 ay=  -32000
     t=252 pred= 12 left= 34  y=   115 vy= -209408 ay=  -32000
     t=253 pred= 11 left= 33  y=   111 vy= -241408 ay=  -32000
     t=254 pred= 10 left= 32  y=   107 vy= -273408 ay=  -32000
     t=255 pred=  9 left= 31  y=   103 vy= -305408 ay=  -32000
     t=  0 pred=  8 left= 30  y=    97 vy= -337408 ay=  -32000
     t=  1 pred=  8 left= 29  y=    97 vy= -337408 ay=  -32000
     t=  2 pred=  8 left= 28  y=    97 vy= -337408 ay=  -32000
     t=  3 pred=  8 left= 27  y=    97 vy= -337408 ay=  -32000
     t=  4 pred=  8 left= 26  y=    97 vy= -337408 ay=  -32000
     t=  5 pred=  8 left= 25  y=    97 vy= -337408 ay=  -32000
     t=  6 pred=  8 left= 24  y=    97 vy= -337408 ay=  -32000
     t=  7 pred=  8 left= 23  y=    97 vy= -337408 ay=  -32000
     t=  8 pred=  8 left= 22  y=    97 vy= -337408 ay=  -32000
     t=  9 pred=  8 left= 21  y=    97 vy= -337408 ay=  -32000
P2  landings=3  no_prediction_ticks=32
   err all : -29:7 -18:1 -17:1 -16:1 -15:1 -14:1 -13:11 -5:1 -4:1 -3:1 -2:1 -1:1 +0:52
   err NEAR (made within 20 ticks of the landing): -13:7 -5:1 -4:1 -3:1 -2:1 -1:1 +0:39
   err far  (made earlier, can still be invalidated): -29:7 -18:1 -17:1 -16:1 -15:1 -14:1 -13:4 +0:13
   NEAR + $5C seen at the time : -13:7 -5:1 -4:1 -3:1 -2:1 -1:1 +0:39
   NEAR + every frozen tick    : -13:7 -5:1 -4:1 -3:1 -2:1 -1:1 +0:39
   NEAR + every STILL tick     : -8:7 +0:44
   last descent, landed on tick 203:
     t=160 pred= -1 left= 43  y=    23 vy=  262144 ay=  -24576
     t=161 pred= -1 left= 42  y=    26 vy=  237568 ay=  -24576
     t=162 pred= -1 left= 41  y=    29 vy=  212992 ay=  -24576
     t=163 pred= -1 left= 40  y=    32 vy=  188416 ay=  -24576
     t=164 pred= -1 left= 39  y=    35 vy=  163840 ay=  -24576
     t=165 pred= -1 left= 38  y=    37 vy=  139264 ay=  -24576
     t=166 pred= -1 left= 37  y=    39 vy=  114688 ay=  -24576
     t=167 pred=  7 left= 36  y=    40 vy=   90112 ay=  -24576
     t=168 pred=  6 left= 35  y=    41 vy=   65536 ay=  -24576
     t=169 pred=  5 left= 34  y=    42 vy=   40960 ay=  -24576
     t=170 pred=  4 left= 33  y=    42 vy=   16384 ay=  -24576
     t=171 pred=  3 left= 32  y=    42 vy=   -8192 ay=  -24576
     t=172 pred=  2 left= 31  y=    41 vy=  -32768 ay=  -24576
     t=173 pred=  1 left= 30  y=    40 vy=  -57344 ay=  -24576
     t=174 pred= 11 left= 29  y=    40 vy=  131072 ay=  -24576
     t=175 pred= 11 left= 28  y=    40 vy=  131072 ay=  -24576
     t=176 pred= 11 left= 27  y=    40 vy=  131072 ay=  -24576
     t=177 pred= 11 left= 26  y=    40 vy=  131072 ay=  -24576
     t=178 pred= 11 left= 25  y=    40 vy=  131072 ay=  -24576
     t=179 pred= 11 left= 24  y=    40 vy=  131072 ay=  -24576
     t=180 pred= 10 left= 23  y=    42 vy=  106496 ay=  -24576
     t=181 pred=  9 left= 22  y=    43 vy=   81920 ay=  -24576
     t=182 pred=  8 left= 21  y=    44 vy=   57344 ay=  -24576
     t=183 pred=  7 left= 20  y=    44 vy=   32768 ay=  -24576
     t=184 pred=  6 left= 19  y=    45 vy=    8192 ay=  -24576
     t=185 pred=  5 left= 18  y=    44 vy=  -16384 ay=  -24576
     t=186 pred=  4 left= 17  y=    44 vy=  -40960 ay=  -24576
     t=187 pred=  3 left= 16  y=    43 vy=  -65536 ay=  -24576
     t=188 pred=  2 left= 15  y=    41 vy=  -90112 ay=  -24576
     t=189 pred=  1 left= 14  y=    40 vy= -114688 ay=  -24576
     t=190 pred=  8 left= 13  y=    40 vy=   98304 ay=  -24576
     t=191 pred=  8 left= 12  y=    40 vy=   98304 ay=  -24576
     t=192 pred=  8 left= 11  y=    40 vy=   98304 ay=  -24576
     t=193 pred=  8 left= 10  y=    40 vy=   98304 ay=  -24576
     t=194 pred=  8 left=  9  y=    40 vy=   98304 ay=  -24576
     t=195 pred=  8 left=  8  y=    40 vy=   98304 ay=  -24576
     t=196 pred=  7 left=  7  y=    42 vy=   73728 ay=  -24576
     t=197 pred=  6 left=  6  y=    42 vy=   49152 ay=  -24576
     t=198 pred=  5 left=  5  y=    43 vy=   24576 ay=  -24576
     t=199 pred=  4 left=  4  y=    43 vy=       0 ay=  -24576
---- landing prediction ----
P1  landings=42  no_prediction_ticks=0
   err all : -45:5 -38:1 -36:1 -34:1 -32:1 -30:1 -29:9 -28:1 -26:1 -24:1 -22:90 -21:3 -20:4 -19:3 -18:4 -17:3 -16:4 -15:3 -14:4 -13:3 -12:4 -11:167 -10:21 -9:21 -8:21 -7:21 -6:21 -5:21 -4:21 -3:21 -2:21 -1:21 +0:440 +5:153 +11:54 +16:81
   err NEAR (made within 20 ticks of the landing): -14:1 -12:3 -11:130 -10:21 -9:21 -8:21 -7:21 -6:21 -5:21 -4:21 -3:21 -2:21 -1:21 +0:347 +11:54 +16:81
   err far  (made earlier, can still be invalidated): -45:5 -38:1 -36:1 -34:1 -32:1 -30:1 -29:9 -28:1 -26:1 -24:1 -22:90 -21:3 -20:4 -19:3 -18:4 -17:3 -16:4 -15:3 -14:3 -13:3 -12:1 -11:37 +0:93 +5:153
   NEAR + $5C seen at the time : -11:112 -2:1 -1:1 +0:577 +11:54 +16:81
   NEAR + every frozen tick    : -3:1 -2:1 -1:232 +0:457 +11:54 +16:81
   NEAR + every STILL tick     : -2:1 -1:1 +0:689 +11:54 +16:81
   last descent, landed on tick 74:
     t= 43 pred= 36 left= 31  y=    40 vy=  245760 ay=  -13312
     t= 44 pred= 35 left= 30  y=    43 vy=  232448 ay=  -13312
     t= 45 pred= 34 left= 29  y=    46 vy=  219136 ay=  -13312
     t= 46 pred= 33 left= 28  y=    50 vy=  205824 ay=  -13312
     t= 47 pred= 32 left= 27  y=    52 vy=  192512 ay=  -13312
     t= 48 pred= 31 left= 26  y=    55 vy=  179200 ay=  -13312
     t= 49 pred= 30 left= 25  y=    58 vy=  165888 ay=  -13312
     t= 50 pred= 29 left= 24  y=    60 vy=  152576 ay=  -13312
     t= 51 pred= 28 left= 23  y=    62 vy=  139264 ay=  -13312
     t= 52 pred= 11 left= 22  y=    64 vy=       0 ay=  -26624
     t= 53 pred= 10 left= 21  y=    64 vy=  -26624 ay=  -26624
     t= 54 pred=  9 left= 20  y=    63 vy=  -53248 ay=  -26624
     t= 55 pred=  8 left= 19  y=    62 vy=  -79872 ay=  -26624
     t= 56 pred=  7 left= 18  y=    60 vy= -106496 ay=  -26624
     t= 57 pred=  6 left= 17  y=    58 vy= -133120 ay=  -26624
     t= 58 pred=  5 left= 16  y=    56 vy= -159744 ay=  -26624
     t= 59 pred=  4 left= 15  y=    53 vy= -186368 ay=  -26624
     t= 60 pred=  4 left= 14  y=    53 vy= -186368 ay=  -26624
     t= 61 pred=  4 left= 13  y=    53 vy= -186368 ay=  -26624
     t= 62 pred=  4 left= 12  y=    53 vy= -186368 ay=  -26624
     t= 63 pred=  4 left= 11  y=    53 vy= -186368 ay=  -26624
     t= 64 pred=  4 left= 10  y=    53 vy= -186368 ay=  -26624
     t= 65 pred=  4 left=  9  y=    53 vy= -186368 ay=  -26624
     t= 66 pred=  4 left=  8  y=    53 vy= -186368 ay=  -26624
     t= 67 pred=  4 left=  7  y=    53 vy= -186368 ay=  -26624
     t= 68 pred=  4 left=  6  y=    53 vy= -186368 ay=  -26624
     t= 69 pred=  4 left=  5  y=    53 vy= -186368 ay=  -26624
     t= 70 pred=  4 left=  4  y=    53 vy= -186368 ay=  -26624
     t= 71 pred=  3 left=  3  y=    49 vy= -212992 ay=  -26624
     t= 72 pred=  2 left=  2  y=    46 vy= -239616 ay=  -26624
     t= 73 pred=  1 left=  1  y=    42 vy= -266240 ay=  -26624
P2  landings=3  no_prediction_ticks=32
   err all : -29:7 -18:1 -17:1 -16:1 -15:1 -14:1 -13:11 -5:1 -4:1 -3:1 -2:1 -1:1 +0:52
   err NEAR (made within 20 ticks of the landing): -13:7 -5:1 -4:1 -3:1 -2:1 -1:1 +0:39
   err far  (made earlier, can still be invalidated): -29:7 -18:1 -17:1 -16:1 -15:1 -14:1 -13:4 +0:13
   NEAR + $5C seen at the time : -13:7 -5:1 -4:1 -3:1 -2:1 -1:1 +0:39
   NEAR + every frozen tick    : -13:7 -5:1 -4:1 -3:1 -2:1 -1:1 +0:39
   NEAR + every STILL tick     : -8:7 +0:44
   last descent, landed on tick 203:
     t=160 pred= -1 left= 43  y=    23 vy=  262144 ay=  -24576
     t=161 pred= -1 left= 42  y=    26 vy=  237568 ay=  -24576
     t=162 pred= -1 left= 41  y=    29 vy=  212992 ay=  -24576
     t=163 pred= -1 left= 40  y=    32 vy=  188416 ay=  -24576
     t=164 pred= -1 left= 39  y=    35 vy=  163840 ay=  -24576
     t=165 pred= -1 left= 38  y=    37 vy=  139264 ay=  -24576
     t=166 pred= -1 left= 37  y=    39 vy=  114688 ay=  -24576
     t=167 pred=  7 left= 36  y=    40 vy=   90112 ay=  -24576
     t=168 pred=  6 left= 35  y=    41 vy=   65536 ay=  -24576
     t=169 pred=  5 left= 34  y=    42 vy=   40960 ay=  -24576
     t=170 pred=  4 left= 33  y=    42 vy=   16384 ay=  -24576
     t=171 pred=  3 left= 32  y=    42 vy=   -8192 ay=  -24576
     t=172 pred=  2 left= 31  y=    41 vy=  -32768 ay=  -24576
     t=173 pred=  1 left= 30  y=    40 vy=  -57344 ay=  -24576
     t=174 pred= 11 left= 29  y=    40 vy=  131072 ay=  -24576
     t=175 pred= 11 left= 28  y=    40 vy=  131072 ay=  -24576
     t=176 pred= 11 left= 27  y=    40 vy=  131072 ay=  -24576
     t=177 pred= 11 left= 26  y=    40 vy=  131072 ay=  -24576
     t=178 pred= 11 left= 25  y=    40 vy=  131072 ay=  -24576
     t=179 pred= 11 left= 24  y=    40 vy=  131072 ay=  -24576
     t=180 pred= 10 left= 23  y=    42 vy=  106496 ay=  -24576
     t=181 pred=  9 left= 22  y=    43 vy=   81920 ay=  -24576
     t=182 pred=  8 left= 21  y=    44 vy=   57344 ay=  -24576
     t=183 pred=  7 left= 20  y=    44 vy=   32768 ay=  -24576
     t=184 pred=  6 left= 19  y=    45 vy=    8192 ay=  -24576
     t=185 pred=  5 left= 18  y=    44 vy=  -16384 ay=  -24576
     t=186 pred=  4 left= 17  y=    44 vy=  -40960 ay=  -24576
     t=187 pred=  3 left= 16  y=    43 vy=  -65536 ay=  -24576
     t=188 pred=  2 left= 15  y=    41 vy=  -90112 ay=  -24576
     t=189 pred=  1 left= 14  y=    40 vy= -114688 ay=  -24576
     t=190 pred=  8 left= 13  y=    40 vy=   98304 ay=  -24576
     t=191 pred=  8 left= 12  y=    40 vy=   98304 ay=  -24576
     t=192 pred=  8 left= 11  y=    40 vy=   98304 ay=  -24576
     t=193 pred=  8 left= 10  y=    40 vy=   98304 ay=  -24576
     t=194 pred=  8 left=  9  y=    40 vy=   98304 ay=  -24576
     t=195 pred=  8 left=  8  y=    40 vy=   98304 ay=  -24576
     t=196 pred=  7 left=  7  y=    42 vy=   73728 ay=  -24576
     t=197 pred=  6 left=  6  y=    42 vy=   49152 ay=  -24576
     t=198 pred=  5 left=  5  y=    43 vy=   24576 ay=  -24576
     t=199 pred=  4 left=  4  y=    43 vy=       0 ay=  -24576
---- landing prediction ----
P1  landings=43  no_prediction_ticks=0
   err all : -45:5 -38:1 -36:1 -34:1 -32:1 -30:1 -29:9 -28:1 -26:1 -24:1 -22:90 -21:3 -20:4 -19:3 -18:4 -17:3 -16:4 -15:3 -14:4 -13:3 -12:4 -11:177 -10:22 -9:22 -8:22 -7:22 -6:22 -5:22 -4:22 -3:22 -2:22 -1:22 +0:442 +5:162 +11:54 +16:81
   err NEAR (made within 20 ticks of the landing): -14:1 -12:3 -11:138 -10:22 -9:22 -8:22 -7:22 -6:22 -5:22 -4:22 -3:22 -2:22 -1:22 +0:349 +11:54 +16:81
   err far  (made earlier, can still be invalidated): -45:5 -38:1 -36:1 -34:1 -32:1 -30:1 -29:9 -28:1 -26:1 -24:1 -22:90 -21:3 -20:4 -19:3 -18:4 -17:3 -16:4 -15:3 -14:3 -13:3 -12:1 -11:39 +0:93 +5:162
   NEAR + $5C seen at the time : -11:119 -2:1 -1:1 +0:590 +11:54 +16:81
   NEAR + every frozen tick    : -3:1 -2:1 -1:243 +0:466 +11:54 +16:81
   NEAR + every STILL tick     : -2:1 -1:1 +0:709 +11:54 +16:81
   last descent, landed on tick 117:
     t= 86 pred= 36 left= 31  y=    40 vy=  245760 ay=  -13312
     t= 87 pred= 35 left= 30  y=    43 vy=  232448 ay=  -13312
     t= 88 pred= 34 left= 29  y=    46 vy=  219136 ay=  -13312
     t= 89 pred= 33 left= 28  y=    50 vy=  205824 ay=  -13312
     t= 90 pred= 32 left= 27  y=    52 vy=  192512 ay=  -13312
     t= 91 pred= 31 left= 26  y=    55 vy=  179200 ay=  -13312
     t= 92 pred= 30 left= 25  y=    58 vy=  165888 ay=  -13312
     t= 93 pred= 29 left= 24  y=    60 vy=  152576 ay=  -13312
     t= 94 pred= 28 left= 23  y=    62 vy=  139264 ay=  -13312
     t= 95 pred= 11 left= 22  y=    64 vy=       0 ay=  -26624
     t= 96 pred= 10 left= 21  y=    64 vy=  -26624 ay=  -26624
     t= 97 pred=  9 left= 20  y=    63 vy=  -53248 ay=  -26624
     t= 98 pred=  8 left= 19  y=    62 vy=  -79872 ay=  -26624
     t= 99 pred=  7 left= 18  y=    60 vy= -106496 ay=  -26624
     t=100 pred=  6 left= 17  y=    58 vy= -133120 ay=  -26624
     t=101 pred=  5 left= 16  y=    56 vy= -159744 ay=  -26624
     t=102 pred=  4 left= 15  y=    53 vy= -186368 ay=  -26624
     t=103 pred=  3 left= 14  y=    49 vy= -212992 ay=  -26624
     t=104 pred=  2 left= 13  y=    46 vy= -239616 ay=  -26624
     t=105 pred=  2 left= 12  y=    46 vy= -239616 ay=  -26624
     t=106 pred=  2 left= 11  y=    46 vy= -239616 ay=  -26624
     t=107 pred=  2 left= 10  y=    46 vy= -239616 ay=  -26624
     t=108 pred=  2 left=  9  y=    46 vy= -239616 ay=  -26624
     t=109 pred=  2 left=  8  y=    46 vy= -239616 ay=  -26624
     t=110 pred=  2 left=  7  y=    46 vy= -239616 ay=  -26624
     t=111 pred=  2 left=  6  y=    46 vy= -239616 ay=  -26624
     t=112 pred=  2 left=  5  y=    46 vy= -239616 ay=  -26624
     t=113 pred=  2 left=  4  y=    46 vy= -239616 ay=  -26624
     t=114 pred=  2 left=  3  y=    46 vy= -239616 ay=  -26624
     t=115 pred=  2 left=  2  y=    46 vy= -239616 ay=  -26624
     t=116 pred=  1 left=  1  y=    42 vy= -266240 ay=  -26624
P2  landings=3  no_prediction_ticks=32
   err all : -29:7 -18:1 -17:1 -16:1 -15:1 -14:1 -13:11 -5:1 -4:1 -3:1 -2:1 -1:1 +0:52
   err NEAR (made within 20 ticks of the landing): -13:7 -5:1 -4:1 -3:1 -2:1 -1:1 +0:39
   err far  (made earlier, can still be invalidated): -29:7 -18:1 -17:1 -16:1 -15:1 -14:1 -13:4 +0:13
   NEAR + $5C seen at the time : -13:7 -5:1 -4:1 -3:1 -2:1 -1:1 +0:39
   NEAR + every frozen tick    : -13:7 -5:1 -4:1 -3:1 -2:1 -1:1 +0:39
   NEAR + every STILL tick     : -8:7 +0:44
   last descent, landed on tick 203:
     t=160 pred= -1 left= 43  y=    23 vy=  262144 ay=  -24576
     t=161 pred= -1 left= 42  y=    26 vy=  237568 ay=  -24576
     t=162 pred= -1 left= 41  y=    29 vy=  212992 ay=  -24576
     t=163 pred= -1 left= 40  y=    32 vy=  188416 ay=  -24576
     t=164 pred= -1 left= 39  y=    35 vy=  163840 ay=  -24576
     t=165 pred= -1 left= 38  y=    37 vy=  139264 ay=  -24576
     t=166 pred= -1 left= 37  y=    39 vy=  114688 ay=  -24576
     t=167 pred=  7 left= 36  y=    40 vy=   90112 ay=  -24576
     t=168 pred=  6 left= 35  y=    41 vy=   65536 ay=  -24576
     t=169 pred=  5 left= 34  y=    42 vy=   40960 ay=  -24576
     t=170 pred=  4 left= 33  y=    42 vy=   16384 ay=  -24576
     t=171 pred=  3 left= 32  y=    42 vy=   -8192 ay=  -24576
     t=172 pred=  2 left= 31  y=    41 vy=  -32768 ay=  -24576
     t=173 pred=  1 left= 30  y=    40 vy=  -57344 ay=  -24576
     t=174 pred= 11 left= 29  y=    40 vy=  131072 ay=  -24576
     t=175 pred= 11 left= 28  y=    40 vy=  131072 ay=  -24576
     t=176 pred= 11 left= 27  y=    40 vy=  131072 ay=  -24576
     t=177 pred= 11 left= 26  y=    40 vy=  131072 ay=  -24576
     t=178 pred= 11 left= 25  y=    40 vy=  131072 ay=  -24576
     t=179 pred= 11 left= 24  y=    40 vy=  131072 ay=  -24576
     t=180 pred= 10 left= 23  y=    42 vy=  106496 ay=  -24576
     t=181 pred=  9 left= 22  y=    43 vy=   81920 ay=  -24576
     t=182 pred=  8 left= 21  y=    44 vy=   57344 ay=  -24576
     t=183 pred=  7 left= 20  y=    44 vy=   32768 ay=  -24576
     t=184 pred=  6 left= 19  y=    45 vy=    8192 ay=  -24576
     t=185 pred=  5 left= 18  y=    44 vy=  -16384 ay=  -24576
     t=186 pred=  4 left= 17  y=    44 vy=  -40960 ay=  -24576
     t=187 pred=  3 left= 16  y=    43 vy=  -65536 ay=  -24576
     t=188 pred=  2 left= 15  y=    41 vy=  -90112 ay=  -24576
     t=189 pred=  1 left= 14  y=    40 vy= -114688 ay=  -24576
     t=190 pred=  8 left= 13  y=    40 vy=   98304 ay=  -24576
     t=191 pred=  8 left= 12  y=    40 vy=   98304 ay=  -24576
     t=192 pred=  8 left= 11  y=    40 vy=   98304 ay=  -24576
     t=193 pred=  8 left= 10  y=    40 vy=   98304 ay=  -24576
     t=194 pred=  8 left=  9  y=    40 vy=   98304 ay=  -24576
     t=195 pred=  8 left=  8  y=    40 vy=   98304 ay=  -24576
     t=196 pred=  7 left=  7  y=    42 vy=   73728 ay=  -24576
     t=197 pred=  6 left=  6  y=    42 vy=   49152 ay=  -24576
     t=198 pred=  5 left=  5  y=    43 vy=   24576 ay=  -24576
     t=199 pred=  4 left=  4  y=    43 vy=       0 ay=  -24576
---- landing prediction ----
P1  landings=44  no_prediction_ticks=0
   err all : -45:5 -38:1 -36:1 -34:1 -32:1 -30:1 -29:9 -28:1 -26:1 -24:1 -22:90 -21:3 -20:4 -19:3 -18:4 -17:3 -16:4 -15:3 -14:4 -13:3 -12:4 -11:188 -10:23 -9:23 -8:23 -7:23 -6:23 -5:23 -4:23 -3:23 -2:23 -1:23 +0:443 +5:171 +11:54 +16:81
   err NEAR (made within 20 ticks of the landing): -14:1 -12:3 -11:147 -10:23 -9:23 -8:23 -7:23 -6:23 -5:23 -4:23 -3:23 -2:23 -1:23 +0:350 +11:54 +16:81
   err far  (made earlier, can still be invalidated): -45:5 -38:1 -36:1 -34:1 -32:1 -30:1 -29:9 -28:1 -26:1 -24:1 -22:90 -21:3 -20:4 -19:3 -18:4 -17:3 -16:4 -15:3 -14:3 -13:3 -12:1 -11:41 +0:93 +5:171
   NEAR + $5C seen at the time : -11:127 -2:1 -1:1 +0:602 +11:54 +16:81
   NEAR + every frozen tick    : -3:1 -2:1 -1:254 +0:475 +11:54 +16:81
   NEAR + every STILL tick     : -2:1 -1:1 +0:729 +11:54 +16:81
   last descent, landed on tick 157:
     t=126 pred= 36 left= 31  y=    40 vy=  245760 ay=  -13312
     t=127 pred= 35 left= 30  y=    43 vy=  232448 ay=  -13312
     t=128 pred= 34 left= 29  y=    46 vy=  219136 ay=  -13312
     t=129 pred= 33 left= 28  y=    50 vy=  205824 ay=  -13312
     t=130 pred= 32 left= 27  y=    52 vy=  192512 ay=  -13312
     t=131 pred= 31 left= 26  y=    55 vy=  179200 ay=  -13312
     t=132 pred= 30 left= 25  y=    58 vy=  165888 ay=  -13312
     t=133 pred= 29 left= 24  y=    60 vy=  152576 ay=  -13312
     t=134 pred= 28 left= 23  y=    62 vy=  139264 ay=  -13312
     t=135 pred= 11 left= 22  y=    64 vy=       0 ay=  -26624
     t=136 pred= 10 left= 21  y=    64 vy=  -26624 ay=  -26624
     t=137 pred=  9 left= 20  y=    63 vy=  -53248 ay=  -26624
     t=138 pred=  8 left= 19  y=    62 vy=  -79872 ay=  -26624
     t=139 pred=  7 left= 18  y=    60 vy= -106496 ay=  -26624
     t=140 pred=  6 left= 17  y=    58 vy= -133120 ay=  -26624
     t=141 pred=  5 left= 16  y=    56 vy= -159744 ay=  -26624
     t=142 pred=  4 left= 15  y=    53 vy= -186368 ay=  -26624
     t=143 pred=  3 left= 14  y=    49 vy= -212992 ay=  -26624
     t=144 pred=  2 left= 13  y=    46 vy= -239616 ay=  -26624
     t=145 pred=  1 left= 12  y=    42 vy= -266240 ay=  -26624
     t=146 pred=  1 left= 11  y=    42 vy= -266240 ay=  -26624
     t=147 pred=  1 left= 10  y=    42 vy= -266240 ay=  -26624
     t=148 pred=  1 left=  9  y=    42 vy= -266240 ay=  -26624
     t=149 pred=  1 left=  8  y=    42 vy= -266240 ay=  -26624
     t=150 pred=  1 left=  7  y=    42 vy= -266240 ay=  -26624
     t=151 pred=  1 left=  6  y=    42 vy= -266240 ay=  -26624
     t=152 pred=  1 left=  5  y=    42 vy= -266240 ay=  -26624
     t=153 pred=  1 left=  4  y=    42 vy= -266240 ay=  -26624
     t=154 pred=  1 left=  3  y=    42 vy= -266240 ay=  -26624
     t=155 pred=  1 left=  2  y=    42 vy= -266240 ay=  -26624
     t=156 pred=  1 left=  1  y=    42 vy= -266240 ay=  -26624
P2  landings=3  no_prediction_ticks=32
   err all : -29:7 -18:1 -17:1 -16:1 -15:1 -14:1 -13:11 -5:1 -4:1 -3:1 -2:1 -1:1 +0:52
   err NEAR (made within 20 ticks of the landing): -13:7 -5:1 -4:1 -3:1 -2:1 -1:1 +0:39
   err far  (made earlier, can still be invalidated): -29:7 -18:1 -17:1 -16:1 -15:1 -14:1 -13:4 +0:13
   NEAR + $5C seen at the time : -13:7 -5:1 -4:1 -3:1 -2:1 -1:1 +0:39
   NEAR + every frozen tick    : -13:7 -5:1 -4:1 -3:1 -2:1 -1:1 +0:39
   NEAR + every STILL tick     : -8:7 +0:44
   last descent, landed on tick 203:
     t=160 pred= -1 left= 43  y=    23 vy=  262144 ay=  -24576
     t=161 pred= -1 left= 42  y=    26 vy=  237568 ay=  -24576
     t=162 pred= -1 left= 41  y=    29 vy=  212992 ay=  -24576
     t=163 pred= -1 left= 40  y=    32 vy=  188416 ay=  -24576
     t=164 pred= -1 left= 39  y=    35 vy=  163840 ay=  -24576
     t=165 pred= -1 left= 38  y=    37 vy=  139264 ay=  -24576
     t=166 pred= -1 left= 37  y=    39 vy=  114688 ay=  -24576
     t=167 pred=  7 left= 36  y=    40 vy=   90112 ay=  -24576
     t=168 pred=  6 left= 35  y=    41 vy=   65536 ay=  -24576
     t=169 pred=  5 left= 34  y=    42 vy=   40960 ay=  -24576
     t=170 pred=  4 left= 33  y=    42 vy=   16384 ay=  -24576
     t=171 pred=  3 left= 32  y=    42 vy=   -8192 ay=  -24576
     t=172 pred=  2 left= 31  y=    41 vy=  -32768 ay=  -24576
     t=173 pred=  1 left= 30  y=    40 vy=  -57344 ay=  -24576
     t=174 pred= 11 left= 29  y=    40 vy=  131072 ay=  -24576
     t=175 pred= 11 left= 28  y=    40 vy=  131072 ay=  -24576
     t=176 pred= 11 left= 27  y=    40 vy=  131072 ay=  -24576
     t=177 pred= 11 left= 26  y=    40 vy=  131072 ay=  -24576
     t=178 pred= 11 left= 25  y=    40 vy=  131072 ay=  -24576
     t=179 pred= 11 left= 24  y=    40 vy=  131072 ay=  -24576
     t=180 pred= 10 left= 23  y=    42 vy=  106496 ay=  -24576
     t=181 pred=  9 left= 22  y=    43 vy=   81920 ay=  -24576
     t=182 pred=  8 left= 21  y=    44 vy=   57344 ay=  -24576
     t=183 pred=  7 left= 20  y=    44 vy=   32768 ay=  -24576
     t=184 pred=  6 left= 19  y=    45 vy=    8192 ay=  -24576
     t=185 pred=  5 left= 18  y=    44 vy=  -16384 ay=  -24576
     t=186 pred=  4 left= 17  y=    44 vy=  -40960 ay=  -24576
     t=187 pred=  3 left= 16  y=    43 vy=  -65536 ay=  -24576
     t=188 pred=  2 left= 15  y=    41 vy=  -90112 ay=  -24576
     t=189 pred=  1 left= 14  y=    40 vy= -114688 ay=  -24576
     t=190 pred=  8 left= 13  y=    40 vy=   98304 ay=  -24576
     t=191 pred=  8 left= 12  y=    40 vy=   98304 ay=  -24576
     t=192 pred=  8 left= 11  y=    40 vy=   98304 ay=  -24576
     t=193 pred=  8 left= 10  y=    40 vy=   98304 ay=  -24576
     t=194 pred=  8 left=  9  y=    40 vy=   98304 ay=  -24576
     t=195 pred=  8 left=  8  y=    40 vy=   98304 ay=  -24576
     t=196 pred=  7 left=  7  y=    42 vy=   73728 ay=  -24576
     t=197 pred=  6 left=  6  y=    42 vy=   49152 ay=  -24576
     t=198 pred=  5 left=  5  y=    43 vy=   24576 ay=  -24576
     t=199 pred=  4 left=  4  y=    43 vy=       0 ay=  -24576
---- landing prediction ----
P1  landings=45  no_prediction_ticks=0
   err all : -45:5 -38:1 -36:1 -34:1 -32:1 -30:1 -29:9 -28:1 -26:1 -24:1 -22:90 -21:3 -20:4 -19:3 -18:4 -17:3 -16:4 -15:3 -14:4 -13:3 -12:4 -11:198 -10:24 -9:24 -8:24 -7:24 -6:24 -5:24 -4:24 -3:24 -2:24 -1:24 +0:445 +5:180 +11:54 +16:81
   err NEAR (made within 20 ticks of the landing): -14:1 -12:3 -11:155 -10:24 -9:24 -8:24 -7:24 -6:24 -5:24 -4:24 -3:24 -2:24 -1:24 +0:352 +11:54 +16:81
   err far  (made earlier, can still be invalidated): -45:5 -38:1 -36:1 -34:1 -32:1 -30:1 -29:9 -28:1 -26:1 -24:1 -22:90 -21:3 -20:4 -19:3 -18:4 -17:3 -16:4 -15:3 -14:3 -13:3 -12:1 -11:43 +0:93 +5:180
   NEAR + $5C seen at the time : -11:134 -2:1 -1:1 +0:615 +11:54 +16:81
   NEAR + every frozen tick    : -3:1 -2:1 -1:265 +0:484 +11:54 +16:81
   NEAR + every STILL tick     : -2:1 -1:1 +0:749 +11:54 +16:81
   last descent, landed on tick 198:
     t=167 pred= 36 left= 31  y=    40 vy=  245760 ay=  -13312
     t=168 pred= 35 left= 30  y=    43 vy=  232448 ay=  -13312
     t=169 pred= 34 left= 29  y=    46 vy=  219136 ay=  -13312
     t=170 pred= 33 left= 28  y=    50 vy=  205824 ay=  -13312
     t=171 pred= 32 left= 27  y=    52 vy=  192512 ay=  -13312
     t=172 pred= 31 left= 26  y=    55 vy=  179200 ay=  -13312
     t=173 pred= 30 left= 25  y=    58 vy=  165888 ay=  -13312
     t=174 pred= 29 left= 24  y=    60 vy=  152576 ay=  -13312
     t=175 pred= 28 left= 23  y=    62 vy=  139264 ay=  -13312
     t=176 pred= 11 left= 22  y=    64 vy=       0 ay=  -26624
     t=177 pred= 10 left= 21  y=    64 vy=  -26624 ay=  -26624
     t=178 pred=  9 left= 20  y=    63 vy=  -53248 ay=  -26624
     t=179 pred=  8 left= 19  y=    62 vy=  -79872 ay=  -26624
     t=180 pred=  7 left= 18  y=    60 vy= -106496 ay=  -26624
     t=181 pred=  6 left= 17  y=    58 vy= -133120 ay=  -26624
     t=182 pred=  5 left= 16  y=    56 vy= -159744 ay=  -26624
     t=183 pred=  4 left= 15  y=    53 vy= -186368 ay=  -26624
     t=184 pred=  3 left= 14  y=    49 vy= -212992 ay=  -26624
     t=185 pred=  2 left= 13  y=    46 vy= -239616 ay=  -26624
     t=186 pred=  2 left= 12  y=    46 vy= -239616 ay=  -26624
     t=187 pred=  2 left= 11  y=    46 vy= -239616 ay=  -26624
     t=188 pred=  2 left= 10  y=    46 vy= -239616 ay=  -26624
     t=189 pred=  2 left=  9  y=    46 vy= -239616 ay=  -26624
     t=190 pred=  2 left=  8  y=    46 vy= -239616 ay=  -26624
     t=191 pred=  2 left=  7  y=    46 vy= -239616 ay=  -26624
     t=192 pred=  2 left=  6  y=    46 vy= -239616 ay=  -26624
     t=193 pred=  2 left=  5  y=    46 vy= -239616 ay=  -26624
     t=194 pred=  2 left=  4  y=    46 vy= -239616 ay=  -26624
     t=195 pred=  2 left=  3  y=    46 vy= -239616 ay=  -26624
     t=196 pred=  2 left=  2  y=    46 vy= -239616 ay=  -26624
     t=197 pred=  1 left=  1  y=    42 vy= -266240 ay=  -26624
P2  landings=3  no_prediction_ticks=32
   err all : -29:7 -18:1 -17:1 -16:1 -15:1 -14:1 -13:11 -5:1 -4:1 -3:1 -2:1 -1:1 +0:52
   err NEAR (made within 20 ticks of the landing): -13:7 -5:1 -4:1 -3:1 -2:1 -1:1 +0:39
   err far  (made earlier, can still be invalidated): -29:7 -18:1 -17:1 -16:1 -15:1 -14:1 -13:4 +0:13
   NEAR + $5C seen at the time : -13:7 -5:1 -4:1 -3:1 -2:1 -1:1 +0:39
   NEAR + every frozen tick    : -13:7 -5:1 -4:1 -3:1 -2:1 -1:1 +0:39
   NEAR + every STILL tick     : -8:7 +0:44
   last descent, landed on tick 203:
     t=160 pred= -1 left= 43  y=    23 vy=  262144 ay=  -24576
     t=161 pred= -1 left= 42  y=    26 vy=  237568 ay=  -24576
     t=162 pred= -1 left= 41  y=    29 vy=  212992 ay=  -24576
     t=163 pred= -1 left= 40  y=    32 vy=  188416 ay=  -24576
     t=164 pred= -1 left= 39  y=    35 vy=  163840 ay=  -24576
     t=165 pred= -1 left= 38  y=    37 vy=  139264 ay=  -24576
     t=166 pred= -1 left= 37  y=    39 vy=  114688 ay=  -24576
     t=167 pred=  7 left= 36  y=    40 vy=   90112 ay=  -24576
     t=168 pred=  6 left= 35  y=    41 vy=   65536 ay=  -24576
     t=169 pred=  5 left= 34  y=    42 vy=   40960 ay=  -24576
     t=170 pred=  4 left= 33  y=    42 vy=   16384 ay=  -24576
     t=171 pred=  3 left= 32  y=    42 vy=   -8192 ay=  -24576
     t=172 pred=  2 left= 31  y=    41 vy=  -32768 ay=  -24576
     t=173 pred=  1 left= 30  y=    40 vy=  -57344 ay=  -24576
     t=174 pred= 11 left= 29  y=    40 vy=  131072 ay=  -24576
     t=175 pred= 11 left= 28  y=    40 vy=  131072 ay=  -24576
     t=176 pred= 11 left= 27  y=    40 vy=  131072 ay=  -24576
     t=177 pred= 11 left= 26  y=    40 vy=  131072 ay=  -24576
     t=178 pred= 11 left= 25  y=    40 vy=  131072 ay=  -24576
     t=179 pred= 11 left= 24  y=    40 vy=  131072 ay=  -24576
     t=180 pred= 10 left= 23  y=    42 vy=  106496 ay=  -24576
     t=181 pred=  9 left= 22  y=    43 vy=   81920 ay=  -24576
     t=182 pred=  8 left= 21  y=    44 vy=   57344 ay=  -24576
     t=183 pred=  7 left= 20  y=    44 vy=   32768 ay=  -24576
     t=184 pred=  6 left= 19  y=    45 vy=    8192 ay=  -24576
     t=185 pred=  5 left= 18  y=    44 vy=  -16384 ay=  -24576
     t=186 pred=  4 left= 17  y=    44 vy=  -40960 ay=  -24576
     t=187 pred=  3 left= 16  y=    43 vy=  -65536 ay=  -24576
     t=188 pred=  2 left= 15  y=    41 vy=  -90112 ay=  -24576
     t=189 pred=  1 left= 14  y=    40 vy= -114688 ay=  -24576
     t=190 pred=  8 left= 13  y=    40 vy=   98304 ay=  -24576
     t=191 pred=  8 left= 12  y=    40 vy=   98304 ay=  -24576
     t=192 pred=  8 left= 11  y=    40 vy=   98304 ay=  -24576
     t=193 pred=  8 left= 10  y=    40 vy=   98304 ay=  -24576
     t=194 pred=  8 left=  9  y=    40 vy=   98304 ay=  -24576
     t=195 pred=  8 left=  8  y=    40 vy=   98304 ay=  -24576
     t=196 pred=  7 left=  7  y=    42 vy=   73728 ay=  -24576
     t=197 pred=  6 left=  6  y=    42 vy=   49152 ay=  -24576
     t=198 pred=  5 left=  5  y=    43 vy=   24576 ay=  -24576
     t=199 pred=  4 left=  4  y=    43 vy=       0 ay=  -24576
---- landing prediction ----
P1  landings=46  no_prediction_ticks=0
   err all : -45:5 -38:1 -36:1 -34:1 -32:1 -30:1 -29:9 -28:1 -26:1 -24:1 -22:90 -21:3 -20:4 -19:3 -18:4 -17:3 -16:4 -15:3 -14:4 -13:3 -12:4 -11:198 -10:24 -9:24 -8:24 -7:24 -6:24 -5:24 -4:24 -3:24 -2:24 -1:24 +0:456 +5:180 +11:54 +16:90
   err NEAR (made within 20 ticks of the landing): -14:1 -12:3 -11:155 -10:24 -9:24 -8:24 -7:24 -6:24 -5:24 -4:24 -3:24 -2:24 -1:24 +0:363 +11:54 +16:90
   err far  (made earlier, can still be invalidated): -45:5 -38:1 -36:1 -34:1 -32:1 -30:1 -29:9 -28:1 -26:1 -24:1 -22:90 -21:3 -20:4 -19:3 -18:4 -17:3 -16:4 -15:3 -14:3 -13:3 -12:1 -11:43 +0:93 +5:180
   NEAR + $5C seen at the time : -11:134 -2:1 -1:1 +0:626 +11:54 +16:90
   NEAR + every frozen tick    : -3:1 -2:1 -1:265 +0:495 +11:54 +16:90
   NEAR + every STILL tick     : -2:1 -1:1 +0:760 +11:54 +16:90
   last descent, landed on tick 226:
     t=206 pred= 36 left= 20  y=    40 vy=  245760 ay=  -13312
     t=207 pred= 35 left= 19  y=    43 vy=  232448 ay=  -13312
     t=208 pred= 34 left= 18  y=    46 vy=  219136 ay=  -13312
     t=209 pred= 33 left= 17  y=    50 vy=  205824 ay=  -13312
     t=210 pred= 32 left= 16  y=    52 vy=  192512 ay=  -13312
     t=211 pred= 31 left= 15  y=    55 vy=  179200 ay=  -13312
     t=212 pred= 30 left= 14  y=    58 vy=  165888 ay=  -13312
     t=213 pred= 29 left= 13  y=    60 vy=  152576 ay=  -13312
     t=214 pred= 28 left= 12  y=    62 vy=  139264 ay=  -13312
     t=215 pred= 11 left= 11  y=    64 vy=       0 ay=  -26624
     t=216 pred= 10 left= 10  y=    64 vy=  -26624 ay=  -26624
     t=217 pred=  9 left=  9  y=    63 vy=  -53248 ay=  -26624
     t=218 pred=  8 left=  8  y=    62 vy=  -79872 ay=  -26624
     t=219 pred=  7 left=  7  y=    60 vy= -106496 ay=  -26624
     t=220 pred=  6 left=  6  y=    58 vy= -133120 ay=  -26624
     t=221 pred=  5 left=  5  y=    56 vy= -159744 ay=  -26624
     t=222 pred=  4 left=  4  y=    53 vy= -186368 ay=  -26624
     t=223 pred=  3 left=  3  y=    49 vy= -212992 ay=  -26624
     t=224 pred=  2 left=  2  y=    46 vy= -239616 ay=  -26624
     t=225 pred=  1 left=  1  y=    42 vy= -266240 ay=  -26624
P2  landings=3  no_prediction_ticks=32
   err all : -29:7 -18:1 -17:1 -16:1 -15:1 -14:1 -13:11 -5:1 -4:1 -3:1 -2:1 -1:1 +0:52
   err NEAR (made within 20 ticks of the landing): -13:7 -5:1 -4:1 -3:1 -2:1 -1:1 +0:39
   err far  (made earlier, can still be invalidated): -29:7 -18:1 -17:1 -16:1 -15:1 -14:1 -13:4 +0:13
   NEAR + $5C seen at the time : -13:7 -5:1 -4:1 -3:1 -2:1 -1:1 +0:39
   NEAR + every frozen tick    : -13:7 -5:1 -4:1 -3:1 -2:1 -1:1 +0:39
   NEAR + every STILL tick     : -8:7 +0:44
   last descent, landed on tick 203:
     t=160 pred= -1 left= 43  y=    23 vy=  262144 ay=  -24576
     t=161 pred= -1 left= 42  y=    26 vy=  237568 ay=  -24576
     t=162 pred= -1 left= 41  y=    29 vy=  212992 ay=  -24576
     t=163 pred= -1 left= 40  y=    32 vy=  188416 ay=  -24576
     t=164 pred= -1 left= 39  y=    35 vy=  163840 ay=  -24576
     t=165 pred= -1 left= 38  y=    37 vy=  139264 ay=  -24576
     t=166 pred= -1 left= 37  y=    39 vy=  114688 ay=  -24576
     t=167 pred=  7 left= 36  y=    40 vy=   90112 ay=  -24576
     t=168 pred=  6 left= 35  y=    41 vy=   65536 ay=  -24576
     t=169 pred=  5 left= 34  y=    42 vy=   40960 ay=  -24576
     t=170 pred=  4 left= 33  y=    42 vy=   16384 ay=  -24576
     t=171 pred=  3 left= 32  y=    42 vy=   -8192 ay=  -24576
     t=172 pred=  2 left= 31  y=    41 vy=  -32768 ay=  -24576
     t=173 pred=  1 left= 30  y=    40 vy=  -57344 ay=  -24576
     t=174 pred= 11 left= 29  y=    40 vy=  131072 ay=  -24576
     t=175 pred= 11 left= 28  y=    40 vy=  131072 ay=  -24576
     t=176 pred= 11 left= 27  y=    40 vy=  131072 ay=  -24576
     t=177 pred= 11 left= 26  y=    40 vy=  131072 ay=  -24576
     t=178 pred= 11 left= 25  y=    40 vy=  131072 ay=  -24576
     t=179 pred= 11 left= 24  y=    40 vy=  131072 ay=  -24576
     t=180 pred= 10 left= 23  y=    42 vy=  106496 ay=  -24576
     t=181 pred=  9 left= 22  y=    43 vy=   81920 ay=  -24576
     t=182 pred=  8 left= 21  y=    44 vy=   57344 ay=  -24576
     t=183 pred=  7 left= 20  y=    44 vy=   32768 ay=  -24576
     t=184 pred=  6 left= 19  y=    45 vy=    8192 ay=  -24576
     t=185 pred=  5 left= 18  y=    44 vy=  -16384 ay=  -24576
     t=186 pred=  4 left= 17  y=    44 vy=  -40960 ay=  -24576
     t=187 pred=  3 left= 16  y=    43 vy=  -65536 ay=  -24576
     t=188 pred=  2 left= 15  y=    41 vy=  -90112 ay=  -24576
     t=189 pred=  1 left= 14  y=    40 vy= -114688 ay=  -24576
     t=190 pred=  8 left= 13  y=    40 vy=   98304 ay=  -24576
     t=191 pred=  8 left= 12  y=    40 vy=   98304 ay=  -24576
     t=192 pred=  8 left= 11  y=    40 vy=   98304 ay=  -24576
     t=193 pred=  8 left= 10  y=    40 vy=   98304 ay=  -24576
     t=194 pred=  8 left=  9  y=    40 vy=   98304 ay=  -24576
     t=195 pred=  8 left=  8  y=    40 vy=   98304 ay=  -24576
     t=196 pred=  7 left=  7  y=    42 vy=   73728 ay=  -24576
     t=197 pred=  6 left=  6  y=    42 vy=   49152 ay=  -24576
     t=198 pred=  5 left=  5  y=    43 vy=   24576 ay=  -24576
     t=199 pred=  4 left=  4  y=    43 vy=       0 ay=  -24576
---- landing prediction ----
P1  landings=47  no_prediction_ticks=0
   err all : -45:5 -38:1 -36:1 -34:1 -32:1 -30:1 -29:9 -28:1 -26:1 -24:1 -22:101 -21:4 -20:5 -19:4 -18:5 -17:4 -16:5 -15:4 -14:5 -13:4 -12:5 -11:219 -10:25 -9:25 -8:25 -7:25 -6:25 -5:25 -4:25 -3:25 -2:25 -1:25 +0:462 +5:180 +11:54 +16:90
   err NEAR (made within 20 ticks of the landing): -14:1 -12:3 -11:159 -10:25 -9:25 -8:25 -7:25 -6:25 -5:25 -4:25 -3:25 -2:25 -1:25 +0:369 +11:54 +16:90
   err far  (made earlier, can still be invalidated): -45:5 -38:1 -36:1 -34:1 -32:1 -30:1 -29:9 -28:1 -26:1 -24:1 -22:101 -21:4 -20:5 -19:4 -18:5 -17:4 -16:5 -15:4 -14:4 -13:4 -12:2 -11:60 +0:93 +5:180
   NEAR + $5C seen at the time : -11:137 -2:1 -1:1 +0:643 +11:54 +16:90
   NEAR + every frozen tick    : -3:1 -2:1 -1:276 +0:504 +11:54 +16:90
   NEAR + every STILL tick     : -2:1 -1:1 +0:780 +11:54 +16:90
   last descent, landed on tick 79:
     t= 21 pred= 36 left= 58  y=    40 vy=  245760 ay=  -13312
     t= 22 pred= 35 left= 57  y=    43 vy=  232448 ay=  -13312
     t= 23 pred= 34 left= 56  y=    46 vy=  219136 ay=  -13312
     t= 24 pred= 33 left= 55  y=    50 vy=  205824 ay=  -13312
     t= 25 pred= 32 left= 54  y=    52 vy=  192512 ay=  -13312
     t= 26 pred= 31 left= 53  y=    55 vy=  179200 ay=  -13312
     t= 27 pred= 30 left= 52  y=    58 vy=  165888 ay=  -13312
     t= 28 pred= 29 left= 51  y=    60 vy=  152576 ay=  -13312
     t= 29 pred= 28 left= 50  y=    62 vy=  139264 ay=  -13312
     t= 30 pred= 27 left= 49  y=    64 vy=  125952 ay=  -13312
     t= 31 pred= 26 left= 48  y=    66 vy=  112640 ay=  -13312
     t= 32 pred= 26 left= 47  y=    66 vy=  112640 ay=  -13312
     t= 33 pred= 26 left= 46  y=    66 vy=  112640 ay=  -13312
     t= 34 pred= 26 left= 45  y=    66 vy=  112640 ay=  -13312
     t= 35 pred= 26 left= 44  y=    66 vy=  112640 ay=  -13312
     t= 36 pred= 26 left= 43  y=    66 vy=  112640 ay=  -13312
     t= 37 pred= 26 left= 42  y=    66 vy=  112640 ay=  -13312
     t= 38 pred= 26 left= 41  y=    66 vy=  112640 ay=  -13312
     t= 39 pred= 26 left= 40  y=    66 vy=  112640 ay=  -13312
     t= 40 pred= 26 left= 39  y=    66 vy=  112640 ay=  -13312
     t= 41 pred= 26 left= 38  y=    66 vy=  112640 ay=  -13312
     t= 42 pred= 26 left= 37  y=    66 vy=  112640 ay=  -13312
     t= 43 pred= 25 left= 36  y=    67 vy=   99328 ay=  -13312
     t= 44 pred= 24 left= 35  y=    69 vy=   86016 ay=  -13312
     t= 45 pred= 23 left= 34  y=    70 vy=   72704 ay=  -13312
     t= 46 pred= 22 left= 33  y=    71 vy=   59392 ay=  -13312
     t= 47 pred= 21 left= 32  y=    71 vy=   46080 ay=  -13312
     t= 48 pred= 20 left= 31  y=    72 vy=   32768 ay=  -13312
     t= 49 pred= 19 left= 30  y=    72 vy=   19456 ay=  -13312
     t= 50 pred= 18 left= 29  y=    72 vy=    6144 ay=  -13312
     t= 51 pred= 17 left= 28  y=    72 vy=   -7168 ay=  -13312
     t= 52 pred= 16 left= 27  y=    72 vy=  -20480 ay=  -13312
     t= 53 pred= 15 left= 26  y=    71 vy=  -33792 ay=  -13312
     t= 54 pred= 14 left= 25  y=    71 vy=  -47104 ay=  -13312
     t= 55 pred= 13 left= 24  y=    70 vy=  -60416 ay=  -13312
     t= 56 pred= 12 left= 23  y=    69 vy=  -73728 ay=  -13312
     t= 57 pred= 11 left= 22  y=    67 vy=  -87040 ay=  -13312
     t= 58 pred= 10 left= 21  y=    66 vy= -100352 ay=  -13312
     t= 59 pred=  9 left= 20  y=    64 vy= -113664 ay=  -13312
     t= 60 pred=  8 left= 19  y=    62 vy= -126976 ay=  -13312
P2  landings=3  no_prediction_ticks=32
   err all : -29:7 -18:1 -17:1 -16:1 -15:1 -14:1 -13:11 -5:1 -4:1 -3:1 -2:1 -1:1 +0:52
   err NEAR (made within 20 ticks of the landing): -13:7 -5:1 -4:1 -3:1 -2:1 -1:1 +0:39
   err far  (made earlier, can still be invalidated): -29:7 -18:1 -17:1 -16:1 -15:1 -14:1 -13:4 +0:13
   NEAR + $5C seen at the time : -13:7 -5:1 -4:1 -3:1 -2:1 -1:1 +0:39
   NEAR + every frozen tick    : -13:7 -5:1 -4:1 -3:1 -2:1 -1:1 +0:39
   NEAR + every STILL tick     : -8:7 +0:44
   last descent, landed on tick 203:
     t=160 pred= -1 left= 43  y=    23 vy=  262144 ay=  -24576
     t=161 pred= -1 left= 42  y=    26 vy=  237568 ay=  -24576
     t=162 pred= -1 left= 41  y=    29 vy=  212992 ay=  -24576
     t=163 pred= -1 left= 40  y=    32 vy=  188416 ay=  -24576
     t=164 pred= -1 left= 39  y=    35 vy=  163840 ay=  -24576
     t=165 pred= -1 left= 38  y=    37 vy=  139264 ay=  -24576
     t=166 pred= -1 left= 37  y=    39 vy=  114688 ay=  -24576
     t=167 pred=  7 left= 36  y=    40 vy=   90112 ay=  -24576
     t=168 pred=  6 left= 35  y=    41 vy=   65536 ay=  -24576
     t=169 pred=  5 left= 34  y=    42 vy=   40960 ay=  -24576
     t=170 pred=  4 left= 33  y=    42 vy=   16384 ay=  -24576
     t=171 pred=  3 left= 32  y=    42 vy=   -8192 ay=  -24576
     t=172 pred=  2 left= 31  y=    41 vy=  -32768 ay=  -24576
     t=173 pred=  1 left= 30  y=    40 vy=  -57344 ay=  -24576
     t=174 pred= 11 left= 29  y=    40 vy=  131072 ay=  -24576
     t=175 pred= 11 left= 28  y=    40 vy=  131072 ay=  -24576
     t=176 pred= 11 left= 27  y=    40 vy=  131072 ay=  -24576
     t=177 pred= 11 left= 26  y=    40 vy=  131072 ay=  -24576
     t=178 pred= 11 left= 25  y=    40 vy=  131072 ay=  -24576
     t=179 pred= 11 left= 24  y=    40 vy=  131072 ay=  -24576
     t=180 pred= 10 left= 23  y=    42 vy=  106496 ay=  -24576
     t=181 pred=  9 left= 22  y=    43 vy=   81920 ay=  -24576
     t=182 pred=  8 left= 21  y=    44 vy=   57344 ay=  -24576
     t=183 pred=  7 left= 20  y=    44 vy=   32768 ay=  -24576
     t=184 pred=  6 left= 19  y=    45 vy=    8192 ay=  -24576
     t=185 pred=  5 left= 18  y=    44 vy=  -16384 ay=  -24576
     t=186 pred=  4 left= 17  y=    44 vy=  -40960 ay=  -24576
     t=187 pred=  3 left= 16  y=    43 vy=  -65536 ay=  -24576
     t=188 pred=  2 left= 15  y=    41 vy=  -90112 ay=  -24576
     t=189 pred=  1 left= 14  y=    40 vy= -114688 ay=  -24576
     t=190 pred=  8 left= 13  y=    40 vy=   98304 ay=  -24576
     t=191 pred=  8 left= 12  y=    40 vy=   98304 ay=  -24576
     t=192 pred=  8 left= 11  y=    40 vy=   98304 ay=  -24576
     t=193 pred=  8 left= 10  y=    40 vy=   98304 ay=  -24576
     t=194 pred=  8 left=  9  y=    40 vy=   98304 ay=  -24576
     t=195 pred=  8 left=  8  y=    40 vy=   98304 ay=  -24576
     t=196 pred=  7 left=  7  y=    42 vy=   73728 ay=  -24576
     t=197 pred=  6 left=  6  y=    42 vy=   49152 ay=  -24576
     t=198 pred=  5 left=  5  y=    43 vy=   24576 ay=  -24576
     t=199 pred=  4 left=  4  y=    43 vy=       0 ay=  -24576
---- landing prediction ----
P1  landings=48  no_prediction_ticks=0
   err all : -45:5 -38:1 -36:1 -34:1 -32:1 -30:1 -29:9 -28:1 -26:1 -24:1 -22:101 -21:4 -20:5 -19:4 -18:5 -17:4 -16:5 -15:4 -14:5 -13:4 -12:5 -11:227 -10:26 -9:26 -8:26 -7:26 -6:26 -5:26 -4:26 -3:26 -2:26 -1:26 +0:466 +5:189 +11:54 +16:90
   err NEAR (made within 20 ticks of the landing): -14:1 -12:3 -11:165 -10:26 -9:26 -8:26 -7:26 -6:26 -5:26 -4:26 -3:26 -2:26 -1:26 +0:373 +11:54 +16:90
   err far  (made earlier, can still be invalidated): -45:5 -38:1 -36:1 -34:1 -32:1 -30:1 -29:9 -28:1 -26:1 -24:1 -22:101 -21:4 -20:5 -19:4 -18:5 -17:4 -16:5 -15:4 -14:4 -13:4 -12:2 -11:62 +0:93 +5:189
   NEAR + $5C seen at the time : -11:142 -2:1 -1:1 +0:658 +11:54 +16:90
   NEAR + every frozen tick    : -3:1 -2:1 -1:287 +0:513 +11:54 +16:90
   NEAR + every STILL tick     : -2:1 -1:1 +0:800 +11:54 +16:90
   last descent, landed on tick 142:
     t=111 pred= 36 left= 31  y=    40 vy=  245760 ay=  -13312
     t=112 pred= 35 left= 30  y=    43 vy=  232448 ay=  -13312
     t=113 pred= 34 left= 29  y=    46 vy=  219136 ay=  -13312
     t=114 pred= 33 left= 28  y=    50 vy=  205824 ay=  -13312
     t=115 pred= 32 left= 27  y=    52 vy=  192512 ay=  -13312
     t=116 pred= 31 left= 26  y=    55 vy=  179200 ay=  -13312
     t=117 pred= 30 left= 25  y=    58 vy=  165888 ay=  -13312
     t=118 pred= 29 left= 24  y=    60 vy=  152576 ay=  -13312
     t=119 pred= 28 left= 23  y=    62 vy=  139264 ay=  -13312
     t=120 pred= 11 left= 22  y=    64 vy=       0 ay=  -26624
     t=121 pred= 10 left= 21  y=    64 vy=  -26624 ay=  -26624
     t=122 pred=  9 left= 20  y=    63 vy=  -53248 ay=  -26624
     t=123 pred=  8 left= 19  y=    62 vy=  -79872 ay=  -26624
     t=124 pred=  7 left= 18  y=    60 vy= -106496 ay=  -26624
     t=125 pred=  6 left= 17  y=    58 vy= -133120 ay=  -26624
     t=126 pred=  5 left= 16  y=    56 vy= -159744 ay=  -26624
     t=127 pred=  4 left= 15  y=    53 vy= -186368 ay=  -26624
     t=128 pred=  4 left= 14  y=    53 vy= -186368 ay=  -26624
     t=129 pred=  4 left= 13  y=    53 vy= -186368 ay=  -26624
     t=130 pred=  4 left= 12  y=    53 vy= -186368 ay=  -26624
     t=131 pred=  4 left= 11  y=    53 vy= -186368 ay=  -26624
     t=132 pred=  4 left= 10  y=    53 vy= -186368 ay=  -26624
     t=133 pred=  4 left=  9  y=    53 vy= -186368 ay=  -26624
     t=134 pred=  4 left=  8  y=    53 vy= -186368 ay=  -26624
     t=135 pred=  4 left=  7  y=    53 vy= -186368 ay=  -26624
     t=136 pred=  4 left=  6  y=    53 vy= -186368 ay=  -26624
     t=137 pred=  4 left=  5  y=    53 vy= -186368 ay=  -26624
     t=138 pred=  4 left=  4  y=    53 vy= -186368 ay=  -26624
     t=139 pred=  3 left=  3  y=    49 vy= -212992 ay=  -26624
     t=140 pred=  2 left=  2  y=    46 vy= -239616 ay=  -26624
     t=141 pred=  1 left=  1  y=    42 vy= -266240 ay=  -26624
P2  landings=3  no_prediction_ticks=32
   err all : -29:7 -18:1 -17:1 -16:1 -15:1 -14:1 -13:11 -5:1 -4:1 -3:1 -2:1 -1:1 +0:52
   err NEAR (made within 20 ticks of the landing): -13:7 -5:1 -4:1 -3:1 -2:1 -1:1 +0:39
   err far  (made earlier, can still be invalidated): -29:7 -18:1 -17:1 -16:1 -15:1 -14:1 -13:4 +0:13
   NEAR + $5C seen at the time : -13:7 -5:1 -4:1 -3:1 -2:1 -1:1 +0:39
   NEAR + every frozen tick    : -13:7 -5:1 -4:1 -3:1 -2:1 -1:1 +0:39
   NEAR + every STILL tick     : -8:7 +0:44
   last descent, landed on tick 203:
     t=160 pred= -1 left= 43  y=    23 vy=  262144 ay=  -24576
     t=161 pred= -1 left= 42  y=    26 vy=  237568 ay=  -24576
     t=162 pred= -1 left= 41  y=    29 vy=  212992 ay=  -24576
     t=163 pred= -1 left= 40  y=    32 vy=  188416 ay=  -24576
     t=164 pred= -1 left= 39  y=    35 vy=  163840 ay=  -24576
     t=165 pred= -1 left= 38  y=    37 vy=  139264 ay=  -24576
     t=166 pred= -1 left= 37  y=    39 vy=  114688 ay=  -24576
     t=167 pred=  7 left= 36  y=    40 vy=   90112 ay=  -24576
     t=168 pred=  6 left= 35  y=    41 vy=   65536 ay=  -24576
     t=169 pred=  5 left= 34  y=    42 vy=   40960 ay=  -24576
     t=170 pred=  4 left= 33  y=    42 vy=   16384 ay=  -24576
     t=171 pred=  3 left= 32  y=    42 vy=   -8192 ay=  -24576
     t=172 pred=  2 left= 31  y=    41 vy=  -32768 ay=  -24576
     t=173 pred=  1 left= 30  y=    40 vy=  -57344 ay=  -24576
     t=174 pred= 11 left= 29  y=    40 vy=  131072 ay=  -24576
     t=175 pred= 11 left= 28  y=    40 vy=  131072 ay=  -24576
     t=176 pred= 11 left= 27  y=    40 vy=  131072 ay=  -24576
     t=177 pred= 11 left= 26  y=    40 vy=  131072 ay=  -24576
     t=178 pred= 11 left= 25  y=    40 vy=  131072 ay=  -24576
     t=179 pred= 11 left= 24  y=    40 vy=  131072 ay=  -24576
     t=180 pred= 10 left= 23  y=    42 vy=  106496 ay=  -24576
     t=181 pred=  9 left= 22  y=    43 vy=   81920 ay=  -24576
     t=182 pred=  8 left= 21  y=    44 vy=   57344 ay=  -24576
     t=183 pred=  7 left= 20  y=    44 vy=   32768 ay=  -24576
     t=184 pred=  6 left= 19  y=    45 vy=    8192 ay=  -24576
     t=185 pred=  5 left= 18  y=    44 vy=  -16384 ay=  -24576
     t=186 pred=  4 left= 17  y=    44 vy=  -40960 ay=  -24576
     t=187 pred=  3 left= 16  y=    43 vy=  -65536 ay=  -24576
     t=188 pred=  2 left= 15  y=    41 vy=  -90112 ay=  -24576
     t=189 pred=  1 left= 14  y=    40 vy= -114688 ay=  -24576
     t=190 pred=  8 left= 13  y=    40 vy=   98304 ay=  -24576
     t=191 pred=  8 left= 12  y=    40 vy=   98304 ay=  -24576
     t=192 pred=  8 left= 11  y=    40 vy=   98304 ay=  -24576
     t=193 pred=  8 left= 10  y=    40 vy=   98304 ay=  -24576
     t=194 pred=  8 left=  9  y=    40 vy=   98304 ay=  -24576
     t=195 pred=  8 left=  8  y=    40 vy=   98304 ay=  -24576
     t=196 pred=  7 left=  7  y=    42 vy=   73728 ay=  -24576
     t=197 pred=  6 left=  6  y=    42 vy=   49152 ay=  -24576
     t=198 pred=  5 left=  5  y=    43 vy=   24576 ay=  -24576
     t=199 pred=  4 left=  4  y=    43 vy=       0 ay=  -24576
---- landing prediction ----
P1  landings=49  no_prediction_ticks=0
   err all : -45:5 -38:1 -36:1 -34:1 -32:1 -30:1 -29:9 -28:1 -26:1 -24:1 -22:101 -21:4 -20:5 -19:4 -18:5 -17:4 -16:5 -15:4 -14:5 -13:4 -12:5 -11:238 -10:27 -9:27 -8:27 -7:27 -6:27 -5:27 -4:27 -3:27 -2:27 -1:27 +0:467 +5:198 +11:54 +16:90
   err NEAR (made within 20 ticks of the landing): -14:1 -12:3 -11:174 -10:27 -9:27 -8:27 -7:27 -6:27 -5:27 -4:27 -3:27 -2:27 -1:27 +0:374 +11:54 +16:90
   err far  (made earlier, can still be invalidated): -45:5 -38:1 -36:1 -34:1 -32:1 -30:1 -29:9 -28:1 -26:1 -24:1 -22:101 -21:4 -20:5 -19:4 -18:5 -17:4 -16:5 -15:4 -14:4 -13:4 -12:2 -11:64 +0:93 +5:198
   NEAR + $5C seen at the time : -11:150 -2:1 -1:1 +0:670 +11:54 +16:90
   NEAR + every frozen tick    : -3:1 -2:1 -1:298 +0:522 +11:54 +16:90
   NEAR + every STILL tick     : -2:1 -1:1 +0:820 +11:54 +16:90
   last descent, landed on tick 230:
     t=199 pred= 36 left= 31  y=    40 vy=  245760 ay=  -13312
     t=200 pred= 35 left= 30  y=    43 vy=  232448 ay=  -13312
     t=201 pred= 34 left= 29  y=    46 vy=  219136 ay=  -13312
     t=202 pred= 33 left= 28  y=    50 vy=  205824 ay=  -13312
     t=203 pred= 32 left= 27  y=    52 vy=  192512 ay=  -13312
     t=204 pred= 31 left= 26  y=    55 vy=  179200 ay=  -13312
     t=205 pred= 30 left= 25  y=    58 vy=  165888 ay=  -13312
     t=206 pred= 29 left= 24  y=    60 vy=  152576 ay=  -13312
     t=207 pred= 28 left= 23  y=    62 vy=  139264 ay=  -13312
     t=208 pred= 11 left= 22  y=    64 vy=       0 ay=  -26624
     t=209 pred= 10 left= 21  y=    64 vy=  -26624 ay=  -26624
     t=210 pred=  9 left= 20  y=    63 vy=  -53248 ay=  -26624
     t=211 pred=  8 left= 19  y=    62 vy=  -79872 ay=  -26624
     t=212 pred=  7 left= 18  y=    60 vy= -106496 ay=  -26624
     t=213 pred=  6 left= 17  y=    58 vy= -133120 ay=  -26624
     t=214 pred=  5 left= 16  y=    56 vy= -159744 ay=  -26624
     t=215 pred=  4 left= 15  y=    53 vy= -186368 ay=  -26624
     t=216 pred=  3 left= 14  y=    49 vy= -212992 ay=  -26624
     t=217 pred=  2 left= 13  y=    46 vy= -239616 ay=  -26624
     t=218 pred=  1 left= 12  y=    42 vy= -266240 ay=  -26624
     t=219 pred=  1 left= 11  y=    42 vy= -266240 ay=  -26624
     t=220 pred=  1 left= 10  y=    42 vy= -266240 ay=  -26624
     t=221 pred=  1 left=  9  y=    42 vy= -266240 ay=  -26624
     t=222 pred=  1 left=  8  y=    42 vy= -266240 ay=  -26624
     t=223 pred=  1 left=  7  y=    42 vy= -266240 ay=  -26624
     t=224 pred=  1 left=  6  y=    42 vy= -266240 ay=  -26624
     t=225 pred=  1 left=  5  y=    42 vy= -266240 ay=  -26624
     t=226 pred=  1 left=  4  y=    42 vy= -266240 ay=  -26624
     t=227 pred=  1 left=  3  y=    42 vy= -266240 ay=  -26624
     t=228 pred=  1 left=  2  y=    42 vy= -266240 ay=  -26624
     t=229 pred=  1 left=  1  y=    42 vy= -266240 ay=  -26624
P2  landings=3  no_prediction_ticks=32
   err all : -29:7 -18:1 -17:1 -16:1 -15:1 -14:1 -13:11 -5:1 -4:1 -3:1 -2:1 -1:1 +0:52
   err NEAR (made within 20 ticks of the landing): -13:7 -5:1 -4:1 -3:1 -2:1 -1:1 +0:39
   err far  (made earlier, can still be invalidated): -29:7 -18:1 -17:1 -16:1 -15:1 -14:1 -13:4 +0:13
   NEAR + $5C seen at the time : -13:7 -5:1 -4:1 -3:1 -2:1 -1:1 +0:39
   NEAR + every frozen tick    : -13:7 -5:1 -4:1 -3:1 -2:1 -1:1 +0:39
   NEAR + every STILL tick     : -8:7 +0:44
   last descent, landed on tick 203:
     t=160 pred= -1 left= 43  y=    23 vy=  262144 ay=  -24576
     t=161 pred= -1 left= 42  y=    26 vy=  237568 ay=  -24576
     t=162 pred= -1 left= 41  y=    29 vy=  212992 ay=  -24576
     t=163 pred= -1 left= 40  y=    32 vy=  188416 ay=  -24576
     t=164 pred= -1 left= 39  y=    35 vy=  163840 ay=  -24576
     t=165 pred= -1 left= 38  y=    37 vy=  139264 ay=  -24576
     t=166 pred= -1 left= 37  y=    39 vy=  114688 ay=  -24576
     t=167 pred=  7 left= 36  y=    40 vy=   90112 ay=  -24576
     t=168 pred=  6 left= 35  y=    41 vy=   65536 ay=  -24576
     t=169 pred=  5 left= 34  y=    42 vy=   40960 ay=  -24576
     t=170 pred=  4 left= 33  y=    42 vy=   16384 ay=  -24576
     t=171 pred=  3 left= 32  y=    42 vy=   -8192 ay=  -24576
     t=172 pred=  2 left= 31  y=    41 vy=  -32768 ay=  -24576
     t=173 pred=  1 left= 30  y=    40 vy=  -57344 ay=  -24576
     t=174 pred= 11 left= 29  y=    40 vy=  131072 ay=  -24576
     t=175 pred= 11 left= 28  y=    40 vy=  131072 ay=  -24576
     t=176 pred= 11 left= 27  y=    40 vy=  131072 ay=  -24576
     t=177 pred= 11 left= 26  y=    40 vy=  131072 ay=  -24576
     t=178 pred= 11 left= 25  y=    40 vy=  131072 ay=  -24576
     t=179 pred= 11 left= 24  y=    40 vy=  131072 ay=  -24576
     t=180 pred= 10 left= 23  y=    42 vy=  106496 ay=  -24576
     t=181 pred=  9 left= 22  y=    43 vy=   81920 ay=  -24576
     t=182 pred=  8 left= 21  y=    44 vy=   57344 ay=  -24576
     t=183 pred=  7 left= 20  y=    44 vy=   32768 ay=  -24576
     t=184 pred=  6 left= 19  y=    45 vy=    8192 ay=  -24576
     t=185 pred=  5 left= 18  y=    44 vy=  -16384 ay=  -24576
     t=186 pred=  4 left= 17  y=    44 vy=  -40960 ay=  -24576
     t=187 pred=  3 left= 16  y=    43 vy=  -65536 ay=  -24576
     t=188 pred=  2 left= 15  y=    41 vy=  -90112 ay=  -24576
     t=189 pred=  1 left= 14  y=    40 vy= -114688 ay=  -24576
     t=190 pred=  8 left= 13  y=    40 vy=   98304 ay=  -24576
     t=191 pred=  8 left= 12  y=    40 vy=   98304 ay=  -24576
     t=192 pred=  8 left= 11  y=    40 vy=   98304 ay=  -24576
     t=193 pred=  8 left= 10  y=    40 vy=   98304 ay=  -24576
     t=194 pred=  8 left=  9  y=    40 vy=   98304 ay=  -24576
     t=195 pred=  8 left=  8  y=    40 vy=   98304 ay=  -24576
     t=196 pred=  7 left=  7  y=    42 vy=   73728 ay=  -24576
     t=197 pred=  6 left=  6  y=    42 vy=   49152 ay=  -24576
     t=198 pred=  5 left=  5  y=    43 vy=   24576 ay=  -24576
     t=199 pred=  4 left=  4  y=    43 vy=       0 ay=  -24576
---- landing prediction ----
P1  landings=50  no_prediction_ticks=0
   err all : -45:5 -38:1 -36:1 -34:1 -32:1 -30:1 -29:9 -28:1 -26:1 -24:1 -22:101 -21:4 -20:5 -19:4 -18:5 -17:4 -16:5 -15:4 -14:5 -13:4 -12:5 -11:247 -10:28 -9:28 -8:28 -7:28 -6:28 -5:28 -4:28 -3:28 -2:28 -1:28 +0:470 +5:207 +11:54 +16:90
   err NEAR (made within 20 ticks of the landing): -14:1 -12:3 -11:181 -10:28 -9:28 -8:28 -7:28 -6:28 -5:28 -4:28 -3:28 -2:28 -1:28 +0:377 +11:54 +16:90
   err far  (made earlier, can still be invalidated): -45:5 -38:1 -36:1 -34:1 -32:1 -30:1 -29:9 -28:1 -26:1 -24:1 -22:101 -21:4 -20:5 -19:4 -18:5 -17:4 -16:5 -15:4 -14:4 -13:4 -12:2 -11:66 +0:93 +5:207
   NEAR + $5C seen at the time : -11:156 -2:1 -1:1 +0:684 +11:54 +16:90
   NEAR + every frozen tick    : -3:1 -2:1 -1:309 +0:531 +11:54 +16:90
   NEAR + every STILL tick     : -2:1 -1:1 +0:840 +11:54 +16:90
   last descent, landed on tick 52:
     t= 21 pred= 36 left= 31  y=    40 vy=  245760 ay=  -13312
     t= 22 pred= 35 left= 30  y=    43 vy=  232448 ay=  -13312
     t= 23 pred= 34 left= 29  y=    46 vy=  219136 ay=  -13312
     t= 24 pred= 33 left= 28  y=    50 vy=  205824 ay=  -13312
     t= 25 pred= 32 left= 27  y=    52 vy=  192512 ay=  -13312
     t= 26 pred= 31 left= 26  y=    55 vy=  179200 ay=  -13312
     t= 27 pred= 30 left= 25  y=    58 vy=  165888 ay=  -13312
     t= 28 pred= 29 left= 24  y=    60 vy=  152576 ay=  -13312
     t= 29 pred= 28 left= 23  y=    62 vy=  139264 ay=  -13312
     t= 30 pred= 11 left= 22  y=    64 vy=       0 ay=  -26624
     t= 31 pred= 10 left= 21  y=    64 vy=  -26624 ay=  -26624
     t= 32 pred=  9 left= 20  y=    63 vy=  -53248 ay=  -26624
     t= 33 pred=  8 left= 19  y=    62 vy=  -79872 ay=  -26624
     t= 34 pred=  7 left= 18  y=    60 vy= -106496 ay=  -26624
     t= 35 pred=  6 left= 17  y=    58 vy= -133120 ay=  -26624
     t= 36 pred=  5 left= 16  y=    56 vy= -159744 ay=  -26624
     t= 37 pred=  4 left= 15  y=    53 vy= -186368 ay=  -26624
     t= 38 pred=  3 left= 14  y=    49 vy= -212992 ay=  -26624
     t= 39 pred=  3 left= 13  y=    49 vy= -212992 ay=  -26624
     t= 40 pred=  3 left= 12  y=    49 vy= -212992 ay=  -26624
     t= 41 pred=  3 left= 11  y=    49 vy= -212992 ay=  -26624
     t= 42 pred=  3 left= 10  y=    49 vy= -212992 ay=  -26624
     t= 43 pred=  3 left=  9  y=    49 vy= -212992 ay=  -26624
     t= 44 pred=  3 left=  8  y=    49 vy= -212992 ay=  -26624
     t= 45 pred=  3 left=  7  y=    49 vy= -212992 ay=  -26624
     t= 46 pred=  3 left=  6  y=    49 vy= -212992 ay=  -26624
     t= 47 pred=  3 left=  5  y=    49 vy= -212992 ay=  -26624
     t= 48 pred=  3 left=  4  y=    49 vy= -212992 ay=  -26624
     t= 49 pred=  3 left=  3  y=    49 vy= -212992 ay=  -26624
     t= 50 pred=  2 left=  2  y=    46 vy= -239616 ay=  -26624
     t= 51 pred=  1 left=  1  y=    42 vy= -266240 ay=  -26624
P2  landings=3  no_prediction_ticks=32
   err all : -29:7 -18:1 -17:1 -16:1 -15:1 -14:1 -13:11 -5:1 -4:1 -3:1 -2:1 -1:1 +0:52
   err NEAR (made within 20 ticks of the landing): -13:7 -5:1 -4:1 -3:1 -2:1 -1:1 +0:39
   err far  (made earlier, can still be invalidated): -29:7 -18:1 -17:1 -16:1 -15:1 -14:1 -13:4 +0:13
   NEAR + $5C seen at the time : -13:7 -5:1 -4:1 -3:1 -2:1 -1:1 +0:39
   NEAR + every frozen tick    : -13:7 -5:1 -4:1 -3:1 -2:1 -1:1 +0:39
   NEAR + every STILL tick     : -8:7 +0:44
   last descent, landed on tick 203:
     t=160 pred= -1 left= 43  y=    23 vy=  262144 ay=  -24576
     t=161 pred= -1 left= 42  y=    26 vy=  237568 ay=  -24576
     t=162 pred= -1 left= 41  y=    29 vy=  212992 ay=  -24576
     t=163 pred= -1 left= 40  y=    32 vy=  188416 ay=  -24576
     t=164 pred= -1 left= 39  y=    35 vy=  163840 ay=  -24576
     t=165 pred= -1 left= 38  y=    37 vy=  139264 ay=  -24576
     t=166 pred= -1 left= 37  y=    39 vy=  114688 ay=  -24576
     t=167 pred=  7 left= 36  y=    40 vy=   90112 ay=  -24576
     t=168 pred=  6 left= 35  y=    41 vy=   65536 ay=  -24576
     t=169 pred=  5 left= 34  y=    42 vy=   40960 ay=  -24576
     t=170 pred=  4 left= 33  y=    42 vy=   16384 ay=  -24576
     t=171 pred=  3 left= 32  y=    42 vy=   -8192 ay=  -24576
     t=172 pred=  2 left= 31  y=    41 vy=  -32768 ay=  -24576
     t=173 pred=  1 left= 30  y=    40 vy=  -57344 ay=  -24576
     t=174 pred= 11 left= 29  y=    40 vy=  131072 ay=  -24576
     t=175 pred= 11 left= 28  y=    40 vy=  131072 ay=  -24576
     t=176 pred= 11 left= 27  y=    40 vy=  131072 ay=  -24576
     t=177 pred= 11 left= 26  y=    40 vy=  131072 ay=  -24576
     t=178 pred= 11 left= 25  y=    40 vy=  131072 ay=  -24576
     t=179 pred= 11 left= 24  y=    40 vy=  131072 ay=  -24576
     t=180 pred= 10 left= 23  y=    42 vy=  106496 ay=  -24576
     t=181 pred=  9 left= 22  y=    43 vy=   81920 ay=  -24576
     t=182 pred=  8 left= 21  y=    44 vy=   57344 ay=  -24576
     t=183 pred=  7 left= 20  y=    44 vy=   32768 ay=  -24576
     t=184 pred=  6 left= 19  y=    45 vy=    8192 ay=  -24576
     t=185 pred=  5 left= 18  y=    44 vy=  -16384 ay=  -24576
     t=186 pred=  4 left= 17  y=    44 vy=  -40960 ay=  -24576
     t=187 pred=  3 left= 16  y=    43 vy=  -65536 ay=  -24576
     t=188 pred=  2 left= 15  y=    41 vy=  -90112 ay=  -24576
     t=189 pred=  1 left= 14  y=    40 vy= -114688 ay=  -24576
     t=190 pred=  8 left= 13  y=    40 vy=   98304 ay=  -24576
     t=191 pred=  8 left= 12  y=    40 vy=   98304 ay=  -24576
     t=192 pred=  8 left= 11  y=    40 vy=   98304 ay=  -24576
     t=193 pred=  8 left= 10  y=    40 vy=   98304 ay=  -24576
     t=194 pred=  8 left=  9  y=    40 vy=   98304 ay=  -24576
     t=195 pred=  8 left=  8  y=    40 vy=   98304 ay=  -24576
     t=196 pred=  7 left=  7  y=    42 vy=   73728 ay=  -24576
     t=197 pred=  6 left=  6  y=    42 vy=   49152 ay=  -24576
     t=198 pred=  5 left=  5  y=    43 vy=   24576 ay=  -24576
     t=199 pred=  4 left=  4  y=    43 vy=       0 ay=  -24576
---- landing prediction ----
P1  landings=51  no_prediction_ticks=0
   err all : -45:5 -38:1 -36:1 -34:1 -32:1 -30:1 -29:9 -28:1 -26:1 -24:1 -22:101 -21:4 -20:5 -19:4 -18:5 -17:4 -16:5 -15:4 -14:5 -13:4 -12:5 -11:255 -10:29 -9:29 -8:29 -7:29 -6:29 -5:29 -4:29 -3:29 -2:29 -1:29 +0:474 +5:216 +11:54 +16:90
   err NEAR (made within 20 ticks of the landing): -14:1 -12:3 -11:187 -10:29 -9:29 -8:29 -7:29 -6:29 -5:29 -4:29 -3:29 -2:29 -1:29 +0:381 +11:54 +16:90
   err far  (made earlier, can still be invalidated): -45:5 -38:1 -36:1 -34:1 -32:1 -30:1 -29:9 -28:1 -26:1 -24:1 -22:101 -21:4 -20:5 -19:4 -18:5 -17:4 -16:5 -15:4 -14:4 -13:4 -12:2 -11:68 +0:93 +5:216
   NEAR + $5C seen at the time : -11:161 -2:1 -1:1 +0:699 +11:54 +16:90
   NEAR + every frozen tick    : -3:1 -2:1 -1:320 +0:540 +11:54 +16:90
   NEAR + every STILL tick     : -2:1 -1:1 +0:860 +11:54 +16:90
   last descent, landed on tick 88:
     t= 57 pred= 36 left= 31  y=    40 vy=  245760 ay=  -13312
     t= 58 pred= 35 left= 30  y=    43 vy=  232448 ay=  -13312
     t= 59 pred= 34 left= 29  y=    46 vy=  219136 ay=  -13312
     t= 60 pred= 33 left= 28  y=    50 vy=  205824 ay=  -13312
     t= 61 pred= 32 left= 27  y=    52 vy=  192512 ay=  -13312
     t= 62 pred= 31 left= 26  y=    55 vy=  179200 ay=  -13312
     t= 63 pred= 30 left= 25  y=    58 vy=  165888 ay=  -13312
     t= 64 pred= 29 left= 24  y=    60 vy=  152576 ay=  -13312
     t= 65 pred= 28 left= 23  y=    62 vy=  139264 ay=  -13312
     t= 66 pred= 11 left= 22  y=    64 vy=       0 ay=  -26624
     t= 67 pred= 10 left= 21  y=    64 vy=  -26624 ay=  -26624
     t= 68 pred=  9 left= 20  y=    63 vy=  -53248 ay=  -26624
     t= 69 pred=  8 left= 19  y=    62 vy=  -79872 ay=  -26624
     t= 70 pred=  7 left= 18  y=    60 vy= -106496 ay=  -26624
     t= 71 pred=  6 left= 17  y=    58 vy= -133120 ay=  -26624
     t= 72 pred=  5 left= 16  y=    56 vy= -159744 ay=  -26624
     t= 73 pred=  4 left= 15  y=    53 vy= -186368 ay=  -26624
     t= 74 pred=  4 left= 14  y=    53 vy= -186368 ay=  -26624
     t= 75 pred=  4 left= 13  y=    53 vy= -186368 ay=  -26624
     t= 76 pred=  4 left= 12  y=    53 vy= -186368 ay=  -26624
     t= 77 pred=  4 left= 11  y=    53 vy= -186368 ay=  -26624
     t= 78 pred=  4 left= 10  y=    53 vy= -186368 ay=  -26624
     t= 79 pred=  4 left=  9  y=    53 vy= -186368 ay=  -26624
     t= 80 pred=  4 left=  8  y=    53 vy= -186368 ay=  -26624
     t= 81 pred=  4 left=  7  y=    53 vy= -186368 ay=  -26624
     t= 82 pred=  4 left=  6  y=    53 vy= -186368 ay=  -26624
     t= 83 pred=  4 left=  5  y=    53 vy= -186368 ay=  -26624
     t= 84 pred=  4 left=  4  y=    53 vy= -186368 ay=  -26624
     t= 85 pred=  3 left=  3  y=    49 vy= -212992 ay=  -26624
     t= 86 pred=  2 left=  2  y=    46 vy= -239616 ay=  -26624
     t= 87 pred=  1 left=  1  y=    42 vy= -266240 ay=  -26624
P2  landings=3  no_prediction_ticks=32
   err all : -29:7 -18:1 -17:1 -16:1 -15:1 -14:1 -13:11 -5:1 -4:1 -3:1 -2:1 -1:1 +0:52
   err NEAR (made within 20 ticks of the landing): -13:7 -5:1 -4:1 -3:1 -2:1 -1:1 +0:39
   err far  (made earlier, can still be invalidated): -29:7 -18:1 -17:1 -16:1 -15:1 -14:1 -13:4 +0:13
   NEAR + $5C seen at the time : -13:7 -5:1 -4:1 -3:1 -2:1 -1:1 +0:39
   NEAR + every frozen tick    : -13:7 -5:1 -4:1 -3:1 -2:1 -1:1 +0:39
   NEAR + every STILL tick     : -8:7 +0:44
   last descent, landed on tick 203:
     t=160 pred= -1 left= 43  y=    23 vy=  262144 ay=  -24576
     t=161 pred= -1 left= 42  y=    26 vy=  237568 ay=  -24576
     t=162 pred= -1 left= 41  y=    29 vy=  212992 ay=  -24576
     t=163 pred= -1 left= 40  y=    32 vy=  188416 ay=  -24576
     t=164 pred= -1 left= 39  y=    35 vy=  163840 ay=  -24576
     t=165 pred= -1 left= 38  y=    37 vy=  139264 ay=  -24576
     t=166 pred= -1 left= 37  y=    39 vy=  114688 ay=  -24576
     t=167 pred=  7 left= 36  y=    40 vy=   90112 ay=  -24576
     t=168 pred=  6 left= 35  y=    41 vy=   65536 ay=  -24576
     t=169 pred=  5 left= 34  y=    42 vy=   40960 ay=  -24576
     t=170 pred=  4 left= 33  y=    42 vy=   16384 ay=  -24576
     t=171 pred=  3 left= 32  y=    42 vy=   -8192 ay=  -24576
     t=172 pred=  2 left= 31  y=    41 vy=  -32768 ay=  -24576
     t=173 pred=  1 left= 30  y=    40 vy=  -57344 ay=  -24576
     t=174 pred= 11 left= 29  y=    40 vy=  131072 ay=  -24576
     t=175 pred= 11 left= 28  y=    40 vy=  131072 ay=  -24576
     t=176 pred= 11 left= 27  y=    40 vy=  131072 ay=  -24576
     t=177 pred= 11 left= 26  y=    40 vy=  131072 ay=  -24576
     t=178 pred= 11 left= 25  y=    40 vy=  131072 ay=  -24576
     t=179 pred= 11 left= 24  y=    40 vy=  131072 ay=  -24576
     t=180 pred= 10 left= 23  y=    42 vy=  106496 ay=  -24576
     t=181 pred=  9 left= 22  y=    43 vy=   81920 ay=  -24576
     t=182 pred=  8 left= 21  y=    44 vy=   57344 ay=  -24576
     t=183 pred=  7 left= 20  y=    44 vy=   32768 ay=  -24576
     t=184 pred=  6 left= 19  y=    45 vy=    8192 ay=  -24576
     t=185 pred=  5 left= 18  y=    44 vy=  -16384 ay=  -24576
     t=186 pred=  4 left= 17  y=    44 vy=  -40960 ay=  -24576
     t=187 pred=  3 left= 16  y=    43 vy=  -65536 ay=  -24576
     t=188 pred=  2 left= 15  y=    41 vy=  -90112 ay=  -24576
     t=189 pred=  1 left= 14  y=    40 vy= -114688 ay=  -24576
     t=190 pred=  8 left= 13  y=    40 vy=   98304 ay=  -24576
     t=191 pred=  8 left= 12  y=    40 vy=   98304 ay=  -24576
     t=192 pred=  8 left= 11  y=    40 vy=   98304 ay=  -24576
     t=193 pred=  8 left= 10  y=    40 vy=   98304 ay=  -24576
     t=194 pred=  8 left=  9  y=    40 vy=   98304 ay=  -24576
     t=195 pred=  8 left=  8  y=    40 vy=   98304 ay=  -24576
     t=196 pred=  7 left=  7  y=    42 vy=   73728 ay=  -24576
     t=197 pred=  6 left=  6  y=    42 vy=   49152 ay=  -24576
     t=198 pred=  5 left=  5  y=    43 vy=   24576 ay=  -24576
     t=199 pred=  4 left=  4  y=    43 vy=       0 ay=  -24576
---- landing prediction ----
P1  landings=52  no_prediction_ticks=0
   err all : -45:13 -38:2 -36:2 -34:2 -32:2 -30:2 -29:18 -28:2 -26:2 -24:2 -22:102 -21:4 -20:6 -19:4 -18:6 -17:4 -16:6 -15:4 -14:6 -13:4 -12:6 -11:255 -10:30 -9:30 -8:30 -7:30 -6:30 -5:30 -4:30 -3:30 -2:30 -1:30 +0:477 +5:216 +11:54 +16:90
   err NEAR (made within 20 ticks of the landing): -16:1 -14:2 -12:4 -11:187 -10:30 -9:30 -8:30 -7:30 -6:30 -5:30 -4:30 -3:30 -2:30 -1:30 +0:384 +11:54 +16:90
   err far  (made earlier, can still be invalidated): -45:13 -38:2 -36:2 -34:2 -32:2 -30:2 -29:18 -28:2 -26:2 -24:2 -22:102 -21:4 -20:6 -19:4 -18:6 -17:4 -16:5 -15:4 -14:4 -13:4 -12:2 -11:68 +0:93 +5:216
   NEAR + $5C seen at the time : -11:161 -3:1 -2:2 -1:2 +0:712 +11:54 +16:90
   NEAR + every frozen tick    : -4:1 -3:2 -2:2 -1:330 +0:543 +11:54 +16:90
   NEAR + every STILL tick     : -3:1 -2:2 -1:2 +0:873 +11:54 +16:90
   last descent, landed on tick 158:
     t= 93 pred= 36 left= 65  y=    40 vy=  245760 ay=  -13312
     t= 94 pred= 35 left= 64  y=    43 vy=  232448 ay=  -13312
     t= 95 pred= 34 left= 63  y=    46 vy=  219136 ay=  -13312
     t= 96 pred= 33 left= 62  y=    50 vy=  205824 ay=  -13312
     t= 97 pred= 32 left= 61  y=    52 vy=  192512 ay=  -13312
     t= 98 pred= 31 left= 60  y=    55 vy=  179200 ay=  -13312
     t= 99 pred= 30 left= 59  y=    58 vy=  165888 ay=  -13312
     t=100 pred= 29 left= 58  y=    60 vy=  152576 ay=  -13312
     t=101 pred= 28 left= 57  y=    62 vy=  139264 ay=  -13312
     t=102 pred= 11 left= 56  y=    64 vy=       0 ay=  -26624
     t=103 pred= 10 left= 55  y=    64 vy=  -26624 ay=  -26624
     t=104 pred=  9 left= 54  y=    63 vy=  -53248 ay=  -26624
     t=105 pred=  8 left= 53  y=    62 vy=  -79872 ay=  -26624
     t=106 pred=  7 left= 52  y=    60 vy= -106496 ay=  -26624
     t=107 pred=  6 left= 51  y=    58 vy= -133120 ay=  -26624
     t=108 pred=  5 left= 50  y=    56 vy= -159744 ay=  -26624
     t=109 pred=  4 left= 49  y=    53 vy= -186368 ay=  -26624
     t=117 pred=  3 left= 41  y=    49 vy= -212992 ay=  -26624
     t=119 pred=  3 left= 39  y=    49 vy= -212992 ay=  -26624
     t=121 pred=  3 left= 37  y=    49 vy= -212992 ay=  -26624
     t=123 pred=  3 left= 35  y=    49 vy= -212992 ay=  -26624
     t=125 pred=  3 left= 33  y=    49 vy= -212992 ay=  -26624
     t=127 pred=  3 left= 31  y=    49 vy= -212992 ay=  -26624
     t=129 pred=  3 left= 29  y=    49 vy= -212992 ay=  -26624
     t=131 pred=  3 left= 27  y=    49 vy= -212992 ay=  -26624
     t=133 pred=  3 left= 25  y=    49 vy= -212992 ay=  -26624
     t=135 pred=  3 left= 23  y=    49 vy= -212992 ay=  -26624
     t=137 pred=  3 left= 21  y=    49 vy= -212992 ay=  -26624
     t=139 pred=  3 left= 19  y=    49 vy= -212992 ay=  -26624
     t=141 pred=  3 left= 17  y=    49 vy= -212992 ay=  -26624
     t=143 pred=  3 left= 15  y=    49 vy= -212992 ay=  -26624
     t=145 pred=  3 left= 13  y=    49 vy= -212992 ay=  -26624
     t=146 pred=  3 left= 12  y=    49 vy= -212992 ay=  -26624
     t=147 pred=  3 left= 11  y=    49 vy= -212992 ay=  -26624
     t=148 pred=  3 left= 10  y=    49 vy= -212992 ay=  -26624
     t=149 pred=  3 left=  9  y=    49 vy= -212992 ay=  -26624
     t=150 pred=  3 left=  8  y=    49 vy= -212992 ay=  -26624
     t=151 pred=  3 left=  7  y=    49 vy= -212992 ay=  -26624
     t=152 pred=  3 left=  6  y=    49 vy= -212992 ay=  -26624
     t=153 pred=  3 left=  5  y=    49 vy= -212992 ay=  -26624
P2  landings=3  no_prediction_ticks=32
   err all : -29:7 -18:1 -17:1 -16:1 -15:1 -14:1 -13:11 -5:1 -4:1 -3:1 -2:1 -1:1 +0:52
   err NEAR (made within 20 ticks of the landing): -13:7 -5:1 -4:1 -3:1 -2:1 -1:1 +0:39
   err far  (made earlier, can still be invalidated): -29:7 -18:1 -17:1 -16:1 -15:1 -14:1 -13:4 +0:13
   NEAR + $5C seen at the time : -13:7 -5:1 -4:1 -3:1 -2:1 -1:1 +0:39
   NEAR + every frozen tick    : -13:7 -5:1 -4:1 -3:1 -2:1 -1:1 +0:39
   NEAR + every STILL tick     : -8:7 +0:44
   last descent, landed on tick 203:
     t=160 pred= -1 left= 43  y=    23 vy=  262144 ay=  -24576
     t=161 pred= -1 left= 42  y=    26 vy=  237568 ay=  -24576
     t=162 pred= -1 left= 41  y=    29 vy=  212992 ay=  -24576
     t=163 pred= -1 left= 40  y=    32 vy=  188416 ay=  -24576
     t=164 pred= -1 left= 39  y=    35 vy=  163840 ay=  -24576
     t=165 pred= -1 left= 38  y=    37 vy=  139264 ay=  -24576
     t=166 pred= -1 left= 37  y=    39 vy=  114688 ay=  -24576
     t=167 pred=  7 left= 36  y=    40 vy=   90112 ay=  -24576
     t=168 pred=  6 left= 35  y=    41 vy=   65536 ay=  -24576
     t=169 pred=  5 left= 34  y=    42 vy=   40960 ay=  -24576
     t=170 pred=  4 left= 33  y=    42 vy=   16384 ay=  -24576
     t=171 pred=  3 left= 32  y=    42 vy=   -8192 ay=  -24576
     t=172 pred=  2 left= 31  y=    41 vy=  -32768 ay=  -24576
     t=173 pred=  1 left= 30  y=    40 vy=  -57344 ay=  -24576
     t=174 pred= 11 left= 29  y=    40 vy=  131072 ay=  -24576
     t=175 pred= 11 left= 28  y=    40 vy=  131072 ay=  -24576
     t=176 pred= 11 left= 27  y=    40 vy=  131072 ay=  -24576
     t=177 pred= 11 left= 26  y=    40 vy=  131072 ay=  -24576
     t=178 pred= 11 left= 25  y=    40 vy=  131072 ay=  -24576
     t=179 pred= 11 left= 24  y=    40 vy=  131072 ay=  -24576
     t=180 pred= 10 left= 23  y=    42 vy=  106496 ay=  -24576
     t=181 pred=  9 left= 22  y=    43 vy=   81920 ay=  -24576
     t=182 pred=  8 left= 21  y=    44 vy=   57344 ay=  -24576
     t=183 pred=  7 left= 20  y=    44 vy=   32768 ay=  -24576
     t=184 pred=  6 left= 19  y=    45 vy=    8192 ay=  -24576
     t=185 pred=  5 left= 18  y=    44 vy=  -16384 ay=  -24576
     t=186 pred=  4 left= 17  y=    44 vy=  -40960 ay=  -24576
     t=187 pred=  3 left= 16  y=    43 vy=  -65536 ay=  -24576
     t=188 pred=  2 left= 15  y=    41 vy=  -90112 ay=  -24576
     t=189 pred=  1 left= 14  y=    40 vy= -114688 ay=  -24576
     t=190 pred=  8 left= 13  y=    40 vy=   98304 ay=  -24576
     t=191 pred=  8 left= 12  y=    40 vy=   98304 ay=  -24576
     t=192 pred=  8 left= 11  y=    40 vy=   98304 ay=  -24576
     t=193 pred=  8 left= 10  y=    40 vy=   98304 ay=  -24576
     t=194 pred=  8 left=  9  y=    40 vy=   98304 ay=  -24576
     t=195 pred=  8 left=  8  y=    40 vy=   98304 ay=  -24576
     t=196 pred=  7 left=  7  y=    42 vy=   73728 ay=  -24576
     t=197 pred=  6 left=  6  y=    42 vy=   49152 ay=  -24576
     t=198 pred=  5 left=  5  y=    43 vy=   24576 ay=  -24576
     t=199 pred=  4 left=  4  y=    43 vy=       0 ay=  -24576
---- landing prediction ----
P1  landings=52  no_prediction_ticks=0
   err all : -45:13 -38:2 -36:2 -34:2 -32:2 -30:2 -29:18 -28:2 -26:2 -24:2 -22:102 -21:4 -20:6 -19:4 -18:6 -17:4 -16:6 -15:4 -14:6 -13:4 -12:6 -11:255 -10:30 -9:30 -8:30 -7:30 -6:30 -5:30 -4:30 -3:30 -2:30 -1:30 +0:477 +5:216 +11:54 +16:90
   err NEAR (made within 20 ticks of the landing): -16:1 -14:2 -12:4 -11:187 -10:30 -9:30 -8:30 -7:30 -6:30 -5:30 -4:30 -3:30 -2:30 -1:30 +0:384 +11:54 +16:90
   err far  (made earlier, can still be invalidated): -45:13 -38:2 -36:2 -34:2 -32:2 -30:2 -29:18 -28:2 -26:2 -24:2 -22:102 -21:4 -20:6 -19:4 -18:6 -17:4 -16:5 -15:4 -14:4 -13:4 -12:2 -11:68 +0:93 +5:216
   NEAR + $5C seen at the time : -11:161 -3:1 -2:2 -1:2 +0:712 +11:54 +16:90
   NEAR + every frozen tick    : -4:1 -3:2 -2:2 -1:330 +0:543 +11:54 +16:90
   NEAR + every STILL tick     : -3:1 -2:2 -1:2 +0:873 +11:54 +16:90
   last descent, landed on tick 158:
     t= 93 pred= 36 left= 65  y=    40 vy=  245760 ay=  -13312
     t= 94 pred= 35 left= 64  y=    43 vy=  232448 ay=  -13312
     t= 95 pred= 34 left= 63  y=    46 vy=  219136 ay=  -13312
     t= 96 pred= 33 left= 62  y=    50 vy=  205824 ay=  -13312
     t= 97 pred= 32 left= 61  y=    52 vy=  192512 ay=  -13312
     t= 98 pred= 31 left= 60  y=    55 vy=  179200 ay=  -13312
     t= 99 pred= 30 left= 59  y=    58 vy=  165888 ay=  -13312
     t=100 pred= 29 left= 58  y=    60 vy=  152576 ay=  -13312
     t=101 pred= 28 left= 57  y=    62 vy=  139264 ay=  -13312
     t=102 pred= 11 left= 56  y=    64 vy=       0 ay=  -26624
     t=103 pred= 10 left= 55  y=    64 vy=  -26624 ay=  -26624
     t=104 pred=  9 left= 54  y=    63 vy=  -53248 ay=  -26624
     t=105 pred=  8 left= 53  y=    62 vy=  -79872 ay=  -26624
     t=106 pred=  7 left= 52  y=    60 vy= -106496 ay=  -26624
     t=107 pred=  6 left= 51  y=    58 vy= -133120 ay=  -26624
     t=108 pred=  5 left= 50  y=    56 vy= -159744 ay=  -26624
     t=109 pred=  4 left= 49  y=    53 vy= -186368 ay=  -26624
     t=117 pred=  3 left= 41  y=    49 vy= -212992 ay=  -26624
     t=119 pred=  3 left= 39  y=    49 vy= -212992 ay=  -26624
     t=121 pred=  3 left= 37  y=    49 vy= -212992 ay=  -26624
     t=123 pred=  3 left= 35  y=    49 vy= -212992 ay=  -26624
     t=125 pred=  3 left= 33  y=    49 vy= -212992 ay=  -26624
     t=127 pred=  3 left= 31  y=    49 vy= -212992 ay=  -26624
     t=129 pred=  3 left= 29  y=    49 vy= -212992 ay=  -26624
     t=131 pred=  3 left= 27  y=    49 vy= -212992 ay=  -26624
     t=133 pred=  3 left= 25  y=    49 vy= -212992 ay=  -26624
     t=135 pred=  3 left= 23  y=    49 vy= -212992 ay=  -26624
     t=137 pred=  3 left= 21  y=    49 vy= -212992 ay=  -26624
     t=139 pred=  3 left= 19  y=    49 vy= -212992 ay=  -26624
     t=141 pred=  3 left= 17  y=    49 vy= -212992 ay=  -26624
     t=143 pred=  3 left= 15  y=    49 vy= -212992 ay=  -26624
     t=145 pred=  3 left= 13  y=    49 vy= -212992 ay=  -26624
     t=146 pred=  3 left= 12  y=    49 vy= -212992 ay=  -26624
     t=147 pred=  3 left= 11  y=    49 vy= -212992 ay=  -26624
     t=148 pred=  3 left= 10  y=    49 vy= -212992 ay=  -26624
     t=149 pred=  3 left=  9  y=    49 vy= -212992 ay=  -26624
     t=150 pred=  3 left=  8  y=    49 vy= -212992 ay=  -26624
     t=151 pred=  3 left=  7  y=    49 vy= -212992 ay=  -26624
     t=152 pred=  3 left=  6  y=    49 vy= -212992 ay=  -26624
     t=153 pred=  3 left=  5  y=    49 vy= -212992 ay=  -26624
P2  landings=4  no_prediction_ticks=32
   err all : -70:1 -68:1 -66:1 -64:1 -62:1 -60:1 -58:1 -56:1 -54:1 -52:1 -50:1 -48:1 -46:1 -44:1 -43:1 -42:1 -41:1 -40:1 -39:1 -38:1 -37:1 -36:1 -35:1 -34:1 -33:1 -29:7 -18:1 -17:1 -16:1 -15:1 -14:1 -13:11 -5:1 -4:1 -3:1 -2:1 -1:1 +0:85
   err NEAR (made within 20 ticks of the landing): -13:7 -5:1 -4:1 -3:1 -2:1 -1:1 +0:59
   err far  (made earlier, can still be invalidated): -70:1 -68:1 -66:1 -64:1 -62:1 -60:1 -58:1 -56:1 -54:1 -52:1 -50:1 -48:1 -46:1 -44:1 -43:1 -42:1 -41:1 -40:1 -39:1 -38:1 -37:1 -36:1 -35:1 -34:1 -33:1 -29:7 -18:1 -17:1 -16:1 -15:1 -14:1 -13:4 +0:26
   NEAR + $5C seen at the time : -13:7 -5:1 -4:1 -3:1 -2:1 -1:1 +0:59
   NEAR + every frozen tick    : -13:7 -5:1 -4:1 -3:1 -2:1 -1:1 +0:59
   NEAR + every STILL tick     : -8:7 +0:64
   last descent, landed on tick 190:
     t=119 pred=  1 left= 71  y=    40 vy=  -98304 ay=  -24576
     t=121 pred=  1 left= 69  y=    40 vy=  -98304 ay=  -24576
     t=123 pred=  1 left= 67  y=    40 vy=  -98304 ay=  -24576
     t=125 pred=  1 left= 65  y=    40 vy=  -98304 ay=  -24576
     t=127 pred=  1 left= 63  y=    40 vy=  -98304 ay=  -24576
     t=129 pred=  1 left= 61  y=    40 vy=  -98304 ay=  -24576
     t=131 pred=  1 left= 59  y=    40 vy=  -98304 ay=  -24576
     t=133 pred=  1 left= 57  y=    40 vy=  -98304 ay=  -24576
     t=135 pred=  1 left= 55  y=    40 vy=  -98304 ay=  -24576
     t=137 pred=  1 left= 53  y=    40 vy=  -98304 ay=  -24576
     t=139 pred=  1 left= 51  y=    40 vy=  -98304 ay=  -24576
     t=141 pred=  1 left= 49  y=    40 vy=  -98304 ay=  -24576
     t=143 pred=  1 left= 47  y=    40 vy=  -98304 ay=  -24576
     t=145 pred=  1 left= 45  y=    40 vy=  -98304 ay=  -24576
     t=146 pred=  1 left= 44  y=    40 vy=  -98304 ay=  -24576
     t=147 pred=  1 left= 43  y=    40 vy=  -98304 ay=  -24576
     t=148 pred=  1 left= 42  y=    40 vy=  -98304 ay=  -24576
     t=149 pred=  1 left= 41  y=    40 vy=  -98304 ay=  -24576
     t=150 pred=  1 left= 40  y=    40 vy=  -98304 ay=  -24576
     t=151 pred=  1 left= 39  y=    40 vy=  -98304 ay=  -24576
     t=152 pred=  1 left= 38  y=    40 vy=  -98304 ay=  -24576
     t=153 pred=  1 left= 37  y=    40 vy=  -98304 ay=  -24576
     t=154 pred=  1 left= 36  y=    40 vy=  -98304 ay=  -24576
     t=155 pred=  1 left= 35  y=    40 vy=  -98304 ay=  -24576
     t=156 pred=  1 left= 34  y=    40 vy=  -98304 ay=  -24576
     t=157 pred= 33 left= 33  y=    47 vy=  493568 ay=  -30720
     t=158 pred= 32 left= 32  y=    54 vy=  462848 ay=  -30720
     t=159 pred= 31 left= 31  y=    61 vy=  432128 ay=  -30720
     t=160 pred= 30 left= 30  y=    67 vy=  401408 ay=  -30720
     t=161 pred= 29 left= 29  y=    72 vy=  370688 ay=  -30720
     t=162 pred= 28 left= 28  y=    78 vy=  339968 ay=  -30720
     t=163 pred= 27 left= 27  y=    82 vy=  309248 ay=  -30720
     t=164 pred= 26 left= 26  y=    87 vy=  278528 ay=  -30720
     t=165 pred= 25 left= 25  y=    90 vy=  247808 ay=  -30720
     t=166 pred= 24 left= 24  y=    94 vy=  217088 ay=  -30720
     t=167 pred= 23 left= 23  y=    97 vy=  186368 ay=  -30720
     t=168 pred= 22 left= 22  y=    99 vy=  155648 ay=  -30720
     t=169 pred= 21 left= 21  y=   101 vy=  124928 ay=  -30720
     t=170 pred= 20 left= 20  y=   102 vy=   94208 ay=  -30720
     t=171 pred= 19 left= 19  y=   103 vy=   63488 ay=  -30720
---- landing prediction ----
P1  landings=52  no_prediction_ticks=0
   err all : -45:13 -38:2 -36:2 -34:2 -32:2 -30:2 -29:18 -28:2 -26:2 -24:2 -22:102 -21:4 -20:6 -19:4 -18:6 -17:4 -16:6 -15:4 -14:6 -13:4 -12:6 -11:255 -10:30 -9:30 -8:30 -7:30 -6:30 -5:30 -4:30 -3:30 -2:30 -1:30 +0:477 +5:216 +11:54 +16:90
   err NEAR (made within 20 ticks of the landing): -16:1 -14:2 -12:4 -11:187 -10:30 -9:30 -8:30 -7:30 -6:30 -5:30 -4:30 -3:30 -2:30 -1:30 +0:384 +11:54 +16:90
   err far  (made earlier, can still be invalidated): -45:13 -38:2 -36:2 -34:2 -32:2 -30:2 -29:18 -28:2 -26:2 -24:2 -22:102 -21:4 -20:6 -19:4 -18:6 -17:4 -16:5 -15:4 -14:4 -13:4 -12:2 -11:68 +0:93 +5:216
   NEAR + $5C seen at the time : -11:161 -3:1 -2:2 -1:2 +0:712 +11:54 +16:90
   NEAR + every frozen tick    : -4:1 -3:2 -2:2 -1:330 +0:543 +11:54 +16:90
   NEAR + every STILL tick     : -3:1 -2:2 -1:2 +0:873 +11:54 +16:90
   last descent, landed on tick 158:
     t= 93 pred= 36 left= 65  y=    40 vy=  245760 ay=  -13312
     t= 94 pred= 35 left= 64  y=    43 vy=  232448 ay=  -13312
     t= 95 pred= 34 left= 63  y=    46 vy=  219136 ay=  -13312
     t= 96 pred= 33 left= 62  y=    50 vy=  205824 ay=  -13312
     t= 97 pred= 32 left= 61  y=    52 vy=  192512 ay=  -13312
     t= 98 pred= 31 left= 60  y=    55 vy=  179200 ay=  -13312
     t= 99 pred= 30 left= 59  y=    58 vy=  165888 ay=  -13312
     t=100 pred= 29 left= 58  y=    60 vy=  152576 ay=  -13312
     t=101 pred= 28 left= 57  y=    62 vy=  139264 ay=  -13312
     t=102 pred= 11 left= 56  y=    64 vy=       0 ay=  -26624
     t=103 pred= 10 left= 55  y=    64 vy=  -26624 ay=  -26624
     t=104 pred=  9 left= 54  y=    63 vy=  -53248 ay=  -26624
     t=105 pred=  8 left= 53  y=    62 vy=  -79872 ay=  -26624
     t=106 pred=  7 left= 52  y=    60 vy= -106496 ay=  -26624
     t=107 pred=  6 left= 51  y=    58 vy= -133120 ay=  -26624
     t=108 pred=  5 left= 50  y=    56 vy= -159744 ay=  -26624
     t=109 pred=  4 left= 49  y=    53 vy= -186368 ay=  -26624
     t=117 pred=  3 left= 41  y=    49 vy= -212992 ay=  -26624
     t=119 pred=  3 left= 39  y=    49 vy= -212992 ay=  -26624
     t=121 pred=  3 left= 37  y=    49 vy= -212992 ay=  -26624
     t=123 pred=  3 left= 35  y=    49 vy= -212992 ay=  -26624
     t=125 pred=  3 left= 33  y=    49 vy= -212992 ay=  -26624
     t=127 pred=  3 left= 31  y=    49 vy= -212992 ay=  -26624
     t=129 pred=  3 left= 29  y=    49 vy= -212992 ay=  -26624
     t=131 pred=  3 left= 27  y=    49 vy= -212992 ay=  -26624
     t=133 pred=  3 left= 25  y=    49 vy= -212992 ay=  -26624
     t=135 pred=  3 left= 23  y=    49 vy= -212992 ay=  -26624
     t=137 pred=  3 left= 21  y=    49 vy= -212992 ay=  -26624
     t=139 pred=  3 left= 19  y=    49 vy= -212992 ay=  -26624
     t=141 pred=  3 left= 17  y=    49 vy= -212992 ay=  -26624
     t=143 pred=  3 left= 15  y=    49 vy= -212992 ay=  -26624
     t=145 pred=  3 left= 13  y=    49 vy= -212992 ay=  -26624
     t=146 pred=  3 left= 12  y=    49 vy= -212992 ay=  -26624
     t=147 pred=  3 left= 11  y=    49 vy= -212992 ay=  -26624
     t=148 pred=  3 left= 10  y=    49 vy= -212992 ay=  -26624
     t=149 pred=  3 left=  9  y=    49 vy= -212992 ay=  -26624
     t=150 pred=  3 left=  8  y=    49 vy= -212992 ay=  -26624
     t=151 pred=  3 left=  7  y=    49 vy= -212992 ay=  -26624
     t=152 pred=  3 left=  6  y=    49 vy= -212992 ay=  -26624
     t=153 pred=  3 left=  5  y=    49 vy= -212992 ay=  -26624
P2  landings=5  no_prediction_ticks=32
   err all : -70:1 -68:1 -66:1 -64:1 -62:1 -60:1 -58:1 -56:1 -54:1 -52:1 -50:1 -48:1 -46:1 -44:1 -43:1 -42:1 -41:1 -40:1 -39:1 -38:1 -37:1 -36:1 -35:1 -34:1 -33:1 -29:7 -18:1 -17:1 -16:1 -15:1 -14:1 -13:11 -5:1 -4:1 -3:1 -2:1 -1:1 +0:96
   err NEAR (made within 20 ticks of the landing): -13:7 -5:1 -4:1 -3:1 -2:1 -1:1 +0:70
   err far  (made earlier, can still be invalidated): -70:1 -68:1 -66:1 -64:1 -62:1 -60:1 -58:1 -56:1 -54:1 -52:1 -50:1 -48:1 -46:1 -44:1 -43:1 -42:1 -41:1 -40:1 -39:1 -38:1 -37:1 -36:1 -35:1 -34:1 -33:1 -29:7 -18:1 -17:1 -16:1 -15:1 -14:1 -13:4 +0:26
   NEAR + $5C seen at the time : -13:7 -5:1 -4:1 -3:1 -2:1 -1:1 +0:70
   NEAR + every frozen tick    : -13:7 -5:1 -4:1 -3:1 -2:1 -1:1 +0:70
   NEAR + every STILL tick     : -8:7 +0:75
   last descent, landed on tick 214:
     t=203 pred= 11 left= 11  y=    40 vy=  135168 ay=  -24576
     t=204 pred= 10 left= 10  y=    41 vy=  110592 ay=  -24576
     t=205 pred=  9 left=  9  y=    43 vy=   86016 ay=  -24576
     t=206 pred=  8 left=  8  y=    44 vy=   61440 ay=  -24576
     t=207 pred=  7 left=  7  y=    44 vy=   36864 ay=  -24576
     t=208 pred=  6 left=  6  y=    44 vy=   12288 ay=  -24576
     t=209 pred=  5 left=  5  y=    44 vy=  -12288 ay=  -24576
     t=210 pred=  4 left=  4  y=    44 vy=  -36864 ay=  -24576
     t=211 pred=  3 left=  3  y=    43 vy=  -61440 ay=  -24576
     t=212 pred=  2 left=  2  y=    41 vy=  -86016 ay=  -24576
     t=213 pred=  1 left=  1  y=    40 vy= -110592 ay=  -24576
