---- landing prediction ----
P1  landings=1  no_prediction_ticks=0
   err all : -11:9 -10:1 -9:1 -8:1 -7:1 -6:1 -5:1 -4:1 -3:1 -2:1 -1:1 +0:3 +5:9
   err NEAR (pred<=20, the window the tool uses): -11:9 -10:1 -9:1 -8:1 -7:1 -6:1 -5:1 -4:1 -3:1 -2:1 -1:1 +0:3
   err far  (pred>20, never acted on): +5:9
   last descent, landed on tick 168:
     t=137 pred= 36 left= 31  y=    40 vy=  245760 ay=  -13312
     t=138 pred= 35 left= 30  y=    43 vy=  232448 ay=  -13312
     t=139 pred= 34 left= 29  y=    46 vy=  219136 ay=  -13312
     t=140 pred= 33 left= 28  y=    50 vy=  205824 ay=  -13312
     t=141 pred= 32 left= 27  y=    52 vy=  192512 ay=  -13312
     t=142 pred= 31 left= 26  y=    55 vy=  179200 ay=  -13312
     t=143 pred= 30 left= 25  y=    58 vy=  165888 ay=  -13312
     t=144 pred= 29 left= 24  y=    60 vy=  152576 ay=  -13312
     t=145 pred= 28 left= 23  y=    62 vy=  139264 ay=  -13312
     t=146 pred= 11 left= 22  y=    64 vy=       0 ay=  -26624
     t=147 pred= 10 left= 21  y=    64 vy=  -26624 ay=  -26624
     t=148 pred=  9 left= 20  y=    63 vy=  -53248 ay=  -26624
     t=149 pred=  8 left= 19  y=    62 vy=  -79872 ay=  -26624
     t=150 pred=  7 left= 18  y=    60 vy= -106496 ay=  -26624
     t=151 pred=  6 left= 17  y=    58 vy= -133120 ay=  -26624
     t=152 pred=  5 left= 16  y=    56 vy= -159744 ay=  -26624
     t=153 pred=  4 left= 15  y=    53 vy= -186368 ay=  -26624
     t=154 pred=  3 left= 14  y=    49 vy= -212992 ay=  -26624
     t=155 pred=  3 left= 13  y=    49 vy= -212992 ay=  -26624
     t=156 pred=  3 left= 12  y=    49 vy= -212992 ay=  -26624
     t=157 pred=  3 left= 11  y=    49 vy= -212992 ay=  -26624
     t=158 pred=  3 left= 10  y=    49 vy= -212992 ay=  -26624
     t=159 pred=  3 left=  9  y=    49 vy= -212992 ay=  -26624
     t=160 pred=  3 left=  8  y=    49 vy= -212992 ay=  -26624
     t=161 pred=  3 left=  7  y=    49 vy= -212992 ay=  -26624
     t=162 pred=  3 left=  6  y=    49 vy= -212992 ay=  -26624
     t=163 pred=  3 left=  5  y=    49 vy= -212992 ay=  -26624
     t=164 pred=  3 left=  4  y=    49 vy= -212992 ay=  -26624
     t=165 pred=  3 left=  3  y=    49 vy= -212992 ay=  -26624
     t=166 pred=  2 left=  2  y=    46 vy= -239616 ay=  -26624
     t=167 pred=  1 left=  1  y=    42 vy= -266240 ay=  -26624
P2  landings=0  no_prediction_ticks=0
   err all : -
   err NEAR (pred<=20, the window the tool uses): -
   err far  (pred>20, never acted on): -
---- landing prediction ----
P1  landings=2  no_prediction_ticks=0
   err all : -11:14 -10:2 -9:2 -8:2 -7:2 -6:2 -5:2 -4:2 -3:2 -2:2 -1:2 +0:10 +5:18
   err NEAR (pred<=20, the window the tool uses): -11:14 -10:2 -9:2 -8:2 -7:2 -6:2 -5:2 -4:2 -3:2 -2:2 -1:2 +0:10
   err far  (pred>20, never acted on): +5:18
   last descent, landed on tick 205:
     t=174 pred= 36 left= 31  y=    40 vy=  245760 ay=  -13312
     t=175 pred= 35 left= 30  y=    43 vy=  232448 ay=  -13312
     t=176 pred= 34 left= 29  y=    46 vy=  219136 ay=  -13312
     t=177 pred= 33 left= 28  y=    50 vy=  205824 ay=  -13312
     t=178 pred= 32 left= 27  y=    52 vy=  192512 ay=  -13312
     t=179 pred= 31 left= 26  y=    55 vy=  179200 ay=  -13312
     t=180 pred= 30 left= 25  y=    58 vy=  165888 ay=  -13312
     t=181 pred= 29 left= 24  y=    60 vy=  152576 ay=  -13312
     t=182 pred= 28 left= 23  y=    62 vy=  139264 ay=  -13312
     t=183 pred= 11 left= 22  y=    64 vy=       0 ay=  -26624
     t=184 pred= 10 left= 21  y=    64 vy=  -26624 ay=  -26624
     t=185 pred=  9 left= 20  y=    63 vy=  -53248 ay=  -26624
     t=186 pred=  8 left= 19  y=    62 vy=  -79872 ay=  -26624
     t=187 pred=  7 left= 18  y=    60 vy= -106496 ay=  -26624
     t=188 pred=  7 left= 17  y=    60 vy= -106496 ay=  -26624
     t=189 pred=  7 left= 16  y=    60 vy= -106496 ay=  -26624
     t=190 pred=  7 left= 15  y=    60 vy= -106496 ay=  -26624
     t=191 pred=  7 left= 14  y=    60 vy= -106496 ay=  -26624
     t=192 pred=  7 left= 13  y=    60 vy= -106496 ay=  -26624
     t=193 pred=  7 left= 12  y=    60 vy= -106496 ay=  -26624
     t=194 pred=  7 left= 11  y=    60 vy= -106496 ay=  -26624
     t=195 pred=  7 left= 10  y=    60 vy= -106496 ay=  -26624
     t=196 pred=  7 left=  9  y=    60 vy= -106496 ay=  -26624
     t=197 pred=  7 left=  8  y=    60 vy= -106496 ay=  -26624
     t=198 pred=  7 left=  7  y=    60 vy= -106496 ay=  -26624
     t=199 pred=  6 left=  6  y=    58 vy= -133120 ay=  -26624
     t=200 pred=  5 left=  5  y=    56 vy= -159744 ay=  -26624
     t=201 pred=  4 left=  4  y=    53 vy= -186368 ay=  -26624
     t=202 pred=  3 left=  3  y=    49 vy= -212992 ay=  -26624
     t=203 pred=  2 left=  2  y=    46 vy= -239616 ay=  -26624
     t=204 pred=  1 left=  1  y=    42 vy= -266240 ay=  -26624
P2  landings=0  no_prediction_ticks=0
   err all : -
   err NEAR (pred<=20, the window the tool uses): -
   err far  (pred>20, never acted on): -
---- landing prediction ----
P1  landings=3  no_prediction_ticks=0
   err all : -11:25 -10:3 -9:3 -8:3 -7:3 -6:3 -5:3 -4:3 -3:3 -2:3 -1:3 +0:11 +5:27
   err NEAR (pred<=20, the window the tool uses): -11:25 -10:3 -9:3 -8:3 -7:3 -6:3 -5:3 -4:3 -3:3 -2:3 -1:3 +0:11
   err far  (pred>20, never acted on): +5:27
   last descent, landed on tick 254:
     t=223 pred= 36 left= 31  y=    40 vy=  245760 ay=  -13312
     t=224 pred= 35 left= 30  y=    43 vy=  232448 ay=  -13312
     t=225 pred= 34 left= 29  y=    46 vy=  219136 ay=  -13312
     t=226 pred= 33 left= 28  y=    50 vy=  205824 ay=  -13312
     t=227 pred= 32 left= 27  y=    52 vy=  192512 ay=  -13312
     t=228 pred= 31 left= 26  y=    55 vy=  179200 ay=  -13312
     t=229 pred= 30 left= 25  y=    58 vy=  165888 ay=  -13312
     t=230 pred= 29 left= 24  y=    60 vy=  152576 ay=  -13312
     t=231 pred= 28 left= 23  y=    62 vy=  139264 ay=  -13312
     t=232 pred= 11 left= 22  y=    64 vy=       0 ay=  -26624
     t=233 pred= 10 left= 21  y=    64 vy=  -26624 ay=  -26624
     t=234 pred=  9 left= 20  y=    63 vy=  -53248 ay=  -26624
     t=235 pred=  8 left= 19  y=    62 vy=  -79872 ay=  -26624
     t=236 pred=  7 left= 18  y=    60 vy= -106496 ay=  -26624
     t=237 pred=  6 left= 17  y=    58 vy= -133120 ay=  -26624
     t=238 pred=  5 left= 16  y=    56 vy= -159744 ay=  -26624
     t=239 pred=  4 left= 15  y=    53 vy= -186368 ay=  -26624
     t=240 pred=  3 left= 14  y=    49 vy= -212992 ay=  -26624
     t=241 pred=  2 left= 13  y=    46 vy= -239616 ay=  -26624
     t=242 pred=  1 left= 12  y=    42 vy= -266240 ay=  -26624
     t=243 pred=  1 left= 11  y=    42 vy= -266240 ay=  -26624
     t=244 pred=  1 left= 10  y=    42 vy= -266240 ay=  -26624
     t=245 pred=  1 left=  9  y=    42 vy= -266240 ay=  -26624
     t=246 pred=  1 left=  8  y=    42 vy= -266240 ay=  -26624
     t=247 pred=  1 left=  7  y=    42 vy= -266240 ay=  -26624
     t=248 pred=  1 left=  6  y=    42 vy= -266240 ay=  -26624
     t=249 pred=  1 left=  5  y=    42 vy= -266240 ay=  -26624
     t=250 pred=  1 left=  4  y=    42 vy= -266240 ay=  -26624
     t=251 pred=  1 left=  3  y=    42 vy= -266240 ay=  -26624
     t=252 pred=  1 left=  2  y=    42 vy= -266240 ay=  -26624
     t=253 pred=  1 left=  1  y=    42 vy= -266240 ay=  -26624
P2  landings=0  no_prediction_ticks=0
   err all : -
   err NEAR (pred<=20, the window the tool uses): -
   err far  (pred>20, never acted on): -
---- landing prediction ----
P1  landings=4  no_prediction_ticks=0
   err all : -11:32 -10:4 -9:4 -8:4 -7:4 -6:4 -5:4 -4:4 -3:4 -2:4 -1:4 +0:16 +5:36
   err NEAR (pred<=20, the window the tool uses): -11:32 -10:4 -9:4 -8:4 -7:4 -6:4 -5:4 -4:4 -3:4 -2:4 -1:4 +0:16
   err far  (pred>20, never acted on): +5:36
   last descent, landed on tick 34:
     t=  3 pred= 36 left= 31  y=    40 vy=  245760 ay=  -13312
     t=  4 pred= 35 left= 30  y=    43 vy=  232448 ay=  -13312
     t=  5 pred= 34 left= 29  y=    46 vy=  219136 ay=  -13312
     t=  6 pred= 33 left= 28  y=    50 vy=  205824 ay=  -13312
     t=  7 pred= 32 left= 27  y=    52 vy=  192512 ay=  -13312
     t=  8 pred= 31 left= 26  y=    55 vy=  179200 ay=  -13312
     t=  9 pred= 30 left= 25  y=    58 vy=  165888 ay=  -13312
     t= 10 pred= 29 left= 24  y=    60 vy=  152576 ay=  -13312
     t= 11 pred= 28 left= 23  y=    62 vy=  139264 ay=  -13312
     t= 12 pred= 11 left= 22  y=    64 vy=       0 ay=  -26624
     t= 13 pred= 10 left= 21  y=    64 vy=  -26624 ay=  -26624
     t= 14 pred=  9 left= 20  y=    63 vy=  -53248 ay=  -26624
     t= 15 pred=  8 left= 19  y=    62 vy=  -79872 ay=  -26624
     t= 16 pred=  7 left= 18  y=    60 vy= -106496 ay=  -26624
     t= 17 pred=  6 left= 17  y=    58 vy= -133120 ay=  -26624
     t= 18 pred=  5 left= 16  y=    56 vy= -159744 ay=  -26624
     t= 19 pred=  5 left= 15  y=    56 vy= -159744 ay=  -26624
     t= 20 pred=  5 left= 14  y=    56 vy= -159744 ay=  -26624
     t= 21 pred=  5 left= 13  y=    56 vy= -159744 ay=  -26624
     t= 22 pred=  5 left= 12  y=    56 vy= -159744 ay=  -26624
     t= 23 pred=  5 left= 11  y=    56 vy= -159744 ay=  -26624
     t= 24 pred=  5 left= 10  y=    56 vy= -159744 ay=  -26624
     t= 25 pred=  5 left=  9  y=    56 vy= -159744 ay=  -26624
     t= 26 pred=  5 left=  8  y=    56 vy= -159744 ay=  -26624
     t= 27 pred=  5 left=  7  y=    56 vy= -159744 ay=  -26624
     t= 28 pred=  5 left=  6  y=    56 vy= -159744 ay=  -26624
     t= 29 pred=  5 left=  5  y=    56 vy= -159744 ay=  -26624
     t= 30 pred=  4 left=  4  y=    53 vy= -186368 ay=  -26624
     t= 31 pred=  3 left=  3  y=    49 vy= -212992 ay=  -26624
     t= 32 pred=  2 left=  2  y=    46 vy= -239616 ay=  -26624
     t= 33 pred=  1 left=  1  y=    42 vy= -266240 ay=  -26624
P2  landings=0  no_prediction_ticks=0
   err all : -
   err NEAR (pred<=20, the window the tool uses): -
   err far  (pred>20, never acted on): -
---- landing prediction ----
P1  landings=5  no_prediction_ticks=0
   err all : -11:40 -10:5 -9:5 -8:5 -7:5 -6:5 -5:5 -4:5 -3:5 -2:5 -1:5 +0:20 +5:45
   err NEAR (pred<=20, the window the tool uses): -11:40 -10:5 -9:5 -8:5 -7:5 -6:5 -5:5 -4:5 -3:5 -2:5 -1:5 +0:20
   err far  (pred>20, never acted on): +5:45
   last descent, landed on tick 70:
     t= 39 pred= 36 left= 31  y=    40 vy=  245760 ay=  -13312
     t= 40 pred= 35 left= 30  y=    43 vy=  232448 ay=  -13312
     t= 41 pred= 34 left= 29  y=    46 vy=  219136 ay=  -13312
     t= 42 pred= 33 left= 28  y=    50 vy=  205824 ay=  -13312
     t= 43 pred= 32 left= 27  y=    52 vy=  192512 ay=  -13312
     t= 44 pred= 31 left= 26  y=    55 vy=  179200 ay=  -13312
     t= 45 pred= 30 left= 25  y=    58 vy=  165888 ay=  -13312
     t= 46 pred= 29 left= 24  y=    60 vy=  152576 ay=  -13312
     t= 47 pred= 28 left= 23  y=    62 vy=  139264 ay=  -13312
     t= 48 pred= 11 left= 22  y=    64 vy=       0 ay=  -26624
     t= 49 pred= 10 left= 21  y=    64 vy=  -26624 ay=  -26624
     t= 50 pred=  9 left= 20  y=    63 vy=  -53248 ay=  -26624
     t= 51 pred=  8 left= 19  y=    62 vy=  -79872 ay=  -26624
     t= 52 pred=  7 left= 18  y=    60 vy= -106496 ay=  -26624
     t= 53 pred=  6 left= 17  y=    58 vy= -133120 ay=  -26624
     t= 54 pred=  5 left= 16  y=    56 vy= -159744 ay=  -26624
     t= 55 pred=  4 left= 15  y=    53 vy= -186368 ay=  -26624
     t= 56 pred=  4 left= 14  y=    53 vy= -186368 ay=  -26624
     t= 57 pred=  4 left= 13  y=    53 vy= -186368 ay=  -26624
     t= 58 pred=  4 left= 12  y=    53 vy= -186368 ay=  -26624
     t= 59 pred=  4 left= 11  y=    53 vy= -186368 ay=  -26624
     t= 60 pred=  4 left= 10  y=    53 vy= -186368 ay=  -26624
     t= 61 pred=  4 left=  9  y=    53 vy= -186368 ay=  -26624
     t= 62 pred=  4 left=  8  y=    53 vy= -186368 ay=  -26624
     t= 63 pred=  4 left=  7  y=    53 vy= -186368 ay=  -26624
     t= 64 pred=  4 left=  6  y=    53 vy= -186368 ay=  -26624
     t= 65 pred=  4 left=  5  y=    53 vy= -186368 ay=  -26624
     t= 66 pred=  4 left=  4  y=    53 vy= -186368 ay=  -26624
     t= 67 pred=  3 left=  3  y=    49 vy= -212992 ay=  -26624
     t= 68 pred=  2 left=  2  y=    46 vy= -239616 ay=  -26624
     t= 69 pred=  1 left=  1  y=    42 vy= -266240 ay=  -26624
P2  landings=0  no_prediction_ticks=0
   err all : -
   err NEAR (pred<=20, the window the tool uses): -
   err far  (pred>20, never acted on): -
---- landing prediction ----
P1  landings=6  no_prediction_ticks=0
   err all : -11:40 -10:5 -9:5 -8:5 -7:5 -6:5 -5:5 -4:5 -3:5 -2:5 -1:5 +0:58 +5:45
   err NEAR (pred<=20, the window the tool uses): -11:40 -10:5 -9:5 -8:5 -7:5 -6:5 -5:5 -4:5 -3:5 -2:5 -1:5 +0:40
   err far  (pred>20, never acted on): +0:18 +5:45
   last descent, landed on tick 122:
     t= 84 pred= 38 left= 38  y=    40 vy=  622592 ay=  -32000
     t= 85 pred= 37 left= 37  y=    49 vy=  590592 ay=  -32000
     t= 86 pred= 36 left= 36  y=    57 vy=  558592 ay=  -32000
     t= 87 pred= 35 left= 35  y=    65 vy=  526592 ay=  -32000
     t= 88 pred= 34 left= 34  y=    73 vy=  494592 ay=  -32000
     t= 89 pred= 33 left= 33  y=    80 vy=  462592 ay=  -32000
     t= 90 pred= 32 left= 32  y=    86 vy=  430592 ay=  -32000
     t= 91 pred= 31 left= 31  y=    92 vy=  398592 ay=  -32000
     t= 92 pred= 30 left= 30  y=    98 vy=  366592 ay=  -32000
     t= 93 pred= 29 left= 29  y=   103 vy=  334592 ay=  -32000
     t= 94 pred= 28 left= 28  y=   108 vy=  302592 ay=  -32000
     t= 95 pred= 27 left= 27  y=   112 vy=  270592 ay=  -32000
     t= 96 pred= 26 left= 26  y=   115 vy=  238592 ay=  -32000
     t= 97 pred= 25 left= 25  y=   119 vy=  206592 ay=  -32000
     t= 98 pred= 24 left= 24  y=   121 vy=  174592 ay=  -32000
     t= 99 pred= 23 left= 23  y=   123 vy=  142592 ay=  -32000
     t=100 pred= 22 left= 22  y=   125 vy=  110592 ay=  -32000
     t=101 pred= 21 left= 21  y=   126 vy=   78592 ay=  -32000
     t=102 pred= 20 left= 20  y=   127 vy=   46592 ay=  -32000
     t=103 pred= 19 left= 19  y=   127 vy=   14592 ay=  -32000
     t=104 pred= 18 left= 18  y=   127 vy=  -17408 ay=  -32000
     t=105 pred= 17 left= 17  y=   126 vy=  -49408 ay=  -32000
     t=106 pred= 16 left= 16  y=   125 vy=  -81408 ay=  -32000
     t=107 pred= 15 left= 15  y=   123 vy= -113408 ay=  -32000
     t=108 pred= 14 left= 14  y=   121 vy= -145408 ay=  -32000
     t=109 pred= 13 left= 13  y=   118 vy= -177408 ay=  -32000
     t=110 pred= 12 left= 12  y=   115 vy= -209408 ay=  -32000
     t=111 pred= 11 left= 11  y=   111 vy= -241408 ay=  -32000
     t=112 pred= 10 left= 10  y=   107 vy= -273408 ay=  -32000
     t=113 pred=  9 left=  9  y=   103 vy= -305408 ay=  -32000
     t=114 pred=  8 left=  8  y=    97 vy= -337408 ay=  -32000
     t=115 pred=  7 left=  7  y=    92 vy= -369408 ay=  -32000
     t=116 pred=  6 left=  6  y=    86 vy= -401408 ay=  -32000
     t=117 pred=  5 left=  5  y=    79 vy= -433408 ay=  -32000
     t=118 pred=  4 left=  4  y=    72 vy= -465408 ay=  -32000
     t=119 pred=  3 left=  3  y=    64 vy= -497408 ay=  -32000
     t=120 pred=  2 left=  2  y=    56 vy= -529408 ay=  -32000
     t=121 pred=  1 left=  1  y=    48 vy= -561408 ay=  -32000
P2  landings=0  no_prediction_ticks=0
   err all : -
   err NEAR (pred<=20, the window the tool uses): -
   err far  (pred>20, never acted on): -
---- landing prediction ----
P1  landings=7  no_prediction_ticks=0
   err all : -22:27 -21:1 -20:1 -19:1 -18:1 -17:1 -16:1 -15:1 -14:1 -13:1 -12:1 -11:49 -10:6 -9:6 -8:6 -7:6 -6:6 -5:6 -4:6 -3:6 -2:6 -1:6 +0:62 +5:45
   err NEAR (pred<=20, the window the tool uses): -22:9 -21:1 -20:1 -19:1 -18:1 -17:1 -16:1 -15:1 -14:1 -13:1 -12:1 -11:49 -10:6 -9:6 -8:6 -7:6 -6:6 -5:6 -4:6 -3:6 -2:6 -1:6 +0:44
   err far  (pred>20, never acted on): -22:18 +0:18 +5:45
   last descent, landed on tick 238:
     t=178 pred= 38 left= 60  y=    40 vy=  622592 ay=  -32000
     t=179 pred= 37 left= 59  y=    49 vy=  590592 ay=  -32000
     t=180 pred= 36 left= 58  y=    57 vy=  558592 ay=  -32000
     t=181 pred= 35 left= 57  y=    65 vy=  526592 ay=  -32000
     t=182 pred= 34 left= 56  y=    73 vy=  494592 ay=  -32000
     t=183 pred= 33 left= 55  y=    80 vy=  462592 ay=  -32000
     t=184 pred= 32 left= 54  y=    86 vy=  430592 ay=  -32000
     t=185 pred= 31 left= 53  y=    92 vy=  398592 ay=  -32000
     t=186 pred= 30 left= 52  y=    98 vy=  366592 ay=  -32000
     t=187 pred= 29 left= 51  y=   103 vy=  334592 ay=  -32000
     t=188 pred= 28 left= 50  y=   108 vy=  302592 ay=  -32000
     t=189 pred= 27 left= 49  y=   112 vy=  270592 ay=  -32000
     t=190 pred= 26 left= 48  y=   115 vy=  238592 ay=  -32000
     t=191 pred= 25 left= 47  y=   119 vy=  206592 ay=  -32000
     t=192 pred= 24 left= 46  y=   121 vy=  174592 ay=  -32000
     t=193 pred= 23 left= 45  y=   123 vy=  142592 ay=  -32000
     t=194 pred= 22 left= 44  y=   125 vy=  110592 ay=  -32000
     t=195 pred= 21 left= 43  y=   126 vy=   78592 ay=  -32000
     t=196 pred= 20 left= 42  y=   127 vy=   46592 ay=  -32000
     t=197 pred= 19 left= 41  y=   127 vy=   14592 ay=  -32000
     t=198 pred= 18 left= 40  y=   127 vy=  -17408 ay=  -32000
     t=199 pred= 17 left= 39  y=   126 vy=  -49408 ay=  -32000
     t=200 pred= 16 left= 38  y=   125 vy=  -81408 ay=  -32000
     t=201 pred= 15 left= 37  y=   123 vy= -113408 ay=  -32000
     t=202 pred= 14 left= 36  y=   121 vy= -145408 ay=  -32000
     t=203 pred= 13 left= 35  y=   118 vy= -177408 ay=  -32000
     t=204 pred= 12 left= 34  y=   115 vy= -209408 ay=  -32000
     t=205 pred= 12 left= 33  y=   115 vy= -209408 ay=  -32000
     t=206 pred= 12 left= 32  y=   115 vy= -209408 ay=  -32000
     t=207 pred= 12 left= 31  y=   115 vy= -209408 ay=  -32000
     t=208 pred= 12 left= 30  y=   115 vy= -209408 ay=  -32000
     t=209 pred= 12 left= 29  y=   115 vy= -209408 ay=  -32000
     t=210 pred= 12 left= 28  y=   115 vy= -209408 ay=  -32000
     t=211 pred= 12 left= 27  y=   115 vy= -209408 ay=  -32000
     t=212 pred= 12 left= 26  y=   115 vy= -209408 ay=  -32000
     t=213 pred= 12 left= 25  y=   115 vy= -209408 ay=  -32000
     t=214 pred= 12 left= 24  y=   115 vy= -209408 ay=  -32000
     t=215 pred= 12 left= 23  y=   115 vy= -209408 ay=  -32000
     t=216 pred= 11 left= 22  y=   111 vy= -241408 ay=  -32000
     t=217 pred= 10 left= 21  y=   107 vy= -273408 ay=  -32000
P2  landings=0  no_prediction_ticks=0
   err all : -
   err NEAR (pred<=20, the window the tool uses): -
   err far  (pred>20, never acted on): -
---- landing prediction ----
P1  landings=8  no_prediction_ticks=0
   err all : -22:27 -21:1 -20:1 -19:1 -18:1 -17:1 -16:1 -15:1 -14:1 -13:1 -12:1 -11:58 -10:7 -9:7 -8:7 -7:7 -6:7 -5:7 -4:7 -3:7 -2:7 -1:7 +0:65 +5:54
   err NEAR (pred<=20, the window the tool uses): -22:9 -21:1 -20:1 -19:1 -18:1 -17:1 -16:1 -15:1 -14:1 -13:1 -12:1 -11:58 -10:7 -9:7 -8:7 -7:7 -6:7 -5:7 -4:7 -3:7 -2:7 -1:7 +0:47
   err far  (pred>20, never acted on): -22:18 +0:18 +5:54
   last descent, landed on tick 25:
     t=250 pred= 36 left= 31  y=    40 vy=  245760 ay=  -13312
     t=251 pred= 35 left= 30  y=    43 vy=  232448 ay=  -13312
     t=252 pred= 34 left= 29  y=    46 vy=  219136 ay=  -13312
     t=253 pred= 33 left= 28  y=    50 vy=  205824 ay=  -13312
     t=254 pred= 32 left= 27  y=    52 vy=  192512 ay=  -13312
     t=255 pred= 31 left= 26  y=    55 vy=  179200 ay=  -13312
     t=  0 pred= 30 left= 25  y=    58 vy=  165888 ay=  -13312
     t=  1 pred= 29 left= 24  y=    60 vy=  152576 ay=  -13312
     t=  2 pred= 28 left= 23  y=    62 vy=  139264 ay=  -13312
     t=  3 pred= 11 left= 22  y=    64 vy=       0 ay=  -26624
     t=  4 pred= 10 left= 21  y=    64 vy=  -26624 ay=  -26624
     t=  5 pred=  9 left= 20  y=    63 vy=  -53248 ay=  -26624
     t=  6 pred=  8 left= 19  y=    62 vy=  -79872 ay=  -26624
     t=  7 pred=  7 left= 18  y=    60 vy= -106496 ay=  -26624
     t=  8 pred=  6 left= 17  y=    58 vy= -133120 ay=  -26624
     t=  9 pred=  5 left= 16  y=    56 vy= -159744 ay=  -26624
     t= 10 pred=  4 left= 15  y=    53 vy= -186368 ay=  -26624
     t= 11 pred=  3 left= 14  y=    49 vy= -212992 ay=  -26624
     t= 12 pred=  3 left= 13  y=    49 vy= -212992 ay=  -26624
     t= 13 pred=  3 left= 12  y=    49 vy= -212992 ay=  -26624
     t= 14 pred=  3 left= 11  y=    49 vy= -212992 ay=  -26624
     t= 15 pred=  3 left= 10  y=    49 vy= -212992 ay=  -26624
     t= 16 pred=  3 left=  9  y=    49 vy= -212992 ay=  -26624
     t= 17 pred=  3 left=  8  y=    49 vy= -212992 ay=  -26624
     t= 18 pred=  3 left=  7  y=    49 vy= -212992 ay=  -26624
     t= 19 pred=  3 left=  6  y=    49 vy= -212992 ay=  -26624
     t= 20 pred=  3 left=  5  y=    49 vy= -212992 ay=  -26624
     t= 21 pred=  3 left=  4  y=    49 vy= -212992 ay=  -26624
     t= 22 pred=  3 left=  3  y=    49 vy= -212992 ay=  -26624
     t= 23 pred=  2 left=  2  y=    46 vy= -239616 ay=  -26624
     t= 24 pred=  1 left=  1  y=    42 vy= -266240 ay=  -26624
P2  landings=0  no_prediction_ticks=0
   err all : -
   err NEAR (pred<=20, the window the tool uses): -
   err far  (pred>20, never acted on): -
---- landing prediction ----
P1  landings=9  no_prediction_ticks=0
   err all : -22:27 -21:1 -20:1 -19:1 -18:1 -17:1 -16:1 -15:1 -14:1 -13:1 -12:1 -11:66 -10:8 -9:8 -8:8 -7:8 -6:8 -5:8 -4:8 -3:8 -2:8 -1:8 +0:69 +5:63
   err NEAR (pred<=20, the window the tool uses): -22:9 -21:1 -20:1 -19:1 -18:1 -17:1 -16:1 -15:1 -14:1 -13:1 -12:1 -11:66 -10:8 -9:8 -8:8 -7:8 -6:8 -5:8 -4:8 -3:8 -2:8 -1:8 +0:51
   err far  (pred>20, never acted on): -22:18 +0:18 +5:63
   last descent, landed on tick 88:
     t= 57 pred= 36 left= 31  y=    40 vy=  245760 ay=  -13312
     t= 58 pred= 35 left= 30  y=    43 vy=  232448 ay=  -13312
     t= 59 pred= 34 left= 29  y=    46 vy=  219136 ay=  -13312
     t= 60 pred= 33 left= 28  y=    50 vy=  205824 ay=  -13312
     t= 61 pred= 32 left= 27  y=    52 vy=  192512 ay=  -13312
     t= 62 pred= 31 left= 26  y=    55 vy=  179200 ay=  -13312
     t= 63 pred= 30 left= 25  y=    58 vy=  165888 ay=  -13312
     t= 64 pred= 29 left= 24  y=    60 vy=  152576 ay=  -13312
     t= 65 pred= 28 left= 23  y=    62 vy=  139264 ay=  -13312
     t= 66 pred= 11 left= 22  y=    64 vy=       0 ay=  -26624
     t= 67 pred= 10 left= 21  y=    64 vy=  -26624 ay=  -26624
     t= 68 pred=  9 left= 20  y=    63 vy=  -53248 ay=  -26624
     t= 69 pred=  8 left= 19  y=    62 vy=  -79872 ay=  -26624
     t= 70 pred=  7 left= 18  y=    60 vy= -106496 ay=  -26624
     t= 71 pred=  6 left= 17  y=    58 vy= -133120 ay=  -26624
     t= 72 pred=  5 left= 16  y=    56 vy= -159744 ay=  -26624
     t= 73 pred=  4 left= 15  y=    53 vy= -186368 ay=  -26624
     t= 74 pred=  4 left= 14  y=    53 vy= -186368 ay=  -26624
     t= 75 pred=  4 left= 13  y=    53 vy= -186368 ay=  -26624
     t= 76 pred=  4 left= 12  y=    53 vy= -186368 ay=  -26624
     t= 77 pred=  4 left= 11  y=    53 vy= -186368 ay=  -26624
     t= 78 pred=  4 left= 10  y=    53 vy= -186368 ay=  -26624
     t= 79 pred=  4 left=  9  y=    53 vy= -186368 ay=  -26624
     t= 80 pred=  4 left=  8  y=    53 vy= -186368 ay=  -26624
     t= 81 pred=  4 left=  7  y=    53 vy= -186368 ay=  -26624
     t= 82 pred=  4 left=  6  y=    53 vy= -186368 ay=  -26624
     t= 83 pred=  4 left=  5  y=    53 vy= -186368 ay=  -26624
     t= 84 pred=  4 left=  4  y=    53 vy= -186368 ay=  -26624
     t= 85 pred=  3 left=  3  y=    49 vy= -212992 ay=  -26624
     t= 86 pred=  2 left=  2  y=    46 vy= -239616 ay=  -26624
     t= 87 pred=  1 left=  1  y=    42 vy= -266240 ay=  -26624
P2  landings=0  no_prediction_ticks=0
   err all : -
   err NEAR (pred<=20, the window the tool uses): -
   err far  (pred>20, never acted on): -
---- landing prediction ----
P1  landings=10  no_prediction_ticks=0
   err all : -22:27 -21:1 -20:1 -19:1 -18:1 -17:1 -16:1 -15:1 -14:1 -13:1 -12:1 -11:77 -10:9 -9:9 -8:9 -7:9 -6:9 -5:9 -4:9 -3:9 -2:9 -1:9 +0:70 +5:72
   err NEAR (pred<=20, the window the tool uses): -22:9 -21:1 -20:1 -19:1 -18:1 -17:1 -16:1 -15:1 -14:1 -13:1 -12:1 -11:77 -10:9 -9:9 -8:9 -7:9 -6:9 -5:9 -4:9 -3:9 -2:9 -1:9 +0:52
   err far  (pred>20, never acted on): -22:18 +0:18 +5:72
   last descent, landed on tick 126:
     t= 95 pred= 36 left= 31  y=    40 vy=  245760 ay=  -13312
     t= 96 pred= 35 left= 30  y=    43 vy=  232448 ay=  -13312
     t= 97 pred= 34 left= 29  y=    46 vy=  219136 ay=  -13312
     t= 98 pred= 33 left= 28  y=    50 vy=  205824 ay=  -13312
     t= 99 pred= 32 left= 27  y=    52 vy=  192512 ay=  -13312
     t=100 pred= 31 left= 26  y=    55 vy=  179200 ay=  -13312
     t=101 pred= 30 left= 25  y=    58 vy=  165888 ay=  -13312
     t=102 pred= 29 left= 24  y=    60 vy=  152576 ay=  -13312
     t=103 pred= 28 left= 23  y=    62 vy=  139264 ay=  -13312
     t=104 pred= 11 left= 22  y=    64 vy=       0 ay=  -26624
     t=105 pred= 10 left= 21  y=    64 vy=  -26624 ay=  -26624
     t=106 pred=  9 left= 20  y=    63 vy=  -53248 ay=  -26624
     t=107 pred=  8 left= 19  y=    62 vy=  -79872 ay=  -26624
     t=108 pred=  7 left= 18  y=    60 vy= -106496 ay=  -26624
     t=109 pred=  6 left= 17  y=    58 vy= -133120 ay=  -26624
     t=110 pred=  5 left= 16  y=    56 vy= -159744 ay=  -26624
     t=111 pred=  4 left= 15  y=    53 vy= -186368 ay=  -26624
     t=112 pred=  3 left= 14  y=    49 vy= -212992 ay=  -26624
     t=113 pred=  2 left= 13  y=    46 vy= -239616 ay=  -26624
     t=114 pred=  1 left= 12  y=    42 vy= -266240 ay=  -26624
     t=115 pred=  1 left= 11  y=    42 vy= -266240 ay=  -26624
     t=116 pred=  1 left= 10  y=    42 vy= -266240 ay=  -26624
     t=117 pred=  1 left=  9  y=    42 vy= -266240 ay=  -26624
     t=118 pred=  1 left=  8  y=    42 vy= -266240 ay=  -26624
     t=119 pred=  1 left=  7  y=    42 vy= -266240 ay=  -26624
     t=120 pred=  1 left=  6  y=    42 vy= -266240 ay=  -26624
     t=121 pred=  1 left=  5  y=    42 vy= -266240 ay=  -26624
     t=122 pred=  1 left=  4  y=    42 vy= -266240 ay=  -26624
     t=123 pred=  1 left=  3  y=    42 vy= -266240 ay=  -26624
     t=124 pred=  1 left=  2  y=    42 vy= -266240 ay=  -26624
     t=125 pred=  1 left=  1  y=    42 vy= -266240 ay=  -26624
P2  landings=0  no_prediction_ticks=0
   err all : -
   err NEAR (pred<=20, the window the tool uses): -
   err far  (pred>20, never acted on): -
---- landing prediction ----
P1  landings=11  no_prediction_ticks=0
   err all : -22:27 -21:1 -20:1 -19:1 -18:1 -17:1 -16:1 -15:1 -14:1 -13:1 -12:1 -11:87 -10:10 -9:10 -8:10 -7:10 -6:10 -5:10 -4:10 -3:10 -2:10 -1:10 +0:72 +5:81
   err NEAR (pred<=20, the window the tool uses): -22:9 -21:1 -20:1 -19:1 -18:1 -17:1 -16:1 -15:1 -14:1 -13:1 -12:1 -11:87 -10:10 -9:10 -8:10 -7:10 -6:10 -5:10 -4:10 -3:10 -2:10 -1:10 +0:54
   err far  (pred>20, never acted on): -22:18 +0:18 +5:81
   last descent, landed on tick 193:
     t=162 pred= 36 left= 31  y=    40 vy=  245760 ay=  -13312
     t=163 pred= 35 left= 30  y=    43 vy=  232448 ay=  -13312
     t=164 pred= 34 left= 29  y=    46 vy=  219136 ay=  -13312
     t=165 pred= 33 left= 28  y=    50 vy=  205824 ay=  -13312
     t=166 pred= 32 left= 27  y=    52 vy=  192512 ay=  -13312
     t=167 pred= 31 left= 26  y=    55 vy=  179200 ay=  -13312
     t=168 pred= 30 left= 25  y=    58 vy=  165888 ay=  -13312
     t=169 pred= 29 left= 24  y=    60 vy=  152576 ay=  -13312
     t=170 pred= 28 left= 23  y=    62 vy=  139264 ay=  -13312
     t=171 pred= 11 left= 22  y=    64 vy=       0 ay=  -26624
     t=172 pred= 10 left= 21  y=    64 vy=  -26624 ay=  -26624
     t=173 pred=  9 left= 20  y=    63 vy=  -53248 ay=  -26624
     t=174 pred=  8 left= 19  y=    62 vy=  -79872 ay=  -26624
     t=175 pred=  7 left= 18  y=    60 vy= -106496 ay=  -26624
     t=176 pred=  6 left= 17  y=    58 vy= -133120 ay=  -26624
     t=177 pred=  5 left= 16  y=    56 vy= -159744 ay=  -26624
     t=178 pred=  4 left= 15  y=    53 vy= -186368 ay=  -26624
     t=179 pred=  3 left= 14  y=    49 vy= -212992 ay=  -26624
     t=180 pred=  2 left= 13  y=    46 vy= -239616 ay=  -26624
     t=181 pred=  2 left= 12  y=    46 vy= -239616 ay=  -26624
     t=182 pred=  2 left= 11  y=    46 vy= -239616 ay=  -26624
     t=183 pred=  2 left= 10  y=    46 vy= -239616 ay=  -26624
     t=184 pred=  2 left=  9  y=    46 vy= -239616 ay=  -26624
     t=185 pred=  2 left=  8  y=    46 vy= -239616 ay=  -26624
     t=186 pred=  2 left=  7  y=    46 vy= -239616 ay=  -26624
     t=187 pred=  2 left=  6  y=    46 vy= -239616 ay=  -26624
     t=188 pred=  2 left=  5  y=    46 vy= -239616 ay=  -26624
     t=189 pred=  2 left=  4  y=    46 vy= -239616 ay=  -26624
     t=190 pred=  2 left=  3  y=    46 vy= -239616 ay=  -26624
     t=191 pred=  2 left=  2  y=    46 vy= -239616 ay=  -26624
     t=192 pred=  1 left=  1  y=    42 vy= -266240 ay=  -26624
P2  landings=0  no_prediction_ticks=0
   err all : -
   err NEAR (pred<=20, the window the tool uses): -
   err far  (pred>20, never acted on): -
---- landing prediction ----
P1  landings=12  no_prediction_ticks=0
   err all : -22:44 -21:2 -20:2 -19:2 -18:2 -17:2 -16:2 -15:2 -14:2 -13:2 -12:2 -11:106 -10:11 -9:11 -8:11 -7:11 -6:11 -5:11 -4:11 -3:11 -2:11 -1:11 +0:74 +5:81
   err NEAR (pred<=20, the window the tool uses): -22:10 -21:2 -20:2 -19:2 -18:2 -17:2 -16:2 -15:2 -14:2 -13:2 -12:2 -11:106 -10:11 -9:11 -8:11 -7:11 -6:11 -5:11 -4:11 -3:11 -2:11 -1:11 +0:56
   err far  (pred>20, never acted on): -22:34 +0:18 +5:81
   last descent, landed on tick 7:
     t=205 pred= 36 left= 58  y=    40 vy=  245760 ay=  -13312
     t=206 pred= 35 left= 57  y=    43 vy=  232448 ay=  -13312
     t=207 pred= 34 left= 56  y=    46 vy=  219136 ay=  -13312
     t=208 pred= 33 left= 55  y=    50 vy=  205824 ay=  -13312
     t=209 pred= 32 left= 54  y=    52 vy=  192512 ay=  -13312
     t=210 pred= 31 left= 53  y=    55 vy=  179200 ay=  -13312
     t=211 pred= 30 left= 52  y=    58 vy=  165888 ay=  -13312
     t=212 pred= 29 left= 51  y=    60 vy=  152576 ay=  -13312
     t=213 pred= 28 left= 50  y=    62 vy=  139264 ay=  -13312
     t=214 pred= 27 left= 49  y=    64 vy=  125952 ay=  -13312
     t=215 pred= 26 left= 48  y=    66 vy=  112640 ay=  -13312
     t=216 pred= 25 left= 47  y=    67 vy=   99328 ay=  -13312
     t=217 pred= 24 left= 46  y=    69 vy=   86016 ay=  -13312
     t=218 pred= 23 left= 45  y=    70 vy=   72704 ay=  -13312
     t=219 pred= 22 left= 44  y=    71 vy=   59392 ay=  -13312
     t=220 pred= 21 left= 43  y=    71 vy=   46080 ay=  -13312
     t=221 pred= 20 left= 42  y=    72 vy=   32768 ay=  -13312
     t=222 pred= 20 left= 41  y=    72 vy=   32768 ay=  -13312
     t=223 pred= 20 left= 40  y=    72 vy=   32768 ay=  -13312
     t=224 pred= 20 left= 39  y=    72 vy=   32768 ay=  -13312
     t=225 pred= 20 left= 38  y=    72 vy=   32768 ay=  -13312
     t=226 pred= 20 left= 37  y=    72 vy=   32768 ay=  -13312
     t=227 pred= 20 left= 36  y=    72 vy=   32768 ay=  -13312
     t=228 pred= 20 left= 35  y=    72 vy=   32768 ay=  -13312
     t=229 pred= 20 left= 34  y=    72 vy=   32768 ay=  -13312
     t=230 pred= 20 left= 33  y=    72 vy=   32768 ay=  -13312
     t=231 pred= 20 left= 32  y=    72 vy=   32768 ay=  -13312
     t=232 pred= 20 left= 31  y=    72 vy=   32768 ay=  -13312
     t=233 pred= 19 left= 30  y=    72 vy=   19456 ay=  -13312
     t=234 pred= 18 left= 29  y=    72 vy=    6144 ay=  -13312
     t=235 pred= 17 left= 28  y=    72 vy=   -7168 ay=  -13312
     t=236 pred= 16 left= 27  y=    72 vy=  -20480 ay=  -13312
     t=237 pred= 15 left= 26  y=    71 vy=  -33792 ay=  -13312
     t=238 pred= 14 left= 25  y=    71 vy=  -47104 ay=  -13312
     t=239 pred= 13 left= 24  y=    70 vy=  -60416 ay=  -13312
     t=240 pred= 12 left= 23  y=    69 vy=  -73728 ay=  -13312
     t=241 pred= 11 left= 22  y=    67 vy=  -87040 ay=  -13312
     t=242 pred= 10 left= 21  y=    66 vy= -100352 ay=  -13312
     t=243 pred=  9 left= 20  y=    64 vy= -113664 ay=  -13312
     t=244 pred=  8 left= 19  y=    62 vy= -126976 ay=  -13312
P2  landings=0  no_prediction_ticks=0
   err all : -
   err NEAR (pred<=20, the window the tool uses): -
   err far  (pred>20, never acted on): -
---- landing prediction ----
P1  landings=13  no_prediction_ticks=0
   err all : -22:44 -21:2 -20:2 -19:2 -18:2 -17:2 -16:2 -15:2 -14:2 -13:2 -12:2 -11:106 -10:11 -9:11 -8:11 -7:11 -6:11 -5:11 -4:11 -3:11 -2:11 -1:11 +0:85 +5:81 +16:9
   err NEAR (pred<=20, the window the tool uses): -22:10 -21:2 -20:2 -19:2 -18:2 -17:2 -16:2 -15:2 -14:2 -13:2 -12:2 -11:106 -10:11 -9:11 -8:11 -7:11 -6:11 -5:11 -4:11 -3:11 -2:11 -1:11 +0:67
   err far  (pred>20, never acted on): -22:34 +0:18 +5:81 +16:9
   last descent, landed on tick 54:
     t= 34 pred= 36 left= 20  y=    40 vy=  245760 ay=  -13312
     t= 35 pred= 35 left= 19  y=    43 vy=  232448 ay=  -13312
     t= 36 pred= 34 left= 18  y=    46 vy=  219136 ay=  -13312
     t= 37 pred= 33 left= 17  y=    50 vy=  205824 ay=  -13312
     t= 38 pred= 32 left= 16  y=    52 vy=  192512 ay=  -13312
     t= 39 pred= 31 left= 15  y=    55 vy=  179200 ay=  -13312
     t= 40 pred= 30 left= 14  y=    58 vy=  165888 ay=  -13312
     t= 41 pred= 29 left= 13  y=    60 vy=  152576 ay=  -13312
     t= 42 pred= 28 left= 12  y=    62 vy=  139264 ay=  -13312
     t= 43 pred= 11 left= 11  y=    64 vy=       0 ay=  -26624
     t= 44 pred= 10 left= 10  y=    64 vy=  -26624 ay=  -26624
     t= 45 pred=  9 left=  9  y=    63 vy=  -53248 ay=  -26624
     t= 46 pred=  8 left=  8  y=    62 vy=  -79872 ay=  -26624
     t= 47 pred=  7 left=  7  y=    60 vy= -106496 ay=  -26624
     t= 48 pred=  6 left=  6  y=    58 vy= -133120 ay=  -26624
     t= 49 pred=  5 left=  5  y=    56 vy= -159744 ay=  -26624
     t= 50 pred=  4 left=  4  y=    53 vy= -186368 ay=  -26624
     t= 51 pred=  3 left=  3  y=    49 vy= -212992 ay=  -26624
     t= 52 pred=  2 left=  2  y=    46 vy= -239616 ay=  -26624
     t= 53 pred=  1 left=  1  y=    42 vy= -266240 ay=  -26624
P2  landings=0  no_prediction_ticks=0
   err all : -
   err NEAR (pred<=20, the window the tool uses): -
   err far  (pred>20, never acted on): -
---- landing prediction ----
P1  landings=14  no_prediction_ticks=0
   err all : -22:44 -21:2 -20:2 -19:2 -18:2 -17:2 -16:2 -15:2 -14:2 -13:2 -12:2 -11:106 -10:11 -9:11 -8:11 -7:11 -6:11 -5:11 -4:11 -3:11 -2:11 -1:11 +0:124 +5:81 +16:9
   err NEAR (pred<=20, the window the tool uses): -22:10 -21:2 -20:2 -19:2 -18:2 -17:2 -16:2 -15:2 -14:2 -13:2 -12:2 -11:106 -10:11 -9:11 -8:11 -7:11 -6:11 -5:11 -4:11 -3:11 -2:11 -1:11 +0:87
   err far  (pred>20, never acted on): -22:34 +0:37 +5:81 +16:9
   last descent, landed on tick 104:
     t= 65 pred= 39 left= 39  y=    40 vy=  630784 ay=  -32000
     t= 66 pred= 38 left= 38  y=    49 vy=  598784 ay=  -32000
     t= 67 pred= 37 left= 37  y=    57 vy=  566784 ay=  -32000
     t= 68 pred= 36 left= 36  y=    65 vy=  534784 ay=  -32000
     t= 69 pred= 35 left= 35  y=    73 vy=  502784 ay=  -32000
     t= 70 pred= 34 left= 34  y=    80 vy=  470784 ay=  -32000
     t= 71 pred= 33 left= 33  y=    87 vy=  438784 ay=  -32000
     t= 72 pred= 32 left= 32  y=    93 vy=  406784 ay=  -32000
     t= 73 pred= 31 left= 31  y=    99 vy=  374784 ay=  -32000
     t= 74 pred= 30 left= 30  y=   104 vy=  342784 ay=  -32000
     t= 75 pred= 29 left= 29  y=   109 vy=  310784 ay=  -32000
     t= 76 pred= 28 left= 28  y=   113 vy=  278784 ay=  -32000
     t= 77 pred= 27 left= 27  y=   117 vy=  246784 ay=  -32000
     t= 78 pred= 26 left= 26  y=   120 vy=  214784 ay=  -32000
     t= 79 pred= 25 left= 25  y=   123 vy=  182784 ay=  -32000
     t= 80 pred= 24 left= 24  y=   125 vy=  150784 ay=  -32000
     t= 81 pred= 23 left= 23  y=   127 vy=  118784 ay=  -32000
     t= 82 pred= 22 left= 22  y=   128 vy=   86784 ay=  -32000
     t= 83 pred= 21 left= 21  y=   129 vy=   54784 ay=  -32000
     t= 84 pred= 20 left= 20  y=   130 vy=   22784 ay=  -32000
     t= 85 pred= 19 left= 19  y=   129 vy=   -9216 ay=  -32000
     t= 86 pred= 18 left= 18  y=   129 vy=  -41216 ay=  -32000
     t= 87 pred= 17 left= 17  y=   128 vy=  -73216 ay=  -32000
     t= 88 pred= 16 left= 16  y=   126 vy= -105216 ay=  -32000
     t= 89 pred= 15 left= 15  y=   124 vy= -137216 ay=  -32000
     t= 90 pred= 14 left= 14  y=   121 vy= -169216 ay=  -32000
     t= 91 pred= 13 left= 13  y=   118 vy= -201216 ay=  -32000
     t= 92 pred= 12 left= 12  y=   115 vy= -233216 ay=  -32000
     t= 93 pred= 11 left= 11  y=   111 vy= -265216 ay=  -32000
     t= 94 pred= 10 left= 10  y=   106 vy= -297216 ay=  -32000
     t= 95 pred=  9 left=  9  y=   101 vy= -329216 ay=  -32000
     t= 96 pred=  8 left=  8  y=    96 vy= -361216 ay=  -32000
     t= 97 pred=  7 left=  7  y=    90 vy= -393216 ay=  -32000
     t= 98 pred=  6 left=  6  y=    83 vy= -425216 ay=  -32000
     t= 99 pred=  5 left=  5  y=    76 vy= -457216 ay=  -32000
     t=100 pred=  4 left=  4  y=    69 vy= -489216 ay=  -32000
     t=101 pred=  3 left=  3  y=    61 vy= -521216 ay=  -32000
     t=102 pred=  2 left=  2  y=    52 vy= -553216 ay=  -32000
     t=103 pred=  1 left=  1  y=    43 vy= -585216 ay=  -32000
P2  landings=0  no_prediction_ticks=0
   err all : -
   err NEAR (pred<=20, the window the tool uses): -
   err far  (pred>20, never acted on): -
---- landing prediction ----
P1  landings=15  no_prediction_ticks=0
   err all : -22:44 -21:2 -20:2 -19:2 -18:2 -17:2 -16:2 -15:2 -14:2 -13:2 -12:2 -11:106 -10:11 -9:11 -8:11 -7:11 -6:11 -5:11 -4:11 -3:11 -2:11 -1:11 +0:135 +5:81 +16:18
   err NEAR (pred<=20, the window the tool uses): -22:10 -21:2 -20:2 -19:2 -18:2 -17:2 -16:2 -15:2 -14:2 -13:2 -12:2 -11:106 -10:11 -9:11 -8:11 -7:11 -6:11 -5:11 -4:11 -3:11 -2:11 -1:11 +0:98
   err far  (pred>20, never acted on): -22:34 +0:37 +5:81 +16:18
   last descent, landed on tick 151:
     t=131 pred= 36 left= 20  y=    40 vy=  245760 ay=  -13312
     t=132 pred= 35 left= 19  y=    43 vy=  232448 ay=  -13312
     t=133 pred= 34 left= 18  y=    46 vy=  219136 ay=  -13312
     t=134 pred= 33 left= 17  y=    50 vy=  205824 ay=  -13312
     t=135 pred= 32 left= 16  y=    52 vy=  192512 ay=  -13312
     t=136 pred= 31 left= 15  y=    55 vy=  179200 ay=  -13312
     t=137 pred= 30 left= 14  y=    58 vy=  165888 ay=  -13312
     t=138 pred= 29 left= 13  y=    60 vy=  152576 ay=  -13312
     t=139 pred= 28 left= 12  y=    62 vy=  139264 ay=  -13312
     t=140 pred= 11 left= 11  y=    64 vy=       0 ay=  -26624
     t=141 pred= 10 left= 10  y=    64 vy=  -26624 ay=  -26624
     t=142 pred=  9 left=  9  y=    63 vy=  -53248 ay=  -26624
     t=143 pred=  8 left=  8  y=    62 vy=  -79872 ay=  -26624
     t=144 pred=  7 left=  7  y=    60 vy= -106496 ay=  -26624
     t=145 pred=  6 left=  6  y=    58 vy= -133120 ay=  -26624
     t=146 pred=  5 left=  5  y=    56 vy= -159744 ay=  -26624
     t=147 pred=  4 left=  4  y=    53 vy= -186368 ay=  -26624
     t=148 pred=  3 left=  3  y=    49 vy= -212992 ay=  -26624
     t=149 pred=  2 left=  2  y=    46 vy= -239616 ay=  -26624
     t=150 pred=  1 left=  1  y=    42 vy= -266240 ay=  -26624
P2  landings=0  no_prediction_ticks=0
   err all : -
   err NEAR (pred<=20, the window the tool uses): -
   err far  (pred>20, never acted on): -
---- landing prediction ----
P1  landings=16  no_prediction_ticks=0
   err all : -22:44 -21:2 -20:2 -19:2 -18:2 -17:2 -16:2 -15:2 -14:2 -13:2 -12:2 -11:106 -10:11 -9:11 -8:11 -7:11 -6:11 -5:11 -4:11 -3:11 -2:11 -1:11 +0:144 +5:81 +11:9 +16:18
   err NEAR (pred<=20, the window the tool uses): -22:10 -21:2 -20:2 -19:2 -18:2 -17:2 -16:2 -15:2 -14:2 -13:2 -12:2 -11:106 -10:11 -9:11 -8:11 -7:11 -6:11 -5:11 -4:11 -3:11 -2:11 -1:11 +0:107
   err far  (pred>20, never acted on): -22:34 +0:37 +5:81 +11:9 +16:18
   last descent, landed on tick 244:
     t=226 pred= 29 left= 18  y=    40 vy=  786432 ay=  -53248
     t=227 pred= 28 left= 17  y=    51 vy=  733184 ay=  -53248
     t=228 pred= 27 left= 16  y=    61 vy=  679936 ay=  -53248
     t=229 pred= 26 left= 15  y=    71 vy=  626688 ay=  -53248
     t=230 pred= 25 left= 14  y=    79 vy=  573440 ay=  -53248
     t=231 pred= 24 left= 13  y=    87 vy=  520192 ay=  -53248
     t=232 pred= 23 left= 12  y=    94 vy=  466944 ay=  -53248
     t=233 pred= 22 left= 11  y=   101 vy=  413696 ay=  -53248
     t=234 pred= 21 left= 10  y=   106 vy=  360448 ay=  -53248
     t=235 pred=  9 left=  9  y=   111 vy=       0 ay= -106496
     t=236 pred=  8 left=  8  y=   109 vy= -106496 ay= -106496
     t=237 pred=  7 left=  7  y=   106 vy= -212992 ay= -106496
     t=238 pred=  6 left=  6  y=   101 vy= -319488 ay= -106496
     t=239 pred=  5 left=  5  y=    95 vy= -425984 ay= -106496
     t=240 pred=  4 left=  4  y=    87 vy= -532480 ay= -106496
     t=241 pred=  3 left=  3  y=    77 vy= -638976 ay= -106496
     t=242 pred=  2 left=  2  y=    65 vy= -745472 ay= -106496
     t=243 pred=  1 left=  1  y=    52 vy= -851968 ay= -106496
P2  landings=0  no_prediction_ticks=0
   err all : -
   err NEAR (pred<=20, the window the tool uses): -
   err far  (pred>20, never acted on): -
---- landing prediction ----
P1  landings=17  no_prediction_ticks=0
   err all : -22:44 -21:2 -20:2 -19:2 -18:2 -17:2 -16:2 -15:2 -14:2 -13:2 -12:2 -11:106 -10:11 -9:11 -8:11 -7:11 -6:11 -5:11 -4:11 -3:11 -2:11 -1:11 +0:153 +5:81 +11:18 +16:18
   err NEAR (pred<=20, the window the tool uses): -22:10 -21:2 -20:2 -19:2 -18:2 -17:2 -16:2 -15:2 -14:2 -13:2 -12:2 -11:106 -10:11 -9:11 -8:11 -7:11 -6:11 -5:11 -4:11 -3:11 -2:11 -1:11 +0:116
   err far  (pred>20, never acted on): -22:34 +0:37 +5:81 +11:18 +16:18
   last descent, landed on tick 56:
     t= 38 pred= 29 left= 18  y=    40 vy=  786432 ay=  -53248
     t= 39 pred= 28 left= 17  y=    51 vy=  733184 ay=  -53248
     t= 40 pred= 27 left= 16  y=    61 vy=  679936 ay=  -53248
     t= 41 pred= 26 left= 15  y=    71 vy=  626688 ay=  -53248
     t= 42 pred= 25 left= 14  y=    79 vy=  573440 ay=  -53248
     t= 43 pred= 24 left= 13  y=    87 vy=  520192 ay=  -53248
     t= 44 pred= 23 left= 12  y=    94 vy=  466944 ay=  -53248
     t= 45 pred= 22 left= 11  y=   101 vy=  413696 ay=  -53248
     t= 46 pred= 21 left= 10  y=   106 vy=  360448 ay=  -53248
     t= 47 pred=  9 left=  9  y=   111 vy=       0 ay= -106496
     t= 48 pred=  8 left=  8  y=   109 vy= -106496 ay= -106496
     t= 49 pred=  7 left=  7  y=   106 vy= -212992 ay= -106496
     t= 50 pred=  6 left=  6  y=   101 vy= -319488 ay= -106496
     t= 51 pred=  5 left=  5  y=    95 vy= -425984 ay= -106496
     t= 52 pred=  4 left=  4  y=    87 vy= -532480 ay= -106496
     t= 53 pred=  3 left=  3  y=    77 vy= -638976 ay= -106496
     t= 54 pred=  2 left=  2  y=    65 vy= -745472 ay= -106496
     t= 55 pred=  1 left=  1  y=    52 vy= -851968 ay= -106496
P2  landings=0  no_prediction_ticks=0
   err all : -
   err NEAR (pred<=20, the window the tool uses): -
   err far  (pred>20, never acted on): -
---- landing prediction ----
P1  landings=18  no_prediction_ticks=0
   err all : -22:44 -21:2 -20:2 -19:2 -18:2 -17:2 -16:2 -15:2 -14:2 -13:2 -12:2 -11:106 -10:11 -9:11 -8:11 -7:11 -6:11 -5:11 -4:11 -3:11 -2:11 -1:11 +0:162 +5:81 +11:27 +16:18
   err NEAR (pred<=20, the window the tool uses): -22:10 -21:2 -20:2 -19:2 -18:2 -17:2 -16:2 -15:2 -14:2 -13:2 -12:2 -11:106 -10:11 -9:11 -8:11 -7:11 -6:11 -5:11 -4:11 -3:11 -2:11 -1:11 +0:125
   err far  (pred>20, never acted on): -22:34 +0:37 +5:81 +11:27 +16:18
   last descent, landed on tick 88:
     t= 70 pred= 29 left= 18  y=    40 vy=  786432 ay=  -53248
     t= 71 pred= 28 left= 17  y=    51 vy=  733184 ay=  -53248
     t= 72 pred= 27 left= 16  y=    61 vy=  679936 ay=  -53248
     t= 73 pred= 26 left= 15  y=    71 vy=  626688 ay=  -53248
     t= 74 pred= 25 left= 14  y=    79 vy=  573440 ay=  -53248
     t= 75 pred= 24 left= 13  y=    87 vy=  520192 ay=  -53248
     t= 76 pred= 23 left= 12  y=    94 vy=  466944 ay=  -53248
     t= 77 pred= 22 left= 11  y=   101 vy=  413696 ay=  -53248
     t= 78 pred= 21 left= 10  y=   106 vy=  360448 ay=  -53248
     t= 79 pred=  9 left=  9  y=   111 vy=       0 ay= -106496
     t= 80 pred=  8 left=  8  y=   109 vy= -106496 ay= -106496
     t= 81 pred=  7 left=  7  y=   106 vy= -212992 ay= -106496
     t= 82 pred=  6 left=  6  y=   101 vy= -319488 ay= -106496
     t= 83 pred=  5 left=  5  y=    95 vy= -425984 ay= -106496
     t= 84 pred=  4 left=  4  y=    87 vy= -532480 ay= -106496
     t= 85 pred=  3 left=  3  y=    77 vy= -638976 ay= -106496
     t= 86 pred=  2 left=  2  y=    65 vy= -745472 ay= -106496
     t= 87 pred=  1 left=  1  y=    52 vy= -851968 ay= -106496
P2  landings=0  no_prediction_ticks=0
   err all : -
   err NEAR (pred<=20, the window the tool uses): -
   err far  (pred>20, never acted on): -
---- landing prediction ----
P1  landings=19  no_prediction_ticks=0
   err all : -22:44 -21:2 -20:2 -19:2 -18:2 -17:2 -16:2 -15:2 -14:2 -13:2 -12:2 -11:106 -10:11 -9:11 -8:11 -7:11 -6:11 -5:11 -4:11 -3:11 -2:11 -1:11 +0:191 +5:81 +11:27 +16:18
   err NEAR (pred<=20, the window the tool uses): -22:10 -21:2 -20:2 -19:2 -18:2 -17:2 -16:2 -15:2 -14:2 -13:2 -12:2 -11:106 -10:11 -9:11 -8:11 -7:11 -6:11 -5:11 -4:11 -3:11 -2:11 -1:11 +0:145
   err far  (pred>20, never acted on): -22:34 +0:46 +5:81 +11:27 +16:18
   last descent, landed on tick 158:
     t=129 pred= 29 left= 29  y=    40 vy=  786432 ay=  -53248
     t=130 pred= 28 left= 28  y=    51 vy=  733184 ay=  -53248
     t=131 pred= 27 left= 27  y=    61 vy=  679936 ay=  -53248
     t=132 pred= 26 left= 26  y=    71 vy=  626688 ay=  -53248
     t=133 pred= 25 left= 25  y=    79 vy=  573440 ay=  -53248
     t=134 pred= 24 left= 24  y=    87 vy=  520192 ay=  -53248
     t=135 pred= 23 left= 23  y=    94 vy=  466944 ay=  -53248
     t=136 pred= 22 left= 22  y=   101 vy=  413696 ay=  -53248
     t=137 pred= 21 left= 21  y=   106 vy=  360448 ay=  -53248
     t=138 pred= 20 left= 20  y=   111 vy=  307200 ay=  -53248
     t=139 pred= 19 left= 19  y=   115 vy=  253952 ay=  -53248
     t=140 pred= 18 left= 18  y=   118 vy=  200704 ay=  -53248
     t=141 pred= 17 left= 17  y=   120 vy=  147456 ay=  -53248
     t=142 pred= 16 left= 16  y=   122 vy=   94208 ay=  -53248
     t=143 pred= 15 left= 15  y=   122 vy=   40960 ay=  -53248
     t=144 pred= 14 left= 14  y=   122 vy=  -12288 ay=  -53248
     t=145 pred= 13 left= 13  y=   121 vy=  -65536 ay=  -53248
     t=146 pred= 12 left= 12  y=   119 vy= -118784 ay=  -53248
     t=147 pred= 11 left= 11  y=   117 vy= -172032 ay=  -53248
     t=148 pred= 10 left= 10  y=   113 vy= -225280 ay=  -53248
     t=149 pred=  9 left=  9  y=   109 vy= -278528 ay=  -53248
     t=150 pred=  8 left=  8  y=   104 vy= -331776 ay=  -53248
     t=151 pred=  7 left=  7  y=    98 vy= -385024 ay=  -53248
     t=152 pred=  6 left=  6  y=    91 vy= -438272 ay=  -53248
     t=153 pred=  5 left=  5  y=    84 vy= -491520 ay=  -53248
     t=154 pred=  4 left=  4  y=    75 vy= -544768 ay=  -53248
     t=155 pred=  3 left=  3  y=    66 vy= -598016 ay=  -53248
     t=156 pred=  2 left=  2  y=    56 vy= -651264 ay=  -53248
     t=157 pred=  1 left=  1  y=    46 vy= -704512 ay=  -53248
P2  landings=0  no_prediction_ticks=0
   err all : -
   err NEAR (pred<=20, the window the tool uses): -
   err far  (pred>20, never acted on): -
---- landing prediction ----
P1  landings=20  no_prediction_ticks=0
   err all : -22:44 -21:2 -20:2 -19:2 -18:2 -17:2 -16:2 -15:2 -14:2 -13:2 -12:2 -11:106 -10:11 -9:11 -8:11 -7:11 -6:11 -5:11 -4:11 -3:11 -2:11 -1:11 +0:200 +5:81 +11:36 +16:18
   err NEAR (pred<=20, the window the tool uses): -22:10 -21:2 -20:2 -19:2 -18:2 -17:2 -16:2 -15:2 -14:2 -13:2 -12:2 -11:106 -10:11 -9:11 -8:11 -7:11 -6:11 -5:11 -4:11 -3:11 -2:11 -1:11 +0:154
   err far  (pred>20, never acted on): -22:34 +0:46 +5:81 +11:36 +16:18
   last descent, landed on tick 220:
     t=202 pred= 29 left= 18  y=    40 vy=  786432 ay=  -53248
     t=203 pred= 28 left= 17  y=    51 vy=  733184 ay=  -53248
     t=204 pred= 27 left= 16  y=    61 vy=  679936 ay=  -53248
     t=205 pred= 26 left= 15  y=    71 vy=  626688 ay=  -53248
     t=206 pred= 25 left= 14  y=    79 vy=  573440 ay=  -53248
     t=207 pred= 24 left= 13  y=    87 vy=  520192 ay=  -53248
     t=208 pred= 23 left= 12  y=    94 vy=  466944 ay=  -53248
     t=209 pred= 22 left= 11  y=   101 vy=  413696 ay=  -53248
     t=210 pred= 21 left= 10  y=   106 vy=  360448 ay=  -53248
     t=211 pred=  9 left=  9  y=   111 vy=       0 ay= -106496
     t=212 pred=  8 left=  8  y=   109 vy= -106496 ay= -106496
     t=213 pred=  7 left=  7  y=   106 vy= -212992 ay= -106496
     t=214 pred=  6 left=  6  y=   101 vy= -319488 ay= -106496
     t=215 pred=  5 left=  5  y=    95 vy= -425984 ay= -106496
     t=216 pred=  4 left=  4  y=    87 vy= -532480 ay= -106496
     t=217 pred=  3 left=  3  y=    77 vy= -638976 ay= -106496
     t=218 pred=  2 left=  2  y=    65 vy= -745472 ay= -106496
     t=219 pred=  1 left=  1  y=    52 vy= -851968 ay= -106496
P2  landings=0  no_prediction_ticks=0
   err all : -
   err NEAR (pred<=20, the window the tool uses): -
   err far  (pred>20, never acted on): -
---- landing prediction ----
P1  landings=21  no_prediction_ticks=0
   err all : -22:44 -21:2 -20:2 -19:2 -18:2 -17:2 -16:2 -15:2 -14:2 -13:2 -12:2 -11:106 -10:11 -9:11 -8:11 -7:11 -6:11 -5:11 -4:11 -3:11 -2:11 -1:11 +0:209 +5:81 +11:45 +16:18
   err NEAR (pred<=20, the window the tool uses): -22:10 -21:2 -20:2 -19:2 -18:2 -17:2 -16:2 -15:2 -14:2 -13:2 -12:2 -11:106 -10:11 -9:11 -8:11 -7:11 -6:11 -5:11 -4:11 -3:11 -2:11 -1:11 +0:163
   err far  (pred>20, never acted on): -22:34 +0:46 +5:81 +11:45 +16:18
   last descent, landed on tick 32:
     t= 14 pred= 29 left= 18  y=    40 vy=  786432 ay=  -53248
     t= 15 pred= 28 left= 17  y=    51 vy=  733184 ay=  -53248
     t= 16 pred= 27 left= 16  y=    61 vy=  679936 ay=  -53248
     t= 17 pred= 26 left= 15  y=    71 vy=  626688 ay=  -53248
     t= 18 pred= 25 left= 14  y=    79 vy=  573440 ay=  -53248
     t= 19 pred= 24 left= 13  y=    87 vy=  520192 ay=  -53248
     t= 20 pred= 23 left= 12  y=    94 vy=  466944 ay=  -53248
     t= 21 pred= 22 left= 11  y=   101 vy=  413696 ay=  -53248
     t= 22 pred= 21 left= 10  y=   106 vy=  360448 ay=  -53248
     t= 23 pred=  9 left=  9  y=   111 vy=       0 ay= -106496
     t= 24 pred=  8 left=  8  y=   109 vy= -106496 ay= -106496
     t= 25 pred=  7 left=  7  y=   106 vy= -212992 ay= -106496
     t= 26 pred=  6 left=  6  y=   101 vy= -319488 ay= -106496
     t= 27 pred=  5 left=  5  y=    95 vy= -425984 ay= -106496
     t= 28 pred=  4 left=  4  y=    87 vy= -532480 ay= -106496
     t= 29 pred=  3 left=  3  y=    77 vy= -638976 ay= -106496
     t= 30 pred=  2 left=  2  y=    65 vy= -745472 ay= -106496
     t= 31 pred=  1 left=  1  y=    52 vy= -851968 ay= -106496
P2  landings=0  no_prediction_ticks=0
   err all : -
   err NEAR (pred<=20, the window the tool uses): -
   err far  (pred>20, never acted on): -
---- landing prediction ----
P1  landings=22  no_prediction_ticks=0
   err all : -22:44 -21:2 -20:2 -19:2 -18:2 -17:2 -16:2 -15:2 -14:2 -13:2 -12:2 -11:106 -10:11 -9:11 -8:11 -7:11 -6:11 -5:11 -4:11 -3:11 -2:11 -1:11 +0:220 +5:81 +11:45 +16:27
   err NEAR (pred<=20, the window the tool uses): -22:10 -21:2 -20:2 -19:2 -18:2 -17:2 -16:2 -15:2 -14:2 -13:2 -12:2 -11:106 -10:11 -9:11 -8:11 -7:11 -6:11 -5:11 -4:11 -3:11 -2:11 -1:11 +0:174
   err far  (pred>20, never acted on): -22:34 +0:46 +5:81 +11:45 +16:27
   last descent, landed on tick 139:
     t=119 pred= 36 left= 20  y=    40 vy=  245760 ay=  -13312
     t=120 pred= 35 left= 19  y=    43 vy=  232448 ay=  -13312
     t=121 pred= 34 left= 18  y=    46 vy=  219136 ay=  -13312
     t=122 pred= 33 left= 17  y=    50 vy=  205824 ay=  -13312
     t=123 pred= 32 left= 16  y=    52 vy=  192512 ay=  -13312
     t=124 pred= 31 left= 15  y=    55 vy=  179200 ay=  -13312
     t=125 pred= 30 left= 14  y=    58 vy=  165888 ay=  -13312
     t=126 pred= 29 left= 13  y=    60 vy=  152576 ay=  -13312
     t=127 pred= 28 left= 12  y=    62 vy=  139264 ay=  -13312
     t=128 pred= 11 left= 11  y=    64 vy=       0 ay=  -26624
     t=129 pred= 10 left= 10  y=    64 vy=  -26624 ay=  -26624
     t=130 pred=  9 left=  9  y=    63 vy=  -53248 ay=  -26624
     t=131 pred=  8 left=  8  y=    62 vy=  -79872 ay=  -26624
     t=132 pred=  7 left=  7  y=    60 vy= -106496 ay=  -26624
     t=133 pred=  6 left=  6  y=    58 vy= -133120 ay=  -26624
     t=134 pred=  5 left=  5  y=    56 vy= -159744 ay=  -26624
     t=135 pred=  4 left=  4  y=    53 vy= -186368 ay=  -26624
     t=136 pred=  3 left=  3  y=    49 vy= -212992 ay=  -26624
     t=137 pred=  2 left=  2  y=    46 vy= -239616 ay=  -26624
     t=138 pred=  1 left=  1  y=    42 vy= -266240 ay=  -26624
P2  landings=0  no_prediction_ticks=0
   err all : -
   err NEAR (pred<=20, the window the tool uses): -
   err far  (pred>20, never acted on): -
---- landing prediction ----
P1  landings=23  no_prediction_ticks=0
   err all : -22:44 -21:2 -20:2 -19:2 -18:2 -17:2 -16:2 -15:2 -14:2 -13:2 -12:2 -11:106 -10:11 -9:11 -8:11 -7:11 -6:11 -5:11 -4:11 -3:11 -2:11 -1:11 +0:256 +5:81 +11:45 +16:27
   err NEAR (pred<=20, the window the tool uses): -22:10 -21:2 -20:2 -19:2 -18:2 -17:2 -16:2 -15:2 -14:2 -13:2 -12:2 -11:106 -10:11 -9:11 -8:11 -7:11 -6:11 -5:11 -4:11 -3:11 -2:11 -1:11 +0:194
   err far  (pred>20, never acted on): -22:34 +0:62 +5:81 +11:45 +16:27
   last descent, landed on tick 25:
     t=245 pred= 36 left= 36  y=    40 vy=  245760 ay=  -13312
     t=246 pred= 35 left= 35  y=    43 vy=  232448 ay=  -13312
     t=247 pred= 34 left= 34  y=    46 vy=  219136 ay=  -13312
     t=248 pred= 33 left= 33  y=    50 vy=  205824 ay=  -13312
     t=249 pred= 32 left= 32  y=    52 vy=  192512 ay=  -13312
     t=250 pred= 31 left= 31  y=    55 vy=  179200 ay=  -13312
     t=251 pred= 30 left= 30  y=    58 vy=  165888 ay=  -13312
     t=252 pred= 29 left= 29  y=    60 vy=  152576 ay=  -13312
     t=253 pred= 28 left= 28  y=    62 vy=  139264 ay=  -13312
     t=254 pred= 27 left= 27  y=    64 vy=  125952 ay=  -13312
     t=255 pred= 26 left= 26  y=    66 vy=  112640 ay=  -13312
     t=  0 pred= 25 left= 25  y=    67 vy=   99328 ay=  -13312
     t=  1 pred= 24 left= 24  y=    69 vy=   86016 ay=  -13312
     t=  2 pred= 23 left= 23  y=    70 vy=   72704 ay=  -13312
     t=  3 pred= 22 left= 22  y=    71 vy=   59392 ay=  -13312
     t=  4 pred= 21 left= 21  y=    71 vy=   46080 ay=  -13312
     t=  5 pred= 20 left= 20  y=    72 vy=   32768 ay=  -13312
     t=  6 pred= 19 left= 19  y=    72 vy=   19456 ay=  -13312
     t=  7 pred= 18 left= 18  y=    72 vy=    6144 ay=  -13312
     t=  8 pred= 17 left= 17  y=    72 vy=   -7168 ay=  -13312
     t=  9 pred= 16 left= 16  y=    72 vy=  -20480 ay=  -13312
     t= 10 pred= 15 left= 15  y=    71 vy=  -33792 ay=  -13312
     t= 11 pred= 14 left= 14  y=    71 vy=  -47104 ay=  -13312
     t= 12 pred= 13 left= 13  y=    70 vy=  -60416 ay=  -13312
     t= 13 pred= 12 left= 12  y=    69 vy=  -73728 ay=  -13312
     t= 14 pred= 11 left= 11  y=    67 vy=  -87040 ay=  -13312
     t= 15 pred= 10 left= 10  y=    66 vy= -100352 ay=  -13312
     t= 16 pred=  9 left=  9  y=    64 vy= -113664 ay=  -13312
     t= 17 pred=  8 left=  8  y=    62 vy= -126976 ay=  -13312
     t= 18 pred=  7 left=  7  y=    60 vy= -140288 ay=  -13312
     t= 19 pred=  6 left=  6  y=    58 vy= -153600 ay=  -13312
     t= 20 pred=  5 left=  5  y=    55 vy= -166912 ay=  -13312
     t= 21 pred=  4 left=  4  y=    52 vy= -180224 ay=  -13312
     t= 22 pred=  3 left=  3  y=    49 vy= -193536 ay=  -13312
     t= 23 pred=  2 left=  2  y=    46 vy= -206848 ay=  -13312
     t= 24 pred=  1 left=  1  y=    43 vy= -220160 ay=  -13312
P2  landings=0  no_prediction_ticks=0
   err all : -
   err NEAR (pred<=20, the window the tool uses): -
   err far  (pred>20, never acted on): -
---- landing prediction ----
P1  landings=24  no_prediction_ticks=0
   err all : -22:44 -21:2 -20:2 -19:2 -18:2 -17:2 -16:2 -15:2 -14:2 -13:2 -12:2 -11:106 -10:11 -9:11 -8:11 -7:11 -6:11 -5:11 -4:11 -3:11 -2:11 -1:11 +0:295 +5:81 +11:45 +16:27
   err NEAR (pred<=20, the window the tool uses): -22:10 -21:2 -20:2 -19:2 -18:2 -17:2 -16:2 -15:2 -14:2 -13:2 -12:2 -11:106 -10:11 -9:11 -8:11 -7:11 -6:11 -5:11 -4:11 -3:11 -2:11 -1:11 +0:214
   err far  (pred>20, never acted on): -22:34 +0:81 +5:81 +11:45 +16:27
   last descent, landed on tick 103:
     t= 64 pred= 39 left= 39  y=    40 vy=  630784 ay=  -32000
     t= 65 pred= 38 left= 38  y=    49 vy=  598784 ay=  -32000
     t= 66 pred= 37 left= 37  y=    57 vy=  566784 ay=  -32000
     t= 67 pred= 36 left= 36  y=    65 vy=  534784 ay=  -32000
     t= 68 pred= 35 left= 35  y=    73 vy=  502784 ay=  -32000
     t= 69 pred= 34 left= 34  y=    80 vy=  470784 ay=  -32000
     t= 70 pred= 33 left= 33  y=    87 vy=  438784 ay=  -32000
     t= 71 pred= 32 left= 32  y=    93 vy=  406784 ay=  -32000
     t= 72 pred= 31 left= 31  y=    99 vy=  374784 ay=  -32000
     t= 73 pred= 30 left= 30  y=   104 vy=  342784 ay=  -32000
     t= 74 pred= 29 left= 29  y=   109 vy=  310784 ay=  -32000
     t= 75 pred= 28 left= 28  y=   113 vy=  278784 ay=  -32000
     t= 76 pred= 27 left= 27  y=   117 vy=  246784 ay=  -32000
     t= 77 pred= 26 left= 26  y=   120 vy=  214784 ay=  -32000
     t= 78 pred= 25 left= 25  y=   123 vy=  182784 ay=  -32000
     t= 79 pred= 24 left= 24  y=   125 vy=  150784 ay=  -32000
     t= 80 pred= 23 left= 23  y=   127 vy=  118784 ay=  -32000
     t= 81 pred= 22 left= 22  y=   128 vy=   86784 ay=  -32000
     t= 82 pred= 21 left= 21  y=   129 vy=   54784 ay=  -32000
     t= 83 pred= 20 left= 20  y=   130 vy=   22784 ay=  -32000
     t= 84 pred= 19 left= 19  y=   129 vy=   -9216 ay=  -32000
     t= 85 pred= 18 left= 18  y=   129 vy=  -41216 ay=  -32000
     t= 86 pred= 17 left= 17  y=   128 vy=  -73216 ay=  -32000
     t= 87 pred= 16 left= 16  y=   126 vy= -105216 ay=  -32000
     t= 88 pred= 15 left= 15  y=   124 vy= -137216 ay=  -32000
     t= 89 pred= 14 left= 14  y=   121 vy= -169216 ay=  -32000
     t= 90 pred= 13 left= 13  y=   118 vy= -201216 ay=  -32000
     t= 91 pred= 12 left= 12  y=   115 vy= -233216 ay=  -32000
     t= 92 pred= 11 left= 11  y=   111 vy= -265216 ay=  -32000
     t= 93 pred= 10 left= 10  y=   106 vy= -297216 ay=  -32000
     t= 94 pred=  9 left=  9  y=   101 vy= -329216 ay=  -32000
     t= 95 pred=  8 left=  8  y=    96 vy= -361216 ay=  -32000
     t= 96 pred=  7 left=  7  y=    90 vy= -393216 ay=  -32000
     t= 97 pred=  6 left=  6  y=    83 vy= -425216 ay=  -32000
     t= 98 pred=  5 left=  5  y=    76 vy= -457216 ay=  -32000
     t= 99 pred=  4 left=  4  y=    69 vy= -489216 ay=  -32000
     t=100 pred=  3 left=  3  y=    61 vy= -521216 ay=  -32000
     t=101 pred=  2 left=  2  y=    52 vy= -553216 ay=  -32000
     t=102 pred=  1 left=  1  y=    43 vy= -585216 ay=  -32000
P2  landings=0  no_prediction_ticks=0
   err all : -
   err NEAR (pred<=20, the window the tool uses): -
   err far  (pred>20, never acted on): -
---- landing prediction ----
P1  landings=25  no_prediction_ticks=0
   err all : -22:44 -21:2 -20:2 -19:2 -18:2 -17:2 -16:2 -15:2 -14:2 -13:2 -12:2 -11:106 -10:11 -9:11 -8:11 -7:11 -6:11 -5:11 -4:11 -3:11 -2:11 -1:11 +0:333 +5:81 +11:45 +16:27
   err NEAR (pred<=20, the window the tool uses): -22:10 -21:2 -20:2 -19:2 -18:2 -17:2 -16:2 -15:2 -14:2 -13:2 -12:2 -11:106 -10:11 -9:11 -8:11 -7:11 -6:11 -5:11 -4:11 -3:11 -2:11 -1:11 +0:234
   err far  (pred>20, never acted on): -22:34 +0:99 +5:81 +11:45 +16:27
   last descent, landed on tick 152:
     t=114 pred= 38 left= 38  y=    40 vy=  614400 ay=  -32000
     t=115 pred= 37 left= 37  y=    48 vy=  582400 ay=  -32000
     t=116 pred= 36 left= 36  y=    57 vy=  550400 ay=  -32000
     t=117 pred= 35 left= 35  y=    65 vy=  518400 ay=  -32000
     t=118 pred= 34 left= 34  y=    72 vy=  486400 ay=  -32000
     t=119 pred= 33 left= 33  y=    79 vy=  454400 ay=  -32000
     t=120 pred= 32 left= 32  y=    85 vy=  422400 ay=  -32000
     t=121 pred= 31 left= 31  y=    91 vy=  390400 ay=  -32000
     t=122 pred= 30 left= 30  y=    97 vy=  358400 ay=  -32000
     t=123 pred= 29 left= 29  y=   102 vy=  326400 ay=  -32000
     t=124 pred= 28 left= 28  y=   106 vy=  294400 ay=  -32000
     t=125 pred= 27 left= 27  y=   110 vy=  262400 ay=  -32000
     t=126 pred= 26 left= 26  y=   114 vy=  230400 ay=  -32000
     t=127 pred= 25 left= 25  y=   117 vy=  198400 ay=  -32000
     t=128 pred= 24 left= 24  y=   119 vy=  166400 ay=  -32000
     t=129 pred= 23 left= 23  y=   122 vy=  134400 ay=  -32000
     t=130 pred= 22 left= 22  y=   123 vy=  102400 ay=  -32000
     t=131 pred= 21 left= 21  y=   124 vy=   70400 ay=  -32000
     t=132 pred= 20 left= 20  y=   125 vy=   38400 ay=  -32000
     t=133 pred= 19 left= 19  y=   125 vy=    6400 ay=  -32000
     t=134 pred= 18 left= 18  y=   124 vy=  -25600 ay=  -32000
     t=135 pred= 17 left= 17  y=   124 vy=  -57600 ay=  -32000
     t=136 pred= 16 left= 16  y=   122 vy=  -89600 ay=  -32000
     t=137 pred= 15 left= 15  y=   120 vy= -121600 ay=  -32000
     t=138 pred= 14 left= 14  y=   118 vy= -153600 ay=  -32000
     t=139 pred= 13 left= 13  y=   115 vy= -185600 ay=  -32000
     t=140 pred= 12 left= 12  y=   112 vy= -217600 ay=  -32000
     t=141 pred= 11 left= 11  y=   108 vy= -249600 ay=  -32000
     t=142 pred= 10 left= 10  y=   104 vy= -281600 ay=  -32000
     t=143 pred=  9 left=  9  y=    99 vy= -313600 ay=  -32000
     t=144 pred=  8 left=  8  y=    94 vy= -345600 ay=  -32000
     t=145 pred=  7 left=  7  y=    88 vy= -377600 ay=  -32000
     t=146 pred=  6 left=  6  y=    82 vy= -409600 ay=  -32000
     t=147 pred=  5 left=  5  y=    75 vy= -441600 ay=  -32000
     t=148 pred=  4 left=  4  y=    68 vy= -473600 ay=  -32000
     t=149 pred=  3 left=  3  y=    60 vy= -505600 ay=  -32000
     t=150 pred=  2 left=  2  y=    52 vy= -537600 ay=  -32000
     t=151 pred=  1 left=  1  y=    43 vy= -569600 ay=  -32000
P2  landings=0  no_prediction_ticks=0
   err all : -
   err NEAR (pred<=20, the window the tool uses): -
   err far  (pred>20, never acted on): -
---- landing prediction ----
P1  landings=26  no_prediction_ticks=0
   err all : -22:44 -21:2 -20:2 -19:2 -18:2 -17:2 -16:2 -15:2 -14:2 -13:2 -12:2 -11:106 -10:11 -9:11 -8:11 -7:11 -6:11 -5:11 -4:11 -3:11 -2:11 -1:11 +0:371 +5:81 +11:45 +16:27
   err NEAR (pred<=20, the window the tool uses): -22:10 -21:2 -20:2 -19:2 -18:2 -17:2 -16:2 -15:2 -14:2 -13:2 -12:2 -11:106 -10:11 -9:11 -8:11 -7:11 -6:11 -5:11 -4:11 -3:11 -2:11 -1:11 +0:254
   err far  (pred>20, never acted on): -22:34 +0:117 +5:81 +11:45 +16:27
   last descent, landed on tick 200:
     t=162 pred= 38 left= 38  y=    40 vy=  614400 ay=  -32000
     t=163 pred= 37 left= 37  y=    48 vy=  582400 ay=  -32000
     t=164 pred= 36 left= 36  y=    57 vy=  550400 ay=  -32000
     t=165 pred= 35 left= 35  y=    65 vy=  518400 ay=  -32000
     t=166 pred= 34 left= 34  y=    72 vy=  486400 ay=  -32000
     t=167 pred= 33 left= 33  y=    79 vy=  454400 ay=  -32000
     t=168 pred= 32 left= 32  y=    85 vy=  422400 ay=  -32000
     t=169 pred= 31 left= 31  y=    91 vy=  390400 ay=  -32000
     t=170 pred= 30 left= 30  y=    97 vy=  358400 ay=  -32000
     t=171 pred= 29 left= 29  y=   102 vy=  326400 ay=  -32000
     t=172 pred= 28 left= 28  y=   106 vy=  294400 ay=  -32000
     t=173 pred= 27 left= 27  y=   110 vy=  262400 ay=  -32000
     t=174 pred= 26 left= 26  y=   114 vy=  230400 ay=  -32000
     t=175 pred= 25 left= 25  y=   117 vy=  198400 ay=  -32000
     t=176 pred= 24 left= 24  y=   119 vy=  166400 ay=  -32000
     t=177 pred= 23 left= 23  y=   122 vy=  134400 ay=  -32000
     t=178 pred= 22 left= 22  y=   123 vy=  102400 ay=  -32000
     t=179 pred= 21 left= 21  y=   124 vy=   70400 ay=  -32000
     t=180 pred= 20 left= 20  y=   125 vy=   38400 ay=  -32000
     t=181 pred= 19 left= 19  y=   125 vy=    6400 ay=  -32000
     t=182 pred= 18 left= 18  y=   124 vy=  -25600 ay=  -32000
     t=183 pred= 17 left= 17  y=   124 vy=  -57600 ay=  -32000
     t=184 pred= 16 left= 16  y=   122 vy=  -89600 ay=  -32000
     t=185 pred= 15 left= 15  y=   120 vy= -121600 ay=  -32000
     t=186 pred= 14 left= 14  y=   118 vy= -153600 ay=  -32000
     t=187 pred= 13 left= 13  y=   115 vy= -185600 ay=  -32000
     t=188 pred= 12 left= 12  y=   112 vy= -217600 ay=  -32000
     t=189 pred= 11 left= 11  y=   108 vy= -249600 ay=  -32000
     t=190 pred= 10 left= 10  y=   104 vy= -281600 ay=  -32000
     t=191 pred=  9 left=  9  y=    99 vy= -313600 ay=  -32000
     t=192 pred=  8 left=  8  y=    94 vy= -345600 ay=  -32000
     t=193 pred=  7 left=  7  y=    88 vy= -377600 ay=  -32000
     t=194 pred=  6 left=  6  y=    82 vy= -409600 ay=  -32000
     t=195 pred=  5 left=  5  y=    75 vy= -441600 ay=  -32000
     t=196 pred=  4 left=  4  y=    68 vy= -473600 ay=  -32000
     t=197 pred=  3 left=  3  y=    60 vy= -505600 ay=  -32000
     t=198 pred=  2 left=  2  y=    52 vy= -537600 ay=  -32000
     t=199 pred=  1 left=  1  y=    43 vy= -569600 ay=  -32000
P2  landings=0  no_prediction_ticks=0
   err all : -
   err NEAR (pred<=20, the window the tool uses): -
   err far  (pred>20, never acted on): -
---- landing prediction ----
P1  landings=27  no_prediction_ticks=0
   err all : -22:44 -21:2 -20:2 -19:2 -18:2 -17:2 -16:2 -15:2 -14:2 -13:2 -12:2 -11:106 -10:11 -9:11 -8:11 -7:11 -6:11 -5:11 -4:11 -3:11 -2:11 -1:11 +0:382 +5:81 +11:45 +16:36
   err NEAR (pred<=20, the window the tool uses): -22:10 -21:2 -20:2 -19:2 -18:2 -17:2 -16:2 -15:2 -14:2 -13:2 -12:2 -11:106 -10:11 -9:11 -8:11 -7:11 -6:11 -5:11 -4:11 -3:11 -2:11 -1:11 +0:265
   err far  (pred>20, never acted on): -22:34 +0:117 +5:81 +11:45 +16:36
   last descent, landed on tick 13:
     t=249 pred= 36 left= 20  y=    40 vy=  245760 ay=  -13312
     t=250 pred= 35 left= 19  y=    43 vy=  232448 ay=  -13312
     t=251 pred= 34 left= 18  y=    46 vy=  219136 ay=  -13312
     t=252 pred= 33 left= 17  y=    50 vy=  205824 ay=  -13312
     t=253 pred= 32 left= 16  y=    52 vy=  192512 ay=  -13312
     t=254 pred= 31 left= 15  y=    55 vy=  179200 ay=  -13312
     t=255 pred= 30 left= 14  y=    58 vy=  165888 ay=  -13312
     t=  0 pred= 29 left= 13  y=    60 vy=  152576 ay=  -13312
     t=  1 pred= 28 left= 12  y=    62 vy=  139264 ay=  -13312
     t=  2 pred= 11 left= 11  y=    64 vy=       0 ay=  -26624
     t=  3 pred= 10 left= 10  y=    64 vy=  -26624 ay=  -26624
     t=  4 pred=  9 left=  9  y=    63 vy=  -53248 ay=  -26624
     t=  5 pred=  8 left=  8  y=    62 vy=  -79872 ay=  -26624
     t=  6 pred=  7 left=  7  y=    60 vy= -106496 ay=  -26624
     t=  7 pred=  6 left=  6  y=    58 vy= -133120 ay=  -26624
     t=  8 pred=  5 left=  5  y=    56 vy= -159744 ay=  -26624
     t=  9 pred=  4 left=  4  y=    53 vy= -186368 ay=  -26624
     t= 10 pred=  3 left=  3  y=    49 vy= -212992 ay=  -26624
     t= 11 pred=  2 left=  2  y=    46 vy= -239616 ay=  -26624
     t= 12 pred=  1 left=  1  y=    42 vy= -266240 ay=  -26624
P2  landings=0  no_prediction_ticks=0
   err all : -
   err NEAR (pred<=20, the window the tool uses): -
   err far  (pred>20, never acted on): -
---- landing prediction ----
P1  landings=28  no_prediction_ticks=0
   err all : -22:44 -21:2 -20:2 -19:2 -18:2 -17:2 -16:2 -15:2 -14:2 -13:2 -12:2 -11:106 -10:11 -9:11 -8:11 -7:11 -6:11 -5:11 -4:11 -3:11 -2:11 -1:11 +0:391 +5:81 +11:54 +16:36
   err NEAR (pred<=20, the window the tool uses): -22:10 -21:2 -20:2 -19:2 -18:2 -17:2 -16:2 -15:2 -14:2 -13:2 -12:2 -11:106 -10:11 -9:11 -8:11 -7:11 -6:11 -5:11 -4:11 -3:11 -2:11 -1:11 +0:274
   err far  (pred>20, never acted on): -22:34 +0:117 +5:81 +11:54 +16:36
   last descent, landed on tick 99:
     t= 81 pred= 29 left= 18  y=    40 vy=  786432 ay=  -53248
     t= 82 pred= 28 left= 17  y=    51 vy=  733184 ay=  -53248
     t= 83 pred= 27 left= 16  y=    61 vy=  679936 ay=  -53248
     t= 84 pred= 26 left= 15  y=    71 vy=  626688 ay=  -53248
     t= 85 pred= 25 left= 14  y=    79 vy=  573440 ay=  -53248
     t= 86 pred= 24 left= 13  y=    87 vy=  520192 ay=  -53248
     t= 87 pred= 23 left= 12  y=    94 vy=  466944 ay=  -53248
     t= 88 pred= 22 left= 11  y=   101 vy=  413696 ay=  -53248
     t= 89 pred= 21 left= 10  y=   106 vy=  360448 ay=  -53248
     t= 90 pred=  9 left=  9  y=   111 vy=       0 ay= -106496
     t= 91 pred=  8 left=  8  y=   109 vy= -106496 ay= -106496
     t= 92 pred=  7 left=  7  y=   106 vy= -212992 ay= -106496
     t= 93 pred=  6 left=  6  y=   101 vy= -319488 ay= -106496
     t= 94 pred=  5 left=  5  y=    95 vy= -425984 ay= -106496
     t= 95 pred=  4 left=  4  y=    87 vy= -532480 ay= -106496
     t= 96 pred=  3 left=  3  y=    77 vy= -638976 ay= -106496
     t= 97 pred=  2 left=  2  y=    65 vy= -745472 ay= -106496
     t= 98 pred=  1 left=  1  y=    52 vy= -851968 ay= -106496
P2  landings=0  no_prediction_ticks=0
   err all : -
   err NEAR (pred<=20, the window the tool uses): -
   err far  (pred>20, never acted on): -
---- landing prediction ----
P1  landings=29  no_prediction_ticks=0
   err all : -22:44 -21:2 -20:2 -19:2 -18:2 -17:2 -16:2 -15:2 -14:2 -13:2 -12:2 -11:106 -10:11 -9:11 -8:11 -7:11 -6:11 -5:11 -4:11 -3:11 -2:11 -1:11 +0:402 +5:81 +11:54 +16:45
   err NEAR (pred<=20, the window the tool uses): -22:10 -21:2 -20:2 -19:2 -18:2 -17:2 -16:2 -15:2 -14:2 -13:2 -12:2 -11:106 -10:11 -9:11 -8:11 -7:11 -6:11 -5:11 -4:11 -3:11 -2:11 -1:11 +0:285
   err far  (pred>20, never acted on): -22:34 +0:117 +5:81 +11:54 +16:45
   last descent, landed on tick 193:
     t=173 pred= 36 left= 20  y=    40 vy=  245760 ay=  -13312
     t=174 pred= 35 left= 19  y=    43 vy=  232448 ay=  -13312
     t=175 pred= 34 left= 18  y=    46 vy=  219136 ay=  -13312
     t=176 pred= 33 left= 17  y=    50 vy=  205824 ay=  -13312
     t=177 pred= 32 left= 16  y=    52 vy=  192512 ay=  -13312
     t=178 pred= 31 left= 15  y=    55 vy=  179200 ay=  -13312
     t=179 pred= 30 left= 14  y=    58 vy=  165888 ay=  -13312
     t=180 pred= 29 left= 13  y=    60 vy=  152576 ay=  -13312
     t=181 pred= 28 left= 12  y=    62 vy=  139264 ay=  -13312
     t=182 pred= 11 left= 11  y=    64 vy=       0 ay=  -26624
     t=183 pred= 10 left= 10  y=    64 vy=  -26624 ay=  -26624
     t=184 pred=  9 left=  9  y=    63 vy=  -53248 ay=  -26624
     t=185 pred=  8 left=  8  y=    62 vy=  -79872 ay=  -26624
     t=186 pred=  7 left=  7  y=    60 vy= -106496 ay=  -26624
     t=187 pred=  6 left=  6  y=    58 vy= -133120 ay=  -26624
     t=188 pred=  5 left=  5  y=    56 vy= -159744 ay=  -26624
     t=189 pred=  4 left=  4  y=    53 vy= -186368 ay=  -26624
     t=190 pred=  3 left=  3  y=    49 vy= -212992 ay=  -26624
     t=191 pred=  2 left=  2  y=    46 vy= -239616 ay=  -26624
     t=192 pred=  1 left=  1  y=    42 vy= -266240 ay=  -26624
P2  landings=0  no_prediction_ticks=0
   err all : -
   err NEAR (pred<=20, the window the tool uses): -
   err far  (pred>20, never acted on): -
---- landing prediction ----
P1  landings=30  no_prediction_ticks=0
   err all : -22:44 -21:2 -20:2 -19:2 -18:2 -17:2 -16:2 -15:2 -14:2 -13:2 -12:2 -11:106 -10:11 -9:11 -8:11 -7:11 -6:11 -5:11 -4:11 -3:11 -2:11 -1:11 +0:411 +5:81 +11:63 +16:45
   err NEAR (pred<=20, the window the tool uses): -22:10 -21:2 -20:2 -19:2 -18:2 -17:2 -16:2 -15:2 -14:2 -13:2 -12:2 -11:106 -10:11 -9:11 -8:11 -7:11 -6:11 -5:11 -4:11 -3:11 -2:11 -1:11 +0:294
   err far  (pred>20, never acted on): -22:34 +0:117 +5:81 +11:63 +16:45
   last descent, landed on tick 9:
     t=247 pred= 29 left= 18  y=    40 vy=  786432 ay=  -53248
     t=248 pred= 28 left= 17  y=    51 vy=  733184 ay=  -53248
     t=249 pred= 27 left= 16  y=    61 vy=  679936 ay=  -53248
     t=250 pred= 26 left= 15  y=    71 vy=  626688 ay=  -53248
     t=251 pred= 25 left= 14  y=    79 vy=  573440 ay=  -53248
     t=252 pred= 24 left= 13  y=    87 vy=  520192 ay=  -53248
     t=253 pred= 23 left= 12  y=    94 vy=  466944 ay=  -53248
     t=254 pred= 22 left= 11  y=   101 vy=  413696 ay=  -53248
     t=255 pred= 21 left= 10  y=   106 vy=  360448 ay=  -53248
     t=  0 pred=  9 left=  9  y=   111 vy=       0 ay= -106496
     t=  1 pred=  8 left=  8  y=   109 vy= -106496 ay= -106496
     t=  2 pred=  7 left=  7  y=   106 vy= -212992 ay= -106496
     t=  3 pred=  6 left=  6  y=   101 vy= -319488 ay= -106496
     t=  4 pred=  5 left=  5  y=    95 vy= -425984 ay= -106496
     t=  5 pred=  4 left=  4  y=    87 vy= -532480 ay= -106496
     t=  6 pred=  3 left=  3  y=    77 vy= -638976 ay= -106496
     t=  7 pred=  2 left=  2  y=    65 vy= -745472 ay= -106496
     t=  8 pred=  1 left=  1  y=    52 vy= -851968 ay= -106496
P2  landings=0  no_prediction_ticks=0
   err all : -
   err NEAR (pred<=20, the window the tool uses): -
   err far  (pred>20, never acted on): -
---- landing prediction ----
P1  landings=31  no_prediction_ticks=0
   err all : -22:44 -21:2 -20:2 -19:2 -18:2 -17:2 -16:2 -15:2 -14:2 -13:2 -12:2 -11:106 -10:11 -9:11 -8:11 -7:11 -6:11 -5:11 -4:11 -3:11 -2:11 -1:11 +0:440 +5:81 +11:63 +16:45
   err NEAR (pred<=20, the window the tool uses): -22:10 -21:2 -20:2 -19:2 -18:2 -17:2 -16:2 -15:2 -14:2 -13:2 -12:2 -11:106 -10:11 -9:11 -8:11 -7:11 -6:11 -5:11 -4:11 -3:11 -2:11 -1:11 +0:314
   err far  (pred>20, never acted on): -22:34 +0:126 +5:81 +11:63 +16:45
   last descent, landed on tick 56:
     t= 27 pred= 29 left= 29  y=    40 vy=  786432 ay=  -53248
     t= 28 pred= 28 left= 28  y=    51 vy=  733184 ay=  -53248
     t= 29 pred= 27 left= 27  y=    61 vy=  679936 ay=  -53248
     t= 30 pred= 26 left= 26  y=    71 vy=  626688 ay=  -53248
     t= 31 pred= 25 left= 25  y=    79 vy=  573440 ay=  -53248
     t= 32 pred= 24 left= 24  y=    87 vy=  520192 ay=  -53248
     t= 33 pred= 23 left= 23  y=    94 vy=  466944 ay=  -53248
     t= 34 pred= 22 left= 22  y=   101 vy=  413696 ay=  -53248
     t= 35 pred= 21 left= 21  y=   106 vy=  360448 ay=  -53248
     t= 36 pred= 20 left= 20  y=   111 vy=  307200 ay=  -53248
     t= 37 pred= 19 left= 19  y=   115 vy=  253952 ay=  -53248
     t= 38 pred= 18 left= 18  y=   118 vy=  200704 ay=  -53248
     t= 39 pred= 17 left= 17  y=   120 vy=  147456 ay=  -53248
     t= 40 pred= 16 left= 16  y=   122 vy=   94208 ay=  -53248
     t= 41 pred= 15 left= 15  y=   122 vy=   40960 ay=  -53248
     t= 42 pred= 14 left= 14  y=   122 vy=  -12288 ay=  -53248
     t= 43 pred= 13 left= 13  y=   121 vy=  -65536 ay=  -53248
     t= 44 pred= 12 left= 12  y=   119 vy= -118784 ay=  -53248
     t= 45 pred= 11 left= 11  y=   117 vy= -172032 ay=  -53248
     t= 46 pred= 10 left= 10  y=   113 vy= -225280 ay=  -53248
     t= 47 pred=  9 left=  9  y=   109 vy= -278528 ay=  -53248
     t= 48 pred=  8 left=  8  y=   104 vy= -331776 ay=  -53248
     t= 49 pred=  7 left=  7  y=    98 vy= -385024 ay=  -53248
     t= 50 pred=  6 left=  6  y=    91 vy= -438272 ay=  -53248
     t= 51 pred=  5 left=  5  y=    84 vy= -491520 ay=  -53248
     t= 52 pred=  4 left=  4  y=    75 vy= -544768 ay=  -53248
     t= 53 pred=  3 left=  3  y=    66 vy= -598016 ay=  -53248
     t= 54 pred=  2 left=  2  y=    56 vy= -651264 ay=  -53248
     t= 55 pred=  1 left=  1  y=    46 vy= -704512 ay=  -53248
P2  landings=0  no_prediction_ticks=0
   err all : -
   err NEAR (pred<=20, the window the tool uses): -
   err far  (pred>20, never acted on): -
---- landing prediction ----
P1  landings=32  no_prediction_ticks=0
   err all : -22:44 -21:2 -20:2 -19:2 -18:2 -17:2 -16:2 -15:2 -14:2 -13:2 -12:2 -11:106 -10:11 -9:11 -8:11 -7:11 -6:11 -5:11 -4:11 -3:11 -2:11 -1:11 +0:451 +5:81 +11:63 +16:54
   err NEAR (pred<=20, the window the tool uses): -22:10 -21:2 -20:2 -19:2 -18:2 -17:2 -16:2 -15:2 -14:2 -13:2 -12:2 -11:106 -10:11 -9:11 -8:11 -7:11 -6:11 -5:11 -4:11 -3:11 -2:11 -1:11 +0:325
   err far  (pred>20, never acted on): -22:34 +0:126 +5:81 +11:63 +16:54
   last descent, landed on tick 125:
     t=105 pred= 36 left= 20  y=    40 vy=  245760 ay=  -13312
     t=106 pred= 35 left= 19  y=    43 vy=  232448 ay=  -13312
     t=107 pred= 34 left= 18  y=    46 vy=  219136 ay=  -13312
     t=108 pred= 33 left= 17  y=    50 vy=  205824 ay=  -13312
     t=109 pred= 32 left= 16  y=    52 vy=  192512 ay=  -13312
     t=110 pred= 31 left= 15  y=    55 vy=  179200 ay=  -13312
     t=111 pred= 30 left= 14  y=    58 vy=  165888 ay=  -13312
     t=112 pred= 29 left= 13  y=    60 vy=  152576 ay=  -13312
     t=113 pred= 28 left= 12  y=    62 vy=  139264 ay=  -13312
     t=114 pred= 11 left= 11  y=    64 vy=       0 ay=  -26624
     t=115 pred= 10 left= 10  y=    64 vy=  -26624 ay=  -26624
     t=116 pred=  9 left=  9  y=    63 vy=  -53248 ay=  -26624
     t=117 pred=  8 left=  8  y=    62 vy=  -79872 ay=  -26624
     t=118 pred=  7 left=  7  y=    60 vy= -106496 ay=  -26624
     t=119 pred=  6 left=  6  y=    58 vy= -133120 ay=  -26624
     t=120 pred=  5 left=  5  y=    56 vy= -159744 ay=  -26624
     t=121 pred=  4 left=  4  y=    53 vy= -186368 ay=  -26624
     t=122 pred=  3 left=  3  y=    49 vy= -212992 ay=  -26624
     t=123 pred=  2 left=  2  y=    46 vy= -239616 ay=  -26624
     t=124 pred=  1 left=  1  y=    42 vy= -266240 ay=  -26624
P2  landings=0  no_prediction_ticks=0
   err all : -
   err NEAR (pred<=20, the window the tool uses): -
   err far  (pred>20, never acted on): -
---- landing prediction ----
P1  landings=33  no_prediction_ticks=0
   err all : -22:44 -21:2 -20:2 -19:2 -18:2 -17:2 -16:2 -15:2 -14:2 -13:2 -12:2 -11:106 -10:11 -9:11 -8:11 -7:11 -6:11 -5:11 -4:11 -3:11 -2:11 -1:11 +0:487 +5:81 +11:63 +16:54
   err NEAR (pred<=20, the window the tool uses): -22:10 -21:2 -20:2 -19:2 -18:2 -17:2 -16:2 -15:2 -14:2 -13:2 -12:2 -11:106 -10:11 -9:11 -8:11 -7:11 -6:11 -5:11 -4:11 -3:11 -2:11 -1:11 +0:345
   err far  (pred>20, never acted on): -22:34 +0:142 +5:81 +11:63 +16:54
   last descent, landed on tick 201:
     t=165 pred= 36 left= 36  y=    40 vy=  245760 ay=  -13312
     t=166 pred= 35 left= 35  y=    43 vy=  232448 ay=  -13312
     t=167 pred= 34 left= 34  y=    46 vy=  219136 ay=  -13312
     t=168 pred= 33 left= 33  y=    50 vy=  205824 ay=  -13312
     t=169 pred= 32 left= 32  y=    52 vy=  192512 ay=  -13312
     t=170 pred= 31 left= 31  y=    55 vy=  179200 ay=  -13312
     t=171 pred= 30 left= 30  y=    58 vy=  165888 ay=  -13312
     t=172 pred= 29 left= 29  y=    60 vy=  152576 ay=  -13312
     t=173 pred= 28 left= 28  y=    62 vy=  139264 ay=  -13312
     t=174 pred= 27 left= 27  y=    64 vy=  125952 ay=  -13312
     t=175 pred= 26 left= 26  y=    66 vy=  112640 ay=  -13312
     t=176 pred= 25 left= 25  y=    67 vy=   99328 ay=  -13312
     t=177 pred= 24 left= 24  y=    69 vy=   86016 ay=  -13312
     t=178 pred= 23 left= 23  y=    70 vy=   72704 ay=  -13312
     t=179 pred= 22 left= 22  y=    71 vy=   59392 ay=  -13312
     t=180 pred= 21 left= 21  y=    71 vy=   46080 ay=  -13312
     t=181 pred= 20 left= 20  y=    72 vy=   32768 ay=  -13312
     t=182 pred= 19 left= 19  y=    72 vy=   19456 ay=  -13312
     t=183 pred= 18 left= 18  y=    72 vy=    6144 ay=  -13312
     t=184 pred= 17 left= 17  y=    72 vy=   -7168 ay=  -13312
     t=185 pred= 16 left= 16  y=    72 vy=  -20480 ay=  -13312
     t=186 pred= 15 left= 15  y=    71 vy=  -33792 ay=  -13312
     t=187 pred= 14 left= 14  y=    71 vy=  -47104 ay=  -13312
     t=188 pred= 13 left= 13  y=    70 vy=  -60416 ay=  -13312
     t=189 pred= 12 left= 12  y=    69 vy=  -73728 ay=  -13312
     t=190 pred= 11 left= 11  y=    67 vy=  -87040 ay=  -13312
     t=191 pred= 10 left= 10  y=    66 vy= -100352 ay=  -13312
     t=192 pred=  9 left=  9  y=    64 vy= -113664 ay=  -13312
     t=193 pred=  8 left=  8  y=    62 vy= -126976 ay=  -13312
     t=194 pred=  7 left=  7  y=    60 vy= -140288 ay=  -13312
     t=195 pred=  6 left=  6  y=    58 vy= -153600 ay=  -13312
     t=196 pred=  5 left=  5  y=    55 vy= -166912 ay=  -13312
     t=197 pred=  4 left=  4  y=    52 vy= -180224 ay=  -13312
     t=198 pred=  3 left=  3  y=    49 vy= -193536 ay=  -13312
     t=199 pred=  2 left=  2  y=    46 vy= -206848 ay=  -13312
     t=200 pred=  1 left=  1  y=    43 vy= -220160 ay=  -13312
P2  landings=0  no_prediction_ticks=0
   err all : -
   err NEAR (pred<=20, the window the tool uses): -
   err far  (pred>20, never acted on): -
---- landing prediction ----
P1  landings=34  no_prediction_ticks=0
   err all : -22:44 -21:2 -20:2 -19:2 -18:2 -17:2 -16:2 -15:2 -14:2 -13:2 -12:2 -11:106 -10:11 -9:11 -8:11 -7:11 -6:11 -5:11 -4:11 -3:11 -2:11 -1:11 +0:516 +5:81 +11:63 +16:54
   err NEAR (pred<=20, the window the tool uses): -22:10 -21:2 -20:2 -19:2 -18:2 -17:2 -16:2 -15:2 -14:2 -13:2 -12:2 -11:106 -10:11 -9:11 -8:11 -7:11 -6:11 -5:11 -4:11 -3:11 -2:11 -1:11 +0:365
   err far  (pred>20, never acted on): -22:34 +0:151 +5:81 +11:63 +16:54
   last descent, landed on tick 234:
     t=205 pred= 29 left= 29  y=    40 vy=  786432 ay=  -53248
     t=206 pred= 28 left= 28  y=    51 vy=  733184 ay=  -53248
     t=207 pred= 27 left= 27  y=    61 vy=  679936 ay=  -53248
     t=208 pred= 26 left= 26  y=    71 vy=  626688 ay=  -53248
     t=209 pred= 25 left= 25  y=    79 vy=  573440 ay=  -53248
     t=210 pred= 24 left= 24  y=    87 vy=  520192 ay=  -53248
     t=211 pred= 23 left= 23  y=    94 vy=  466944 ay=  -53248
     t=212 pred= 22 left= 22  y=   101 vy=  413696 ay=  -53248
     t=213 pred= 21 left= 21  y=   106 vy=  360448 ay=  -53248
     t=214 pred= 20 left= 20  y=   111 vy=  307200 ay=  -53248
     t=215 pred= 19 left= 19  y=   115 vy=  253952 ay=  -53248
     t=216 pred= 18 left= 18  y=   118 vy=  200704 ay=  -53248
     t=217 pred= 17 left= 17  y=   120 vy=  147456 ay=  -53248
     t=218 pred= 16 left= 16  y=   122 vy=   94208 ay=  -53248
     t=219 pred= 15 left= 15  y=   122 vy=   40960 ay=  -53248
     t=220 pred= 14 left= 14  y=   122 vy=  -12288 ay=  -53248
     t=221 pred= 13 left= 13  y=   121 vy=  -65536 ay=  -53248
     t=222 pred= 12 left= 12  y=   119 vy= -118784 ay=  -53248
     t=223 pred= 11 left= 11  y=   117 vy= -172032 ay=  -53248
     t=224 pred= 10 left= 10  y=   113 vy= -225280 ay=  -53248
     t=225 pred=  9 left=  9  y=   109 vy= -278528 ay=  -53248
     t=226 pred=  8 left=  8  y=   104 vy= -331776 ay=  -53248
     t=227 pred=  7 left=  7  y=    98 vy= -385024 ay=  -53248
     t=228 pred=  6 left=  6  y=    91 vy= -438272 ay=  -53248
     t=229 pred=  5 left=  5  y=    84 vy= -491520 ay=  -53248
     t=230 pred=  4 left=  4  y=    75 vy= -544768 ay=  -53248
     t=231 pred=  3 left=  3  y=    66 vy= -598016 ay=  -53248
     t=232 pred=  2 left=  2  y=    56 vy= -651264 ay=  -53248
     t=233 pred=  1 left=  1  y=    46 vy= -704512 ay=  -53248
P2  landings=0  no_prediction_ticks=0
   err all : -
   err NEAR (pred<=20, the window the tool uses): -
   err far  (pred>20, never acted on): -
---- landing prediction ----
P1  landings=35  no_prediction_ticks=0
   err all : -22:44 -21:2 -20:2 -19:2 -18:2 -17:2 -16:2 -15:2 -14:2 -13:2 -12:2 -11:106 -10:11 -9:11 -8:11 -7:11 -6:11 -5:11 -4:11 -3:11 -2:11 -1:11 +0:527 +5:81 +11:63 +16:63
   err NEAR (pred<=20, the window the tool uses): -22:10 -21:2 -20:2 -19:2 -18:2 -17:2 -16:2 -15:2 -14:2 -13:2 -12:2 -11:106 -10:11 -9:11 -8:11 -7:11 -6:11 -5:11 -4:11 -3:11 -2:11 -1:11 +0:376
   err far  (pred>20, never acted on): -22:34 +0:151 +5:81 +11:63 +16:63
   last descent, landed on tick 34:
     t= 14 pred= 36 left= 20  y=    40 vy=  245760 ay=  -13312
     t= 15 pred= 35 left= 19  y=    43 vy=  232448 ay=  -13312
     t= 16 pred= 34 left= 18  y=    46 vy=  219136 ay=  -13312
     t= 17 pred= 33 left= 17  y=    50 vy=  205824 ay=  -13312
     t= 18 pred= 32 left= 16  y=    52 vy=  192512 ay=  -13312
     t= 19 pred= 31 left= 15  y=    55 vy=  179200 ay=  -13312
     t= 20 pred= 30 left= 14  y=    58 vy=  165888 ay=  -13312
     t= 21 pred= 29 left= 13  y=    60 vy=  152576 ay=  -13312
     t= 22 pred= 28 left= 12  y=    62 vy=  139264 ay=  -13312
     t= 23 pred= 11 left= 11  y=    64 vy=       0 ay=  -26624
     t= 24 pred= 10 left= 10  y=    64 vy=  -26624 ay=  -26624
     t= 25 pred=  9 left=  9  y=    63 vy=  -53248 ay=  -26624
     t= 26 pred=  8 left=  8  y=    62 vy=  -79872 ay=  -26624
     t= 27 pred=  7 left=  7  y=    60 vy= -106496 ay=  -26624
     t= 28 pred=  6 left=  6  y=    58 vy= -133120 ay=  -26624
     t= 29 pred=  5 left=  5  y=    56 vy= -159744 ay=  -26624
     t= 30 pred=  4 left=  4  y=    53 vy= -186368 ay=  -26624
     t= 31 pred=  3 left=  3  y=    49 vy= -212992 ay=  -26624
     t= 32 pred=  2 left=  2  y=    46 vy= -239616 ay=  -26624
     t= 33 pred=  1 left=  1  y=    42 vy= -266240 ay=  -26624
P2  landings=0  no_prediction_ticks=0
   err all : -
   err NEAR (pred<=20, the window the tool uses): -
   err far  (pred>20, never acted on): -
---- landing prediction ----
P1  landings=36  no_prediction_ticks=0
   err all : -22:44 -21:2 -20:2 -19:2 -18:2 -17:2 -16:2 -15:2 -14:2 -13:2 -12:2 -11:106 -10:11 -9:11 -8:11 -7:11 -6:11 -5:11 -4:11 -3:11 -2:11 -1:11 +0:556 +5:81 +11:63 +16:63
   err NEAR (pred<=20, the window the tool uses): -22:10 -21:2 -20:2 -19:2 -18:2 -17:2 -16:2 -15:2 -14:2 -13:2 -12:2 -11:106 -10:11 -9:11 -8:11 -7:11 -6:11 -5:11 -4:11 -3:11 -2:11 -1:11 +0:396
   err far  (pred>20, never acted on): -22:34 +0:160 +5:81 +11:63 +16:63
   last descent, landed on tick 82:
     t= 53 pred= 29 left= 29  y=    40 vy=  786432 ay=  -53248
     t= 54 pred= 28 left= 28  y=    51 vy=  733184 ay=  -53248
     t= 55 pred= 27 left= 27  y=    61 vy=  679936 ay=  -53248
     t= 56 pred= 26 left= 26  y=    71 vy=  626688 ay=  -53248
     t= 57 pred= 25 left= 25  y=    79 vy=  573440 ay=  -53248
     t= 58 pred= 24 left= 24  y=    87 vy=  520192 ay=  -53248
     t= 59 pred= 23 left= 23  y=    94 vy=  466944 ay=  -53248
     t= 60 pred= 22 left= 22  y=   101 vy=  413696 ay=  -53248
     t= 61 pred= 21 left= 21  y=   106 vy=  360448 ay=  -53248
     t= 62 pred= 20 left= 20  y=   111 vy=  307200 ay=  -53248
     t= 63 pred= 19 left= 19  y=   115 vy=  253952 ay=  -53248
     t= 64 pred= 18 left= 18  y=   118 vy=  200704 ay=  -53248
     t= 65 pred= 17 left= 17  y=   120 vy=  147456 ay=  -53248
     t= 66 pred= 16 left= 16  y=   122 vy=   94208 ay=  -53248
     t= 67 pred= 15 left= 15  y=   122 vy=   40960 ay=  -53248
     t= 68 pred= 14 left= 14  y=   122 vy=  -12288 ay=  -53248
     t= 69 pred= 13 left= 13  y=   121 vy=  -65536 ay=  -53248
     t= 70 pred= 12 left= 12  y=   119 vy= -118784 ay=  -53248
     t= 71 pred= 11 left= 11  y=   117 vy= -172032 ay=  -53248
     t= 72 pred= 10 left= 10  y=   113 vy= -225280 ay=  -53248
     t= 73 pred=  9 left=  9  y=   109 vy= -278528 ay=  -53248
     t= 74 pred=  8 left=  8  y=   104 vy= -331776 ay=  -53248
     t= 75 pred=  7 left=  7  y=    98 vy= -385024 ay=  -53248
     t= 76 pred=  6 left=  6  y=    91 vy= -438272 ay=  -53248
     t= 77 pred=  5 left=  5  y=    84 vy= -491520 ay=  -53248
     t= 78 pred=  4 left=  4  y=    75 vy= -544768 ay=  -53248
     t= 79 pred=  3 left=  3  y=    66 vy= -598016 ay=  -53248
     t= 80 pred=  2 left=  2  y=    56 vy= -651264 ay=  -53248
     t= 81 pred=  1 left=  1  y=    46 vy= -704512 ay=  -53248
P2  landings=0  no_prediction_ticks=0
   err all : -
   err NEAR (pred<=20, the window the tool uses): -
   err far  (pred>20, never acted on): -
---- landing prediction ----
P1  landings=37  no_prediction_ticks=0
   err all : -22:44 -21:2 -20:2 -19:2 -18:2 -17:2 -16:2 -15:2 -14:2 -13:2 -12:2 -11:106 -10:11 -9:11 -8:11 -7:11 -6:11 -5:11 -4:11 -3:11 -2:11 -1:11 +0:567 +5:81 +11:63 +16:72
   err NEAR (pred<=20, the window the tool uses): -22:10 -21:2 -20:2 -19:2 -18:2 -17:2 -16:2 -15:2 -14:2 -13:2 -12:2 -11:106 -10:11 -9:11 -8:11 -7:11 -6:11 -5:11 -4:11 -3:11 -2:11 -1:11 +0:407
   err far  (pred>20, never acted on): -22:34 +0:160 +5:81 +11:63 +16:72
   last descent, landed on tick 117:
     t= 97 pred= 36 left= 20  y=    40 vy=  245760 ay=  -13312
     t= 98 pred= 35 left= 19  y=    43 vy=  232448 ay=  -13312
     t= 99 pred= 34 left= 18  y=    46 vy=  219136 ay=  -13312
     t=100 pred= 33 left= 17  y=    50 vy=  205824 ay=  -13312
     t=101 pred= 32 left= 16  y=    52 vy=  192512 ay=  -13312
     t=102 pred= 31 left= 15  y=    55 vy=  179200 ay=  -13312
     t=103 pred= 30 left= 14  y=    58 vy=  165888 ay=  -13312
     t=104 pred= 29 left= 13  y=    60 vy=  152576 ay=  -13312
     t=105 pred= 28 left= 12  y=    62 vy=  139264 ay=  -13312
     t=106 pred= 11 left= 11  y=    64 vy=       0 ay=  -26624
     t=107 pred= 10 left= 10  y=    64 vy=  -26624 ay=  -26624
     t=108 pred=  9 left=  9  y=    63 vy=  -53248 ay=  -26624
     t=109 pred=  8 left=  8  y=    62 vy=  -79872 ay=  -26624
     t=110 pred=  7 left=  7  y=    60 vy= -106496 ay=  -26624
     t=111 pred=  6 left=  6  y=    58 vy= -133120 ay=  -26624
     t=112 pred=  5 left=  5  y=    56 vy= -159744 ay=  -26624
     t=113 pred=  4 left=  4  y=    53 vy= -186368 ay=  -26624
     t=114 pred=  3 left=  3  y=    49 vy= -212992 ay=  -26624
     t=115 pred=  2 left=  2  y=    46 vy= -239616 ay=  -26624
     t=116 pred=  1 left=  1  y=    42 vy= -266240 ay=  -26624
P2  landings=0  no_prediction_ticks=0
   err all : -
   err NEAR (pred<=20, the window the tool uses): -
   err far  (pred>20, never acted on): -
---- landing prediction ----
P1  landings=38  no_prediction_ticks=0
   err all : -22:44 -21:2 -20:2 -19:2 -18:2 -17:2 -16:2 -15:2 -14:2 -13:2 -12:2 -11:106 -10:11 -9:11 -8:11 -7:11 -6:11 -5:11 -4:11 -3:11 -2:11 -1:11 +0:596 +5:81 +11:63 +16:72
   err NEAR (pred<=20, the window the tool uses): -22:10 -21:2 -20:2 -19:2 -18:2 -17:2 -16:2 -15:2 -14:2 -13:2 -12:2 -11:106 -10:11 -9:11 -8:11 -7:11 -6:11 -5:11 -4:11 -3:11 -2:11 -1:11 +0:427
   err far  (pred>20, never acted on): -22:34 +0:169 +5:81 +11:63 +16:72
   last descent, landed on tick 164:
     t=135 pred= 29 left= 29  y=    40 vy=  786432 ay=  -53248
     t=136 pred= 28 left= 28  y=    51 vy=  733184 ay=  -53248
     t=137 pred= 27 left= 27  y=    61 vy=  679936 ay=  -53248
     t=138 pred= 26 left= 26  y=    71 vy=  626688 ay=  -53248
     t=139 pred= 25 left= 25  y=    79 vy=  573440 ay=  -53248
     t=140 pred= 24 left= 24  y=    87 vy=  520192 ay=  -53248
     t=141 pred= 23 left= 23  y=    94 vy=  466944 ay=  -53248
     t=142 pred= 22 left= 22  y=   101 vy=  413696 ay=  -53248
     t=143 pred= 21 left= 21  y=   106 vy=  360448 ay=  -53248
     t=144 pred= 20 left= 20  y=   111 vy=  307200 ay=  -53248
     t=145 pred= 19 left= 19  y=   115 vy=  253952 ay=  -53248
     t=146 pred= 18 left= 18  y=   118 vy=  200704 ay=  -53248
     t=147 pred= 17 left= 17  y=   120 vy=  147456 ay=  -53248
     t=148 pred= 16 left= 16  y=   122 vy=   94208 ay=  -53248
     t=149 pred= 15 left= 15  y=   122 vy=   40960 ay=  -53248
     t=150 pred= 14 left= 14  y=   122 vy=  -12288 ay=  -53248
     t=151 pred= 13 left= 13  y=   121 vy=  -65536 ay=  -53248
     t=152 pred= 12 left= 12  y=   119 vy= -118784 ay=  -53248
     t=153 pred= 11 left= 11  y=   117 vy= -172032 ay=  -53248
     t=154 pred= 10 left= 10  y=   113 vy= -225280 ay=  -53248
     t=155 pred=  9 left=  9  y=   109 vy= -278528 ay=  -53248
     t=156 pred=  8 left=  8  y=   104 vy= -331776 ay=  -53248
     t=157 pred=  7 left=  7  y=    98 vy= -385024 ay=  -53248
     t=158 pred=  6 left=  6  y=    91 vy= -438272 ay=  -53248
     t=159 pred=  5 left=  5  y=    84 vy= -491520 ay=  -53248
     t=160 pred=  4 left=  4  y=    75 vy= -544768 ay=  -53248
     t=161 pred=  3 left=  3  y=    66 vy= -598016 ay=  -53248
     t=162 pred=  2 left=  2  y=    56 vy= -651264 ay=  -53248
     t=163 pred=  1 left=  1  y=    46 vy= -704512 ay=  -53248
P2  landings=0  no_prediction_ticks=0
   err all : -
   err NEAR (pred<=20, the window the tool uses): -
   err far  (pred>20, never acted on): -
---- landing prediction ----
P1  landings=39  no_prediction_ticks=0
   err all : -22:44 -21:2 -20:2 -19:2 -18:2 -17:2 -16:2 -15:2 -14:2 -13:2 -12:2 -11:106 -10:11 -9:11 -8:11 -7:11 -6:11 -5:11 -4:11 -3:11 -2:11 -1:11 +0:607 +5:81 +11:63 +16:81
   err NEAR (pred<=20, the window the tool uses): -22:10 -21:2 -20:2 -19:2 -18:2 -17:2 -16:2 -15:2 -14:2 -13:2 -12:2 -11:106 -10:11 -9:11 -8:11 -7:11 -6:11 -5:11 -4:11 -3:11 -2:11 -1:11 +0:438
   err far  (pred>20, never acted on): -22:34 +0:169 +5:81 +11:63 +16:81
   last descent, landed on tick 219:
     t=199 pred= 36 left= 20  y=    40 vy=  245760 ay=  -13312
     t=200 pred= 35 left= 19  y=    43 vy=  232448 ay=  -13312
     t=201 pred= 34 left= 18  y=    46 vy=  219136 ay=  -13312
     t=202 pred= 33 left= 17  y=    50 vy=  205824 ay=  -13312
     t=203 pred= 32 left= 16  y=    52 vy=  192512 ay=  -13312
     t=204 pred= 31 left= 15  y=    55 vy=  179200 ay=  -13312
     t=205 pred= 30 left= 14  y=    58 vy=  165888 ay=  -13312
     t=206 pred= 29 left= 13  y=    60 vy=  152576 ay=  -13312
     t=207 pred= 28 left= 12  y=    62 vy=  139264 ay=  -13312
     t=208 pred= 11 left= 11  y=    64 vy=       0 ay=  -26624
     t=209 pred= 10 left= 10  y=    64 vy=  -26624 ay=  -26624
     t=210 pred=  9 left=  9  y=    63 vy=  -53248 ay=  -26624
     t=211 pred=  8 left=  8  y=    62 vy=  -79872 ay=  -26624
     t=212 pred=  7 left=  7  y=    60 vy= -106496 ay=  -26624
     t=213 pred=  6 left=  6  y=    58 vy= -133120 ay=  -26624
     t=214 pred=  5 left=  5  y=    56 vy= -159744 ay=  -26624
     t=215 pred=  4 left=  4  y=    53 vy= -186368 ay=  -26624
     t=216 pred=  3 left=  3  y=    49 vy= -212992 ay=  -26624
     t=217 pred=  2 left=  2  y=    46 vy= -239616 ay=  -26624
     t=218 pred=  1 left=  1  y=    42 vy= -266240 ay=  -26624
P2  landings=0  no_prediction_ticks=0
   err all : -
   err NEAR (pred<=20, the window the tool uses): -
   err far  (pred>20, never acted on): -
---- landing prediction ----
P1  landings=40  no_prediction_ticks=0
   err all : -22:44 -21:2 -20:2 -19:2 -18:2 -17:2 -16:2 -15:2 -14:2 -13:2 -12:2 -11:114 -10:12 -9:12 -8:12 -7:12 -6:12 -5:12 -4:12 -3:12 -2:12 -1:12 +0:611 +5:90 +11:63 +16:81
   err NEAR (pred<=20, the window the tool uses): -22:10 -21:2 -20:2 -19:2 -18:2 -17:2 -16:2 -15:2 -14:2 -13:2 -12:2 -11:114 -10:12 -9:12 -8:12 -7:12 -6:12 -5:12 -4:12 -3:12 -2:12 -1:12 +0:442
   err far  (pred>20, never acted on): -22:34 +0:169 +5:90 +11:63 +16:81
   last descent, landed on tick 62:
     t= 31 pred= 36 left= 31  y=    40 vy=  245760 ay=  -13312
     t= 32 pred= 35 left= 30  y=    43 vy=  232448 ay=  -13312
     t= 33 pred= 34 left= 29  y=    46 vy=  219136 ay=  -13312
     t= 34 pred= 33 left= 28  y=    50 vy=  205824 ay=  -13312
     t= 35 pred= 32 left= 27  y=    52 vy=  192512 ay=  -13312
     t= 36 pred= 31 left= 26  y=    55 vy=  179200 ay=  -13312
     t= 37 pred= 30 left= 25  y=    58 vy=  165888 ay=  -13312
     t= 38 pred= 29 left= 24  y=    60 vy=  152576 ay=  -13312
     t= 39 pred= 28 left= 23  y=    62 vy=  139264 ay=  -13312
     t= 40 pred= 11 left= 22  y=    64 vy=       0 ay=  -26624
     t= 41 pred= 10 left= 21  y=    64 vy=  -26624 ay=  -26624
     t= 42 pred=  9 left= 20  y=    63 vy=  -53248 ay=  -26624
     t= 43 pred=  8 left= 19  y=    62 vy=  -79872 ay=  -26624
     t= 44 pred=  7 left= 18  y=    60 vy= -106496 ay=  -26624
     t= 45 pred=  6 left= 17  y=    58 vy= -133120 ay=  -26624
     t= 46 pred=  5 left= 16  y=    56 vy= -159744 ay=  -26624
     t= 47 pred=  4 left= 15  y=    53 vy= -186368 ay=  -26624
     t= 48 pred=  4 left= 14  y=    53 vy= -186368 ay=  -26624
     t= 49 pred=  4 left= 13  y=    53 vy= -186368 ay=  -26624
     t= 50 pred=  4 left= 12  y=    53 vy= -186368 ay=  -26624
     t= 51 pred=  4 left= 11  y=    53 vy= -186368 ay=  -26624
     t= 52 pred=  4 left= 10  y=    53 vy= -186368 ay=  -26624
     t= 53 pred=  4 left=  9  y=    53 vy= -186368 ay=  -26624
     t= 54 pred=  4 left=  8  y=    53 vy= -186368 ay=  -26624
     t= 55 pred=  4 left=  7  y=    53 vy= -186368 ay=  -26624
     t= 56 pred=  4 left=  6  y=    53 vy= -186368 ay=  -26624
     t= 57 pred=  4 left=  5  y=    53 vy= -186368 ay=  -26624
     t= 58 pred=  4 left=  4  y=    53 vy= -186368 ay=  -26624
     t= 59 pred=  3 left=  3  y=    49 vy= -212992 ay=  -26624
     t= 60 pred=  2 left=  2  y=    46 vy= -239616 ay=  -26624
     t= 61 pred=  1 left=  1  y=    42 vy= -266240 ay=  -26624
P2  landings=0  no_prediction_ticks=0
   err all : -
   err NEAR (pred<=20, the window the tool uses): -
   err far  (pred>20, never acted on): -
---- landing prediction ----
P1  landings=41  no_prediction_ticks=0
   err all : -22:44 -21:2 -20:2 -19:2 -18:2 -17:2 -16:2 -15:2 -14:2 -13:2 -12:2 -11:122 -10:13 -9:13 -8:13 -7:13 -6:13 -5:13 -4:13 -3:13 -2:13 -1:13 +0:615 +5:99 +11:63 +16:81
   err NEAR (pred<=20, the window the tool uses): -22:10 -21:2 -20:2 -19:2 -18:2 -17:2 -16:2 -15:2 -14:2 -13:2 -12:2 -11:122 -10:13 -9:13 -8:13 -7:13 -6:13 -5:13 -4:13 -3:13 -2:13 -1:13 +0:446
   err far  (pred>20, never acted on): -22:34 +0:169 +5:99 +11:63 +16:81
   last descent, landed on tick 98:
     t= 67 pred= 36 left= 31  y=    40 vy=  245760 ay=  -13312
     t= 68 pred= 35 left= 30  y=    43 vy=  232448 ay=  -13312
     t= 69 pred= 34 left= 29  y=    46 vy=  219136 ay=  -13312
     t= 70 pred= 33 left= 28  y=    50 vy=  205824 ay=  -13312
     t= 71 pred= 32 left= 27  y=    52 vy=  192512 ay=  -13312
     t= 72 pred= 31 left= 26  y=    55 vy=  179200 ay=  -13312
     t= 73 pred= 30 left= 25  y=    58 vy=  165888 ay=  -13312
     t= 74 pred= 29 left= 24  y=    60 vy=  152576 ay=  -13312
     t= 75 pred= 28 left= 23  y=    62 vy=  139264 ay=  -13312
     t= 76 pred= 11 left= 22  y=    64 vy=       0 ay=  -26624
     t= 77 pred= 10 left= 21  y=    64 vy=  -26624 ay=  -26624
     t= 78 pred=  9 left= 20  y=    63 vy=  -53248 ay=  -26624
     t= 79 pred=  8 left= 19  y=    62 vy=  -79872 ay=  -26624
     t= 80 pred=  7 left= 18  y=    60 vy= -106496 ay=  -26624
     t= 81 pred=  6 left= 17  y=    58 vy= -133120 ay=  -26624
     t= 82 pred=  5 left= 16  y=    56 vy= -159744 ay=  -26624
     t= 83 pred=  4 left= 15  y=    53 vy= -186368 ay=  -26624
     t= 84 pred=  4 left= 14  y=    53 vy= -186368 ay=  -26624
     t= 85 pred=  4 left= 13  y=    53 vy= -186368 ay=  -26624
     t= 86 pred=  4 left= 12  y=    53 vy= -186368 ay=  -26624
     t= 87 pred=  4 left= 11  y=    53 vy= -186368 ay=  -26624
     t= 88 pred=  4 left= 10  y=    53 vy= -186368 ay=  -26624
     t= 89 pred=  4 left=  9  y=    53 vy= -186368 ay=  -26624
     t= 90 pred=  4 left=  8  y=    53 vy= -186368 ay=  -26624
     t= 91 pred=  4 left=  7  y=    53 vy= -186368 ay=  -26624
     t= 92 pred=  4 left=  6  y=    53 vy= -186368 ay=  -26624
     t= 93 pred=  4 left=  5  y=    53 vy= -186368 ay=  -26624
     t= 94 pred=  4 left=  4  y=    53 vy= -186368 ay=  -26624
     t= 95 pred=  3 left=  3  y=    49 vy= -212992 ay=  -26624
     t= 96 pred=  2 left=  2  y=    46 vy= -239616 ay=  -26624
     t= 97 pred=  1 left=  1  y=    42 vy= -266240 ay=  -26624
P2  landings=0  no_prediction_ticks=0
   err all : -
   err NEAR (pred<=20, the window the tool uses): -
   err far  (pred>20, never acted on): -
---- landing prediction ----
P1  landings=42  no_prediction_ticks=0
   err all : -22:44 -21:2 -20:2 -19:2 -18:2 -17:2 -16:2 -15:2 -14:2 -13:2 -12:2 -11:131 -10:14 -9:14 -8:14 -7:14 -6:14 -5:14 -4:14 -3:14 -2:14 -1:14 +0:618 +5:108 +11:63 +16:81
   err NEAR (pred<=20, the window the tool uses): -22:10 -21:2 -20:2 -19:2 -18:2 -17:2 -16:2 -15:2 -14:2 -13:2 -12:2 -11:131 -10:14 -9:14 -8:14 -7:14 -6:14 -5:14 -4:14 -3:14 -2:14 -1:14 +0:449
   err far  (pred>20, never acted on): -22:34 +0:169 +5:108 +11:63 +16:81
   last descent, landed on tick 137:
     t=106 pred= 36 left= 31  y=    40 vy=  245760 ay=  -13312
     t=107 pred= 35 left= 30  y=    43 vy=  232448 ay=  -13312
     t=108 pred= 34 left= 29  y=    46 vy=  219136 ay=  -13312
     t=109 pred= 33 left= 28  y=    50 vy=  205824 ay=  -13312
     t=110 pred= 32 left= 27  y=    52 vy=  192512 ay=  -13312
     t=111 pred= 31 left= 26  y=    55 vy=  179200 ay=  -13312
     t=112 pred= 30 left= 25  y=    58 vy=  165888 ay=  -13312
     t=113 pred= 29 left= 24  y=    60 vy=  152576 ay=  -13312
     t=114 pred= 28 left= 23  y=    62 vy=  139264 ay=  -13312
     t=115 pred= 11 left= 22  y=    64 vy=       0 ay=  -26624
     t=116 pred= 10 left= 21  y=    64 vy=  -26624 ay=  -26624
     t=117 pred=  9 left= 20  y=    63 vy=  -53248 ay=  -26624
     t=118 pred=  8 left= 19  y=    62 vy=  -79872 ay=  -26624
     t=119 pred=  7 left= 18  y=    60 vy= -106496 ay=  -26624
     t=120 pred=  6 left= 17  y=    58 vy= -133120 ay=  -26624
     t=121 pred=  5 left= 16  y=    56 vy= -159744 ay=  -26624
     t=122 pred=  4 left= 15  y=    53 vy= -186368 ay=  -26624
     t=123 pred=  3 left= 14  y=    49 vy= -212992 ay=  -26624
     t=124 pred=  3 left= 13  y=    49 vy= -212992 ay=  -26624
     t=125 pred=  3 left= 12  y=    49 vy= -212992 ay=  -26624
     t=126 pred=  3 left= 11  y=    49 vy= -212992 ay=  -26624
     t=127 pred=  3 left= 10  y=    49 vy= -212992 ay=  -26624
     t=128 pred=  3 left=  9  y=    49 vy= -212992 ay=  -26624
     t=129 pred=  3 left=  8  y=    49 vy= -212992 ay=  -26624
     t=130 pred=  3 left=  7  y=    49 vy= -212992 ay=  -26624
     t=131 pred=  3 left=  6  y=    49 vy= -212992 ay=  -26624
     t=132 pred=  3 left=  5  y=    49 vy= -212992 ay=  -26624
     t=133 pred=  3 left=  4  y=    49 vy= -212992 ay=  -26624
     t=134 pred=  3 left=  3  y=    49 vy= -212992 ay=  -26624
     t=135 pred=  2 left=  2  y=    46 vy= -239616 ay=  -26624
     t=136 pred=  1 left=  1  y=    42 vy= -266240 ay=  -26624
P2  landings=0  no_prediction_ticks=0
   err all : -
   err NEAR (pred<=20, the window the tool uses): -
   err far  (pred>20, never acted on): -
---- landing prediction ----
P1  landings=43  no_prediction_ticks=0
   err all : -22:56 -21:3 -20:3 -19:3 -18:3 -17:3 -16:3 -15:3 -14:3 -13:3 -12:3 -11:154 -10:15 -9:15 -8:15 -7:15 -6:15 -5:15 -4:15 -3:15 -2:15 -1:15 +0:621 +5:108 +11:63 +16:81
   err NEAR (pred<=20, the window the tool uses): -22:10 -21:2 -20:2 -19:2 -18:2 -17:2 -16:2 -15:2 -14:2 -13:2 -12:2 -11:149 -10:15 -9:15 -8:15 -7:15 -6:15 -5:15 -4:15 -3:15 -2:15 -1:15 +0:452
   err far  (pred>20, never acted on): -22:46 -21:1 -20:1 -19:1 -18:1 -17:1 -16:1 -15:1 -14:1 -13:1 -12:1 -11:5 +0:169 +5:108 +11:63 +16:81
   last descent, landed on tick 245:
     t=187 pred= 36 left= 58  y=    40 vy=  245760 ay=  -13312
     t=188 pred= 35 left= 57  y=    43 vy=  232448 ay=  -13312
     t=189 pred= 34 left= 56  y=    46 vy=  219136 ay=  -13312
     t=190 pred= 33 left= 55  y=    50 vy=  205824 ay=  -13312
     t=191 pred= 32 left= 54  y=    52 vy=  192512 ay=  -13312
     t=192 pred= 31 left= 53  y=    55 vy=  179200 ay=  -13312
     t=193 pred= 30 left= 52  y=    58 vy=  165888 ay=  -13312
     t=194 pred= 29 left= 51  y=    60 vy=  152576 ay=  -13312
     t=195 pred= 28 left= 50  y=    62 vy=  139264 ay=  -13312
     t=196 pred= 27 left= 49  y=    64 vy=  125952 ay=  -13312
     t=197 pred= 26 left= 48  y=    66 vy=  112640 ay=  -13312
     t=198 pred= 25 left= 47  y=    67 vy=   99328 ay=  -13312
     t=199 pred= 25 left= 46  y=    67 vy=   99328 ay=  -13312
     t=200 pred= 25 left= 45  y=    67 vy=   99328 ay=  -13312
     t=201 pred= 25 left= 44  y=    67 vy=   99328 ay=  -13312
     t=202 pred= 25 left= 43  y=    67 vy=   99328 ay=  -13312
     t=203 pred= 25 left= 42  y=    67 vy=   99328 ay=  -13312
     t=204 pred= 25 left= 41  y=    67 vy=   99328 ay=  -13312
     t=205 pred= 25 left= 40  y=    67 vy=   99328 ay=  -13312
     t=206 pred= 25 left= 39  y=    67 vy=   99328 ay=  -13312
     t=207 pred= 25 left= 38  y=    67 vy=   99328 ay=  -13312
     t=208 pred= 25 left= 37  y=    67 vy=   99328 ay=  -13312
     t=209 pred= 25 left= 36  y=    67 vy=   99328 ay=  -13312
     t=210 pred= 24 left= 35  y=    69 vy=   86016 ay=  -13312
     t=211 pred= 23 left= 34  y=    70 vy=   72704 ay=  -13312
     t=212 pred= 22 left= 33  y=    71 vy=   59392 ay=  -13312
     t=213 pred= 21 left= 32  y=    71 vy=   46080 ay=  -13312
     t=214 pred= 20 left= 31  y=    72 vy=   32768 ay=  -13312
     t=215 pred= 19 left= 30  y=    72 vy=   19456 ay=  -13312
     t=216 pred= 18 left= 29  y=    72 vy=    6144 ay=  -13312
     t=217 pred= 17 left= 28  y=    72 vy=   -7168 ay=  -13312
     t=218 pred= 16 left= 27  y=    72 vy=  -20480 ay=  -13312
     t=219 pred= 15 left= 26  y=    71 vy=  -33792 ay=  -13312
     t=220 pred= 14 left= 25  y=    71 vy=  -47104 ay=  -13312
     t=221 pred= 13 left= 24  y=    70 vy=  -60416 ay=  -13312
     t=222 pred= 12 left= 23  y=    69 vy=  -73728 ay=  -13312
     t=223 pred= 11 left= 22  y=    67 vy=  -87040 ay=  -13312
     t=224 pred= 10 left= 21  y=    66 vy= -100352 ay=  -13312
     t=225 pred=  9 left= 20  y=    64 vy= -113664 ay=  -13312
     t=226 pred=  8 left= 19  y=    62 vy= -126976 ay=  -13312
P2  landings=0  no_prediction_ticks=0
   err all : -
   err NEAR (pred<=20, the window the tool uses): -
   err far  (pred>20, never acted on): -
---- landing prediction ----
P1  landings=44  no_prediction_ticks=0
   err all : -22:56 -21:3 -20:3 -19:3 -18:3 -17:3 -16:3 -15:3 -14:3 -13:3 -12:3 -11:154 -10:15 -9:15 -8:15 -7:15 -6:15 -5:15 -4:15 -3:15 -2:15 -1:15 +0:659 +5:108 +11:63 +16:81
   err NEAR (pred<=20, the window the tool uses): -22:10 -21:2 -20:2 -19:2 -18:2 -17:2 -16:2 -15:2 -14:2 -13:2 -12:2 -11:149 -10:15 -9:15 -8:15 -7:15 -6:15 -5:15 -4:15 -3:15 -2:15 -1:15 +0:472
   err far  (pred>20, never acted on): -22:46 -21:1 -20:1 -19:1 -18:1 -17:1 -16:1 -15:1 -14:1 -13:1 -12:1 -11:5 +0:187 +5:108 +11:63 +16:81
   last descent, landed on tick 48:
     t= 10 pred= 38 left= 38  y=    40 vy=  622592 ay=  -32000
     t= 11 pred= 37 left= 37  y=    49 vy=  590592 ay=  -32000
     t= 12 pred= 36 left= 36  y=    57 vy=  558592 ay=  -32000
     t= 13 pred= 35 left= 35  y=    65 vy=  526592 ay=  -32000
     t= 14 pred= 34 left= 34  y=    73 vy=  494592 ay=  -32000
     t= 15 pred= 33 left= 33  y=    80 vy=  462592 ay=  -32000
     t= 16 pred= 32 left= 32  y=    86 vy=  430592 ay=  -32000
     t= 17 pred= 31 left= 31  y=    92 vy=  398592 ay=  -32000
     t= 18 pred= 30 left= 30  y=    98 vy=  366592 ay=  -32000
     t= 19 pred= 29 left= 29  y=   103 vy=  334592 ay=  -32000
     t= 20 pred= 28 left= 28  y=   108 vy=  302592 ay=  -32000
     t= 21 pred= 27 left= 27  y=   112 vy=  270592 ay=  -32000
     t= 22 pred= 26 left= 26  y=   115 vy=  238592 ay=  -32000
     t= 23 pred= 25 left= 25  y=   119 vy=  206592 ay=  -32000
     t= 24 pred= 24 left= 24  y=   121 vy=  174592 ay=  -32000
     t= 25 pred= 23 left= 23  y=   123 vy=  142592 ay=  -32000
     t= 26 pred= 22 left= 22  y=   125 vy=  110592 ay=  -32000
     t= 27 pred= 21 left= 21  y=   126 vy=   78592 ay=  -32000
     t= 28 pred= 20 left= 20  y=   127 vy=   46592 ay=  -32000
     t= 29 pred= 19 left= 19  y=   127 vy=   14592 ay=  -32000
     t= 30 pred= 18 left= 18  y=   127 vy=  -17408 ay=  -32000
     t= 31 pred= 17 left= 17  y=   126 vy=  -49408 ay=  -32000
     t= 32 pred= 16 left= 16  y=   125 vy=  -81408 ay=  -32000
     t= 33 pred= 15 left= 15  y=   123 vy= -113408 ay=  -32000
     t= 34 pred= 14 left= 14  y=   121 vy= -145408 ay=  -32000
     t= 35 pred= 13 left= 13  y=   118 vy= -177408 ay=  -32000
     t= 36 pred= 12 left= 12  y=   115 vy= -209408 ay=  -32000
     t= 37 pred= 11 left= 11  y=   111 vy= -241408 ay=  -32000
     t= 38 pred= 10 left= 10  y=   107 vy= -273408 ay=  -32000
     t= 39 pred=  9 left=  9  y=   103 vy= -305408 ay=  -32000
     t= 40 pred=  8 left=  8  y=    97 vy= -337408 ay=  -32000
     t= 41 pred=  7 left=  7  y=    92 vy= -369408 ay=  -32000
     t= 42 pred=  6 left=  6  y=    86 vy= -401408 ay=  -32000
     t= 43 pred=  5 left=  5  y=    79 vy= -433408 ay=  -32000
     t= 44 pred=  4 left=  4  y=    72 vy= -465408 ay=  -32000
     t= 45 pred=  3 left=  3  y=    64 vy= -497408 ay=  -32000
     t= 46 pred=  2 left=  2  y=    56 vy= -529408 ay=  -32000
     t= 47 pred=  1 left=  1  y=    48 vy= -561408 ay=  -32000
P2  landings=0  no_prediction_ticks=0
   err all : -
   err NEAR (pred<=20, the window the tool uses): -
   err far  (pred>20, never acted on): -
---- landing prediction ----
P1  landings=45  no_prediction_ticks=0
   err all : -22:56 -21:3 -20:3 -19:3 -18:3 -17:3 -16:3 -15:3 -14:3 -13:3 -12:3 -11:189 -10:16 -9:16 -8:16 -7:16 -6:16 -5:16 -4:16 -3:16 -2:16 -1:16 +0:663 +5:108 +11:63 +16:81
   err NEAR (pred<=20, the window the tool uses): -22:10 -21:2 -20:2 -19:2 -18:2 -17:2 -16:2 -15:2 -14:2 -13:2 -12:2 -11:166 -10:16 -9:16 -8:16 -7:16 -6:16 -5:16 -4:16 -3:16 -2:16 -1:16 +0:476
   err far  (pred>20, never acted on): -22:46 -21:1 -20:1 -19:1 -18:1 -17:1 -16:1 -15:1 -14:1 -13:1 -12:1 -11:23 +0:187 +5:108 +11:63 +16:81
   last descent, landed on tick 137:
     t= 88 pred= 38 left= 49  y=    40 vy=  614400 ay=  -32000
     t= 89 pred= 37 left= 48  y=    48 vy=  582400 ay=  -32000
     t= 90 pred= 36 left= 47  y=    57 vy=  550400 ay=  -32000
     t= 91 pred= 35 left= 46  y=    65 vy=  518400 ay=  -32000
     t= 92 pred= 34 left= 45  y=    72 vy=  486400 ay=  -32000
     t= 93 pred= 33 left= 44  y=    79 vy=  454400 ay=  -32000
     t= 94 pred= 32 left= 43  y=    85 vy=  422400 ay=  -32000
     t= 95 pred= 31 left= 42  y=    91 vy=  390400 ay=  -32000
     t= 96 pred= 30 left= 41  y=    97 vy=  358400 ay=  -32000
     t= 97 pred= 29 left= 40  y=   102 vy=  326400 ay=  -32000
     t= 98 pred= 28 left= 39  y=   106 vy=  294400 ay=  -32000
     t= 99 pred= 27 left= 38  y=   110 vy=  262400 ay=  -32000
     t=100 pred= 26 left= 37  y=   114 vy=  230400 ay=  -32000
     t=101 pred= 25 left= 36  y=   117 vy=  198400 ay=  -32000
     t=102 pred= 24 left= 35  y=   119 vy=  166400 ay=  -32000
     t=103 pred= 23 left= 34  y=   122 vy=  134400 ay=  -32000
     t=104 pred= 22 left= 33  y=   123 vy=  102400 ay=  -32000
     t=105 pred= 21 left= 32  y=   124 vy=   70400 ay=  -32000
     t=106 pred= 20 left= 31  y=   125 vy=   38400 ay=  -32000
     t=107 pred= 19 left= 30  y=   125 vy=    6400 ay=  -32000
     t=108 pred= 18 left= 29  y=   124 vy=  -25600 ay=  -32000
     t=109 pred= 17 left= 28  y=   124 vy=  -57600 ay=  -32000
     t=110 pred= 16 left= 27  y=   122 vy=  -89600 ay=  -32000
     t=111 pred= 15 left= 26  y=   120 vy= -121600 ay=  -32000
     t=112 pred= 14 left= 25  y=   118 vy= -153600 ay=  -32000
     t=113 pred= 13 left= 24  y=   115 vy= -185600 ay=  -32000
     t=114 pred= 12 left= 23  y=   112 vy= -217600 ay=  -32000
     t=115 pred= 11 left= 22  y=   108 vy= -249600 ay=  -32000
     t=116 pred= 10 left= 21  y=   104 vy= -281600 ay=  -32000
     t=117 pred=  9 left= 20  y=    99 vy= -313600 ay=  -32000
     t=118 pred=  8 left= 19  y=    94 vy= -345600 ay=  -32000
     t=119 pred=  7 left= 18  y=    88 vy= -377600 ay=  -32000
     t=120 pred=  6 left= 17  y=    82 vy= -409600 ay=  -32000
     t=121 pred=  5 left= 16  y=    75 vy= -441600 ay=  -32000
     t=122 pred=  4 left= 15  y=    68 vy= -473600 ay=  -32000
     t=123 pred=  4 left= 14  y=    68 vy= -473600 ay=  -32000
     t=124 pred=  4 left= 13  y=    68 vy= -473600 ay=  -32000
     t=125 pred=  4 left= 12  y=    68 vy= -473600 ay=  -32000
     t=126 pred=  4 left= 11  y=    68 vy= -473600 ay=  -32000
     t=127 pred=  4 left= 10  y=    68 vy= -473600 ay=  -32000
P2  landings=0  no_prediction_ticks=0
   err all : -
   err NEAR (pred<=20, the window the tool uses): -
   err far  (pred>20, never acted on): -
---- landing prediction ----
P1  landings=46  no_prediction_ticks=0
   err all : -22:56 -21:3 -20:3 -19:3 -18:3 -17:3 -16:3 -15:3 -14:3 -13:3 -12:3 -11:198 -10:17 -9:17 -8:17 -7:17 -6:17 -5:17 -4:17 -3:17 -2:17 -1:17 +0:666 +5:117 +11:63 +16:81
   err NEAR (pred<=20, the window the tool uses): -22:10 -21:2 -20:2 -19:2 -18:2 -17:2 -16:2 -15:2 -14:2 -13:2 -12:2 -11:175 -10:17 -9:17 -8:17 -7:17 -6:17 -5:17 -4:17 -3:17 -2:17 -1:17 +0:479
   err far  (pred>20, never acted on): -22:46 -21:1 -20:1 -19:1 -18:1 -17:1 -16:1 -15:1 -14:1 -13:1 -12:1 -11:23 +0:187 +5:117 +11:63 +16:81
   last descent, landed on tick 201:
     t=170 pred= 36 left= 31  y=    40 vy=  245760 ay=  -13312
     t=171 pred= 35 left= 30  y=    43 vy=  232448 ay=  -13312
     t=172 pred= 34 left= 29  y=    46 vy=  219136 ay=  -13312
     t=173 pred= 33 left= 28  y=    50 vy=  205824 ay=  -13312
     t=174 pred= 32 left= 27  y=    52 vy=  192512 ay=  -13312
     t=175 pred= 31 left= 26  y=    55 vy=  179200 ay=  -13312
     t=176 pred= 30 left= 25  y=    58 vy=  165888 ay=  -13312
     t=177 pred= 29 left= 24  y=    60 vy=  152576 ay=  -13312
     t=178 pred= 28 left= 23  y=    62 vy=  139264 ay=  -13312
     t=179 pred= 11 left= 22  y=    64 vy=       0 ay=  -26624
     t=180 pred= 10 left= 21  y=    64 vy=  -26624 ay=  -26624
     t=181 pred=  9 left= 20  y=    63 vy=  -53248 ay=  -26624
     t=182 pred=  8 left= 19  y=    62 vy=  -79872 ay=  -26624
     t=183 pred=  7 left= 18  y=    60 vy= -106496 ay=  -26624
     t=184 pred=  6 left= 17  y=    58 vy= -133120 ay=  -26624
     t=185 pred=  5 left= 16  y=    56 vy= -159744 ay=  -26624
     t=186 pred=  4 left= 15  y=    53 vy= -186368 ay=  -26624
     t=187 pred=  3 left= 14  y=    49 vy= -212992 ay=  -26624
     t=188 pred=  3 left= 13  y=    49 vy= -212992 ay=  -26624
     t=189 pred=  3 left= 12  y=    49 vy= -212992 ay=  -26624
     t=190 pred=  3 left= 11  y=    49 vy= -212992 ay=  -26624
     t=191 pred=  3 left= 10  y=    49 vy= -212992 ay=  -26624
     t=192 pred=  3 left=  9  y=    49 vy= -212992 ay=  -26624
     t=193 pred=  3 left=  8  y=    49 vy= -212992 ay=  -26624
     t=194 pred=  3 left=  7  y=    49 vy= -212992 ay=  -26624
     t=195 pred=  3 left=  6  y=    49 vy= -212992 ay=  -26624
     t=196 pred=  3 left=  5  y=    49 vy= -212992 ay=  -26624
     t=197 pred=  3 left=  4  y=    49 vy= -212992 ay=  -26624
     t=198 pred=  3 left=  3  y=    49 vy= -212992 ay=  -26624
     t=199 pred=  2 left=  2  y=    46 vy= -239616 ay=  -26624
     t=200 pred=  1 left=  1  y=    42 vy= -266240 ay=  -26624
P2  landings=0  no_prediction_ticks=0
   err all : -
   err NEAR (pred<=20, the window the tool uses): -
   err far  (pred>20, never acted on): -
---- landing prediction ----
P1  landings=47  no_prediction_ticks=0
   err all : -22:56 -21:3 -20:3 -19:3 -18:3 -17:3 -16:3 -15:3 -14:3 -13:3 -12:3 -11:198 -10:17 -9:17 -8:17 -7:17 -6:17 -5:17 -4:17 -3:17 -2:17 -1:17 +0:677 +5:117 +11:63 +16:90
   err NEAR (pred<=20, the window the tool uses): -22:10 -21:2 -20:2 -19:2 -18:2 -17:2 -16:2 -15:2 -14:2 -13:2 -12:2 -11:175 -10:17 -9:17 -8:17 -7:17 -6:17 -5:17 -4:17 -3:17 -2:17 -1:17 +0:490
   err far  (pred>20, never acted on): -22:46 -21:1 -20:1 -19:1 -18:1 -17:1 -16:1 -15:1 -14:1 -13:1 -12:1 -11:23 +0:187 +5:117 +11:63 +16:90
   last descent, landed on tick 21:
     t=  1 pred= 36 left= 20  y=    40 vy=  245760 ay=  -13312
     t=  2 pred= 35 left= 19  y=    43 vy=  232448 ay=  -13312
     t=  3 pred= 34 left= 18  y=    46 vy=  219136 ay=  -13312
     t=  4 pred= 33 left= 17  y=    50 vy=  205824 ay=  -13312
     t=  5 pred= 32 left= 16  y=    52 vy=  192512 ay=  -13312
     t=  6 pred= 31 left= 15  y=    55 vy=  179200 ay=  -13312
     t=  7 pred= 30 left= 14  y=    58 vy=  165888 ay=  -13312
     t=  8 pred= 29 left= 13  y=    60 vy=  152576 ay=  -13312
     t=  9 pred= 28 left= 12  y=    62 vy=  139264 ay=  -13312
     t= 10 pred= 11 left= 11  y=    64 vy=       0 ay=  -26624
     t= 11 pred= 10 left= 10  y=    64 vy=  -26624 ay=  -26624
     t= 12 pred=  9 left=  9  y=    63 vy=  -53248 ay=  -26624
     t= 13 pred=  8 left=  8  y=    62 vy=  -79872 ay=  -26624
     t= 14 pred=  7 left=  7  y=    60 vy= -106496 ay=  -26624
     t= 15 pred=  6 left=  6  y=    58 vy= -133120 ay=  -26624
     t= 16 pred=  5 left=  5  y=    56 vy= -159744 ay=  -26624
     t= 17 pred=  4 left=  4  y=    53 vy= -186368 ay=  -26624
     t= 18 pred=  3 left=  3  y=    49 vy= -212992 ay=  -26624
     t= 19 pred=  2 left=  2  y=    46 vy= -239616 ay=  -26624
     t= 20 pred=  1 left=  1  y=    42 vy= -266240 ay=  -26624
P2  landings=0  no_prediction_ticks=0
   err all : -
   err NEAR (pred<=20, the window the tool uses): -
   err far  (pred>20, never acted on): -
---- landing prediction ----
P1  landings=48  no_prediction_ticks=0
   err all : -22:56 -21:3 -20:3 -19:3 -18:3 -17:3 -16:3 -15:3 -14:3 -13:3 -12:3 -11:207 -10:18 -9:18 -8:18 -7:18 -6:18 -5:18 -4:18 -3:18 -2:18 -1:18 +0:680 +5:126 +11:63 +16:90
   err NEAR (pred<=20, the window the tool uses): -22:10 -21:2 -20:2 -19:2 -18:2 -17:2 -16:2 -15:2 -14:2 -13:2 -12:2 -11:184 -10:18 -9:18 -8:18 -7:18 -6:18 -5:18 -4:18 -3:18 -2:18 -1:18 +0:493
   err far  (pred>20, never acted on): -22:46 -21:1 -20:1 -19:1 -18:1 -17:1 -16:1 -15:1 -14:1 -13:1 -12:1 -11:23 +0:187 +5:126 +11:63 +16:90
   last descent, landed on tick 65:
     t= 34 pred= 36 left= 31  y=    40 vy=  245760 ay=  -13312
     t= 35 pred= 35 left= 30  y=    43 vy=  232448 ay=  -13312
     t= 36 pred= 34 left= 29  y=    46 vy=  219136 ay=  -13312
     t= 37 pred= 33 left= 28  y=    50 vy=  205824 ay=  -13312
     t= 38 pred= 32 left= 27  y=    52 vy=  192512 ay=  -13312
     t= 39 pred= 31 left= 26  y=    55 vy=  179200 ay=  -13312
     t= 40 pred= 30 left= 25  y=    58 vy=  165888 ay=  -13312
     t= 41 pred= 29 left= 24  y=    60 vy=  152576 ay=  -13312
     t= 42 pred= 28 left= 23  y=    62 vy=  139264 ay=  -13312
     t= 43 pred= 11 left= 22  y=    64 vy=       0 ay=  -26624
     t= 44 pred= 10 left= 21  y=    64 vy=  -26624 ay=  -26624
     t= 45 pred=  9 left= 20  y=    63 vy=  -53248 ay=  -26624
     t= 46 pred=  8 left= 19  y=    62 vy=  -79872 ay=  -26624
     t= 47 pred=  7 left= 18  y=    60 vy= -106496 ay=  -26624
     t= 48 pred=  6 left= 17  y=    58 vy= -133120 ay=  -26624
     t= 49 pred=  5 left= 16  y=    56 vy= -159744 ay=  -26624
     t= 50 pred=  4 left= 15  y=    53 vy= -186368 ay=  -26624
     t= 51 pred=  3 left= 14  y=    49 vy= -212992 ay=  -26624
     t= 52 pred=  3 left= 13  y=    49 vy= -212992 ay=  -26624
     t= 53 pred=  3 left= 12  y=    49 vy= -212992 ay=  -26624
     t= 54 pred=  3 left= 11  y=    49 vy= -212992 ay=  -26624
     t= 55 pred=  3 left= 10  y=    49 vy= -212992 ay=  -26624
     t= 56 pred=  3 left=  9  y=    49 vy= -212992 ay=  -26624
     t= 57 pred=  3 left=  8  y=    49 vy= -212992 ay=  -26624
     t= 58 pred=  3 left=  7  y=    49 vy= -212992 ay=  -26624
     t= 59 pred=  3 left=  6  y=    49 vy= -212992 ay=  -26624
     t= 60 pred=  3 left=  5  y=    49 vy= -212992 ay=  -26624
     t= 61 pred=  3 left=  4  y=    49 vy= -212992 ay=  -26624
     t= 62 pred=  3 left=  3  y=    49 vy= -212992 ay=  -26624
     t= 63 pred=  2 left=  2  y=    46 vy= -239616 ay=  -26624
     t= 64 pred=  1 left=  1  y=    42 vy= -266240 ay=  -26624
P2  landings=0  no_prediction_ticks=0
   err all : -
   err NEAR (pred<=20, the window the tool uses): -
   err far  (pred>20, never acted on): -
---- landing prediction ----
P1  landings=49  no_prediction_ticks=0
   err all : -22:56 -21:3 -20:3 -19:3 -18:3 -17:3 -16:3 -15:3 -14:3 -13:3 -12:3 -11:214 -10:19 -9:19 -8:19 -7:19 -6:19 -5:19 -4:19 -3:19 -2:19 -1:19 +0:685 +5:135 +11:63 +16:90
   err NEAR (pred<=20, the window the tool uses): -22:10 -21:2 -20:2 -19:2 -18:2 -17:2 -16:2 -15:2 -14:2 -13:2 -12:2 -11:191 -10:19 -9:19 -8:19 -7:19 -6:19 -5:19 -4:19 -3:19 -2:19 -1:19 +0:498
   err far  (pred>20, never acted on): -22:46 -21:1 -20:1 -19:1 -18:1 -17:1 -16:1 -15:1 -14:1 -13:1 -12:1 -11:23 +0:187 +5:135 +11:63 +16:90
   last descent, landed on tick 101:
     t= 70 pred= 36 left= 31  y=    40 vy=  245760 ay=  -13312
     t= 71 pred= 35 left= 30  y=    43 vy=  232448 ay=  -13312
     t= 72 pred= 34 left= 29  y=    46 vy=  219136 ay=  -13312
     t= 73 pred= 33 left= 28  y=    50 vy=  205824 ay=  -13312
     t= 74 pred= 32 left= 27  y=    52 vy=  192512 ay=  -13312
     t= 75 pred= 31 left= 26  y=    55 vy=  179200 ay=  -13312
     t= 76 pred= 30 left= 25  y=    58 vy=  165888 ay=  -13312
     t= 77 pred= 29 left= 24  y=    60 vy=  152576 ay=  -13312
     t= 78 pred= 28 left= 23  y=    62 vy=  139264 ay=  -13312
     t= 79 pred= 11 left= 22  y=    64 vy=       0 ay=  -26624
     t= 80 pred= 10 left= 21  y=    64 vy=  -26624 ay=  -26624
     t= 81 pred=  9 left= 20  y=    63 vy=  -53248 ay=  -26624
     t= 82 pred=  8 left= 19  y=    62 vy=  -79872 ay=  -26624
     t= 83 pred=  7 left= 18  y=    60 vy= -106496 ay=  -26624
     t= 84 pred=  6 left= 17  y=    58 vy= -133120 ay=  -26624
     t= 85 pred=  5 left= 16  y=    56 vy= -159744 ay=  -26624
     t= 86 pred=  5 left= 15  y=    56 vy= -159744 ay=  -26624
     t= 87 pred=  5 left= 14  y=    56 vy= -159744 ay=  -26624
     t= 88 pred=  5 left= 13  y=    56 vy= -159744 ay=  -26624
     t= 89 pred=  5 left= 12  y=    56 vy= -159744 ay=  -26624
     t= 90 pred=  5 left= 11  y=    56 vy= -159744 ay=  -26624
     t= 91 pred=  5 left= 10  y=    56 vy= -159744 ay=  -26624
     t= 92 pred=  5 left=  9  y=    56 vy= -159744 ay=  -26624
     t= 93 pred=  5 left=  8  y=    56 vy= -159744 ay=  -26624
     t= 94 pred=  5 left=  7  y=    56 vy= -159744 ay=  -26624
     t= 95 pred=  5 left=  6  y=    56 vy= -159744 ay=  -26624
     t= 96 pred=  5 left=  5  y=    56 vy= -159744 ay=  -26624
     t= 97 pred=  4 left=  4  y=    53 vy= -186368 ay=  -26624
     t= 98 pred=  3 left=  3  y=    49 vy= -212992 ay=  -26624
     t= 99 pred=  2 left=  2  y=    46 vy= -239616 ay=  -26624
     t=100 pred=  1 left=  1  y=    42 vy= -266240 ay=  -26624
P2  landings=0  no_prediction_ticks=0
   err all : -
   err NEAR (pred<=20, the window the tool uses): -
   err far  (pred>20, never acted on): -
---- landing prediction ----
P1  landings=50  no_prediction_ticks=0
   err all : -45:7 -38:1 -36:1 -34:1 -32:1 -30:1 -29:9 -28:1 -26:1 -24:1 -22:57 -21:3 -20:4 -19:3 -18:4 -17:3 -16:4 -15:3 -14:4 -13:3 -12:4 -11:214 -10:20 -9:20 -8:20 -7:20 -6:20 -5:20 -4:20 -3:20 -2:20 -1:20 +0:689 +5:135 +11:63 +16:90
   err NEAR (pred<=20, the window the tool uses): -45:7 -38:1 -36:1 -34:1 -32:1 -30:1 -28:1 -26:1 -24:1 -22:11 -21:2 -20:3 -19:2 -18:3 -17:2 -16:3 -15:2 -14:3 -13:2 -12:3 -11:191 -10:20 -9:20 -8:20 -7:20 -6:20 -5:20 -4:20 -3:20 -2:20 -1:20 +0:502
   err far  (pred>20, never acted on): -29:9 -22:46 -21:1 -20:1 -19:1 -18:1 -17:1 -16:1 -15:1 -14:1 -13:1 -12:1 -11:23 +0:187 +5:135 +11:63 +16:90
   last descent, landed on tick 174:
     t=109 pred= 36 left= 65  y=    40 vy=  245760 ay=  -13312
     t=110 pred= 35 left= 64  y=    43 vy=  232448 ay=  -13312
     t=111 pred= 34 left= 63  y=    46 vy=  219136 ay=  -13312
     t=112 pred= 33 left= 62  y=    50 vy=  205824 ay=  -13312
     t=113 pred= 32 left= 61  y=    52 vy=  192512 ay=  -13312
     t=114 pred= 31 left= 60  y=    55 vy=  179200 ay=  -13312
     t=115 pred= 30 left= 59  y=    58 vy=  165888 ay=  -13312
     t=116 pred= 29 left= 58  y=    60 vy=  152576 ay=  -13312
     t=117 pred= 28 left= 57  y=    62 vy=  139264 ay=  -13312
     t=118 pred= 11 left= 56  y=    64 vy=       0 ay=  -26624
     t=119 pred= 10 left= 55  y=    64 vy=  -26624 ay=  -26624
     t=120 pred=  9 left= 54  y=    63 vy=  -53248 ay=  -26624
     t=121 pred=  8 left= 53  y=    62 vy=  -79872 ay=  -26624
     t=122 pred=  7 left= 52  y=    60 vy= -106496 ay=  -26624
     t=123 pred=  6 left= 51  y=    58 vy= -133120 ay=  -26624
     t=124 pred=  5 left= 50  y=    56 vy= -159744 ay=  -26624
     t=132 pred=  4 left= 42  y=    53 vy= -186368 ay=  -26624
     t=134 pred=  4 left= 40  y=    53 vy= -186368 ay=  -26624
     t=136 pred=  4 left= 38  y=    53 vy= -186368 ay=  -26624
     t=138 pred=  4 left= 36  y=    53 vy= -186368 ay=  -26624
     t=140 pred=  4 left= 34  y=    53 vy= -186368 ay=  -26624
     t=142 pred=  4 left= 32  y=    53 vy= -186368 ay=  -26624
     t=144 pred=  4 left= 30  y=    53 vy= -186368 ay=  -26624
     t=146 pred=  4 left= 28  y=    53 vy= -186368 ay=  -26624
     t=148 pred=  4 left= 26  y=    53 vy= -186368 ay=  -26624
     t=150 pred=  4 left= 24  y=    53 vy= -186368 ay=  -26624
     t=152 pred=  4 left= 22  y=    53 vy= -186368 ay=  -26624
     t=154 pred=  4 left= 20  y=    53 vy= -186368 ay=  -26624
     t=156 pred=  4 left= 18  y=    53 vy= -186368 ay=  -26624
     t=158 pred=  4 left= 16  y=    53 vy= -186368 ay=  -26624
     t=160 pred=  4 left= 14  y=    53 vy= -186368 ay=  -26624
     t=161 pred=  4 left= 13  y=    53 vy= -186368 ay=  -26624
     t=162 pred=  4 left= 12  y=    53 vy= -186368 ay=  -26624
     t=163 pred=  4 left= 11  y=    53 vy= -186368 ay=  -26624
     t=164 pred=  4 left= 10  y=    53 vy= -186368 ay=  -26624
     t=165 pred=  4 left=  9  y=    53 vy= -186368 ay=  -26624
     t=166 pred=  4 left=  8  y=    53 vy= -186368 ay=  -26624
     t=167 pred=  4 left=  7  y=    53 vy= -186368 ay=  -26624
     t=168 pred=  4 left=  6  y=    53 vy= -186368 ay=  -26624
     t=169 pred=  4 left=  5  y=    53 vy= -186368 ay=  -26624
P2  landings=0  no_prediction_ticks=25
   err all : -
   err NEAR (pred<=20, the window the tool uses): -
   err far  (pred>20, never acted on): -
---- landing prediction ----
P1  landings=50  no_prediction_ticks=0
   err all : -45:7 -38:1 -36:1 -34:1 -32:1 -30:1 -29:9 -28:1 -26:1 -24:1 -22:57 -21:3 -20:4 -19:3 -18:4 -17:3 -16:4 -15:3 -14:4 -13:3 -12:4 -11:214 -10:20 -9:20 -8:20 -7:20 -6:20 -5:20 -4:20 -3:20 -2:20 -1:20 +0:689 +5:135 +11:63 +16:90
   err NEAR (pred<=20, the window the tool uses): -45:7 -38:1 -36:1 -34:1 -32:1 -30:1 -28:1 -26:1 -24:1 -22:11 -21:2 -20:3 -19:2 -18:3 -17:2 -16:3 -15:2 -14:3 -13:2 -12:3 -11:191 -10:20 -9:20 -8:20 -7:20 -6:20 -5:20 -4:20 -3:20 -2:20 -1:20 +0:502
   err far  (pred>20, never acted on): -29:9 -22:46 -21:1 -20:1 -19:1 -18:1 -17:1 -16:1 -15:1 -14:1 -13:1 -12:1 -11:23 +0:187 +5:135 +11:63 +16:90
   last descent, landed on tick 174:
     t=109 pred= 36 left= 65  y=    40 vy=  245760 ay=  -13312
     t=110 pred= 35 left= 64  y=    43 vy=  232448 ay=  -13312
     t=111 pred= 34 left= 63  y=    46 vy=  219136 ay=  -13312
     t=112 pred= 33 left= 62  y=    50 vy=  205824 ay=  -13312
     t=113 pred= 32 left= 61  y=    52 vy=  192512 ay=  -13312
     t=114 pred= 31 left= 60  y=    55 vy=  179200 ay=  -13312
     t=115 pred= 30 left= 59  y=    58 vy=  165888 ay=  -13312
     t=116 pred= 29 left= 58  y=    60 vy=  152576 ay=  -13312
     t=117 pred= 28 left= 57  y=    62 vy=  139264 ay=  -13312
     t=118 pred= 11 left= 56  y=    64 vy=       0 ay=  -26624
     t=119 pred= 10 left= 55  y=    64 vy=  -26624 ay=  -26624
     t=120 pred=  9 left= 54  y=    63 vy=  -53248 ay=  -26624
     t=121 pred=  8 left= 53  y=    62 vy=  -79872 ay=  -26624
     t=122 pred=  7 left= 52  y=    60 vy= -106496 ay=  -26624
     t=123 pred=  6 left= 51  y=    58 vy= -133120 ay=  -26624
     t=124 pred=  5 left= 50  y=    56 vy= -159744 ay=  -26624
     t=132 pred=  4 left= 42  y=    53 vy= -186368 ay=  -26624
     t=134 pred=  4 left= 40  y=    53 vy= -186368 ay=  -26624
     t=136 pred=  4 left= 38  y=    53 vy= -186368 ay=  -26624
     t=138 pred=  4 left= 36  y=    53 vy= -186368 ay=  -26624
     t=140 pred=  4 left= 34  y=    53 vy= -186368 ay=  -26624
     t=142 pred=  4 left= 32  y=    53 vy= -186368 ay=  -26624
     t=144 pred=  4 left= 30  y=    53 vy= -186368 ay=  -26624
     t=146 pred=  4 left= 28  y=    53 vy= -186368 ay=  -26624
     t=148 pred=  4 left= 26  y=    53 vy= -186368 ay=  -26624
     t=150 pred=  4 left= 24  y=    53 vy= -186368 ay=  -26624
     t=152 pred=  4 left= 22  y=    53 vy= -186368 ay=  -26624
     t=154 pred=  4 left= 20  y=    53 vy= -186368 ay=  -26624
     t=156 pred=  4 left= 18  y=    53 vy= -186368 ay=  -26624
     t=158 pred=  4 left= 16  y=    53 vy= -186368 ay=  -26624
     t=160 pred=  4 left= 14  y=    53 vy= -186368 ay=  -26624
     t=161 pred=  4 left= 13  y=    53 vy= -186368 ay=  -26624
     t=162 pred=  4 left= 12  y=    53 vy= -186368 ay=  -26624
     t=163 pred=  4 left= 11  y=    53 vy= -186368 ay=  -26624
     t=164 pred=  4 left= 10  y=    53 vy= -186368 ay=  -26624
     t=165 pred=  4 left=  9  y=    53 vy= -186368 ay=  -26624
     t=166 pred=  4 left=  8  y=    53 vy= -186368 ay=  -26624
     t=167 pred=  4 left=  7  y=    53 vy= -186368 ay=  -26624
     t=168 pred=  4 left=  6  y=    53 vy= -186368 ay=  -26624
     t=169 pred=  4 left=  5  y=    53 vy= -186368 ay=  -26624
P2  landings=1  no_prediction_ticks=25
   err all : +0:33
   err NEAR (pred<=20, the window the tool uses): +0:20
   err far  (pred>20, never acted on): +0:13
   last descent, landed on tick 205:
     t=134 pred= -1 left= 71  y=    40 vy=       0 ay=       0
     t=136 pred= -1 left= 69  y=    40 vy=       0 ay=       0
     t=138 pred= -1 left= 67  y=    40 vy=       0 ay=       0
     t=140 pred= -1 left= 65  y=    40 vy=       0 ay=       0
     t=142 pred= -1 left= 63  y=    40 vy=       0 ay=       0
     t=144 pred= -1 left= 61  y=    40 vy=       0 ay=       0
     t=146 pred= -1 left= 59  y=    40 vy=       0 ay=       0
     t=148 pred= -1 left= 57  y=    40 vy=       0 ay=       0
     t=150 pred= -1 left= 55  y=    40 vy=       0 ay=       0
     t=152 pred= -1 left= 53  y=    40 vy=       0 ay=       0
     t=154 pred= -1 left= 51  y=    40 vy=       0 ay=       0
     t=156 pred= -1 left= 49  y=    40 vy=       0 ay=       0
     t=158 pred= -1 left= 47  y=    40 vy=       0 ay=       0
     t=160 pred= -1 left= 45  y=    40 vy=       0 ay=       0
     t=161 pred= -1 left= 44  y=    40 vy=       0 ay=       0
     t=162 pred= -1 left= 43  y=    40 vy=       0 ay=       0
     t=163 pred= -1 left= 42  y=    40 vy=       0 ay=       0
     t=164 pred= -1 left= 41  y=    40 vy=       0 ay=       0
     t=165 pred= -1 left= 40  y=    40 vy=       0 ay=       0
     t=166 pred= -1 left= 39  y=    40 vy=       0 ay=       0
     t=167 pred= -1 left= 38  y=    40 vy=       0 ay=       0
     t=168 pred= -1 left= 37  y=    40 vy=       0 ay=       0
     t=169 pred= -1 left= 36  y=    40 vy=       0 ay=       0
     t=170 pred= -1 left= 35  y=    40 vy=       0 ay=       0
     t=171 pred= -1 left= 34  y=    40 vy=       0 ay=       0
     t=172 pred= 33 left= 33  y=    47 vy=  493568 ay=  -30720
     t=173 pred= 32 left= 32  y=    54 vy=  462848 ay=  -30720
     t=174 pred= 31 left= 31  y=    61 vy=  432128 ay=  -30720
     t=175 pred= 30 left= 30  y=    67 vy=  401408 ay=  -30720
     t=176 pred= 29 left= 29  y=    72 vy=  370688 ay=  -30720
     t=177 pred= 28 left= 28  y=    78 vy=  339968 ay=  -30720
     t=178 pred= 27 left= 27  y=    82 vy=  309248 ay=  -30720
     t=179 pred= 26 left= 26  y=    87 vy=  278528 ay=  -30720
     t=180 pred= 25 left= 25  y=    90 vy=  247808 ay=  -30720
     t=181 pred= 24 left= 24  y=    94 vy=  217088 ay=  -30720
     t=182 pred= 23 left= 23  y=    97 vy=  186368 ay=  -30720
     t=183 pred= 22 left= 22  y=    99 vy=  155648 ay=  -30720
     t=184 pred= 21 left= 21  y=   101 vy=  124928 ay=  -30720
     t=185 pred= 20 left= 20  y=   102 vy=   94208 ay=  -30720
     t=186 pred= 19 left= 19  y=   103 vy=   63488 ay=  -30720
---- landing prediction ----
P1  landings=50  no_prediction_ticks=0
   err all : -45:7 -38:1 -36:1 -34:1 -32:1 -30:1 -29:9 -28:1 -26:1 -24:1 -22:57 -21:3 -20:4 -19:3 -18:4 -17:3 -16:4 -15:3 -14:4 -13:3 -12:4 -11:214 -10:20 -9:20 -8:20 -7:20 -6:20 -5:20 -4:20 -3:20 -2:20 -1:20 +0:689 +5:135 +11:63 +16:90
   err NEAR (pred<=20, the window the tool uses): -45:7 -38:1 -36:1 -34:1 -32:1 -30:1 -28:1 -26:1 -24:1 -22:11 -21:2 -20:3 -19:2 -18:3 -17:2 -16:3 -15:2 -14:3 -13:2 -12:3 -11:191 -10:20 -9:20 -8:20 -7:20 -6:20 -5:20 -4:20 -3:20 -2:20 -1:20 +0:502
   err far  (pred>20, never acted on): -29:9 -22:46 -21:1 -20:1 -19:1 -18:1 -17:1 -16:1 -15:1 -14:1 -13:1 -12:1 -11:23 +0:187 +5:135 +11:63 +16:90
   last descent, landed on tick 174:
     t=109 pred= 36 left= 65  y=    40 vy=  245760 ay=  -13312
     t=110 pred= 35 left= 64  y=    43 vy=  232448 ay=  -13312
     t=111 pred= 34 left= 63  y=    46 vy=  219136 ay=  -13312
     t=112 pred= 33 left= 62  y=    50 vy=  205824 ay=  -13312
     t=113 pred= 32 left= 61  y=    52 vy=  192512 ay=  -13312
     t=114 pred= 31 left= 60  y=    55 vy=  179200 ay=  -13312
     t=115 pred= 30 left= 59  y=    58 vy=  165888 ay=  -13312
     t=116 pred= 29 left= 58  y=    60 vy=  152576 ay=  -13312
     t=117 pred= 28 left= 57  y=    62 vy=  139264 ay=  -13312
     t=118 pred= 11 left= 56  y=    64 vy=       0 ay=  -26624
     t=119 pred= 10 left= 55  y=    64 vy=  -26624 ay=  -26624
     t=120 pred=  9 left= 54  y=    63 vy=  -53248 ay=  -26624
     t=121 pred=  8 left= 53  y=    62 vy=  -79872 ay=  -26624
     t=122 pred=  7 left= 52  y=    60 vy= -106496 ay=  -26624
     t=123 pred=  6 left= 51  y=    58 vy= -133120 ay=  -26624
     t=124 pred=  5 left= 50  y=    56 vy= -159744 ay=  -26624
     t=132 pred=  4 left= 42  y=    53 vy= -186368 ay=  -26624
     t=134 pred=  4 left= 40  y=    53 vy= -186368 ay=  -26624
     t=136 pred=  4 left= 38  y=    53 vy= -186368 ay=  -26624
     t=138 pred=  4 left= 36  y=    53 vy= -186368 ay=  -26624
     t=140 pred=  4 left= 34  y=    53 vy= -186368 ay=  -26624
     t=142 pred=  4 left= 32  y=    53 vy= -186368 ay=  -26624
     t=144 pred=  4 left= 30  y=    53 vy= -186368 ay=  -26624
     t=146 pred=  4 left= 28  y=    53 vy= -186368 ay=  -26624
     t=148 pred=  4 left= 26  y=    53 vy= -186368 ay=  -26624
     t=150 pred=  4 left= 24  y=    53 vy= -186368 ay=  -26624
     t=152 pred=  4 left= 22  y=    53 vy= -186368 ay=  -26624
     t=154 pred=  4 left= 20  y=    53 vy= -186368 ay=  -26624
     t=156 pred=  4 left= 18  y=    53 vy= -186368 ay=  -26624
     t=158 pred=  4 left= 16  y=    53 vy= -186368 ay=  -26624
     t=160 pred=  4 left= 14  y=    53 vy= -186368 ay=  -26624
     t=161 pred=  4 left= 13  y=    53 vy= -186368 ay=  -26624
     t=162 pred=  4 left= 12  y=    53 vy= -186368 ay=  -26624
     t=163 pred=  4 left= 11  y=    53 vy= -186368 ay=  -26624
     t=164 pred=  4 left= 10  y=    53 vy= -186368 ay=  -26624
     t=165 pred=  4 left=  9  y=    53 vy= -186368 ay=  -26624
     t=166 pred=  4 left=  8  y=    53 vy= -186368 ay=  -26624
     t=167 pred=  4 left=  7  y=    53 vy= -186368 ay=  -26624
     t=168 pred=  4 left=  6  y=    53 vy= -186368 ay=  -26624
     t=169 pred=  4 left=  5  y=    53 vy= -186368 ay=  -26624
P2  landings=2  no_prediction_ticks=25
   err all : +0:44
   err NEAR (pred<=20, the window the tool uses): +0:31
   err far  (pred>20, never acted on): +0:13
   last descent, landed on tick 229:
     t=218 pred= 11 left= 11  y=    40 vy=  135168 ay=  -24576
     t=219 pred= 10 left= 10  y=    41 vy=  110592 ay=  -24576
     t=220 pred=  9 left=  9  y=    43 vy=   86016 ay=  -24576
     t=221 pred=  8 left=  8  y=    44 vy=   61440 ay=  -24576
     t=222 pred=  7 left=  7  y=    44 vy=   36864 ay=  -24576
     t=223 pred=  6 left=  6  y=    44 vy=   12288 ay=  -24576
     t=224 pred=  5 left=  5  y=    44 vy=  -12288 ay=  -24576
     t=225 pred=  4 left=  4  y=    44 vy=  -36864 ay=  -24576
     t=226 pred=  3 left=  3  y=    43 vy=  -61440 ay=  -24576
     t=227 pred=  2 left=  2  y=    41 vy=  -86016 ay=  -24576
     t=228 pred=  1 left=  1  y=    40 vy= -110592 ay=  -24576
---- landing prediction ----
P1  landings=51  no_prediction_ticks=0
   err all : -45:7 -38:1 -36:1 -34:1 -32:1 -30:1 -29:9 -28:1 -26:1 -24:1 -22:57 -21:3 -20:4 -19:3 -18:4 -17:3 -16:4 -15:3 -14:4 -13:3 -12:4 -11:214 -10:20 -9:20 -8:20 -7:20 -6:20 -5:20 -4:20 -3:20 -2:20 -1:20 +0:700 +5:135 +11:63 +16:99
   err NEAR (pred<=20, the window the tool uses): -45:7 -38:1 -36:1 -34:1 -32:1 -30:1 -28:1 -26:1 -24:1 -22:11 -21:2 -20:3 -19:2 -18:3 -17:2 -16:3 -15:2 -14:3 -13:2 -12:3 -11:191 -10:20 -9:20 -8:20 -7:20 -6:20 -5:20 -4:20 -3:20 -2:20 -1:20 +0:513
   err far  (pred>20, never acted on): -29:9 -22:46 -21:1 -20:1 -19:1 -18:1 -17:1 -16:1 -15:1 -14:1 -13:1 -12:1 -11:23 +0:187 +5:135 +11:63 +16:99
   last descent, landed on tick 55:
     t= 35 pred= 36 left= 20  y=    40 vy=  245760 ay=  -13312
     t= 36 pred= 35 left= 19  y=    43 vy=  232448 ay=  -13312
     t= 37 pred= 34 left= 18  y=    46 vy=  219136 ay=  -13312
     t= 38 pred= 33 left= 17  y=    50 vy=  205824 ay=  -13312
     t= 39 pred= 32 left= 16  y=    52 vy=  192512 ay=  -13312
     t= 40 pred= 31 left= 15  y=    55 vy=  179200 ay=  -13312
     t= 41 pred= 30 left= 14  y=    58 vy=  165888 ay=  -13312
     t= 42 pred= 29 left= 13  y=    60 vy=  152576 ay=  -13312
     t= 43 pred= 28 left= 12  y=    62 vy=  139264 ay=  -13312
     t= 44 pred= 11 left= 11  y=    64 vy=       0 ay=  -26624
     t= 45 pred= 10 left= 10  y=    64 vy=  -26624 ay=  -26624
     t= 46 pred=  9 left=  9  y=    63 vy=  -53248 ay=  -26624
     t= 47 pred=  8 left=  8  y=    62 vy=  -79872 ay=  -26624
     t= 48 pred=  7 left=  7  y=    60 vy= -106496 ay=  -26624
     t= 49 pred=  6 left=  6  y=    58 vy= -133120 ay=  -26624
     t= 50 pred=  5 left=  5  y=    56 vy= -159744 ay=  -26624
     t= 51 pred=  4 left=  4  y=    53 vy= -186368 ay=  -26624
     t= 52 pred=  3 left=  3  y=    49 vy= -212992 ay=  -26624
     t= 53 pred=  2 left=  2  y=    46 vy= -239616 ay=  -26624
     t= 54 pred=  1 left=  1  y=    42 vy= -266240 ay=  -26624
P2  landings=2  no_prediction_ticks=25
   err all : +0:44
   err NEAR (pred<=20, the window the tool uses): +0:31
   err far  (pred>20, never acted on): +0:13
   last descent, landed on tick 229:
     t=218 pred= 11 left= 11  y=    40 vy=  135168 ay=  -24576
     t=219 pred= 10 left= 10  y=    41 vy=  110592 ay=  -24576
     t=220 pred=  9 left=  9  y=    43 vy=   86016 ay=  -24576
     t=221 pred=  8 left=  8  y=    44 vy=   61440 ay=  -24576
     t=222 pred=  7 left=  7  y=    44 vy=   36864 ay=  -24576
     t=223 pred=  6 left=  6  y=    44 vy=   12288 ay=  -24576
     t=224 pred=  5 left=  5  y=    44 vy=  -12288 ay=  -24576
     t=225 pred=  4 left=  4  y=    44 vy=  -36864 ay=  -24576
     t=226 pred=  3 left=  3  y=    43 vy=  -61440 ay=  -24576
     t=227 pred=  2 left=  2  y=    41 vy=  -86016 ay=  -24576
     t=228 pred=  1 left=  1  y=    40 vy= -110592 ay=  -24576
---- landing prediction ----
P1  landings=52  no_prediction_ticks=0
   err all : -45:7 -38:1 -36:1 -34:1 -32:1 -30:1 -29:9 -28:1 -26:1 -24:1 -22:57 -21:3 -20:4 -19:3 -18:4 -17:3 -16:4 -15:3 -14:4 -13:3 -12:4 -11:214 -10:20 -9:20 -8:20 -7:20 -6:20 -5:20 -4:20 -3:20 -2:20 -1:20 +0:711 +5:135 +11:63 +16:108
   err NEAR (pred<=20, the window the tool uses): -45:7 -38:1 -36:1 -34:1 -32:1 -30:1 -28:1 -26:1 -24:1 -22:11 -21:2 -20:3 -19:2 -18:3 -17:2 -16:3 -15:2 -14:3 -13:2 -12:3 -11:191 -10:20 -9:20 -8:20 -7:20 -6:20 -5:20 -4:20 -3:20 -2:20 -1:20 +0:524
   err far  (pred>20, never acted on): -29:9 -22:46 -21:1 -20:1 -19:1 -18:1 -17:1 -16:1 -15:1 -14:1 -13:1 -12:1 -11:23 +0:187 +5:135 +11:63 +16:108
   last descent, landed on tick 133:
     t=113 pred= 36 left= 20  y=    40 vy=  245760 ay=  -13312
     t=114 pred= 35 left= 19  y=    43 vy=  232448 ay=  -13312
     t=115 pred= 34 left= 18  y=    46 vy=  219136 ay=  -13312
     t=116 pred= 33 left= 17  y=    50 vy=  205824 ay=  -13312
     t=117 pred= 32 left= 16  y=    52 vy=  192512 ay=  -13312
     t=118 pred= 31 left= 15  y=    55 vy=  179200 ay=  -13312
     t=119 pred= 30 left= 14  y=    58 vy=  165888 ay=  -13312
     t=120 pred= 29 left= 13  y=    60 vy=  152576 ay=  -13312
     t=121 pred= 28 left= 12  y=    62 vy=  139264 ay=  -13312
     t=122 pred= 11 left= 11  y=    64 vy=       0 ay=  -26624
     t=123 pred= 10 left= 10  y=    64 vy=  -26624 ay=  -26624
     t=124 pred=  9 left=  9  y=    63 vy=  -53248 ay=  -26624
     t=125 pred=  8 left=  8  y=    62 vy=  -79872 ay=  -26624
     t=126 pred=  7 left=  7  y=    60 vy= -106496 ay=  -26624
     t=127 pred=  6 left=  6  y=    58 vy= -133120 ay=  -26624
     t=128 pred=  5 left=  5  y=    56 vy= -159744 ay=  -26624
     t=129 pred=  4 left=  4  y=    53 vy= -186368 ay=  -26624
     t=130 pred=  3 left=  3  y=    49 vy= -212992 ay=  -26624
     t=131 pred=  2 left=  2  y=    46 vy= -239616 ay=  -26624
     t=132 pred=  1 left=  1  y=    42 vy= -266240 ay=  -26624
P2  landings=2  no_prediction_ticks=25
   err all : +0:44
   err NEAR (pred<=20, the window the tool uses): +0:31
   err far  (pred>20, never acted on): +0:13
   last descent, landed on tick 229:
     t=218 pred= 11 left= 11  y=    40 vy=  135168 ay=  -24576
     t=219 pred= 10 left= 10  y=    41 vy=  110592 ay=  -24576
     t=220 pred=  9 left=  9  y=    43 vy=   86016 ay=  -24576
     t=221 pred=  8 left=  8  y=    44 vy=   61440 ay=  -24576
     t=222 pred=  7 left=  7  y=    44 vy=   36864 ay=  -24576
     t=223 pred=  6 left=  6  y=    44 vy=   12288 ay=  -24576
     t=224 pred=  5 left=  5  y=    44 vy=  -12288 ay=  -24576
     t=225 pred=  4 left=  4  y=    44 vy=  -36864 ay=  -24576
     t=226 pred=  3 left=  3  y=    43 vy=  -61440 ay=  -24576
     t=227 pred=  2 left=  2  y=    41 vy=  -86016 ay=  -24576
     t=228 pred=  1 left=  1  y=    40 vy= -110592 ay=  -24576
---- landing prediction ----
P1  landings=53  no_prediction_ticks=0
   err all : -45:7 -38:1 -36:1 -34:1 -32:1 -30:1 -29:9 -28:1 -26:1 -24:1 -22:57 -21:3 -20:4 -19:3 -18:4 -17:3 -16:4 -15:3 -14:4 -13:3 -12:4 -11:214 -10:20 -9:20 -8:20 -7:20 -6:20 -5:20 -4:20 -3:20 -2:20 -1:20 +0:722 +5:135 +11:63 +16:117
   err NEAR (pred<=20, the window the tool uses): -45:7 -38:1 -36:1 -34:1 -32:1 -30:1 -28:1 -26:1 -24:1 -22:11 -21:2 -20:3 -19:2 -18:3 -17:2 -16:3 -15:2 -14:3 -13:2 -12:3 -11:191 -10:20 -9:20 -8:20 -7:20 -6:20 -5:20 -4:20 -3:20 -2:20 -1:20 +0:535
   err far  (pred>20, never acted on): -29:9 -22:46 -21:1 -20:1 -19:1 -18:1 -17:1 -16:1 -15:1 -14:1 -13:1 -12:1 -11:23 +0:187 +5:135 +11:63 +16:117
   last descent, landed on tick 169:
     t=149 pred= 36 left= 20  y=    40 vy=  245760 ay=  -13312
     t=150 pred= 35 left= 19  y=    43 vy=  232448 ay=  -13312
     t=151 pred= 34 left= 18  y=    46 vy=  219136 ay=  -13312
     t=152 pred= 33 left= 17  y=    50 vy=  205824 ay=  -13312
     t=153 pred= 32 left= 16  y=    52 vy=  192512 ay=  -13312
     t=154 pred= 31 left= 15  y=    55 vy=  179200 ay=  -13312
     t=155 pred= 30 left= 14  y=    58 vy=  165888 ay=  -13312
     t=156 pred= 29 left= 13  y=    60 vy=  152576 ay=  -13312
     t=157 pred= 28 left= 12  y=    62 vy=  139264 ay=  -13312
     t=158 pred= 11 left= 11  y=    64 vy=       0 ay=  -26624
     t=159 pred= 10 left= 10  y=    64 vy=  -26624 ay=  -26624
     t=160 pred=  9 left=  9  y=    63 vy=  -53248 ay=  -26624
     t=161 pred=  8 left=  8  y=    62 vy=  -79872 ay=  -26624
     t=162 pred=  7 left=  7  y=    60 vy= -106496 ay=  -26624
     t=163 pred=  6 left=  6  y=    58 vy= -133120 ay=  -26624
     t=164 pred=  5 left=  5  y=    56 vy= -159744 ay=  -26624
     t=165 pred=  4 left=  4  y=    53 vy= -186368 ay=  -26624
     t=166 pred=  3 left=  3  y=    49 vy= -212992 ay=  -26624
     t=167 pred=  2 left=  2  y=    46 vy= -239616 ay=  -26624
     t=168 pred=  1 left=  1  y=    42 vy= -266240 ay=  -26624
P2  landings=2  no_prediction_ticks=25
   err all : +0:44
   err NEAR (pred<=20, the window the tool uses): +0:31
   err far  (pred>20, never acted on): +0:13
   last descent, landed on tick 229:
     t=218 pred= 11 left= 11  y=    40 vy=  135168 ay=  -24576
     t=219 pred= 10 left= 10  y=    41 vy=  110592 ay=  -24576
     t=220 pred=  9 left=  9  y=    43 vy=   86016 ay=  -24576
     t=221 pred=  8 left=  8  y=    44 vy=   61440 ay=  -24576
     t=222 pred=  7 left=  7  y=    44 vy=   36864 ay=  -24576
     t=223 pred=  6 left=  6  y=    44 vy=   12288 ay=  -24576
     t=224 pred=  5 left=  5  y=    44 vy=  -12288 ay=  -24576
     t=225 pred=  4 left=  4  y=    44 vy=  -36864 ay=  -24576
     t=226 pred=  3 left=  3  y=    43 vy=  -61440 ay=  -24576
     t=227 pred=  2 left=  2  y=    41 vy=  -86016 ay=  -24576
     t=228 pred=  1 left=  1  y=    40 vy= -110592 ay=  -24576
---- landing prediction ----
P1  landings=54  no_prediction_ticks=0
   err all : -45:7 -38:1 -36:1 -34:1 -32:1 -30:1 -29:9 -28:1 -26:1 -24:1 -22:57 -21:3 -20:4 -19:3 -18:4 -17:3 -16:4 -15:3 -14:4 -13:3 -12:4 -11:214 -10:20 -9:20 -8:20 -7:20 -6:20 -5:20 -4:20 -3:20 -2:20 -1:20 +0:760 +5:135 +11:63 +16:117
   err NEAR (pred<=20, the window the tool uses): -45:7 -38:1 -36:1 -34:1 -32:1 -30:1 -28:1 -26:1 -24:1 -22:11 -21:2 -20:3 -19:2 -18:3 -17:2 -16:3 -15:2 -14:3 -13:2 -12:3 -11:191 -10:20 -9:20 -8:20 -7:20 -6:20 -5:20 -4:20 -3:20 -2:20 -1:20 +0:555
   err far  (pred>20, never acted on): -29:9 -22:46 -21:1 -20:1 -19:1 -18:1 -17:1 -16:1 -15:1 -14:1 -13:1 -12:1 -11:23 +0:205 +5:135 +11:63 +16:117
   last descent, landed on tick 216:
     t=178 pred= 38 left= 38  y=    40 vy=  622592 ay=  -32000
     t=179 pred= 37 left= 37  y=    49 vy=  590592 ay=  -32000
     t=180 pred= 36 left= 36  y=    57 vy=  558592 ay=  -32000
     t=181 pred= 35 left= 35  y=    65 vy=  526592 ay=  -32000
     t=182 pred= 34 left= 34  y=    73 vy=  494592 ay=  -32000
     t=183 pred= 33 left= 33  y=    80 vy=  462592 ay=  -32000
     t=184 pred= 32 left= 32  y=    86 vy=  430592 ay=  -32000
     t=185 pred= 31 left= 31  y=    92 vy=  398592 ay=  -32000
     t=186 pred= 30 left= 30  y=    98 vy=  366592 ay=  -32000
     t=187 pred= 29 left= 29  y=   103 vy=  334592 ay=  -32000
     t=188 pred= 28 left= 28  y=   108 vy=  302592 ay=  -32000
     t=189 pred= 27 left= 27  y=   112 vy=  270592 ay=  -32000
     t=190 pred= 26 left= 26  y=   115 vy=  238592 ay=  -32000
     t=191 pred= 25 left= 25  y=   119 vy=  206592 ay=  -32000
     t=192 pred= 24 left= 24  y=   121 vy=  174592 ay=  -32000
     t=193 pred= 23 left= 23  y=   123 vy=  142592 ay=  -32000
     t=194 pred= 22 left= 22  y=   125 vy=  110592 ay=  -32000
     t=195 pred= 21 left= 21  y=   126 vy=   78592 ay=  -32000
     t=196 pred= 20 left= 20  y=   127 vy=   46592 ay=  -32000
     t=197 pred= 19 left= 19  y=   127 vy=   14592 ay=  -32000
     t=198 pred= 18 left= 18  y=   127 vy=  -17408 ay=  -32000
     t=199 pred= 17 left= 17  y=   126 vy=  -49408 ay=  -32000
     t=200 pred= 16 left= 16  y=   125 vy=  -81408 ay=  -32000
     t=201 pred= 15 left= 15  y=   123 vy= -113408 ay=  -32000
     t=202 pred= 14 left= 14  y=   121 vy= -145408 ay=  -32000
     t=203 pred= 13 left= 13  y=   118 vy= -177408 ay=  -32000
     t=204 pred= 12 left= 12  y=   115 vy= -209408 ay=  -32000
     t=205 pred= 11 left= 11  y=   111 vy= -241408 ay=  -32000
     t=206 pred= 10 left= 10  y=   107 vy= -273408 ay=  -32000
     t=207 pred=  9 left=  9  y=   103 vy= -305408 ay=  -32000
     t=208 pred=  8 left=  8  y=    97 vy= -337408 ay=  -32000
     t=209 pred=  7 left=  7  y=    92 vy= -369408 ay=  -32000
     t=210 pred=  6 left=  6  y=    86 vy= -401408 ay=  -32000
     t=211 pred=  5 left=  5  y=    79 vy= -433408 ay=  -32000
     t=212 pred=  4 left=  4  y=    72 vy= -465408 ay=  -32000
     t=213 pred=  3 left=  3  y=    64 vy= -497408 ay=  -32000
     t=214 pred=  2 left=  2  y=    56 vy= -529408 ay=  -32000
     t=215 pred=  1 left=  1  y=    48 vy= -561408 ay=  -32000
P2  landings=2  no_prediction_ticks=25
   err all : +0:44
   err NEAR (pred<=20, the window the tool uses): +0:31
   err far  (pred>20, never acted on): +0:13
   last descent, landed on tick 229:
     t=218 pred= 11 left= 11  y=    40 vy=  135168 ay=  -24576
     t=219 pred= 10 left= 10  y=    41 vy=  110592 ay=  -24576
     t=220 pred=  9 left=  9  y=    43 vy=   86016 ay=  -24576
     t=221 pred=  8 left=  8  y=    44 vy=   61440 ay=  -24576
     t=222 pred=  7 left=  7  y=    44 vy=   36864 ay=  -24576
     t=223 pred=  6 left=  6  y=    44 vy=   12288 ay=  -24576
     t=224 pred=  5 left=  5  y=    44 vy=  -12288 ay=  -24576
     t=225 pred=  4 left=  4  y=    44 vy=  -36864 ay=  -24576
     t=226 pred=  3 left=  3  y=    43 vy=  -61440 ay=  -24576
     t=227 pred=  2 left=  2  y=    41 vy=  -86016 ay=  -24576
     t=228 pred=  1 left=  1  y=    40 vy= -110592 ay=  -24576
---- landing prediction ----
P1  landings=55  no_prediction_ticks=0
   err all : -45:7 -38:1 -36:1 -34:1 -32:1 -30:1 -29:9 -28:1 -26:1 -24:1 -22:57 -21:3 -20:4 -19:3 -18:4 -17:3 -16:4 -15:3 -14:4 -13:3 -12:4 -11:214 -10:20 -9:20 -8:20 -7:20 -6:20 -5:20 -4:20 -3:20 -2:20 -1:20 +0:771 +5:135 +11:63 +16:126
   err NEAR (pred<=20, the window the tool uses): -45:7 -38:1 -36:1 -34:1 -32:1 -30:1 -28:1 -26:1 -24:1 -22:11 -21:2 -20:3 -19:2 -18:3 -17:2 -16:3 -15:2 -14:3 -13:2 -12:3 -11:191 -10:20 -9:20 -8:20 -7:20 -6:20 -5:20 -4:20 -3:20 -2:20 -1:20 +0:566
   err far  (pred>20, never acted on): -29:9 -22:46 -21:1 -20:1 -19:1 -18:1 -17:1 -16:1 -15:1 -14:1 -13:1 -12:1 -11:23 +0:205 +5:135 +11:63 +16:126
   last descent, landed on tick 35:
     t= 15 pred= 36 left= 20  y=    40 vy=  245760 ay=  -13312
     t= 16 pred= 35 left= 19  y=    43 vy=  232448 ay=  -13312
     t= 17 pred= 34 left= 18  y=    46 vy=  219136 ay=  -13312
     t= 18 pred= 33 left= 17  y=    50 vy=  205824 ay=  -13312
     t= 19 pred= 32 left= 16  y=    52 vy=  192512 ay=  -13312
     t= 20 pred= 31 left= 15  y=    55 vy=  179200 ay=  -13312
     t= 21 pred= 30 left= 14  y=    58 vy=  165888 ay=  -13312
     t= 22 pred= 29 left= 13  y=    60 vy=  152576 ay=  -13312
     t= 23 pred= 28 left= 12  y=    62 vy=  139264 ay=  -13312
     t= 24 pred= 11 left= 11  y=    64 vy=       0 ay=  -26624
     t= 25 pred= 10 left= 10  y=    64 vy=  -26624 ay=  -26624
     t= 26 pred=  9 left=  9  y=    63 vy=  -53248 ay=  -26624
     t= 27 pred=  8 left=  8  y=    62 vy=  -79872 ay=  -26624
     t= 28 pred=  7 left=  7  y=    60 vy= -106496 ay=  -26624
     t= 29 pred=  6 left=  6  y=    58 vy= -133120 ay=  -26624
     t= 30 pred=  5 left=  5  y=    56 vy= -159744 ay=  -26624
     t= 31 pred=  4 left=  4  y=    53 vy= -186368 ay=  -26624
     t= 32 pred=  3 left=  3  y=    49 vy= -212992 ay=  -26624
     t= 33 pred=  2 left=  2  y=    46 vy= -239616 ay=  -26624
     t= 34 pred=  1 left=  1  y=    42 vy= -266240 ay=  -26624
P2  landings=2  no_prediction_ticks=25
   err all : +0:44
   err NEAR (pred<=20, the window the tool uses): +0:31
   err far  (pred>20, never acted on): +0:13
   last descent, landed on tick 229:
     t=218 pred= 11 left= 11  y=    40 vy=  135168 ay=  -24576
     t=219 pred= 10 left= 10  y=    41 vy=  110592 ay=  -24576
     t=220 pred=  9 left=  9  y=    43 vy=   86016 ay=  -24576
     t=221 pred=  8 left=  8  y=    44 vy=   61440 ay=  -24576
     t=222 pred=  7 left=  7  y=    44 vy=   36864 ay=  -24576
     t=223 pred=  6 left=  6  y=    44 vy=   12288 ay=  -24576
     t=224 pred=  5 left=  5  y=    44 vy=  -12288 ay=  -24576
     t=225 pred=  4 left=  4  y=    44 vy=  -36864 ay=  -24576
     t=226 pred=  3 left=  3  y=    43 vy=  -61440 ay=  -24576
     t=227 pred=  2 left=  2  y=    41 vy=  -86016 ay=  -24576
     t=228 pred=  1 left=  1  y=    40 vy= -110592 ay=  -24576
---- landing prediction ----
P1  landings=55  no_prediction_ticks=0
   err all : -45:7 -38:1 -36:1 -34:1 -32:1 -30:1 -29:9 -28:1 -26:1 -24:1 -22:57 -21:3 -20:4 -19:3 -18:4 -17:3 -16:4 -15:3 -14:4 -13:3 -12:4 -11:214 -10:20 -9:20 -8:20 -7:20 -6:20 -5:20 -4:20 -3:20 -2:20 -1:20 +0:771 +5:135 +11:63 +16:126
   err NEAR (pred<=20, the window the tool uses): -45:7 -38:1 -36:1 -34:1 -32:1 -30:1 -28:1 -26:1 -24:1 -22:11 -21:2 -20:3 -19:2 -18:3 -17:2 -16:3 -15:2 -14:3 -13:2 -12:3 -11:191 -10:20 -9:20 -8:20 -7:20 -6:20 -5:20 -4:20 -3:20 -2:20 -1:20 +0:566
   err far  (pred>20, never acted on): -29:9 -22:46 -21:1 -20:1 -19:1 -18:1 -17:1 -16:1 -15:1 -14:1 -13:1 -12:1 -11:23 +0:205 +5:135 +11:63 +16:126
   last descent, landed on tick 35:
     t= 15 pred= 36 left= 20  y=    40 vy=  245760 ay=  -13312
     t= 16 pred= 35 left= 19  y=    43 vy=  232448 ay=  -13312
     t= 17 pred= 34 left= 18  y=    46 vy=  219136 ay=  -13312
     t= 18 pred= 33 left= 17  y=    50 vy=  205824 ay=  -13312
     t= 19 pred= 32 left= 16  y=    52 vy=  192512 ay=  -13312
     t= 20 pred= 31 left= 15  y=    55 vy=  179200 ay=  -13312
     t= 21 pred= 30 left= 14  y=    58 vy=  165888 ay=  -13312
     t= 22 pred= 29 left= 13  y=    60 vy=  152576 ay=  -13312
     t= 23 pred= 28 left= 12  y=    62 vy=  139264 ay=  -13312
     t= 24 pred= 11 left= 11  y=    64 vy=       0 ay=  -26624
     t= 25 pred= 10 left= 10  y=    64 vy=  -26624 ay=  -26624
     t= 26 pred=  9 left=  9  y=    63 vy=  -53248 ay=  -26624
     t= 27 pred=  8 left=  8  y=    62 vy=  -79872 ay=  -26624
     t= 28 pred=  7 left=  7  y=    60 vy= -106496 ay=  -26624
     t= 29 pred=  6 left=  6  y=    58 vy= -133120 ay=  -26624
     t= 30 pred=  5 left=  5  y=    56 vy= -159744 ay=  -26624
     t= 31 pred=  4 left=  4  y=    53 vy= -186368 ay=  -26624
     t= 32 pred=  3 left=  3  y=    49 vy= -212992 ay=  -26624
     t= 33 pred=  2 left=  2  y=    46 vy= -239616 ay=  -26624
     t= 34 pred=  1 left=  1  y=    42 vy= -266240 ay=  -26624
P2  landings=3  no_prediction_ticks=25
   err all : +0:78
   err NEAR (pred<=20, the window the tool uses): +0:51
   err far  (pred>20, never acted on): +0:27
   last descent, landed on tick 114:
     t= 80 pred= 34 left= 34  y=    55 vy=  493568 ay=  -30720
     t= 81 pred= 33 left= 33  y=    62 vy=  462848 ay=  -30720
     t= 82 pred= 32 left= 32  y=    69 vy=  432128 ay=  -30720
     t= 83 pred= 31 left= 31  y=    75 vy=  401408 ay=  -30720
     t= 84 pred= 30 left= 30  y=    80 vy=  370688 ay=  -30720
     t= 85 pred= 29 left= 29  y=    86 vy=  339968 ay=  -30720
     t= 86 pred= 28 left= 28  y=    90 vy=  309248 ay=  -30720
     t= 87 pred= 27 left= 27  y=    95 vy=  278528 ay=  -30720
     t= 88 pred= 26 left= 26  y=    98 vy=  247808 ay=  -30720
     t= 89 pred= 25 left= 25  y=   102 vy=  217088 ay=  -30720
     t= 90 pred= 24 left= 24  y=   105 vy=  186368 ay=  -30720
     t= 91 pred= 23 left= 23  y=   107 vy=  155648 ay=  -30720
     t= 92 pred= 22 left= 22  y=   109 vy=  124928 ay=  -30720
     t= 93 pred= 21 left= 21  y=   110 vy=   94208 ay=  -30720
     t= 94 pred= 20 left= 20  y=   111 vy=   63488 ay=  -30720
     t= 95 pred= 19 left= 19  y=   112 vy=   32768 ay=  -30720
     t= 96 pred= 18 left= 18  y=   112 vy=    2048 ay=  -30720
     t= 97 pred= 17 left= 17  y=   111 vy=  -28672 ay=  -30720
     t= 98 pred= 16 left= 16  y=   110 vy=  -59392 ay=  -30720
     t= 99 pred= 15 left= 15  y=   109 vy=  -90112 ay=  -30720
     t=100 pred= 14 left= 14  y=   107 vy= -120832 ay=  -30720
     t=101 pred= 13 left= 13  y=   105 vy= -151552 ay=  -30720
     t=102 pred= 12 left= 12  y=   102 vy= -182272 ay=  -30720
     t=103 pred= 11 left= 11  y=    99 vy= -212992 ay=  -30720
     t=104 pred= 10 left= 10  y=    95 vy= -243712 ay=  -30720
     t=105 pred=  9 left=  9  y=    91 vy= -274432 ay=  -30720
     t=106 pred=  8 left=  8  y=    86 vy= -305152 ay=  -30720
     t=107 pred=  7 left=  7  y=    81 vy= -335872 ay=  -30720
     t=108 pred=  6 left=  6  y=    76 vy= -366592 ay=  -30720
     t=109 pred=  5 left=  5  y=    70 vy= -397312 ay=  -30720
     t=110 pred=  4 left=  4  y=    63 vy= -428032 ay=  -30720
     t=111 pred=  3 left=  3  y=    56 vy= -458752 ay=  -30720
     t=112 pred=  2 left=  2  y=    49 vy= -489472 ay=  -30720
     t=113 pred=  1 left=  1  y=    41 vy= -520192 ay=  -30720
---- landing prediction ----
P1  landings=56  no_prediction_ticks=0
   err all : -45:7 -38:1 -36:1 -34:1 -32:1 -30:1 -29:9 -28:1 -26:1 -24:1 -22:57 -21:3 -20:4 -19:3 -18:4 -17:3 -16:4 -15:3 -14:4 -13:3 -12:4 -11:214 -10:20 -9:20 -8:20 -7:20 -6:20 -5:20 -4:20 -3:20 -2:20 -1:20 +0:782 +5:135 +11:63 +16:135
   err NEAR (pred<=20, the window the tool uses): -45:7 -38:1 -36:1 -34:1 -32:1 -30:1 -28:1 -26:1 -24:1 -22:11 -21:2 -20:3 -19:2 -18:3 -17:2 -16:3 -15:2 -14:3 -13:2 -12:3 -11:191 -10:20 -9:20 -8:20 -7:20 -6:20 -5:20 -4:20 -3:20 -2:20 -1:20 +0:577
   err far  (pred>20, never acted on): -29:9 -22:46 -21:1 -20:1 -19:1 -18:1 -17:1 -16:1 -15:1 -14:1 -13:1 -12:1 -11:23 +0:205 +5:135 +11:63 +16:135
   last descent, landed on tick 167:
     t=147 pred= 36 left= 20  y=    40 vy=  245760 ay=  -13312
     t=148 pred= 35 left= 19  y=    43 vy=  232448 ay=  -13312
     t=149 pred= 34 left= 18  y=    46 vy=  219136 ay=  -13312
     t=150 pred= 33 left= 17  y=    50 vy=  205824 ay=  -13312
     t=151 pred= 32 left= 16  y=    52 vy=  192512 ay=  -13312
     t=152 pred= 31 left= 15  y=    55 vy=  179200 ay=  -13312
     t=153 pred= 30 left= 14  y=    58 vy=  165888 ay=  -13312
     t=154 pred= 29 left= 13  y=    60 vy=  152576 ay=  -13312
     t=155 pred= 28 left= 12  y=    62 vy=  139264 ay=  -13312
     t=156 pred= 11 left= 11  y=    64 vy=       0 ay=  -26624
     t=157 pred= 10 left= 10  y=    64 vy=  -26624 ay=  -26624
     t=158 pred=  9 left=  9  y=    63 vy=  -53248 ay=  -26624
     t=159 pred=  8 left=  8  y=    62 vy=  -79872 ay=  -26624
     t=160 pred=  7 left=  7  y=    60 vy= -106496 ay=  -26624
     t=161 pred=  6 left=  6  y=    58 vy= -133120 ay=  -26624
     t=162 pred=  5 left=  5  y=    56 vy= -159744 ay=  -26624
     t=163 pred=  4 left=  4  y=    53 vy= -186368 ay=  -26624
     t=164 pred=  3 left=  3  y=    49 vy= -212992 ay=  -26624
     t=165 pred=  2 left=  2  y=    46 vy= -239616 ay=  -26624
     t=166 pred=  1 left=  1  y=    42 vy= -266240 ay=  -26624
P2  landings=3  no_prediction_ticks=25
   err all : +0:78
   err NEAR (pred<=20, the window the tool uses): +0:51
   err far  (pred>20, never acted on): +0:27
   last descent, landed on tick 114:
     t= 80 pred= 34 left= 34  y=    55 vy=  493568 ay=  -30720
     t= 81 pred= 33 left= 33  y=    62 vy=  462848 ay=  -30720
     t= 82 pred= 32 left= 32  y=    69 vy=  432128 ay=  -30720
     t= 83 pred= 31 left= 31  y=    75 vy=  401408 ay=  -30720
     t= 84 pred= 30 left= 30  y=    80 vy=  370688 ay=  -30720
     t= 85 pred= 29 left= 29  y=    86 vy=  339968 ay=  -30720
     t= 86 pred= 28 left= 28  y=    90 vy=  309248 ay=  -30720
     t= 87 pred= 27 left= 27  y=    95 vy=  278528 ay=  -30720
     t= 88 pred= 26 left= 26  y=    98 vy=  247808 ay=  -30720
     t= 89 pred= 25 left= 25  y=   102 vy=  217088 ay=  -30720
     t= 90 pred= 24 left= 24  y=   105 vy=  186368 ay=  -30720
     t= 91 pred= 23 left= 23  y=   107 vy=  155648 ay=  -30720
     t= 92 pred= 22 left= 22  y=   109 vy=  124928 ay=  -30720
     t= 93 pred= 21 left= 21  y=   110 vy=   94208 ay=  -30720
     t= 94 pred= 20 left= 20  y=   111 vy=   63488 ay=  -30720
     t= 95 pred= 19 left= 19  y=   112 vy=   32768 ay=  -30720
     t= 96 pred= 18 left= 18  y=   112 vy=    2048 ay=  -30720
     t= 97 pred= 17 left= 17  y=   111 vy=  -28672 ay=  -30720
     t= 98 pred= 16 left= 16  y=   110 vy=  -59392 ay=  -30720
     t= 99 pred= 15 left= 15  y=   109 vy=  -90112 ay=  -30720
     t=100 pred= 14 left= 14  y=   107 vy= -120832 ay=  -30720
     t=101 pred= 13 left= 13  y=   105 vy= -151552 ay=  -30720
     t=102 pred= 12 left= 12  y=   102 vy= -182272 ay=  -30720
     t=103 pred= 11 left= 11  y=    99 vy= -212992 ay=  -30720
     t=104 pred= 10 left= 10  y=    95 vy= -243712 ay=  -30720
     t=105 pred=  9 left=  9  y=    91 vy= -274432 ay=  -30720
     t=106 pred=  8 left=  8  y=    86 vy= -305152 ay=  -30720
     t=107 pred=  7 left=  7  y=    81 vy= -335872 ay=  -30720
     t=108 pred=  6 left=  6  y=    76 vy= -366592 ay=  -30720
     t=109 pred=  5 left=  5  y=    70 vy= -397312 ay=  -30720
     t=110 pred=  4 left=  4  y=    63 vy= -428032 ay=  -30720
     t=111 pred=  3 left=  3  y=    56 vy= -458752 ay=  -30720
     t=112 pred=  2 left=  2  y=    49 vy= -489472 ay=  -30720
     t=113 pred=  1 left=  1  y=    41 vy= -520192 ay=  -30720
---- landing prediction ----
P1  landings=57  no_prediction_ticks=0
   err all : -45:7 -38:1 -36:1 -34:1 -32:1 -30:1 -29:9 -28:1 -26:1 -24:1 -22:57 -21:3 -20:4 -19:3 -18:4 -17:3 -16:4 -15:3 -14:4 -13:3 -12:4 -11:214 -10:20 -9:20 -8:20 -7:20 -6:20 -5:20 -4:20 -3:20 -2:20 -1:20 +0:793 +5:135 +11:63 +16:144
   err NEAR (pred<=20, the window the tool uses): -45:7 -38:1 -36:1 -34:1 -32:1 -30:1 -28:1 -26:1 -24:1 -22:11 -21:2 -20:3 -19:2 -18:3 -17:2 -16:3 -15:2 -14:3 -13:2 -12:3 -11:191 -10:20 -9:20 -8:20 -7:20 -6:20 -5:20 -4:20 -3:20 -2:20 -1:20 +0:588
   err far  (pred>20, never acted on): -29:9 -22:46 -21:1 -20:1 -19:1 -18:1 -17:1 -16:1 -15:1 -14:1 -13:1 -12:1 -11:23 +0:205 +5:135 +11:63 +16:144
   last descent, landed on tick 195:
     t=175 pred= 36 left= 20  y=    40 vy=  245760 ay=  -13312
     t=176 pred= 35 left= 19  y=    43 vy=  232448 ay=  -13312
     t=177 pred= 34 left= 18  y=    46 vy=  219136 ay=  -13312
     t=178 pred= 33 left= 17  y=    50 vy=  205824 ay=  -13312
     t=179 pred= 32 left= 16  y=    52 vy=  192512 ay=  -13312
     t=180 pred= 31 left= 15  y=    55 vy=  179200 ay=  -13312
     t=181 pred= 30 left= 14  y=    58 vy=  165888 ay=  -13312
     t=182 pred= 29 left= 13  y=    60 vy=  152576 ay=  -13312
     t=183 pred= 28 left= 12  y=    62 vy=  139264 ay=  -13312
     t=184 pred= 11 left= 11  y=    64 vy=       0 ay=  -26624
     t=185 pred= 10 left= 10  y=    64 vy=  -26624 ay=  -26624
     t=186 pred=  9 left=  9  y=    63 vy=  -53248 ay=  -26624
     t=187 pred=  8 left=  8  y=    62 vy=  -79872 ay=  -26624
     t=188 pred=  7 left=  7  y=    60 vy= -106496 ay=  -26624
     t=189 pred=  6 left=  6  y=    58 vy= -133120 ay=  -26624
     t=190 pred=  5 left=  5  y=    56 vy= -159744 ay=  -26624
     t=191 pred=  4 left=  4  y=    53 vy= -186368 ay=  -26624
     t=192 pred=  3 left=  3  y=    49 vy= -212992 ay=  -26624
     t=193 pred=  2 left=  2  y=    46 vy= -239616 ay=  -26624
     t=194 pred=  1 left=  1  y=    42 vy= -266240 ay=  -26624
P2  landings=3  no_prediction_ticks=25
   err all : +0:78
   err NEAR (pred<=20, the window the tool uses): +0:51
   err far  (pred>20, never acted on): +0:27
   last descent, landed on tick 114:
     t= 80 pred= 34 left= 34  y=    55 vy=  493568 ay=  -30720
     t= 81 pred= 33 left= 33  y=    62 vy=  462848 ay=  -30720
     t= 82 pred= 32 left= 32  y=    69 vy=  432128 ay=  -30720
     t= 83 pred= 31 left= 31  y=    75 vy=  401408 ay=  -30720
     t= 84 pred= 30 left= 30  y=    80 vy=  370688 ay=  -30720
     t= 85 pred= 29 left= 29  y=    86 vy=  339968 ay=  -30720
     t= 86 pred= 28 left= 28  y=    90 vy=  309248 ay=  -30720
     t= 87 pred= 27 left= 27  y=    95 vy=  278528 ay=  -30720
     t= 88 pred= 26 left= 26  y=    98 vy=  247808 ay=  -30720
     t= 89 pred= 25 left= 25  y=   102 vy=  217088 ay=  -30720
     t= 90 pred= 24 left= 24  y=   105 vy=  186368 ay=  -30720
     t= 91 pred= 23 left= 23  y=   107 vy=  155648 ay=  -30720
     t= 92 pred= 22 left= 22  y=   109 vy=  124928 ay=  -30720
     t= 93 pred= 21 left= 21  y=   110 vy=   94208 ay=  -30720
     t= 94 pred= 20 left= 20  y=   111 vy=   63488 ay=  -30720
     t= 95 pred= 19 left= 19  y=   112 vy=   32768 ay=  -30720
     t= 96 pred= 18 left= 18  y=   112 vy=    2048 ay=  -30720
     t= 97 pred= 17 left= 17  y=   111 vy=  -28672 ay=  -30720
     t= 98 pred= 16 left= 16  y=   110 vy=  -59392 ay=  -30720
     t= 99 pred= 15 left= 15  y=   109 vy=  -90112 ay=  -30720
     t=100 pred= 14 left= 14  y=   107 vy= -120832 ay=  -30720
     t=101 pred= 13 left= 13  y=   105 vy= -151552 ay=  -30720
     t=102 pred= 12 left= 12  y=   102 vy= -182272 ay=  -30720
     t=103 pred= 11 left= 11  y=    99 vy= -212992 ay=  -30720
     t=104 pred= 10 left= 10  y=    95 vy= -243712 ay=  -30720
     t=105 pred=  9 left=  9  y=    91 vy= -274432 ay=  -30720
     t=106 pred=  8 left=  8  y=    86 vy= -305152 ay=  -30720
     t=107 pred=  7 left=  7  y=    81 vy= -335872 ay=  -30720
     t=108 pred=  6 left=  6  y=    76 vy= -366592 ay=  -30720
     t=109 pred=  5 left=  5  y=    70 vy= -397312 ay=  -30720
     t=110 pred=  4 left=  4  y=    63 vy= -428032 ay=  -30720
     t=111 pred=  3 left=  3  y=    56 vy= -458752 ay=  -30720
     t=112 pred=  2 left=  2  y=    49 vy= -489472 ay=  -30720
     t=113 pred=  1 left=  1  y=    41 vy= -520192 ay=  -30720
---- landing prediction ----
P1  landings=58  no_prediction_ticks=0
   err all : -45:7 -38:1 -36:1 -34:1 -32:1 -30:1 -29:9 -28:1 -26:1 -24:1 -22:57 -21:3 -20:4 -19:3 -18:4 -17:3 -16:4 -15:3 -14:4 -13:3 -12:4 -11:214 -10:20 -9:20 -8:20 -7:20 -6:20 -5:20 -4:20 -3:20 -2:20 -1:20 +0:804 +5:135 +11:63 +16:153
   err NEAR (pred<=20, the window the tool uses): -45:7 -38:1 -36:1 -34:1 -32:1 -30:1 -28:1 -26:1 -24:1 -22:11 -21:2 -20:3 -19:2 -18:3 -17:2 -16:3 -15:2 -14:3 -13:2 -12:3 -11:191 -10:20 -9:20 -8:20 -7:20 -6:20 -5:20 -4:20 -3:20 -2:20 -1:20 +0:599
   err far  (pred>20, never acted on): -29:9 -22:46 -21:1 -20:1 -19:1 -18:1 -17:1 -16:1 -15:1 -14:1 -13:1 -12:1 -11:23 +0:205 +5:135 +11:63 +16:153
   last descent, landed on tick 231:
     t=211 pred= 36 left= 20  y=    40 vy=  245760 ay=  -13312
     t=212 pred= 35 left= 19  y=    43 vy=  232448 ay=  -13312
     t=213 pred= 34 left= 18  y=    46 vy=  219136 ay=  -13312
     t=214 pred= 33 left= 17  y=    50 vy=  205824 ay=  -13312
     t=215 pred= 32 left= 16  y=    52 vy=  192512 ay=  -13312
     t=216 pred= 31 left= 15  y=    55 vy=  179200 ay=  -13312
     t=217 pred= 30 left= 14  y=    58 vy=  165888 ay=  -13312
     t=218 pred= 29 left= 13  y=    60 vy=  152576 ay=  -13312
     t=219 pred= 28 left= 12  y=    62 vy=  139264 ay=  -13312
     t=220 pred= 11 left= 11  y=    64 vy=       0 ay=  -26624
     t=221 pred= 10 left= 10  y=    64 vy=  -26624 ay=  -26624
     t=222 pred=  9 left=  9  y=    63 vy=  -53248 ay=  -26624
     t=223 pred=  8 left=  8  y=    62 vy=  -79872 ay=  -26624
     t=224 pred=  7 left=  7  y=    60 vy= -106496 ay=  -26624
     t=225 pred=  6 left=  6  y=    58 vy= -133120 ay=  -26624
     t=226 pred=  5 left=  5  y=    56 vy= -159744 ay=  -26624
     t=227 pred=  4 left=  4  y=    53 vy= -186368 ay=  -26624
     t=228 pred=  3 left=  3  y=    49 vy= -212992 ay=  -26624
     t=229 pred=  2 left=  2  y=    46 vy= -239616 ay=  -26624
     t=230 pred=  1 left=  1  y=    42 vy= -266240 ay=  -26624
P2  landings=3  no_prediction_ticks=25
   err all : +0:78
   err NEAR (pred<=20, the window the tool uses): +0:51
   err far  (pred>20, never acted on): +0:27
   last descent, landed on tick 114:
     t= 80 pred= 34 left= 34  y=    55 vy=  493568 ay=  -30720
     t= 81 pred= 33 left= 33  y=    62 vy=  462848 ay=  -30720
     t= 82 pred= 32 left= 32  y=    69 vy=  432128 ay=  -30720
     t= 83 pred= 31 left= 31  y=    75 vy=  401408 ay=  -30720
     t= 84 pred= 30 left= 30  y=    80 vy=  370688 ay=  -30720
     t= 85 pred= 29 left= 29  y=    86 vy=  339968 ay=  -30720
     t= 86 pred= 28 left= 28  y=    90 vy=  309248 ay=  -30720
     t= 87 pred= 27 left= 27  y=    95 vy=  278528 ay=  -30720
     t= 88 pred= 26 left= 26  y=    98 vy=  247808 ay=  -30720
     t= 89 pred= 25 left= 25  y=   102 vy=  217088 ay=  -30720
     t= 90 pred= 24 left= 24  y=   105 vy=  186368 ay=  -30720
     t= 91 pred= 23 left= 23  y=   107 vy=  155648 ay=  -30720
     t= 92 pred= 22 left= 22  y=   109 vy=  124928 ay=  -30720
     t= 93 pred= 21 left= 21  y=   110 vy=   94208 ay=  -30720
     t= 94 pred= 20 left= 20  y=   111 vy=   63488 ay=  -30720
     t= 95 pred= 19 left= 19  y=   112 vy=   32768 ay=  -30720
     t= 96 pred= 18 left= 18  y=   112 vy=    2048 ay=  -30720
     t= 97 pred= 17 left= 17  y=   111 vy=  -28672 ay=  -30720
     t= 98 pred= 16 left= 16  y=   110 vy=  -59392 ay=  -30720
     t= 99 pred= 15 left= 15  y=   109 vy=  -90112 ay=  -30720
     t=100 pred= 14 left= 14  y=   107 vy= -120832 ay=  -30720
     t=101 pred= 13 left= 13  y=   105 vy= -151552 ay=  -30720
     t=102 pred= 12 left= 12  y=   102 vy= -182272 ay=  -30720
     t=103 pred= 11 left= 11  y=    99 vy= -212992 ay=  -30720
     t=104 pred= 10 left= 10  y=    95 vy= -243712 ay=  -30720
     t=105 pred=  9 left=  9  y=    91 vy= -274432 ay=  -30720
     t=106 pred=  8 left=  8  y=    86 vy= -305152 ay=  -30720
     t=107 pred=  7 left=  7  y=    81 vy= -335872 ay=  -30720
     t=108 pred=  6 left=  6  y=    76 vy= -366592 ay=  -30720
     t=109 pred=  5 left=  5  y=    70 vy= -397312 ay=  -30720
     t=110 pred=  4 left=  4  y=    63 vy= -428032 ay=  -30720
     t=111 pred=  3 left=  3  y=    56 vy= -458752 ay=  -30720
     t=112 pred=  2 left=  2  y=    49 vy= -489472 ay=  -30720
     t=113 pred=  1 left=  1  y=    41 vy= -520192 ay=  -30720
---- landing prediction ----
P1  landings=59  no_prediction_ticks=0
   err all : -45:7 -38:1 -36:1 -34:1 -32:1 -30:1 -29:9 -28:1 -26:1 -24:1 -22:57 -21:3 -20:4 -19:3 -18:4 -17:3 -16:4 -15:3 -14:4 -13:3 -12:4 -11:214 -10:20 -9:20 -8:20 -7:20 -6:20 -5:20 -4:20 -3:20 -2:20 -1:20 +0:815 +5:135 +11:63 +16:162
   err NEAR (pred<=20, the window the tool uses): -45:7 -38:1 -36:1 -34:1 -32:1 -30:1 -28:1 -26:1 -24:1 -22:11 -21:2 -20:3 -19:2 -18:3 -17:2 -16:3 -15:2 -14:3 -13:2 -12:3 -11:191 -10:20 -9:20 -8:20 -7:20 -6:20 -5:20 -4:20 -3:20 -2:20 -1:20 +0:610
   err far  (pred>20, never acted on): -29:9 -22:46 -21:1 -20:1 -19:1 -18:1 -17:1 -16:1 -15:1 -14:1 -13:1 -12:1 -11:23 +0:205 +5:135 +11:63 +16:162
   last descent, landed on tick 9:
     t=245 pred= 36 left= 20  y=    40 vy=  245760 ay=  -13312
     t=246 pred= 35 left= 19  y=    43 vy=  232448 ay=  -13312
     t=247 pred= 34 left= 18  y=    46 vy=  219136 ay=  -13312
     t=248 pred= 33 left= 17  y=    50 vy=  205824 ay=  -13312
     t=249 pred= 32 left= 16  y=    52 vy=  192512 ay=  -13312
     t=250 pred= 31 left= 15  y=    55 vy=  179200 ay=  -13312
     t=251 pred= 30 left= 14  y=    58 vy=  165888 ay=  -13312
     t=252 pred= 29 left= 13  y=    60 vy=  152576 ay=  -13312
     t=253 pred= 28 left= 12  y=    62 vy=  139264 ay=  -13312
     t=254 pred= 11 left= 11  y=    64 vy=       0 ay=  -26624
     t=255 pred= 10 left= 10  y=    64 vy=  -26624 ay=  -26624
     t=  0 pred=  9 left=  9  y=    63 vy=  -53248 ay=  -26624
     t=  1 pred=  8 left=  8  y=    62 vy=  -79872 ay=  -26624
     t=  2 pred=  7 left=  7  y=    60 vy= -106496 ay=  -26624
     t=  3 pred=  6 left=  6  y=    58 vy= -133120 ay=  -26624
     t=  4 pred=  5 left=  5  y=    56 vy= -159744 ay=  -26624
     t=  5 pred=  4 left=  4  y=    53 vy= -186368 ay=  -26624
     t=  6 pred=  3 left=  3  y=    49 vy= -212992 ay=  -26624
     t=  7 pred=  2 left=  2  y=    46 vy= -239616 ay=  -26624
     t=  8 pred=  1 left=  1  y=    42 vy= -266240 ay=  -26624
P2  landings=3  no_prediction_ticks=25
   err all : +0:78
   err NEAR (pred<=20, the window the tool uses): +0:51
   err far  (pred>20, never acted on): +0:27
   last descent, landed on tick 114:
     t= 80 pred= 34 left= 34  y=    55 vy=  493568 ay=  -30720
     t= 81 pred= 33 left= 33  y=    62 vy=  462848 ay=  -30720
     t= 82 pred= 32 left= 32  y=    69 vy=  432128 ay=  -30720
     t= 83 pred= 31 left= 31  y=    75 vy=  401408 ay=  -30720
     t= 84 pred= 30 left= 30  y=    80 vy=  370688 ay=  -30720
     t= 85 pred= 29 left= 29  y=    86 vy=  339968 ay=  -30720
     t= 86 pred= 28 left= 28  y=    90 vy=  309248 ay=  -30720
     t= 87 pred= 27 left= 27  y=    95 vy=  278528 ay=  -30720
     t= 88 pred= 26 left= 26  y=    98 vy=  247808 ay=  -30720
     t= 89 pred= 25 left= 25  y=   102 vy=  217088 ay=  -30720
     t= 90 pred= 24 left= 24  y=   105 vy=  186368 ay=  -30720
     t= 91 pred= 23 left= 23  y=   107 vy=  155648 ay=  -30720
     t= 92 pred= 22 left= 22  y=   109 vy=  124928 ay=  -30720
     t= 93 pred= 21 left= 21  y=   110 vy=   94208 ay=  -30720
     t= 94 pred= 20 left= 20  y=   111 vy=   63488 ay=  -30720
     t= 95 pred= 19 left= 19  y=   112 vy=   32768 ay=  -30720
     t= 96 pred= 18 left= 18  y=   112 vy=    2048 ay=  -30720
     t= 97 pred= 17 left= 17  y=   111 vy=  -28672 ay=  -30720
     t= 98 pred= 16 left= 16  y=   110 vy=  -59392 ay=  -30720
     t= 99 pred= 15 left= 15  y=   109 vy=  -90112 ay=  -30720
     t=100 pred= 14 left= 14  y=   107 vy= -120832 ay=  -30720
     t=101 pred= 13 left= 13  y=   105 vy= -151552 ay=  -30720
     t=102 pred= 12 left= 12  y=   102 vy= -182272 ay=  -30720
     t=103 pred= 11 left= 11  y=    99 vy= -212992 ay=  -30720
     t=104 pred= 10 left= 10  y=    95 vy= -243712 ay=  -30720
     t=105 pred=  9 left=  9  y=    91 vy= -274432 ay=  -30720
     t=106 pred=  8 left=  8  y=    86 vy= -305152 ay=  -30720
     t=107 pred=  7 left=  7  y=    81 vy= -335872 ay=  -30720
     t=108 pred=  6 left=  6  y=    76 vy= -366592 ay=  -30720
     t=109 pred=  5 left=  5  y=    70 vy= -397312 ay=  -30720
     t=110 pred=  4 left=  4  y=    63 vy= -428032 ay=  -30720
     t=111 pred=  3 left=  3  y=    56 vy= -458752 ay=  -30720
     t=112 pred=  2 left=  2  y=    49 vy= -489472 ay=  -30720
     t=113 pred=  1 left=  1  y=    41 vy= -520192 ay=  -30720
---- landing prediction ----
P1  landings=60  no_prediction_ticks=0
   err all : -45:7 -38:1 -36:1 -34:1 -32:1 -30:1 -29:9 -28:1 -26:1 -24:1 -22:57 -21:3 -20:4 -19:3 -18:4 -17:3 -16:4 -15:3 -14:4 -13:3 -12:4 -11:214 -10:20 -9:20 -8:20 -7:20 -6:20 -5:20 -4:20 -3:20 -2:20 -1:20 +0:853 +5:135 +11:63 +16:162
   err NEAR (pred<=20, the window the tool uses): -45:7 -38:1 -36:1 -34:1 -32:1 -30:1 -28:1 -26:1 -24:1 -22:11 -21:2 -20:3 -19:2 -18:3 -17:2 -16:3 -15:2 -14:3 -13:2 -12:3 -11:191 -10:20 -9:20 -8:20 -7:20 -6:20 -5:20 -4:20 -3:20 -2:20 -1:20 +0:630
   err far  (pred>20, never acted on): -29:9 -22:46 -21:1 -20:1 -19:1 -18:1 -17:1 -16:1 -15:1 -14:1 -13:1 -12:1 -11:23 +0:223 +5:135 +11:63 +16:162
   last descent, landed on tick 56:
     t= 18 pred= 38 left= 38  y=    40 vy=  622592 ay=  -32000
     t= 19 pred= 37 left= 37  y=    49 vy=  590592 ay=  -32000
     t= 20 pred= 36 left= 36  y=    57 vy=  558592 ay=  -32000
     t= 21 pred= 35 left= 35  y=    65 vy=  526592 ay=  -32000
     t= 22 pred= 34 left= 34  y=    73 vy=  494592 ay=  -32000
     t= 23 pred= 33 left= 33  y=    80 vy=  462592 ay=  -32000
     t= 24 pred= 32 left= 32  y=    86 vy=  430592 ay=  -32000
     t= 25 pred= 31 left= 31  y=    92 vy=  398592 ay=  -32000
     t= 26 pred= 30 left= 30  y=    98 vy=  366592 ay=  -32000
     t= 27 pred= 29 left= 29  y=   103 vy=  334592 ay=  -32000
     t= 28 pred= 28 left= 28  y=   108 vy=  302592 ay=  -32000
     t= 29 pred= 27 left= 27  y=   112 vy=  270592 ay=  -32000
     t= 30 pred= 26 left= 26  y=   115 vy=  238592 ay=  -32000
     t= 31 pred= 25 left= 25  y=   119 vy=  206592 ay=  -32000
     t= 32 pred= 24 left= 24  y=   121 vy=  174592 ay=  -32000
     t= 33 pred= 23 left= 23  y=   123 vy=  142592 ay=  -32000
     t= 34 pred= 22 left= 22  y=   125 vy=  110592 ay=  -32000
     t= 35 pred= 21 left= 21  y=   126 vy=   78592 ay=  -32000
     t= 36 pred= 20 left= 20  y=   127 vy=   46592 ay=  -32000
     t= 37 pred= 19 left= 19  y=   127 vy=   14592 ay=  -32000
     t= 38 pred= 18 left= 18  y=   127 vy=  -17408 ay=  -32000
     t= 39 pred= 17 left= 17  y=   126 vy=  -49408 ay=  -32000
     t= 40 pred= 16 left= 16  y=   125 vy=  -81408 ay=  -32000
     t= 41 pred= 15 left= 15  y=   123 vy= -113408 ay=  -32000
     t= 42 pred= 14 left= 14  y=   121 vy= -145408 ay=  -32000
     t= 43 pred= 13 left= 13  y=   118 vy= -177408 ay=  -32000
     t= 44 pred= 12 left= 12  y=   115 vy= -209408 ay=  -32000
     t= 45 pred= 11 left= 11  y=   111 vy= -241408 ay=  -32000
     t= 46 pred= 10 left= 10  y=   107 vy= -273408 ay=  -32000
     t= 47 pred=  9 left=  9  y=   103 vy= -305408 ay=  -32000
     t= 48 pred=  8 left=  8  y=    97 vy= -337408 ay=  -32000
     t= 49 pred=  7 left=  7  y=    92 vy= -369408 ay=  -32000
     t= 50 pred=  6 left=  6  y=    86 vy= -401408 ay=  -32000
     t= 51 pred=  5 left=  5  y=    79 vy= -433408 ay=  -32000
     t= 52 pred=  4 left=  4  y=    72 vy= -465408 ay=  -32000
     t= 53 pred=  3 left=  3  y=    64 vy= -497408 ay=  -32000
     t= 54 pred=  2 left=  2  y=    56 vy= -529408 ay=  -32000
     t= 55 pred=  1 left=  1  y=    48 vy= -561408 ay=  -32000
P2  landings=3  no_prediction_ticks=25
   err all : +0:78
   err NEAR (pred<=20, the window the tool uses): +0:51
   err far  (pred>20, never acted on): +0:27
   last descent, landed on tick 114:
     t= 80 pred= 34 left= 34  y=    55 vy=  493568 ay=  -30720
     t= 81 pred= 33 left= 33  y=    62 vy=  462848 ay=  -30720
     t= 82 pred= 32 left= 32  y=    69 vy=  432128 ay=  -30720
     t= 83 pred= 31 left= 31  y=    75 vy=  401408 ay=  -30720
     t= 84 pred= 30 left= 30  y=    80 vy=  370688 ay=  -30720
     t= 85 pred= 29 left= 29  y=    86 vy=  339968 ay=  -30720
     t= 86 pred= 28 left= 28  y=    90 vy=  309248 ay=  -30720
     t= 87 pred= 27 left= 27  y=    95 vy=  278528 ay=  -30720
     t= 88 pred= 26 left= 26  y=    98 vy=  247808 ay=  -30720
     t= 89 pred= 25 left= 25  y=   102 vy=  217088 ay=  -30720
     t= 90 pred= 24 left= 24  y=   105 vy=  186368 ay=  -30720
     t= 91 pred= 23 left= 23  y=   107 vy=  155648 ay=  -30720
     t= 92 pred= 22 left= 22  y=   109 vy=  124928 ay=  -30720
     t= 93 pred= 21 left= 21  y=   110 vy=   94208 ay=  -30720
     t= 94 pred= 20 left= 20  y=   111 vy=   63488 ay=  -30720
     t= 95 pred= 19 left= 19  y=   112 vy=   32768 ay=  -30720
     t= 96 pred= 18 left= 18  y=   112 vy=    2048 ay=  -30720
     t= 97 pred= 17 left= 17  y=   111 vy=  -28672 ay=  -30720
     t= 98 pred= 16 left= 16  y=   110 vy=  -59392 ay=  -30720
     t= 99 pred= 15 left= 15  y=   109 vy=  -90112 ay=  -30720
     t=100 pred= 14 left= 14  y=   107 vy= -120832 ay=  -30720
     t=101 pred= 13 left= 13  y=   105 vy= -151552 ay=  -30720
     t=102 pred= 12 left= 12  y=   102 vy= -182272 ay=  -30720
     t=103 pred= 11 left= 11  y=    99 vy= -212992 ay=  -30720
     t=104 pred= 10 left= 10  y=    95 vy= -243712 ay=  -30720
     t=105 pred=  9 left=  9  y=    91 vy= -274432 ay=  -30720
     t=106 pred=  8 left=  8  y=    86 vy= -305152 ay=  -30720
     t=107 pred=  7 left=  7  y=    81 vy= -335872 ay=  -30720
     t=108 pred=  6 left=  6  y=    76 vy= -366592 ay=  -30720
     t=109 pred=  5 left=  5  y=    70 vy= -397312 ay=  -30720
     t=110 pred=  4 left=  4  y=    63 vy= -428032 ay=  -30720
     t=111 pred=  3 left=  3  y=    56 vy= -458752 ay=  -30720
     t=112 pred=  2 left=  2  y=    49 vy= -489472 ay=  -30720
     t=113 pred=  1 left=  1  y=    41 vy= -520192 ay=  -30720
---- landing prediction ----
P1  landings=61  no_prediction_ticks=0
   err all : -45:7 -38:1 -36:1 -34:1 -32:1 -30:1 -29:9 -28:1 -26:1 -24:1 -22:57 -21:3 -20:4 -19:3 -18:4 -17:3 -16:4 -15:3 -14:4 -13:3 -12:4 -11:214 -10:20 -9:20 -8:20 -7:20 -6:20 -5:20 -4:20 -3:20 -2:20 -1:20 +0:864 +5:135 +11:63 +16:171
   err NEAR (pred<=20, the window the tool uses): -45:7 -38:1 -36:1 -34:1 -32:1 -30:1 -28:1 -26:1 -24:1 -22:11 -21:2 -20:3 -19:2 -18:3 -17:2 -16:3 -15:2 -14:3 -13:2 -12:3 -11:191 -10:20 -9:20 -8:20 -7:20 -6:20 -5:20 -4:20 -3:20 -2:20 -1:20 +0:641
   err far  (pred>20, never acted on): -29:9 -22:46 -21:1 -20:1 -19:1 -18:1 -17:1 -16:1 -15:1 -14:1 -13:1 -12:1 -11:23 +0:223 +5:135 +11:63 +16:171
   last descent, landed on tick 130:
     t=110 pred= 36 left= 20  y=    40 vy=  245760 ay=  -13312
     t=111 pred= 35 left= 19  y=    43 vy=  232448 ay=  -13312
     t=112 pred= 34 left= 18  y=    46 vy=  219136 ay=  -13312
     t=113 pred= 33 left= 17  y=    50 vy=  205824 ay=  -13312
     t=114 pred= 32 left= 16  y=    52 vy=  192512 ay=  -13312
     t=115 pred= 31 left= 15  y=    55 vy=  179200 ay=  -13312
     t=116 pred= 30 left= 14  y=    58 vy=  165888 ay=  -13312
     t=117 pred= 29 left= 13  y=    60 vy=  152576 ay=  -13312
     t=118 pred= 28 left= 12  y=    62 vy=  139264 ay=  -13312
     t=119 pred= 11 left= 11  y=    64 vy=       0 ay=  -26624
     t=120 pred= 10 left= 10  y=    64 vy=  -26624 ay=  -26624
     t=121 pred=  9 left=  9  y=    63 vy=  -53248 ay=  -26624
     t=122 pred=  8 left=  8  y=    62 vy=  -79872 ay=  -26624
     t=123 pred=  7 left=  7  y=    60 vy= -106496 ay=  -26624
     t=124 pred=  6 left=  6  y=    58 vy= -133120 ay=  -26624
     t=125 pred=  5 left=  5  y=    56 vy= -159744 ay=  -26624
     t=126 pred=  4 left=  4  y=    53 vy= -186368 ay=  -26624
     t=127 pred=  3 left=  3  y=    49 vy= -212992 ay=  -26624
     t=128 pred=  2 left=  2  y=    46 vy= -239616 ay=  -26624
     t=129 pred=  1 left=  1  y=    42 vy= -266240 ay=  -26624
P2  landings=3  no_prediction_ticks=25
   err all : +0:78
   err NEAR (pred<=20, the window the tool uses): +0:51
   err far  (pred>20, never acted on): +0:27
   last descent, landed on tick 114:
     t= 80 pred= 34 left= 34  y=    55 vy=  493568 ay=  -30720
     t= 81 pred= 33 left= 33  y=    62 vy=  462848 ay=  -30720
     t= 82 pred= 32 left= 32  y=    69 vy=  432128 ay=  -30720
     t= 83 pred= 31 left= 31  y=    75 vy=  401408 ay=  -30720
     t= 84 pred= 30 left= 30  y=    80 vy=  370688 ay=  -30720
     t= 85 pred= 29 left= 29  y=    86 vy=  339968 ay=  -30720
     t= 86 pred= 28 left= 28  y=    90 vy=  309248 ay=  -30720
     t= 87 pred= 27 left= 27  y=    95 vy=  278528 ay=  -30720
     t= 88 pred= 26 left= 26  y=    98 vy=  247808 ay=  -30720
     t= 89 pred= 25 left= 25  y=   102 vy=  217088 ay=  -30720
     t= 90 pred= 24 left= 24  y=   105 vy=  186368 ay=  -30720
     t= 91 pred= 23 left= 23  y=   107 vy=  155648 ay=  -30720
     t= 92 pred= 22 left= 22  y=   109 vy=  124928 ay=  -30720
     t= 93 pred= 21 left= 21  y=   110 vy=   94208 ay=  -30720
     t= 94 pred= 20 left= 20  y=   111 vy=   63488 ay=  -30720
     t= 95 pred= 19 left= 19  y=   112 vy=   32768 ay=  -30720
     t= 96 pred= 18 left= 18  y=   112 vy=    2048 ay=  -30720
     t= 97 pred= 17 left= 17  y=   111 vy=  -28672 ay=  -30720
     t= 98 pred= 16 left= 16  y=   110 vy=  -59392 ay=  -30720
     t= 99 pred= 15 left= 15  y=   109 vy=  -90112 ay=  -30720
     t=100 pred= 14 left= 14  y=   107 vy= -120832 ay=  -30720
     t=101 pred= 13 left= 13  y=   105 vy= -151552 ay=  -30720
     t=102 pred= 12 left= 12  y=   102 vy= -182272 ay=  -30720
     t=103 pred= 11 left= 11  y=    99 vy= -212992 ay=  -30720
     t=104 pred= 10 left= 10  y=    95 vy= -243712 ay=  -30720
     t=105 pred=  9 left=  9  y=    91 vy= -274432 ay=  -30720
     t=106 pred=  8 left=  8  y=    86 vy= -305152 ay=  -30720
     t=107 pred=  7 left=  7  y=    81 vy= -335872 ay=  -30720
     t=108 pred=  6 left=  6  y=    76 vy= -366592 ay=  -30720
     t=109 pred=  5 left=  5  y=    70 vy= -397312 ay=  -30720
     t=110 pred=  4 left=  4  y=    63 vy= -428032 ay=  -30720
     t=111 pred=  3 left=  3  y=    56 vy= -458752 ay=  -30720
     t=112 pred=  2 left=  2  y=    49 vy= -489472 ay=  -30720
     t=113 pred=  1 left=  1  y=    41 vy= -520192 ay=  -30720
---- landing prediction ----
P1  landings=62  no_prediction_ticks=0
   err all : -45:7 -38:1 -36:1 -34:1 -32:1 -30:1 -29:9 -28:1 -26:1 -24:1 -22:57 -21:3 -20:4 -19:3 -18:4 -17:3 -16:4 -15:3 -14:4 -13:3 -12:4 -11:214 -10:20 -9:20 -8:20 -7:20 -6:20 -5:20 -4:20 -3:20 -2:20 -1:20 +0:875 +5:135 +11:63 +16:180
   err NEAR (pred<=20, the window the tool uses): -45:7 -38:1 -36:1 -34:1 -32:1 -30:1 -28:1 -26:1 -24:1 -22:11 -21:2 -20:3 -19:2 -18:3 -17:2 -16:3 -15:2 -14:3 -13:2 -12:3 -11:191 -10:20 -9:20 -8:20 -7:20 -6:20 -5:20 -4:20 -3:20 -2:20 -1:20 +0:652
   err far  (pred>20, never acted on): -29:9 -22:46 -21:1 -20:1 -19:1 -18:1 -17:1 -16:1 -15:1 -14:1 -13:1 -12:1 -11:23 +0:223 +5:135 +11:63 +16:180
   last descent, landed on tick 162:
     t=142 pred= 36 left= 20  y=    40 vy=  245760 ay=  -13312
     t=143 pred= 35 left= 19  y=    43 vy=  232448 ay=  -13312
     t=144 pred= 34 left= 18  y=    46 vy=  219136 ay=  -13312
     t=145 pred= 33 left= 17  y=    50 vy=  205824 ay=  -13312
     t=146 pred= 32 left= 16  y=    52 vy=  192512 ay=  -13312
     t=147 pred= 31 left= 15  y=    55 vy=  179200 ay=  -13312
     t=148 pred= 30 left= 14  y=    58 vy=  165888 ay=  -13312
     t=149 pred= 29 left= 13  y=    60 vy=  152576 ay=  -13312
     t=150 pred= 28 left= 12  y=    62 vy=  139264 ay=  -13312
     t=151 pred= 11 left= 11  y=    64 vy=       0 ay=  -26624
     t=152 pred= 10 left= 10  y=    64 vy=  -26624 ay=  -26624
     t=153 pred=  9 left=  9  y=    63 vy=  -53248 ay=  -26624
     t=154 pred=  8 left=  8  y=    62 vy=  -79872 ay=  -26624
     t=155 pred=  7 left=  7  y=    60 vy= -106496 ay=  -26624
     t=156 pred=  6 left=  6  y=    58 vy= -133120 ay=  -26624
     t=157 pred=  5 left=  5  y=    56 vy= -159744 ay=  -26624
     t=158 pred=  4 left=  4  y=    53 vy= -186368 ay=  -26624
     t=159 pred=  3 left=  3  y=    49 vy= -212992 ay=  -26624
     t=160 pred=  2 left=  2  y=    46 vy= -239616 ay=  -26624
     t=161 pred=  1 left=  1  y=    42 vy= -266240 ay=  -26624
P2  landings=3  no_prediction_ticks=25
   err all : +0:78
   err NEAR (pred<=20, the window the tool uses): +0:51
   err far  (pred>20, never acted on): +0:27
   last descent, landed on tick 114:
     t= 80 pred= 34 left= 34  y=    55 vy=  493568 ay=  -30720
     t= 81 pred= 33 left= 33  y=    62 vy=  462848 ay=  -30720
     t= 82 pred= 32 left= 32  y=    69 vy=  432128 ay=  -30720
     t= 83 pred= 31 left= 31  y=    75 vy=  401408 ay=  -30720
     t= 84 pred= 30 left= 30  y=    80 vy=  370688 ay=  -30720
     t= 85 pred= 29 left= 29  y=    86 vy=  339968 ay=  -30720
     t= 86 pred= 28 left= 28  y=    90 vy=  309248 ay=  -30720
     t= 87 pred= 27 left= 27  y=    95 vy=  278528 ay=  -30720
     t= 88 pred= 26 left= 26  y=    98 vy=  247808 ay=  -30720
     t= 89 pred= 25 left= 25  y=   102 vy=  217088 ay=  -30720
     t= 90 pred= 24 left= 24  y=   105 vy=  186368 ay=  -30720
     t= 91 pred= 23 left= 23  y=   107 vy=  155648 ay=  -30720
     t= 92 pred= 22 left= 22  y=   109 vy=  124928 ay=  -30720
     t= 93 pred= 21 left= 21  y=   110 vy=   94208 ay=  -30720
     t= 94 pred= 20 left= 20  y=   111 vy=   63488 ay=  -30720
     t= 95 pred= 19 left= 19  y=   112 vy=   32768 ay=  -30720
     t= 96 pred= 18 left= 18  y=   112 vy=    2048 ay=  -30720
     t= 97 pred= 17 left= 17  y=   111 vy=  -28672 ay=  -30720
     t= 98 pred= 16 left= 16  y=   110 vy=  -59392 ay=  -30720
     t= 99 pred= 15 left= 15  y=   109 vy=  -90112 ay=  -30720
     t=100 pred= 14 left= 14  y=   107 vy= -120832 ay=  -30720
     t=101 pred= 13 left= 13  y=   105 vy= -151552 ay=  -30720
     t=102 pred= 12 left= 12  y=   102 vy= -182272 ay=  -30720
     t=103 pred= 11 left= 11  y=    99 vy= -212992 ay=  -30720
     t=104 pred= 10 left= 10  y=    95 vy= -243712 ay=  -30720
     t=105 pred=  9 left=  9  y=    91 vy= -274432 ay=  -30720
     t=106 pred=  8 left=  8  y=    86 vy= -305152 ay=  -30720
     t=107 pred=  7 left=  7  y=    81 vy= -335872 ay=  -30720
     t=108 pred=  6 left=  6  y=    76 vy= -366592 ay=  -30720
     t=109 pred=  5 left=  5  y=    70 vy= -397312 ay=  -30720
     t=110 pred=  4 left=  4  y=    63 vy= -428032 ay=  -30720
     t=111 pred=  3 left=  3  y=    56 vy= -458752 ay=  -30720
     t=112 pred=  2 left=  2  y=    49 vy= -489472 ay=  -30720
     t=113 pred=  1 left=  1  y=    41 vy= -520192 ay=  -30720
---- landing prediction ----
P1  landings=62  no_prediction_ticks=0
   err all : -45:7 -38:1 -36:1 -34:1 -32:1 -30:1 -29:9 -28:1 -26:1 -24:1 -22:57 -21:3 -20:4 -19:3 -18:4 -17:3 -16:4 -15:3 -14:4 -13:3 -12:4 -11:214 -10:20 -9:20 -8:20 -7:20 -6:20 -5:20 -4:20 -3:20 -2:20 -1:20 +0:875 +5:135 +11:63 +16:180
   err NEAR (pred<=20, the window the tool uses): -45:7 -38:1 -36:1 -34:1 -32:1 -30:1 -28:1 -26:1 -24:1 -22:11 -21:2 -20:3 -19:2 -18:3 -17:2 -16:3 -15:2 -14:3 -13:2 -12:3 -11:191 -10:20 -9:20 -8:20 -7:20 -6:20 -5:20 -4:20 -3:20 -2:20 -1:20 +0:652
   err far  (pred>20, never acted on): -29:9 -22:46 -21:1 -20:1 -19:1 -18:1 -17:1 -16:1 -15:1 -14:1 -13:1 -12:1 -11:23 +0:223 +5:135 +11:63 +16:180
   last descent, landed on tick 162:
     t=142 pred= 36 left= 20  y=    40 vy=  245760 ay=  -13312
     t=143 pred= 35 left= 19  y=    43 vy=  232448 ay=  -13312
     t=144 pred= 34 left= 18  y=    46 vy=  219136 ay=  -13312
     t=145 pred= 33 left= 17  y=    50 vy=  205824 ay=  -13312
     t=146 pred= 32 left= 16  y=    52 vy=  192512 ay=  -13312
     t=147 pred= 31 left= 15  y=    55 vy=  179200 ay=  -13312
     t=148 pred= 30 left= 14  y=    58 vy=  165888 ay=  -13312
     t=149 pred= 29 left= 13  y=    60 vy=  152576 ay=  -13312
     t=150 pred= 28 left= 12  y=    62 vy=  139264 ay=  -13312
     t=151 pred= 11 left= 11  y=    64 vy=       0 ay=  -26624
     t=152 pred= 10 left= 10  y=    64 vy=  -26624 ay=  -26624
     t=153 pred=  9 left=  9  y=    63 vy=  -53248 ay=  -26624
     t=154 pred=  8 left=  8  y=    62 vy=  -79872 ay=  -26624
     t=155 pred=  7 left=  7  y=    60 vy= -106496 ay=  -26624
     t=156 pred=  6 left=  6  y=    58 vy= -133120 ay=  -26624
     t=157 pred=  5 left=  5  y=    56 vy= -159744 ay=  -26624
     t=158 pred=  4 left=  4  y=    53 vy= -186368 ay=  -26624
     t=159 pred=  3 left=  3  y=    49 vy= -212992 ay=  -26624
     t=160 pred=  2 left=  2  y=    46 vy= -239616 ay=  -26624
     t=161 pred=  1 left=  1  y=    42 vy= -266240 ay=  -26624
P2  landings=4  no_prediction_ticks=25
   err all : +0:112
   err NEAR (pred<=20, the window the tool uses): +0:71
   err far  (pred>20, never acted on): +0:41
   last descent, landed on tick 247:
     t=213 pred= 34 left= 34  y=    55 vy=  493568 ay=  -30720
     t=214 pred= 33 left= 33  y=    62 vy=  462848 ay=  -30720
     t=215 pred= 32 left= 32  y=    69 vy=  432128 ay=  -30720
     t=216 pred= 31 left= 31  y=    75 vy=  401408 ay=  -30720
     t=217 pred= 30 left= 30  y=    80 vy=  370688 ay=  -30720
     t=218 pred= 29 left= 29  y=    86 vy=  339968 ay=  -30720
     t=219 pred= 28 left= 28  y=    90 vy=  309248 ay=  -30720
     t=220 pred= 27 left= 27  y=    95 vy=  278528 ay=  -30720
     t=221 pred= 26 left= 26  y=    98 vy=  247808 ay=  -30720
     t=222 pred= 25 left= 25  y=   102 vy=  217088 ay=  -30720
     t=223 pred= 24 left= 24  y=   105 vy=  186368 ay=  -30720
     t=224 pred= 23 left= 23  y=   107 vy=  155648 ay=  -30720
     t=225 pred= 22 left= 22  y=   109 vy=  124928 ay=  -30720
     t=226 pred= 21 left= 21  y=   110 vy=   94208 ay=  -30720
     t=227 pred= 20 left= 20  y=   111 vy=   63488 ay=  -30720
     t=228 pred= 19 left= 19  y=   112 vy=   32768 ay=  -30720
     t=229 pred= 18 left= 18  y=   112 vy=    2048 ay=  -30720
     t=230 pred= 17 left= 17  y=   111 vy=  -28672 ay=  -30720
     t=231 pred= 16 left= 16  y=   110 vy=  -59392 ay=  -30720
     t=232 pred= 15 left= 15  y=   109 vy=  -90112 ay=  -30720
     t=233 pred= 14 left= 14  y=   107 vy= -120832 ay=  -30720
     t=234 pred= 13 left= 13  y=   105 vy= -151552 ay=  -30720
     t=235 pred= 12 left= 12  y=   102 vy= -182272 ay=  -30720
     t=236 pred= 11 left= 11  y=    99 vy= -212992 ay=  -30720
     t=237 pred= 10 left= 10  y=    95 vy= -243712 ay=  -30720
     t=238 pred=  9 left=  9  y=    91 vy= -274432 ay=  -30720
     t=239 pred=  8 left=  8  y=    86 vy= -305152 ay=  -30720
     t=240 pred=  7 left=  7  y=    81 vy= -335872 ay=  -30720
     t=241 pred=  6 left=  6  y=    76 vy= -366592 ay=  -30720
     t=242 pred=  5 left=  5  y=    70 vy= -397312 ay=  -30720
     t=243 pred=  4 left=  4  y=    63 vy= -428032 ay=  -30720
     t=244 pred=  3 left=  3  y=    56 vy= -458752 ay=  -30720
     t=245 pred=  2 left=  2  y=    49 vy= -489472 ay=  -30720
     t=246 pred=  1 left=  1  y=    41 vy= -520192 ay=  -30720
---- landing prediction ----
P1  landings=63  no_prediction_ticks=0
   err all : -45:7 -38:1 -36:1 -34:1 -32:1 -30:1 -29:9 -28:1 -26:1 -24:1 -22:57 -21:3 -20:4 -19:3 -18:4 -17:3 -16:4 -15:3 -14:4 -13:3 -12:4 -11:214 -10:20 -9:20 -8:20 -7:20 -6:20 -5:20 -4:20 -3:20 -2:20 -1:20 +0:914 +5:135 +11:63 +16:180
   err NEAR (pred<=20, the window the tool uses): -45:7 -38:1 -36:1 -34:1 -32:1 -30:1 -28:1 -26:1 -24:1 -22:11 -21:2 -20:3 -19:2 -18:3 -17:2 -16:3 -15:2 -14:3 -13:2 -12:3 -11:191 -10:20 -9:20 -8:20 -7:20 -6:20 -5:20 -4:20 -3:20 -2:20 -1:20 +0:672
   err far  (pred>20, never acted on): -29:9 -22:46 -21:1 -20:1 -19:1 -18:1 -17:1 -16:1 -15:1 -14:1 -13:1 -12:1 -11:23 +0:242 +5:135 +11:63 +16:180
   last descent, landed on tick 28:
     t=245 pred= 39 left= 39  y=    40 vy=  630784 ay=  -32000
     t=246 pred= 38 left= 38  y=    49 vy=  598784 ay=  -32000
     t=247 pred= 37 left= 37  y=    57 vy=  566784 ay=  -32000
     t=248 pred= 36 left= 36  y=    65 vy=  534784 ay=  -32000
     t=249 pred= 35 left= 35  y=    73 vy=  502784 ay=  -32000
     t=250 pred= 34 left= 34  y=    80 vy=  470784 ay=  -32000
     t=251 pred= 33 left= 33  y=    87 vy=  438784 ay=  -32000
     t=252 pred= 32 left= 32  y=    93 vy=  406784 ay=  -32000
     t=253 pred= 31 left= 31  y=    99 vy=  374784 ay=  -32000
     t=254 pred= 30 left= 30  y=   104 vy=  342784 ay=  -32000
     t=255 pred= 29 left= 29  y=   109 vy=  310784 ay=  -32000
     t=  0 pred= 28 left= 28  y=   113 vy=  278784 ay=  -32000
     t=  1 pred= 27 left= 27  y=   117 vy=  246784 ay=  -32000
     t=  2 pred= 26 left= 26  y=   120 vy=  214784 ay=  -32000
     t=  3 pred= 25 left= 25  y=   123 vy=  182784 ay=  -32000
     t=  4 pred= 24 left= 24  y=   125 vy=  150784 ay=  -32000
     t=  5 pred= 23 left= 23  y=   127 vy=  118784 ay=  -32000
     t=  6 pred= 22 left= 22  y=   128 vy=   86784 ay=  -32000
     t=  7 pred= 21 left= 21  y=   129 vy=   54784 ay=  -32000
     t=  8 pred= 20 left= 20  y=   130 vy=   22784 ay=  -32000
     t=  9 pred= 19 left= 19  y=   129 vy=   -9216 ay=  -32000
     t= 10 pred= 18 left= 18  y=   129 vy=  -41216 ay=  -32000
     t= 11 pred= 17 left= 17  y=   128 vy=  -73216 ay=  -32000
     t= 12 pred= 16 left= 16  y=   126 vy= -105216 ay=  -32000
     t= 13 pred= 15 left= 15  y=   124 vy= -137216 ay=  -32000
     t= 14 pred= 14 left= 14  y=   121 vy= -169216 ay=  -32000
     t= 15 pred= 13 left= 13  y=   118 vy= -201216 ay=  -32000
     t= 16 pred= 12 left= 12  y=   115 vy= -233216 ay=  -32000
     t= 17 pred= 11 left= 11  y=   111 vy= -265216 ay=  -32000
     t= 18 pred= 10 left= 10  y=   106 vy= -297216 ay=  -32000
     t= 19 pred=  9 left=  9  y=   101 vy= -329216 ay=  -32000
     t= 20 pred=  8 left=  8  y=    96 vy= -361216 ay=  -32000
     t= 21 pred=  7 left=  7  y=    90 vy= -393216 ay=  -32000
     t= 22 pred=  6 left=  6  y=    83 vy= -425216 ay=  -32000
     t= 23 pred=  5 left=  5  y=    76 vy= -457216 ay=  -32000
     t= 24 pred=  4 left=  4  y=    69 vy= -489216 ay=  -32000
     t= 25 pred=  3 left=  3  y=    61 vy= -521216 ay=  -32000
     t= 26 pred=  2 left=  2  y=    52 vy= -553216 ay=  -32000
     t= 27 pred=  1 left=  1  y=    43 vy= -585216 ay=  -32000
P2  landings=4  no_prediction_ticks=25
   err all : +0:112
   err NEAR (pred<=20, the window the tool uses): +0:71
   err far  (pred>20, never acted on): +0:41
   last descent, landed on tick 247:
     t=213 pred= 34 left= 34  y=    55 vy=  493568 ay=  -30720
     t=214 pred= 33 left= 33  y=    62 vy=  462848 ay=  -30720
     t=215 pred= 32 left= 32  y=    69 vy=  432128 ay=  -30720
     t=216 pred= 31 left= 31  y=    75 vy=  401408 ay=  -30720
     t=217 pred= 30 left= 30  y=    80 vy=  370688 ay=  -30720
     t=218 pred= 29 left= 29  y=    86 vy=  339968 ay=  -30720
     t=219 pred= 28 left= 28  y=    90 vy=  309248 ay=  -30720
     t=220 pred= 27 left= 27  y=    95 vy=  278528 ay=  -30720
     t=221 pred= 26 left= 26  y=    98 vy=  247808 ay=  -30720
     t=222 pred= 25 left= 25  y=   102 vy=  217088 ay=  -30720
     t=223 pred= 24 left= 24  y=   105 vy=  186368 ay=  -30720
     t=224 pred= 23 left= 23  y=   107 vy=  155648 ay=  -30720
     t=225 pred= 22 left= 22  y=   109 vy=  124928 ay=  -30720
     t=226 pred= 21 left= 21  y=   110 vy=   94208 ay=  -30720
     t=227 pred= 20 left= 20  y=   111 vy=   63488 ay=  -30720
     t=228 pred= 19 left= 19  y=   112 vy=   32768 ay=  -30720
     t=229 pred= 18 left= 18  y=   112 vy=    2048 ay=  -30720
     t=230 pred= 17 left= 17  y=   111 vy=  -28672 ay=  -30720
     t=231 pred= 16 left= 16  y=   110 vy=  -59392 ay=  -30720
     t=232 pred= 15 left= 15  y=   109 vy=  -90112 ay=  -30720
     t=233 pred= 14 left= 14  y=   107 vy= -120832 ay=  -30720
     t=234 pred= 13 left= 13  y=   105 vy= -151552 ay=  -30720
     t=235 pred= 12 left= 12  y=   102 vy= -182272 ay=  -30720
     t=236 pred= 11 left= 11  y=    99 vy= -212992 ay=  -30720
     t=237 pred= 10 left= 10  y=    95 vy= -243712 ay=  -30720
     t=238 pred=  9 left=  9  y=    91 vy= -274432 ay=  -30720
     t=239 pred=  8 left=  8  y=    86 vy= -305152 ay=  -30720
     t=240 pred=  7 left=  7  y=    81 vy= -335872 ay=  -30720
     t=241 pred=  6 left=  6  y=    76 vy= -366592 ay=  -30720
     t=242 pred=  5 left=  5  y=    70 vy= -397312 ay=  -30720
     t=243 pred=  4 left=  4  y=    63 vy= -428032 ay=  -30720
     t=244 pred=  3 left=  3  y=    56 vy= -458752 ay=  -30720
     t=245 pred=  2 left=  2  y=    49 vy= -489472 ay=  -30720
     t=246 pred=  1 left=  1  y=    41 vy= -520192 ay=  -30720
---- landing prediction ----
P1  landings=64  no_prediction_ticks=0
   err all : -45:7 -38:1 -36:1 -34:1 -32:1 -30:1 -29:9 -28:1 -26:1 -24:1 -22:57 -21:3 -20:4 -19:3 -18:4 -17:3 -16:4 -15:3 -14:4 -13:3 -12:4 -11:219 -10:21 -9:21 -8:21 -7:21 -6:21 -5:21 -4:21 -3:21 -2:21 -1:21 +0:921 +5:144 +11:63 +16:180
   err NEAR (pred<=20, the window the tool uses): -45:7 -38:1 -36:1 -34:1 -32:1 -30:1 -28:1 -26:1 -24:1 -22:11 -21:2 -20:3 -19:2 -18:3 -17:2 -16:3 -15:2 -14:3 -13:2 -12:3 -11:196 -10:21 -9:21 -8:21 -7:21 -6:21 -5:21 -4:21 -3:21 -2:21 -1:21 +0:679
   err far  (pred>20, never acted on): -29:9 -22:46 -21:1 -20:1 -19:1 -18:1 -17:1 -16:1 -15:1 -14:1 -13:1 -12:1 -11:23 +0:242 +5:144 +11:63 +16:180
   last descent, landed on tick 69:
     t= 38 pred= 36 left= 31  y=    40 vy=  245760 ay=  -13312
     t= 39 pred= 35 left= 30  y=    43 vy=  232448 ay=  -13312
     t= 40 pred= 34 left= 29  y=    46 vy=  219136 ay=  -13312
     t= 41 pred= 33 left= 28  y=    50 vy=  205824 ay=  -13312
     t= 42 pred= 32 left= 27  y=    52 vy=  192512 ay=  -13312
     t= 43 pred= 31 left= 26  y=    55 vy=  179200 ay=  -13312
     t= 44 pred= 30 left= 25  y=    58 vy=  165888 ay=  -13312
     t= 45 pred= 29 left= 24  y=    60 vy=  152576 ay=  -13312
     t= 46 pred= 28 left= 23  y=    62 vy=  139264 ay=  -13312
     t= 47 pred= 11 left= 22  y=    64 vy=       0 ay=  -26624
     t= 48 pred= 10 left= 21  y=    64 vy=  -26624 ay=  -26624
     t= 49 pred=  9 left= 20  y=    63 vy=  -53248 ay=  -26624
     t= 50 pred=  8 left= 19  y=    62 vy=  -79872 ay=  -26624
     t= 51 pred=  7 left= 18  y=    60 vy= -106496 ay=  -26624
     t= 52 pred=  7 left= 17  y=    60 vy= -106496 ay=  -26624
     t= 53 pred=  7 left= 16  y=    60 vy= -106496 ay=  -26624
     t= 54 pred=  7 left= 15  y=    60 vy= -106496 ay=  -26624
     t= 55 pred=  7 left= 14  y=    60 vy= -106496 ay=  -26624
     t= 56 pred=  7 left= 13  y=    60 vy= -106496 ay=  -26624
     t= 57 pred=  7 left= 12  y=    60 vy= -106496 ay=  -26624
     t= 58 pred=  7 left= 11  y=    60 vy= -106496 ay=  -26624
     t= 59 pred=  7 left= 10  y=    60 vy= -106496 ay=  -26624
     t= 60 pred=  7 left=  9  y=    60 vy= -106496 ay=  -26624
     t= 61 pred=  7 left=  8  y=    60 vy= -106496 ay=  -26624
     t= 62 pred=  7 left=  7  y=    60 vy= -106496 ay=  -26624
     t= 63 pred=  6 left=  6  y=    58 vy= -133120 ay=  -26624
     t= 64 pred=  5 left=  5  y=    56 vy= -159744 ay=  -26624
     t= 65 pred=  4 left=  4  y=    53 vy= -186368 ay=  -26624
     t= 66 pred=  3 left=  3  y=    49 vy= -212992 ay=  -26624
     t= 67 pred=  2 left=  2  y=    46 vy= -239616 ay=  -26624
     t= 68 pred=  1 left=  1  y=    42 vy= -266240 ay=  -26624
P2  landings=4  no_prediction_ticks=25
   err all : +0:112
   err NEAR (pred<=20, the window the tool uses): +0:71
   err far  (pred>20, never acted on): +0:41
   last descent, landed on tick 247:
     t=213 pred= 34 left= 34  y=    55 vy=  493568 ay=  -30720
     t=214 pred= 33 left= 33  y=    62 vy=  462848 ay=  -30720
     t=215 pred= 32 left= 32  y=    69 vy=  432128 ay=  -30720
     t=216 pred= 31 left= 31  y=    75 vy=  401408 ay=  -30720
     t=217 pred= 30 left= 30  y=    80 vy=  370688 ay=  -30720
     t=218 pred= 29 left= 29  y=    86 vy=  339968 ay=  -30720
     t=219 pred= 28 left= 28  y=    90 vy=  309248 ay=  -30720
     t=220 pred= 27 left= 27  y=    95 vy=  278528 ay=  -30720
     t=221 pred= 26 left= 26  y=    98 vy=  247808 ay=  -30720
     t=222 pred= 25 left= 25  y=   102 vy=  217088 ay=  -30720
     t=223 pred= 24 left= 24  y=   105 vy=  186368 ay=  -30720
     t=224 pred= 23 left= 23  y=   107 vy=  155648 ay=  -30720
     t=225 pred= 22 left= 22  y=   109 vy=  124928 ay=  -30720
     t=226 pred= 21 left= 21  y=   110 vy=   94208 ay=  -30720
     t=227 pred= 20 left= 20  y=   111 vy=   63488 ay=  -30720
     t=228 pred= 19 left= 19  y=   112 vy=   32768 ay=  -30720
     t=229 pred= 18 left= 18  y=   112 vy=    2048 ay=  -30720
     t=230 pred= 17 left= 17  y=   111 vy=  -28672 ay=  -30720
     t=231 pred= 16 left= 16  y=   110 vy=  -59392 ay=  -30720
     t=232 pred= 15 left= 15  y=   109 vy=  -90112 ay=  -30720
     t=233 pred= 14 left= 14  y=   107 vy= -120832 ay=  -30720
     t=234 pred= 13 left= 13  y=   105 vy= -151552 ay=  -30720
     t=235 pred= 12 left= 12  y=   102 vy= -182272 ay=  -30720
     t=236 pred= 11 left= 11  y=    99 vy= -212992 ay=  -30720
     t=237 pred= 10 left= 10  y=    95 vy= -243712 ay=  -30720
     t=238 pred=  9 left=  9  y=    91 vy= -274432 ay=  -30720
     t=239 pred=  8 left=  8  y=    86 vy= -305152 ay=  -30720
     t=240 pred=  7 left=  7  y=    81 vy= -335872 ay=  -30720
     t=241 pred=  6 left=  6  y=    76 vy= -366592 ay=  -30720
     t=242 pred=  5 left=  5  y=    70 vy= -397312 ay=  -30720
     t=243 pred=  4 left=  4  y=    63 vy= -428032 ay=  -30720
     t=244 pred=  3 left=  3  y=    56 vy= -458752 ay=  -30720
     t=245 pred=  2 left=  2  y=    49 vy= -489472 ay=  -30720
     t=246 pred=  1 left=  1  y=    41 vy= -520192 ay=  -30720
---- landing prediction ----
P1  landings=65  no_prediction_ticks=0
   err all : -45:7 -38:1 -36:1 -34:1 -32:1 -30:1 -29:9 -28:1 -26:1 -24:1 -22:57 -21:3 -20:4 -19:3 -18:4 -17:3 -16:4 -15:3 -14:4 -13:3 -12:4 -11:226 -10:22 -9:22 -8:22 -7:22 -6:22 -5:22 -4:22 -3:22 -2:22 -1:22 +0:926 +5:153 +11:63 +16:180
   err NEAR (pred<=20, the window the tool uses): -45:7 -38:1 -36:1 -34:1 -32:1 -30:1 -28:1 -26:1 -24:1 -22:11 -21:2 -20:3 -19:2 -18:3 -17:2 -16:3 -15:2 -14:3 -13:2 -12:3 -11:203 -10:22 -9:22 -8:22 -7:22 -6:22 -5:22 -4:22 -3:22 -2:22 -1:22 +0:684
   err far  (pred>20, never acted on): -29:9 -22:46 -21:1 -20:1 -19:1 -18:1 -17:1 -16:1 -15:1 -14:1 -13:1 -12:1 -11:23 +0:242 +5:153 +11:63 +16:180
   last descent, landed on tick 169:
     t=138 pred= 36 left= 31  y=    40 vy=  245760 ay=  -13312
     t=139 pred= 35 left= 30  y=    43 vy=  232448 ay=  -13312
     t=140 pred= 34 left= 29  y=    46 vy=  219136 ay=  -13312
     t=141 pred= 33 left= 28  y=    50 vy=  205824 ay=  -13312
     t=142 pred= 32 left= 27  y=    52 vy=  192512 ay=  -13312
     t=143 pred= 31 left= 26  y=    55 vy=  179200 ay=  -13312
     t=144 pred= 30 left= 25  y=    58 vy=  165888 ay=  -13312
     t=145 pred= 29 left= 24  y=    60 vy=  152576 ay=  -13312
     t=146 pred= 28 left= 23  y=    62 vy=  139264 ay=  -13312
     t=147 pred= 11 left= 22  y=    64 vy=       0 ay=  -26624
     t=148 pred= 10 left= 21  y=    64 vy=  -26624 ay=  -26624
     t=149 pred=  9 left= 20  y=    63 vy=  -53248 ay=  -26624
     t=150 pred=  8 left= 19  y=    62 vy=  -79872 ay=  -26624
     t=151 pred=  7 left= 18  y=    60 vy= -106496 ay=  -26624
     t=152 pred=  6 left= 17  y=    58 vy= -133120 ay=  -26624
     t=153 pred=  5 left= 16  y=    56 vy= -159744 ay=  -26624
     t=154 pred=  5 left= 15  y=    56 vy= -159744 ay=  -26624
     t=155 pred=  5 left= 14  y=    56 vy= -159744 ay=  -26624
     t=156 pred=  5 left= 13  y=    56 vy= -159744 ay=  -26624
     t=157 pred=  5 left= 12  y=    56 vy= -159744 ay=  -26624
     t=158 pred=  5 left= 11  y=    56 vy= -159744 ay=  -26624
     t=159 pred=  5 left= 10  y=    56 vy= -159744 ay=  -26624
     t=160 pred=  5 left=  9  y=    56 vy= -159744 ay=  -26624
     t=161 pred=  5 left=  8  y=    56 vy= -159744 ay=  -26624
     t=162 pred=  5 left=  7  y=    56 vy= -159744 ay=  -26624
     t=163 pred=  5 left=  6  y=    56 vy= -159744 ay=  -26624
     t=164 pred=  5 left=  5  y=    56 vy= -159744 ay=  -26624
     t=165 pred=  4 left=  4  y=    53 vy= -186368 ay=  -26624
     t=166 pred=  3 left=  3  y=    49 vy= -212992 ay=  -26624
     t=167 pred=  2 left=  2  y=    46 vy= -239616 ay=  -26624
     t=168 pred=  1 left=  1  y=    42 vy= -266240 ay=  -26624
P2  landings=4  no_prediction_ticks=25
   err all : +0:112
   err NEAR (pred<=20, the window the tool uses): +0:71
   err far  (pred>20, never acted on): +0:41
   last descent, landed on tick 247:
     t=213 pred= 34 left= 34  y=    55 vy=  493568 ay=  -30720
     t=214 pred= 33 left= 33  y=    62 vy=  462848 ay=  -30720
     t=215 pred= 32 left= 32  y=    69 vy=  432128 ay=  -30720
     t=216 pred= 31 left= 31  y=    75 vy=  401408 ay=  -30720
     t=217 pred= 30 left= 30  y=    80 vy=  370688 ay=  -30720
     t=218 pred= 29 left= 29  y=    86 vy=  339968 ay=  -30720
     t=219 pred= 28 left= 28  y=    90 vy=  309248 ay=  -30720
     t=220 pred= 27 left= 27  y=    95 vy=  278528 ay=  -30720
     t=221 pred= 26 left= 26  y=    98 vy=  247808 ay=  -30720
     t=222 pred= 25 left= 25  y=   102 vy=  217088 ay=  -30720
     t=223 pred= 24 left= 24  y=   105 vy=  186368 ay=  -30720
     t=224 pred= 23 left= 23  y=   107 vy=  155648 ay=  -30720
     t=225 pred= 22 left= 22  y=   109 vy=  124928 ay=  -30720
     t=226 pred= 21 left= 21  y=   110 vy=   94208 ay=  -30720
     t=227 pred= 20 left= 20  y=   111 vy=   63488 ay=  -30720
     t=228 pred= 19 left= 19  y=   112 vy=   32768 ay=  -30720
     t=229 pred= 18 left= 18  y=   112 vy=    2048 ay=  -30720
     t=230 pred= 17 left= 17  y=   111 vy=  -28672 ay=  -30720
     t=231 pred= 16 left= 16  y=   110 vy=  -59392 ay=  -30720
     t=232 pred= 15 left= 15  y=   109 vy=  -90112 ay=  -30720
     t=233 pred= 14 left= 14  y=   107 vy= -120832 ay=  -30720
     t=234 pred= 13 left= 13  y=   105 vy= -151552 ay=  -30720
     t=235 pred= 12 left= 12  y=   102 vy= -182272 ay=  -30720
     t=236 pred= 11 left= 11  y=    99 vy= -212992 ay=  -30720
     t=237 pred= 10 left= 10  y=    95 vy= -243712 ay=  -30720
     t=238 pred=  9 left=  9  y=    91 vy= -274432 ay=  -30720
     t=239 pred=  8 left=  8  y=    86 vy= -305152 ay=  -30720
     t=240 pred=  7 left=  7  y=    81 vy= -335872 ay=  -30720
     t=241 pred=  6 left=  6  y=    76 vy= -366592 ay=  -30720
     t=242 pred=  5 left=  5  y=    70 vy= -397312 ay=  -30720
     t=243 pred=  4 left=  4  y=    63 vy= -428032 ay=  -30720
     t=244 pred=  3 left=  3  y=    56 vy= -458752 ay=  -30720
     t=245 pred=  2 left=  2  y=    49 vy= -489472 ay=  -30720
     t=246 pred=  1 left=  1  y=    41 vy= -520192 ay=  -30720
---- landing prediction ----
P1  landings=66  no_prediction_ticks=0
   err all : -45:7 -38:1 -36:1 -34:1 -32:1 -30:1 -29:9 -28:1 -26:1 -24:1 -22:67 -21:4 -20:5 -19:4 -18:5 -17:4 -16:5 -15:4 -14:5 -13:4 -12:5 -11:249 -10:23 -9:23 -8:23 -7:23 -6:23 -5:23 -4:23 -3:23 -2:23 -1:23 +0:931 +5:153 +11:63 +16:180
   err NEAR (pred<=20, the window the tool uses): -45:7 -38:1 -36:1 -34:1 -32:1 -30:1 -28:1 -26:1 -24:1 -22:11 -21:2 -20:3 -19:2 -18:3 -17:2 -16:3 -15:2 -14:3 -13:2 -12:3 -11:219 -10:23 -9:23 -8:23 -7:23 -6:23 -5:23 -4:23 -3:23 -2:23 -1:23 +0:689
   err far  (pred>20, never acted on): -29:9 -22:56 -21:2 -20:2 -19:2 -18:2 -17:2 -16:2 -15:2 -14:2 -13:2 -12:2 -11:30 +0:242 +5:153 +11:63 +16:180
   last descent, landed on tick 231:
     t=173 pred= 36 left= 58  y=    40 vy=  245760 ay=  -13312
     t=174 pred= 35 left= 57  y=    43 vy=  232448 ay=  -13312
     t=175 pred= 34 left= 56  y=    46 vy=  219136 ay=  -13312
     t=176 pred= 33 left= 55  y=    50 vy=  205824 ay=  -13312
     t=177 pred= 32 left= 54  y=    52 vy=  192512 ay=  -13312
     t=178 pred= 31 left= 53  y=    55 vy=  179200 ay=  -13312
     t=179 pred= 30 left= 52  y=    58 vy=  165888 ay=  -13312
     t=180 pred= 29 left= 51  y=    60 vy=  152576 ay=  -13312
     t=181 pred= 28 left= 50  y=    62 vy=  139264 ay=  -13312
     t=182 pred= 27 left= 49  y=    64 vy=  125952 ay=  -13312
     t=183 pred= 27 left= 48  y=    64 vy=  125952 ay=  -13312
     t=184 pred= 27 left= 47  y=    64 vy=  125952 ay=  -13312
     t=185 pred= 27 left= 46  y=    64 vy=  125952 ay=  -13312
     t=186 pred= 27 left= 45  y=    64 vy=  125952 ay=  -13312
     t=187 pred= 27 left= 44  y=    64 vy=  125952 ay=  -13312
     t=188 pred= 27 left= 43  y=    64 vy=  125952 ay=  -13312
     t=189 pred= 27 left= 42  y=    64 vy=  125952 ay=  -13312
     t=190 pred= 27 left= 41  y=    64 vy=  125952 ay=  -13312
     t=191 pred= 27 left= 40  y=    64 vy=  125952 ay=  -13312
     t=192 pred= 27 left= 39  y=    64 vy=  125952 ay=  -13312
     t=193 pred= 27 left= 38  y=    64 vy=  125952 ay=  -13312
     t=194 pred= 26 left= 37  y=    66 vy=  112640 ay=  -13312
     t=195 pred= 25 left= 36  y=    67 vy=   99328 ay=  -13312
     t=196 pred= 24 left= 35  y=    69 vy=   86016 ay=  -13312
     t=197 pred= 23 left= 34  y=    70 vy=   72704 ay=  -13312
     t=198 pred= 22 left= 33  y=    71 vy=   59392 ay=  -13312
     t=199 pred= 21 left= 32  y=    71 vy=   46080 ay=  -13312
     t=200 pred= 20 left= 31  y=    72 vy=   32768 ay=  -13312
     t=201 pred= 19 left= 30  y=    72 vy=   19456 ay=  -13312
     t=202 pred= 18 left= 29  y=    72 vy=    6144 ay=  -13312
     t=203 pred= 17 left= 28  y=    72 vy=   -7168 ay=  -13312
     t=204 pred= 16 left= 27  y=    72 vy=  -20480 ay=  -13312
     t=205 pred= 15 left= 26  y=    71 vy=  -33792 ay=  -13312
     t=206 pred= 14 left= 25  y=    71 vy=  -47104 ay=  -13312
     t=207 pred= 13 left= 24  y=    70 vy=  -60416 ay=  -13312
     t=208 pred= 12 left= 23  y=    69 vy=  -73728 ay=  -13312
     t=209 pred= 11 left= 22  y=    67 vy=  -87040 ay=  -13312
     t=210 pred= 10 left= 21  y=    66 vy= -100352 ay=  -13312
     t=211 pred=  9 left= 20  y=    64 vy= -113664 ay=  -13312
     t=212 pred=  8 left= 19  y=    62 vy= -126976 ay=  -13312
P2  landings=4  no_prediction_ticks=25
   err all : +0:112
   err NEAR (pred<=20, the window the tool uses): +0:71
   err far  (pred>20, never acted on): +0:41
   last descent, landed on tick 247:
     t=213 pred= 34 left= 34  y=    55 vy=  493568 ay=  -30720
     t=214 pred= 33 left= 33  y=    62 vy=  462848 ay=  -30720
     t=215 pred= 32 left= 32  y=    69 vy=  432128 ay=  -30720
     t=216 pred= 31 left= 31  y=    75 vy=  401408 ay=  -30720
     t=217 pred= 30 left= 30  y=    80 vy=  370688 ay=  -30720
     t=218 pred= 29 left= 29  y=    86 vy=  339968 ay=  -30720
     t=219 pred= 28 left= 28  y=    90 vy=  309248 ay=  -30720
     t=220 pred= 27 left= 27  y=    95 vy=  278528 ay=  -30720
     t=221 pred= 26 left= 26  y=    98 vy=  247808 ay=  -30720
     t=222 pred= 25 left= 25  y=   102 vy=  217088 ay=  -30720
     t=223 pred= 24 left= 24  y=   105 vy=  186368 ay=  -30720
     t=224 pred= 23 left= 23  y=   107 vy=  155648 ay=  -30720
     t=225 pred= 22 left= 22  y=   109 vy=  124928 ay=  -30720
     t=226 pred= 21 left= 21  y=   110 vy=   94208 ay=  -30720
     t=227 pred= 20 left= 20  y=   111 vy=   63488 ay=  -30720
     t=228 pred= 19 left= 19  y=   112 vy=   32768 ay=  -30720
     t=229 pred= 18 left= 18  y=   112 vy=    2048 ay=  -30720
     t=230 pred= 17 left= 17  y=   111 vy=  -28672 ay=  -30720
     t=231 pred= 16 left= 16  y=   110 vy=  -59392 ay=  -30720
     t=232 pred= 15 left= 15  y=   109 vy=  -90112 ay=  -30720
     t=233 pred= 14 left= 14  y=   107 vy= -120832 ay=  -30720
     t=234 pred= 13 left= 13  y=   105 vy= -151552 ay=  -30720
     t=235 pred= 12 left= 12  y=   102 vy= -182272 ay=  -30720
     t=236 pred= 11 left= 11  y=    99 vy= -212992 ay=  -30720
     t=237 pred= 10 left= 10  y=    95 vy= -243712 ay=  -30720
     t=238 pred=  9 left=  9  y=    91 vy= -274432 ay=  -30720
     t=239 pred=  8 left=  8  y=    86 vy= -305152 ay=  -30720
     t=240 pred=  7 left=  7  y=    81 vy= -335872 ay=  -30720
     t=241 pred=  6 left=  6  y=    76 vy= -366592 ay=  -30720
     t=242 pred=  5 left=  5  y=    70 vy= -397312 ay=  -30720
     t=243 pred=  4 left=  4  y=    63 vy= -428032 ay=  -30720
     t=244 pred=  3 left=  3  y=    56 vy= -458752 ay=  -30720
     t=245 pred=  2 left=  2  y=    49 vy= -489472 ay=  -30720
     t=246 pred=  1 left=  1  y=    41 vy= -520192 ay=  -30720
---- landing prediction ----
P1  landings=67  no_prediction_ticks=0
   err all : -45:7 -38:1 -36:1 -34:1 -32:1 -30:1 -29:9 -28:1 -26:1 -24:1 -22:67 -21:4 -20:5 -19:4 -18:5 -17:4 -16:5 -15:4 -14:5 -13:4 -12:5 -11:256 -10:24 -9:24 -8:24 -7:24 -6:24 -5:24 -4:24 -3:24 -2:24 -1:24 +0:936 +5:162 +11:63 +16:180
   err NEAR (pred<=20, the window the tool uses): -45:7 -38:1 -36:1 -34:1 -32:1 -30:1 -28:1 -26:1 -24:1 -22:11 -21:2 -20:3 -19:2 -18:3 -17:2 -16:3 -15:2 -14:3 -13:2 -12:3 -11:226 -10:24 -9:24 -8:24 -7:24 -6:24 -5:24 -4:24 -3:24 -2:24 -1:24 +0:694
   err far  (pred>20, never acted on): -29:9 -22:56 -21:2 -20:2 -19:2 -18:2 -17:2 -16:2 -15:2 -14:2 -13:2 -12:2 -11:30 +0:242 +5:162 +11:63 +16:180
   last descent, landed on tick 10:
     t=235 pred= 36 left= 31  y=    40 vy=  245760 ay=  -13312
     t=236 pred= 35 left= 30  y=    43 vy=  232448 ay=  -13312
     t=237 pred= 34 left= 29  y=    46 vy=  219136 ay=  -13312
     t=238 pred= 33 left= 28  y=    50 vy=  205824 ay=  -13312
     t=239 pred= 32 left= 27  y=    52 vy=  192512 ay=  -13312
     t=240 pred= 31 left= 26  y=    55 vy=  179200 ay=  -13312
     t=241 pred= 30 left= 25  y=    58 vy=  165888 ay=  -13312
     t=242 pred= 29 left= 24  y=    60 vy=  152576 ay=  -13312
     t=243 pred= 28 left= 23  y=    62 vy=  139264 ay=  -13312
     t=244 pred= 11 left= 22  y=    64 vy=       0 ay=  -26624
     t=245 pred= 10 left= 21  y=    64 vy=  -26624 ay=  -26624
     t=246 pred=  9 left= 20  y=    63 vy=  -53248 ay=  -26624
     t=247 pred=  8 left= 19  y=    62 vy=  -79872 ay=  -26624
     t=248 pred=  7 left= 18  y=    60 vy= -106496 ay=  -26624
     t=249 pred=  6 left= 17  y=    58 vy= -133120 ay=  -26624
     t=250 pred=  5 left= 16  y=    56 vy= -159744 ay=  -26624
     t=251 pred=  5 left= 15  y=    56 vy= -159744 ay=  -26624
     t=252 pred=  5 left= 14  y=    56 vy= -159744 ay=  -26624
     t=253 pred=  5 left= 13  y=    56 vy= -159744 ay=  -26624
     t=254 pred=  5 left= 12  y=    56 vy= -159744 ay=  -26624
     t=255 pred=  5 left= 11  y=    56 vy= -159744 ay=  -26624
     t=  0 pred=  5 left= 10  y=    56 vy= -159744 ay=  -26624
     t=  1 pred=  5 left=  9  y=    56 vy= -159744 ay=  -26624
     t=  2 pred=  5 left=  8  y=    56 vy= -159744 ay=  -26624
     t=  3 pred=  5 left=  7  y=    56 vy= -159744 ay=  -26624
     t=  4 pred=  5 left=  6  y=    56 vy= -159744 ay=  -26624
     t=  5 pred=  5 left=  5  y=    56 vy= -159744 ay=  -26624
     t=  6 pred=  4 left=  4  y=    53 vy= -186368 ay=  -26624
     t=  7 pred=  3 left=  3  y=    49 vy= -212992 ay=  -26624
     t=  8 pred=  2 left=  2  y=    46 vy= -239616 ay=  -26624
     t=  9 pred=  1 left=  1  y=    42 vy= -266240 ay=  -26624
P2  landings=4  no_prediction_ticks=25
   err all : +0:112
   err NEAR (pred<=20, the window the tool uses): +0:71
   err far  (pred>20, never acted on): +0:41
   last descent, landed on tick 247:
     t=213 pred= 34 left= 34  y=    55 vy=  493568 ay=  -30720
     t=214 pred= 33 left= 33  y=    62 vy=  462848 ay=  -30720
     t=215 pred= 32 left= 32  y=    69 vy=  432128 ay=  -30720
     t=216 pred= 31 left= 31  y=    75 vy=  401408 ay=  -30720
     t=217 pred= 30 left= 30  y=    80 vy=  370688 ay=  -30720
     t=218 pred= 29 left= 29  y=    86 vy=  339968 ay=  -30720
     t=219 pred= 28 left= 28  y=    90 vy=  309248 ay=  -30720
     t=220 pred= 27 left= 27  y=    95 vy=  278528 ay=  -30720
     t=221 pred= 26 left= 26  y=    98 vy=  247808 ay=  -30720
     t=222 pred= 25 left= 25  y=   102 vy=  217088 ay=  -30720
     t=223 pred= 24 left= 24  y=   105 vy=  186368 ay=  -30720
     t=224 pred= 23 left= 23  y=   107 vy=  155648 ay=  -30720
     t=225 pred= 22 left= 22  y=   109 vy=  124928 ay=  -30720
     t=226 pred= 21 left= 21  y=   110 vy=   94208 ay=  -30720
     t=227 pred= 20 left= 20  y=   111 vy=   63488 ay=  -30720
     t=228 pred= 19 left= 19  y=   112 vy=   32768 ay=  -30720
     t=229 pred= 18 left= 18  y=   112 vy=    2048 ay=  -30720
     t=230 pred= 17 left= 17  y=   111 vy=  -28672 ay=  -30720
     t=231 pred= 16 left= 16  y=   110 vy=  -59392 ay=  -30720
     t=232 pred= 15 left= 15  y=   109 vy=  -90112 ay=  -30720
     t=233 pred= 14 left= 14  y=   107 vy= -120832 ay=  -30720
     t=234 pred= 13 left= 13  y=   105 vy= -151552 ay=  -30720
     t=235 pred= 12 left= 12  y=   102 vy= -182272 ay=  -30720
     t=236 pred= 11 left= 11  y=    99 vy= -212992 ay=  -30720
     t=237 pred= 10 left= 10  y=    95 vy= -243712 ay=  -30720
     t=238 pred=  9 left=  9  y=    91 vy= -274432 ay=  -30720
     t=239 pred=  8 left=  8  y=    86 vy= -305152 ay=  -30720
     t=240 pred=  7 left=  7  y=    81 vy= -335872 ay=  -30720
     t=241 pred=  6 left=  6  y=    76 vy= -366592 ay=  -30720
     t=242 pred=  5 left=  5  y=    70 vy= -397312 ay=  -30720
     t=243 pred=  4 left=  4  y=    63 vy= -428032 ay=  -30720
     t=244 pred=  3 left=  3  y=    56 vy= -458752 ay=  -30720
     t=245 pred=  2 left=  2  y=    49 vy= -489472 ay=  -30720
     t=246 pred=  1 left=  1  y=    41 vy= -520192 ay=  -30720
---- landing prediction ----
P1  landings=68  no_prediction_ticks=0
   err all : -45:7 -38:1 -36:1 -34:1 -32:1 -30:1 -29:9 -28:1 -26:1 -24:1 -22:67 -21:4 -20:5 -19:4 -18:5 -17:4 -16:5 -15:4 -14:5 -13:4 -12:5 -11:263 -10:25 -9:25 -8:25 -7:25 -6:25 -5:25 -4:25 -3:25 -2:25 -1:25 +0:941 +5:171 +11:63 +16:180
   err NEAR (pred<=20, the window the tool uses): -45:7 -38:1 -36:1 -34:1 -32:1 -30:1 -28:1 -26:1 -24:1 -22:11 -21:2 -20:3 -19:2 -18:3 -17:2 -16:3 -15:2 -14:3 -13:2 -12:3 -11:233 -10:25 -9:25 -8:25 -7:25 -6:25 -5:25 -4:25 -3:25 -2:25 -1:25 +0:699
   err far  (pred>20, never acted on): -29:9 -22:56 -21:2 -20:2 -19:2 -18:2 -17:2 -16:2 -15:2 -14:2 -13:2 -12:2 -11:30 +0:242 +5:171 +11:63 +16:180
   last descent, landed on tick 121:
     t= 90 pred= 36 left= 31  y=    40 vy=  245760 ay=  -13312
     t= 91 pred= 35 left= 30  y=    43 vy=  232448 ay=  -13312
     t= 92 pred= 34 left= 29  y=    46 vy=  219136 ay=  -13312
     t= 93 pred= 33 left= 28  y=    50 vy=  205824 ay=  -13312
     t= 94 pred= 32 left= 27  y=    52 vy=  192512 ay=  -13312
     t= 95 pred= 31 left= 26  y=    55 vy=  179200 ay=  -13312
     t= 96 pred= 30 left= 25  y=    58 vy=  165888 ay=  -13312
     t= 97 pred= 29 left= 24  y=    60 vy=  152576 ay=  -13312
     t= 98 pred= 28 left= 23  y=    62 vy=  139264 ay=  -13312
     t= 99 pred= 11 left= 22  y=    64 vy=       0 ay=  -26624
     t=100 pred= 10 left= 21  y=    64 vy=  -26624 ay=  -26624
     t=101 pred=  9 left= 20  y=    63 vy=  -53248 ay=  -26624
     t=102 pred=  8 left= 19  y=    62 vy=  -79872 ay=  -26624
     t=103 pred=  7 left= 18  y=    60 vy= -106496 ay=  -26624
     t=104 pred=  6 left= 17  y=    58 vy= -133120 ay=  -26624
     t=105 pred=  5 left= 16  y=    56 vy= -159744 ay=  -26624
     t=106 pred=  5 left= 15  y=    56 vy= -159744 ay=  -26624
     t=107 pred=  5 left= 14  y=    56 vy= -159744 ay=  -26624
     t=108 pred=  5 left= 13  y=    56 vy= -159744 ay=  -26624
     t=109 pred=  5 left= 12  y=    56 vy= -159744 ay=  -26624
     t=110 pred=  5 left= 11  y=    56 vy= -159744 ay=  -26624
     t=111 pred=  5 left= 10  y=    56 vy= -159744 ay=  -26624
     t=112 pred=  5 left=  9  y=    56 vy= -159744 ay=  -26624
     t=113 pred=  5 left=  8  y=    56 vy= -159744 ay=  -26624
     t=114 pred=  5 left=  7  y=    56 vy= -159744 ay=  -26624
     t=115 pred=  5 left=  6  y=    56 vy= -159744 ay=  -26624
     t=116 pred=  5 left=  5  y=    56 vy= -159744 ay=  -26624
     t=117 pred=  4 left=  4  y=    53 vy= -186368 ay=  -26624
     t=118 pred=  3 left=  3  y=    49 vy= -212992 ay=  -26624
     t=119 pred=  2 left=  2  y=    46 vy= -239616 ay=  -26624
     t=120 pred=  1 left=  1  y=    42 vy= -266240 ay=  -26624
P2  landings=4  no_prediction_ticks=25
   err all : +0:112
   err NEAR (pred<=20, the window the tool uses): +0:71
   err far  (pred>20, never acted on): +0:41
   last descent, landed on tick 247:
     t=213 pred= 34 left= 34  y=    55 vy=  493568 ay=  -30720
     t=214 pred= 33 left= 33  y=    62 vy=  462848 ay=  -30720
     t=215 pred= 32 left= 32  y=    69 vy=  432128 ay=  -30720
     t=216 pred= 31 left= 31  y=    75 vy=  401408 ay=  -30720
     t=217 pred= 30 left= 30  y=    80 vy=  370688 ay=  -30720
     t=218 pred= 29 left= 29  y=    86 vy=  339968 ay=  -30720
     t=219 pred= 28 left= 28  y=    90 vy=  309248 ay=  -30720
     t=220 pred= 27 left= 27  y=    95 vy=  278528 ay=  -30720
     t=221 pred= 26 left= 26  y=    98 vy=  247808 ay=  -30720
     t=222 pred= 25 left= 25  y=   102 vy=  217088 ay=  -30720
     t=223 pred= 24 left= 24  y=   105 vy=  186368 ay=  -30720
     t=224 pred= 23 left= 23  y=   107 vy=  155648 ay=  -30720
     t=225 pred= 22 left= 22  y=   109 vy=  124928 ay=  -30720
     t=226 pred= 21 left= 21  y=   110 vy=   94208 ay=  -30720
     t=227 pred= 20 left= 20  y=   111 vy=   63488 ay=  -30720
     t=228 pred= 19 left= 19  y=   112 vy=   32768 ay=  -30720
     t=229 pred= 18 left= 18  y=   112 vy=    2048 ay=  -30720
     t=230 pred= 17 left= 17  y=   111 vy=  -28672 ay=  -30720
     t=231 pred= 16 left= 16  y=   110 vy=  -59392 ay=  -30720
     t=232 pred= 15 left= 15  y=   109 vy=  -90112 ay=  -30720
     t=233 pred= 14 left= 14  y=   107 vy= -120832 ay=  -30720
     t=234 pred= 13 left= 13  y=   105 vy= -151552 ay=  -30720
     t=235 pred= 12 left= 12  y=   102 vy= -182272 ay=  -30720
     t=236 pred= 11 left= 11  y=    99 vy= -212992 ay=  -30720
     t=237 pred= 10 left= 10  y=    95 vy= -243712 ay=  -30720
     t=238 pred=  9 left=  9  y=    91 vy= -274432 ay=  -30720
     t=239 pred=  8 left=  8  y=    86 vy= -305152 ay=  -30720
     t=240 pred=  7 left=  7  y=    81 vy= -335872 ay=  -30720
     t=241 pred=  6 left=  6  y=    76 vy= -366592 ay=  -30720
     t=242 pred=  5 left=  5  y=    70 vy= -397312 ay=  -30720
     t=243 pred=  4 left=  4  y=    63 vy= -428032 ay=  -30720
     t=244 pred=  3 left=  3  y=    56 vy= -458752 ay=  -30720
     t=245 pred=  2 left=  2  y=    49 vy= -489472 ay=  -30720
     t=246 pred=  1 left=  1  y=    41 vy= -520192 ay=  -30720
---- landing prediction ----
P1  landings=69  no_prediction_ticks=0
   err all : -45:7 -38:1 -36:1 -34:1 -32:1 -30:1 -29:9 -28:1 -26:1 -24:1 -22:77 -21:5 -20:6 -19:5 -18:6 -17:5 -16:6 -15:5 -14:6 -13:5 -12:6 -11:285 -10:26 -9:26 -8:26 -7:26 -6:26 -5:26 -4:26 -3:26 -2:26 -1:26 +0:947 +5:171 +11:63 +16:180
   err NEAR (pred<=20, the window the tool uses): -45:7 -38:1 -36:1 -34:1 -32:1 -30:1 -28:1 -26:1 -24:1 -22:11 -21:2 -20:3 -19:2 -18:3 -17:2 -16:3 -15:2 -14:3 -13:2 -12:3 -11:248 -10:26 -9:26 -8:26 -7:26 -6:26 -5:26 -4:26 -3:26 -2:26 -1:26 +0:705
   err far  (pred>20, never acted on): -29:9 -22:66 -21:3 -20:3 -19:3 -18:3 -17:3 -16:3 -15:3 -14:3 -13:3 -12:3 -11:37 +0:242 +5:171 +11:63 +16:180
   last descent, landed on tick 183:
     t=125 pred= 36 left= 58  y=    40 vy=  245760 ay=  -13312
     t=126 pred= 35 left= 57  y=    43 vy=  232448 ay=  -13312
     t=127 pred= 34 left= 56  y=    46 vy=  219136 ay=  -13312
     t=128 pred= 33 left= 55  y=    50 vy=  205824 ay=  -13312
     t=129 pred= 32 left= 54  y=    52 vy=  192512 ay=  -13312
     t=130 pred= 31 left= 53  y=    55 vy=  179200 ay=  -13312
     t=131 pred= 30 left= 52  y=    58 vy=  165888 ay=  -13312
     t=132 pred= 29 left= 51  y=    60 vy=  152576 ay=  -13312
     t=133 pred= 28 left= 50  y=    62 vy=  139264 ay=  -13312
     t=134 pred= 27 left= 49  y=    64 vy=  125952 ay=  -13312
     t=135 pred= 27 left= 48  y=    64 vy=  125952 ay=  -13312
     t=136 pred= 27 left= 47  y=    64 vy=  125952 ay=  -13312
     t=137 pred= 27 left= 46  y=    64 vy=  125952 ay=  -13312
     t=138 pred= 27 left= 45  y=    64 vy=  125952 ay=  -13312
     t=139 pred= 27 left= 44  y=    64 vy=  125952 ay=  -13312
     t=140 pred= 27 left= 43  y=    64 vy=  125952 ay=  -13312
     t=141 pred= 27 left= 42  y=    64 vy=  125952 ay=  -13312
     t=142 pred= 27 left= 41  y=    64 vy=  125952 ay=  -13312
     t=143 pred= 27 left= 40  y=    64 vy=  125952 ay=  -13312
     t=144 pred= 27 left= 39  y=    64 vy=  125952 ay=  -13312
     t=145 pred= 27 left= 38  y=    64 vy=  125952 ay=  -13312
     t=146 pred= 26 left= 37  y=    66 vy=  112640 ay=  -13312
     t=147 pred= 25 left= 36  y=    67 vy=   99328 ay=  -13312
     t=148 pred= 24 left= 35  y=    69 vy=   86016 ay=  -13312
     t=149 pred= 23 left= 34  y=    70 vy=   72704 ay=  -13312
     t=150 pred= 22 left= 33  y=    71 vy=   59392 ay=  -13312
     t=151 pred= 21 left= 32  y=    71 vy=   46080 ay=  -13312
     t=152 pred= 20 left= 31  y=    72 vy=   32768 ay=  -13312
     t=153 pred= 19 left= 30  y=    72 vy=   19456 ay=  -13312
     t=154 pred= 18 left= 29  y=    72 vy=    6144 ay=  -13312
     t=155 pred= 17 left= 28  y=    72 vy=   -7168 ay=  -13312
     t=156 pred= 16 left= 27  y=    72 vy=  -20480 ay=  -13312
     t=157 pred= 15 left= 26  y=    71 vy=  -33792 ay=  -13312
     t=158 pred= 14 left= 25  y=    71 vy=  -47104 ay=  -13312
     t=159 pred= 13 left= 24  y=    70 vy=  -60416 ay=  -13312
     t=160 pred= 12 left= 23  y=    69 vy=  -73728 ay=  -13312
     t=161 pred= 11 left= 22  y=    67 vy=  -87040 ay=  -13312
     t=162 pred= 10 left= 21  y=    66 vy= -100352 ay=  -13312
     t=163 pred=  9 left= 20  y=    64 vy= -113664 ay=  -13312
     t=164 pred=  8 left= 19  y=    62 vy= -126976 ay=  -13312
P2  landings=4  no_prediction_ticks=25
   err all : +0:112
   err NEAR (pred<=20, the window the tool uses): +0:71
   err far  (pred>20, never acted on): +0:41
   last descent, landed on tick 247:
     t=213 pred= 34 left= 34  y=    55 vy=  493568 ay=  -30720
     t=214 pred= 33 left= 33  y=    62 vy=  462848 ay=  -30720
     t=215 pred= 32 left= 32  y=    69 vy=  432128 ay=  -30720
     t=216 pred= 31 left= 31  y=    75 vy=  401408 ay=  -30720
     t=217 pred= 30 left= 30  y=    80 vy=  370688 ay=  -30720
     t=218 pred= 29 left= 29  y=    86 vy=  339968 ay=  -30720
     t=219 pred= 28 left= 28  y=    90 vy=  309248 ay=  -30720
     t=220 pred= 27 left= 27  y=    95 vy=  278528 ay=  -30720
     t=221 pred= 26 left= 26  y=    98 vy=  247808 ay=  -30720
     t=222 pred= 25 left= 25  y=   102 vy=  217088 ay=  -30720
     t=223 pred= 24 left= 24  y=   105 vy=  186368 ay=  -30720
     t=224 pred= 23 left= 23  y=   107 vy=  155648 ay=  -30720
     t=225 pred= 22 left= 22  y=   109 vy=  124928 ay=  -30720
     t=226 pred= 21 left= 21  y=   110 vy=   94208 ay=  -30720
     t=227 pred= 20 left= 20  y=   111 vy=   63488 ay=  -30720
     t=228 pred= 19 left= 19  y=   112 vy=   32768 ay=  -30720
     t=229 pred= 18 left= 18  y=   112 vy=    2048 ay=  -30720
     t=230 pred= 17 left= 17  y=   111 vy=  -28672 ay=  -30720
     t=231 pred= 16 left= 16  y=   110 vy=  -59392 ay=  -30720
     t=232 pred= 15 left= 15  y=   109 vy=  -90112 ay=  -30720
     t=233 pred= 14 left= 14  y=   107 vy= -120832 ay=  -30720
     t=234 pred= 13 left= 13  y=   105 vy= -151552 ay=  -30720
     t=235 pred= 12 left= 12  y=   102 vy= -182272 ay=  -30720
     t=236 pred= 11 left= 11  y=    99 vy= -212992 ay=  -30720
     t=237 pred= 10 left= 10  y=    95 vy= -243712 ay=  -30720
     t=238 pred=  9 left=  9  y=    91 vy= -274432 ay=  -30720
     t=239 pred=  8 left=  8  y=    86 vy= -305152 ay=  -30720
     t=240 pred=  7 left=  7  y=    81 vy= -335872 ay=  -30720
     t=241 pred=  6 left=  6  y=    76 vy= -366592 ay=  -30720
     t=242 pred=  5 left=  5  y=    70 vy= -397312 ay=  -30720
     t=243 pred=  4 left=  4  y=    63 vy= -428032 ay=  -30720
     t=244 pred=  3 left=  3  y=    56 vy= -458752 ay=  -30720
     t=245 pred=  2 left=  2  y=    49 vy= -489472 ay=  -30720
     t=246 pred=  1 left=  1  y=    41 vy= -520192 ay=  -30720
---- landing prediction ----
P1  landings=70  no_prediction_ticks=0
   err all : -45:7 -38:1 -36:1 -34:1 -32:1 -30:1 -29:9 -28:1 -26:1 -24:1 -22:77 -21:5 -20:6 -19:5 -18:6 -17:5 -16:6 -15:5 -14:6 -13:5 -12:6 -11:285 -10:26 -9:26 -8:26 -7:26 -6:26 -5:26 -4:26 -3:26 -2:26 -1:26 +0:958 +5:171 +11:63 +16:189
   err NEAR (pred<=20, the window the tool uses): -45:7 -38:1 -36:1 -34:1 -32:1 -30:1 -28:1 -26:1 -24:1 -22:11 -21:2 -20:3 -19:2 -18:3 -17:2 -16:3 -15:2 -14:3 -13:2 -12:3 -11:248 -10:26 -9:26 -8:26 -7:26 -6:26 -5:26 -4:26 -3:26 -2:26 -1:26 +0:716
   err far  (pred>20, never acted on): -29:9 -22:66 -21:3 -20:3 -19:3 -18:3 -17:3 -16:3 -15:3 -14:3 -13:3 -12:3 -11:37 +0:242 +5:171 +11:63 +16:189
   last descent, landed on tick 210:
     t=190 pred= 36 left= 20  y=    40 vy=  245760 ay=  -13312
     t=191 pred= 35 left= 19  y=    43 vy=  232448 ay=  -13312
     t=192 pred= 34 left= 18  y=    46 vy=  219136 ay=  -13312
     t=193 pred= 33 left= 17  y=    50 vy=  205824 ay=  -13312
     t=194 pred= 32 left= 16  y=    52 vy=  192512 ay=  -13312
     t=195 pred= 31 left= 15  y=    55 vy=  179200 ay=  -13312
     t=196 pred= 30 left= 14  y=    58 vy=  165888 ay=  -13312
     t=197 pred= 29 left= 13  y=    60 vy=  152576 ay=  -13312
     t=198 pred= 28 left= 12  y=    62 vy=  139264 ay=  -13312
     t=199 pred= 11 left= 11  y=    64 vy=       0 ay=  -26624
     t=200 pred= 10 left= 10  y=    64 vy=  -26624 ay=  -26624
     t=201 pred=  9 left=  9  y=    63 vy=  -53248 ay=  -26624
     t=202 pred=  8 left=  8  y=    62 vy=  -79872 ay=  -26624
     t=203 pred=  7 left=  7  y=    60 vy= -106496 ay=  -26624
     t=204 pred=  6 left=  6  y=    58 vy= -133120 ay=  -26624
     t=205 pred=  5 left=  5  y=    56 vy= -159744 ay=  -26624
     t=206 pred=  4 left=  4  y=    53 vy= -186368 ay=  -26624
     t=207 pred=  3 left=  3  y=    49 vy= -212992 ay=  -26624
     t=208 pred=  2 left=  2  y=    46 vy= -239616 ay=  -26624
     t=209 pred=  1 left=  1  y=    42 vy= -266240 ay=  -26624
P2  landings=4  no_prediction_ticks=25
   err all : +0:112
   err NEAR (pred<=20, the window the tool uses): +0:71
   err far  (pred>20, never acted on): +0:41
   last descent, landed on tick 247:
     t=213 pred= 34 left= 34  y=    55 vy=  493568 ay=  -30720
     t=214 pred= 33 left= 33  y=    62 vy=  462848 ay=  -30720
     t=215 pred= 32 left= 32  y=    69 vy=  432128 ay=  -30720
     t=216 pred= 31 left= 31  y=    75 vy=  401408 ay=  -30720
     t=217 pred= 30 left= 30  y=    80 vy=  370688 ay=  -30720
     t=218 pred= 29 left= 29  y=    86 vy=  339968 ay=  -30720
     t=219 pred= 28 left= 28  y=    90 vy=  309248 ay=  -30720
     t=220 pred= 27 left= 27  y=    95 vy=  278528 ay=  -30720
     t=221 pred= 26 left= 26  y=    98 vy=  247808 ay=  -30720
     t=222 pred= 25 left= 25  y=   102 vy=  217088 ay=  -30720
     t=223 pred= 24 left= 24  y=   105 vy=  186368 ay=  -30720
     t=224 pred= 23 left= 23  y=   107 vy=  155648 ay=  -30720
     t=225 pred= 22 left= 22  y=   109 vy=  124928 ay=  -30720
     t=226 pred= 21 left= 21  y=   110 vy=   94208 ay=  -30720
     t=227 pred= 20 left= 20  y=   111 vy=   63488 ay=  -30720
     t=228 pred= 19 left= 19  y=   112 vy=   32768 ay=  -30720
     t=229 pred= 18 left= 18  y=   112 vy=    2048 ay=  -30720
     t=230 pred= 17 left= 17  y=   111 vy=  -28672 ay=  -30720
     t=231 pred= 16 left= 16  y=   110 vy=  -59392 ay=  -30720
     t=232 pred= 15 left= 15  y=   109 vy=  -90112 ay=  -30720
     t=233 pred= 14 left= 14  y=   107 vy= -120832 ay=  -30720
     t=234 pred= 13 left= 13  y=   105 vy= -151552 ay=  -30720
     t=235 pred= 12 left= 12  y=   102 vy= -182272 ay=  -30720
     t=236 pred= 11 left= 11  y=    99 vy= -212992 ay=  -30720
     t=237 pred= 10 left= 10  y=    95 vy= -243712 ay=  -30720
     t=238 pred=  9 left=  9  y=    91 vy= -274432 ay=  -30720
     t=239 pred=  8 left=  8  y=    86 vy= -305152 ay=  -30720
     t=240 pred=  7 left=  7  y=    81 vy= -335872 ay=  -30720
     t=241 pred=  6 left=  6  y=    76 vy= -366592 ay=  -30720
     t=242 pred=  5 left=  5  y=    70 vy= -397312 ay=  -30720
     t=243 pred=  4 left=  4  y=    63 vy= -428032 ay=  -30720
     t=244 pred=  3 left=  3  y=    56 vy= -458752 ay=  -30720
     t=245 pred=  2 left=  2  y=    49 vy= -489472 ay=  -30720
     t=246 pred=  1 left=  1  y=    41 vy= -520192 ay=  -30720
---- landing prediction ----
P1  landings=71  no_prediction_ticks=0
   err all : -45:7 -38:1 -36:1 -34:1 -32:1 -30:1 -29:9 -28:1 -26:1 -24:1 -22:77 -21:5 -20:6 -19:5 -18:6 -17:5 -16:6 -15:5 -14:6 -13:5 -12:6 -11:285 -10:26 -9:26 -8:26 -7:26 -6:26 -5:26 -4:26 -3:26 -2:26 -1:26 +0:997 +5:171 +11:63 +16:189
   err NEAR (pred<=20, the window the tool uses): -45:7 -38:1 -36:1 -34:1 -32:1 -30:1 -28:1 -26:1 -24:1 -22:11 -21:2 -20:3 -19:2 -18:3 -17:2 -16:3 -15:2 -14:3 -13:2 -12:3 -11:248 -10:26 -9:26 -8:26 -7:26 -6:26 -5:26 -4:26 -3:26 -2:26 -1:26 +0:736
   err far  (pred>20, never acted on): -29:9 -22:66 -21:3 -20:3 -19:3 -18:3 -17:3 -16:3 -15:3 -14:3 -13:3 -12:3 -11:37 +0:261 +5:171 +11:63 +16:189
   last descent, landed on tick 25:
     t=242 pred= 39 left= 39  y=    40 vy=  630784 ay=  -32000
     t=243 pred= 38 left= 38  y=    49 vy=  598784 ay=  -32000
     t=244 pred= 37 left= 37  y=    57 vy=  566784 ay=  -32000
     t=245 pred= 36 left= 36  y=    65 vy=  534784 ay=  -32000
     t=246 pred= 35 left= 35  y=    73 vy=  502784 ay=  -32000
     t=247 pred= 34 left= 34  y=    80 vy=  470784 ay=  -32000
     t=248 pred= 33 left= 33  y=    87 vy=  438784 ay=  -32000
     t=249 pred= 32 left= 32  y=    93 vy=  406784 ay=  -32000
     t=250 pred= 31 left= 31  y=    99 vy=  374784 ay=  -32000
     t=251 pred= 30 left= 30  y=   104 vy=  342784 ay=  -32000
     t=252 pred= 29 left= 29  y=   109 vy=  310784 ay=  -32000
     t=253 pred= 28 left= 28  y=   113 vy=  278784 ay=  -32000
     t=254 pred= 27 left= 27  y=   117 vy=  246784 ay=  -32000
     t=255 pred= 26 left= 26  y=   120 vy=  214784 ay=  -32000
     t=  0 pred= 25 left= 25  y=   123 vy=  182784 ay=  -32000
     t=  1 pred= 24 left= 24  y=   125 vy=  150784 ay=  -32000
     t=  2 pred= 23 left= 23  y=   127 vy=  118784 ay=  -32000
     t=  3 pred= 22 left= 22  y=   128 vy=   86784 ay=  -32000
     t=  4 pred= 21 left= 21  y=   129 vy=   54784 ay=  -32000
     t=  5 pred= 20 left= 20  y=   130 vy=   22784 ay=  -32000
     t=  6 pred= 19 left= 19  y=   129 vy=   -9216 ay=  -32000
     t=  7 pred= 18 left= 18  y=   129 vy=  -41216 ay=  -32000
     t=  8 pred= 17 left= 17  y=   128 vy=  -73216 ay=  -32000
     t=  9 pred= 16 left= 16  y=   126 vy= -105216 ay=  -32000
     t= 10 pred= 15 left= 15  y=   124 vy= -137216 ay=  -32000
     t= 11 pred= 14 left= 14  y=   121 vy= -169216 ay=  -32000
     t= 12 pred= 13 left= 13  y=   118 vy= -201216 ay=  -32000
     t= 13 pred= 12 left= 12  y=   115 vy= -233216 ay=  -32000
     t= 14 pred= 11 left= 11  y=   111 vy= -265216 ay=  -32000
     t= 15 pred= 10 left= 10  y=   106 vy= -297216 ay=  -32000
     t= 16 pred=  9 left=  9  y=   101 vy= -329216 ay=  -32000
     t= 17 pred=  8 left=  8  y=    96 vy= -361216 ay=  -32000
     t= 18 pred=  7 left=  7  y=    90 vy= -393216 ay=  -32000
     t= 19 pred=  6 left=  6  y=    83 vy= -425216 ay=  -32000
     t= 20 pred=  5 left=  5  y=    76 vy= -457216 ay=  -32000
     t= 21 pred=  4 left=  4  y=    69 vy= -489216 ay=  -32000
     t= 22 pred=  3 left=  3  y=    61 vy= -521216 ay=  -32000
     t= 23 pred=  2 left=  2  y=    52 vy= -553216 ay=  -32000
     t= 24 pred=  1 left=  1  y=    43 vy= -585216 ay=  -32000
P2  landings=4  no_prediction_ticks=25
   err all : +0:112
   err NEAR (pred<=20, the window the tool uses): +0:71
   err far  (pred>20, never acted on): +0:41
   last descent, landed on tick 247:
     t=213 pred= 34 left= 34  y=    55 vy=  493568 ay=  -30720
     t=214 pred= 33 left= 33  y=    62 vy=  462848 ay=  -30720
     t=215 pred= 32 left= 32  y=    69 vy=  432128 ay=  -30720
     t=216 pred= 31 left= 31  y=    75 vy=  401408 ay=  -30720
     t=217 pred= 30 left= 30  y=    80 vy=  370688 ay=  -30720
     t=218 pred= 29 left= 29  y=    86 vy=  339968 ay=  -30720
     t=219 pred= 28 left= 28  y=    90 vy=  309248 ay=  -30720
     t=220 pred= 27 left= 27  y=    95 vy=  278528 ay=  -30720
     t=221 pred= 26 left= 26  y=    98 vy=  247808 ay=  -30720
     t=222 pred= 25 left= 25  y=   102 vy=  217088 ay=  -30720
     t=223 pred= 24 left= 24  y=   105 vy=  186368 ay=  -30720
     t=224 pred= 23 left= 23  y=   107 vy=  155648 ay=  -30720
     t=225 pred= 22 left= 22  y=   109 vy=  124928 ay=  -30720
     t=226 pred= 21 left= 21  y=   110 vy=   94208 ay=  -30720
     t=227 pred= 20 left= 20  y=   111 vy=   63488 ay=  -30720
     t=228 pred= 19 left= 19  y=   112 vy=   32768 ay=  -30720
     t=229 pred= 18 left= 18  y=   112 vy=    2048 ay=  -30720
     t=230 pred= 17 left= 17  y=   111 vy=  -28672 ay=  -30720
     t=231 pred= 16 left= 16  y=   110 vy=  -59392 ay=  -30720
     t=232 pred= 15 left= 15  y=   109 vy=  -90112 ay=  -30720
     t=233 pred= 14 left= 14  y=   107 vy= -120832 ay=  -30720
     t=234 pred= 13 left= 13  y=   105 vy= -151552 ay=  -30720
     t=235 pred= 12 left= 12  y=   102 vy= -182272 ay=  -30720
     t=236 pred= 11 left= 11  y=    99 vy= -212992 ay=  -30720
     t=237 pred= 10 left= 10  y=    95 vy= -243712 ay=  -30720
     t=238 pred=  9 left=  9  y=    91 vy= -274432 ay=  -30720
     t=239 pred=  8 left=  8  y=    86 vy= -305152 ay=  -30720
     t=240 pred=  7 left=  7  y=    81 vy= -335872 ay=  -30720
     t=241 pred=  6 left=  6  y=    76 vy= -366592 ay=  -30720
     t=242 pred=  5 left=  5  y=    70 vy= -397312 ay=  -30720
     t=243 pred=  4 left=  4  y=    63 vy= -428032 ay=  -30720
     t=244 pred=  3 left=  3  y=    56 vy= -458752 ay=  -30720
     t=245 pred=  2 left=  2  y=    49 vy= -489472 ay=  -30720
     t=246 pred=  1 left=  1  y=    41 vy= -520192 ay=  -30720
---- landing prediction ----
P1  landings=72  no_prediction_ticks=0
   err all : -45:7 -38:1 -36:1 -34:1 -32:1 -30:1 -29:9 -28:1 -26:1 -24:1 -22:77 -21:5 -20:6 -19:5 -18:6 -17:5 -16:6 -15:5 -14:6 -13:5 -12:6 -11:285 -10:26 -9:26 -8:26 -7:26 -6:26 -5:26 -4:26 -3:26 -2:26 -1:26 +0:1026 +5:171 +11:63 +16:189
   err NEAR (pred<=20, the window the tool uses): -45:7 -38:1 -36:1 -34:1 -32:1 -30:1 -28:1 -26:1 -24:1 -22:11 -21:2 -20:3 -19:2 -18:3 -17:2 -16:3 -15:2 -14:3 -13:2 -12:3 -11:248 -10:26 -9:26 -8:26 -7:26 -6:26 -5:26 -4:26 -3:26 -2:26 -1:26 +0:756
   err far  (pred>20, never acted on): -29:9 -22:66 -21:3 -20:3 -19:3 -18:3 -17:3 -16:3 -15:3 -14:3 -13:3 -12:3 -11:37 +0:270 +5:171 +11:63 +16:189
   last descent, landed on tick 64:
     t= 35 pred= 29 left= 29  y=    40 vy=  786432 ay=  -53248
     t= 36 pred= 28 left= 28  y=    51 vy=  733184 ay=  -53248
     t= 37 pred= 27 left= 27  y=    61 vy=  679936 ay=  -53248
     t= 38 pred= 26 left= 26  y=    71 vy=  626688 ay=  -53248
     t= 39 pred= 25 left= 25  y=    79 vy=  573440 ay=  -53248
     t= 40 pred= 24 left= 24  y=    87 vy=  520192 ay=  -53248
     t= 41 pred= 23 left= 23  y=    94 vy=  466944 ay=  -53248
     t= 42 pred= 22 left= 22  y=   101 vy=  413696 ay=  -53248
     t= 43 pred= 21 left= 21  y=   106 vy=  360448 ay=  -53248
     t= 44 pred= 20 left= 20  y=   111 vy=  307200 ay=  -53248
     t= 45 pred= 19 left= 19  y=   115 vy=  253952 ay=  -53248
     t= 46 pred= 18 left= 18  y=   118 vy=  200704 ay=  -53248
     t= 47 pred= 17 left= 17  y=   120 vy=  147456 ay=  -53248
     t= 48 pred= 16 left= 16  y=   122 vy=   94208 ay=  -53248
     t= 49 pred= 15 left= 15  y=   122 vy=   40960 ay=  -53248
     t= 50 pred= 14 left= 14  y=   122 vy=  -12288 ay=  -53248
     t= 51 pred= 13 left= 13  y=   121 vy=  -65536 ay=  -53248
     t= 52 pred= 12 left= 12  y=   119 vy= -118784 ay=  -53248
     t= 53 pred= 11 left= 11  y=   117 vy= -172032 ay=  -53248
     t= 54 pred= 10 left= 10  y=   113 vy= -225280 ay=  -53248
     t= 55 pred=  9 left=  9  y=   109 vy= -278528 ay=  -53248
     t= 56 pred=  8 left=  8  y=   104 vy= -331776 ay=  -53248
     t= 57 pred=  7 left=  7  y=    98 vy= -385024 ay=  -53248
     t= 58 pred=  6 left=  6  y=    91 vy= -438272 ay=  -53248
     t= 59 pred=  5 left=  5  y=    84 vy= -491520 ay=  -53248
     t= 60 pred=  4 left=  4  y=    75 vy= -544768 ay=  -53248
     t= 61 pred=  3 left=  3  y=    66 vy= -598016 ay=  -53248
     t= 62 pred=  2 left=  2  y=    56 vy= -651264 ay=  -53248
     t= 63 pred=  1 left=  1  y=    46 vy= -704512 ay=  -53248
P2  landings=4  no_prediction_ticks=25
   err all : +0:112
   err NEAR (pred<=20, the window the tool uses): +0:71
   err far  (pred>20, never acted on): +0:41
   last descent, landed on tick 247:
     t=213 pred= 34 left= 34  y=    55 vy=  493568 ay=  -30720
     t=214 pred= 33 left= 33  y=    62 vy=  462848 ay=  -30720
     t=215 pred= 32 left= 32  y=    69 vy=  432128 ay=  -30720
     t=216 pred= 31 left= 31  y=    75 vy=  401408 ay=  -30720
     t=217 pred= 30 left= 30  y=    80 vy=  370688 ay=  -30720
     t=218 pred= 29 left= 29  y=    86 vy=  339968 ay=  -30720
     t=219 pred= 28 left= 28  y=    90 vy=  309248 ay=  -30720
     t=220 pred= 27 left= 27  y=    95 vy=  278528 ay=  -30720
     t=221 pred= 26 left= 26  y=    98 vy=  247808 ay=  -30720
     t=222 pred= 25 left= 25  y=   102 vy=  217088 ay=  -30720
     t=223 pred= 24 left= 24  y=   105 vy=  186368 ay=  -30720
     t=224 pred= 23 left= 23  y=   107 vy=  155648 ay=  -30720
     t=225 pred= 22 left= 22  y=   109 vy=  124928 ay=  -30720
     t=226 pred= 21 left= 21  y=   110 vy=   94208 ay=  -30720
     t=227 pred= 20 left= 20  y=   111 vy=   63488 ay=  -30720
     t=228 pred= 19 left= 19  y=   112 vy=   32768 ay=  -30720
     t=229 pred= 18 left= 18  y=   112 vy=    2048 ay=  -30720
     t=230 pred= 17 left= 17  y=   111 vy=  -28672 ay=  -30720
     t=231 pred= 16 left= 16  y=   110 vy=  -59392 ay=  -30720
     t=232 pred= 15 left= 15  y=   109 vy=  -90112 ay=  -30720
     t=233 pred= 14 left= 14  y=   107 vy= -120832 ay=  -30720
     t=234 pred= 13 left= 13  y=   105 vy= -151552 ay=  -30720
     t=235 pred= 12 left= 12  y=   102 vy= -182272 ay=  -30720
     t=236 pred= 11 left= 11  y=    99 vy= -212992 ay=  -30720
     t=237 pred= 10 left= 10  y=    95 vy= -243712 ay=  -30720
     t=238 pred=  9 left=  9  y=    91 vy= -274432 ay=  -30720
     t=239 pred=  8 left=  8  y=    86 vy= -305152 ay=  -30720
     t=240 pred=  7 left=  7  y=    81 vy= -335872 ay=  -30720
     t=241 pred=  6 left=  6  y=    76 vy= -366592 ay=  -30720
     t=242 pred=  5 left=  5  y=    70 vy= -397312 ay=  -30720
     t=243 pred=  4 left=  4  y=    63 vy= -428032 ay=  -30720
     t=244 pred=  3 left=  3  y=    56 vy= -458752 ay=  -30720
     t=245 pred=  2 left=  2  y=    49 vy= -489472 ay=  -30720
     t=246 pred=  1 left=  1  y=    41 vy= -520192 ay=  -30720
---- landing prediction ----
P1  landings=73  no_prediction_ticks=0
   err all : -45:7 -38:1 -36:1 -34:1 -32:1 -30:1 -29:9 -28:1 -26:1 -24:1 -22:77 -21:5 -20:6 -19:5 -18:6 -17:5 -16:6 -15:5 -14:6 -13:5 -12:6 -11:285 -10:26 -9:26 -8:26 -7:26 -6:26 -5:26 -4:26 -3:26 -2:26 -1:26 +0:1037 +5:171 +11:63 +16:198
   err NEAR (pred<=20, the window the tool uses): -45:7 -38:1 -36:1 -34:1 -32:1 -30:1 -28:1 -26:1 -24:1 -22:11 -21:2 -20:3 -19:2 -18:3 -17:2 -16:3 -15:2 -14:3 -13:2 -12:3 -11:248 -10:26 -9:26 -8:26 -7:26 -6:26 -5:26 -4:26 -3:26 -2:26 -1:26 +0:767
   err far  (pred>20, never acted on): -29:9 -22:66 -21:3 -20:3 -19:3 -18:3 -17:3 -16:3 -15:3 -14:3 -13:3 -12:3 -11:37 +0:270 +5:171 +11:63 +16:198
   last descent, landed on tick 87:
     t= 67 pred= 36 left= 20  y=    40 vy=  245760 ay=  -13312
     t= 68 pred= 35 left= 19  y=    43 vy=  232448 ay=  -13312
     t= 69 pred= 34 left= 18  y=    46 vy=  219136 ay=  -13312
     t= 70 pred= 33 left= 17  y=    50 vy=  205824 ay=  -13312
     t= 71 pred= 32 left= 16  y=    52 vy=  192512 ay=  -13312
     t= 72 pred= 31 left= 15  y=    55 vy=  179200 ay=  -13312
     t= 73 pred= 30 left= 14  y=    58 vy=  165888 ay=  -13312
     t= 74 pred= 29 left= 13  y=    60 vy=  152576 ay=  -13312
     t= 75 pred= 28 left= 12  y=    62 vy=  139264 ay=  -13312
     t= 76 pred= 11 left= 11  y=    64 vy=       0 ay=  -26624
     t= 77 pred= 10 left= 10  y=    64 vy=  -26624 ay=  -26624
     t= 78 pred=  9 left=  9  y=    63 vy=  -53248 ay=  -26624
     t= 79 pred=  8 left=  8  y=    62 vy=  -79872 ay=  -26624
     t= 80 pred=  7 left=  7  y=    60 vy= -106496 ay=  -26624
     t= 81 pred=  6 left=  6  y=    58 vy= -133120 ay=  -26624
     t= 82 pred=  5 left=  5  y=    56 vy= -159744 ay=  -26624
     t= 83 pred=  4 left=  4  y=    53 vy= -186368 ay=  -26624
     t= 84 pred=  3 left=  3  y=    49 vy= -212992 ay=  -26624
     t= 85 pred=  2 left=  2  y=    46 vy= -239616 ay=  -26624
     t= 86 pred=  1 left=  1  y=    42 vy= -266240 ay=  -26624
P2  landings=4  no_prediction_ticks=25
   err all : +0:112
   err NEAR (pred<=20, the window the tool uses): +0:71
   err far  (pred>20, never acted on): +0:41
   last descent, landed on tick 247:
     t=213 pred= 34 left= 34  y=    55 vy=  493568 ay=  -30720
     t=214 pred= 33 left= 33  y=    62 vy=  462848 ay=  -30720
     t=215 pred= 32 left= 32  y=    69 vy=  432128 ay=  -30720
     t=216 pred= 31 left= 31  y=    75 vy=  401408 ay=  -30720
     t=217 pred= 30 left= 30  y=    80 vy=  370688 ay=  -30720
     t=218 pred= 29 left= 29  y=    86 vy=  339968 ay=  -30720
     t=219 pred= 28 left= 28  y=    90 vy=  309248 ay=  -30720
     t=220 pred= 27 left= 27  y=    95 vy=  278528 ay=  -30720
     t=221 pred= 26 left= 26  y=    98 vy=  247808 ay=  -30720
     t=222 pred= 25 left= 25  y=   102 vy=  217088 ay=  -30720
     t=223 pred= 24 left= 24  y=   105 vy=  186368 ay=  -30720
     t=224 pred= 23 left= 23  y=   107 vy=  155648 ay=  -30720
     t=225 pred= 22 left= 22  y=   109 vy=  124928 ay=  -30720
     t=226 pred= 21 left= 21  y=   110 vy=   94208 ay=  -30720
     t=227 pred= 20 left= 20  y=   111 vy=   63488 ay=  -30720
     t=228 pred= 19 left= 19  y=   112 vy=   32768 ay=  -30720
     t=229 pred= 18 left= 18  y=   112 vy=    2048 ay=  -30720
     t=230 pred= 17 left= 17  y=   111 vy=  -28672 ay=  -30720
     t=231 pred= 16 left= 16  y=   110 vy=  -59392 ay=  -30720
     t=232 pred= 15 left= 15  y=   109 vy=  -90112 ay=  -30720
     t=233 pred= 14 left= 14  y=   107 vy= -120832 ay=  -30720
     t=234 pred= 13 left= 13  y=   105 vy= -151552 ay=  -30720
     t=235 pred= 12 left= 12  y=   102 vy= -182272 ay=  -30720
     t=236 pred= 11 left= 11  y=    99 vy= -212992 ay=  -30720
     t=237 pred= 10 left= 10  y=    95 vy= -243712 ay=  -30720
     t=238 pred=  9 left=  9  y=    91 vy= -274432 ay=  -30720
     t=239 pred=  8 left=  8  y=    86 vy= -305152 ay=  -30720
     t=240 pred=  7 left=  7  y=    81 vy= -335872 ay=  -30720
     t=241 pred=  6 left=  6  y=    76 vy= -366592 ay=  -30720
     t=242 pred=  5 left=  5  y=    70 vy= -397312 ay=  -30720
     t=243 pred=  4 left=  4  y=    63 vy= -428032 ay=  -30720
     t=244 pred=  3 left=  3  y=    56 vy= -458752 ay=  -30720
     t=245 pred=  2 left=  2  y=    49 vy= -489472 ay=  -30720
     t=246 pred=  1 left=  1  y=    41 vy= -520192 ay=  -30720
---- landing prediction ----
P1  landings=74  no_prediction_ticks=0
   err all : -45:7 -38:1 -36:1 -34:1 -32:1 -30:1 -29:9 -28:1 -26:1 -24:1 -22:77 -21:5 -20:6 -19:5 -18:6 -17:5 -16:6 -15:5 -14:6 -13:5 -12:6 -11:296 -10:27 -9:27 -8:27 -7:27 -6:27 -5:27 -4:27 -3:27 -2:27 -1:27 +0:1038 +5:180 +11:63 +16:198
   err NEAR (pred<=20, the window the tool uses): -45:7 -38:1 -36:1 -34:1 -32:1 -30:1 -28:1 -26:1 -24:1 -22:11 -21:2 -20:3 -19:2 -18:3 -17:2 -16:3 -15:2 -14:3 -13:2 -12:3 -11:259 -10:27 -9:27 -8:27 -7:27 -6:27 -5:27 -4:27 -3:27 -2:27 -1:27 +0:768
   err far  (pred>20, never acted on): -29:9 -22:66 -21:3 -20:3 -19:3 -18:3 -17:3 -16:3 -15:3 -14:3 -13:3 -12:3 -11:37 +0:270 +5:180 +11:63 +16:198
   last descent, landed on tick 129:
     t= 98 pred= 36 left= 31  y=    40 vy=  245760 ay=  -13312
     t= 99 pred= 35 left= 30  y=    43 vy=  232448 ay=  -13312
     t=100 pred= 34 left= 29  y=    46 vy=  219136 ay=  -13312
     t=101 pred= 33 left= 28  y=    50 vy=  205824 ay=  -13312
     t=102 pred= 32 left= 27  y=    52 vy=  192512 ay=  -13312
     t=103 pred= 31 left= 26  y=    55 vy=  179200 ay=  -13312
     t=104 pred= 30 left= 25  y=    58 vy=  165888 ay=  -13312
     t=105 pred= 29 left= 24  y=    60 vy=  152576 ay=  -13312
     t=106 pred= 28 left= 23  y=    62 vy=  139264 ay=  -13312
     t=107 pred= 11 left= 22  y=    64 vy=       0 ay=  -26624
     t=108 pred= 10 left= 21  y=    64 vy=  -26624 ay=  -26624
     t=109 pred=  9 left= 20  y=    63 vy=  -53248 ay=  -26624
     t=110 pred=  8 left= 19  y=    62 vy=  -79872 ay=  -26624
     t=111 pred=  7 left= 18  y=    60 vy= -106496 ay=  -26624
     t=112 pred=  6 left= 17  y=    58 vy= -133120 ay=  -26624
     t=113 pred=  5 left= 16  y=    56 vy= -159744 ay=  -26624
     t=114 pred=  4 left= 15  y=    53 vy= -186368 ay=  -26624
     t=115 pred=  3 left= 14  y=    49 vy= -212992 ay=  -26624
     t=116 pred=  2 left= 13  y=    46 vy= -239616 ay=  -26624
     t=117 pred=  1 left= 12  y=    42 vy= -266240 ay=  -26624
     t=118 pred=  1 left= 11  y=    42 vy= -266240 ay=  -26624
     t=119 pred=  1 left= 10  y=    42 vy= -266240 ay=  -26624
     t=120 pred=  1 left=  9  y=    42 vy= -266240 ay=  -26624
     t=121 pred=  1 left=  8  y=    42 vy= -266240 ay=  -26624
     t=122 pred=  1 left=  7  y=    42 vy= -266240 ay=  -26624
     t=123 pred=  1 left=  6  y=    42 vy= -266240 ay=  -26624
     t=124 pred=  1 left=  5  y=    42 vy= -266240 ay=  -26624
     t=125 pred=  1 left=  4  y=    42 vy= -266240 ay=  -26624
     t=126 pred=  1 left=  3  y=    42 vy= -266240 ay=  -26624
     t=127 pred=  1 left=  2  y=    42 vy= -266240 ay=  -26624
     t=128 pred=  1 left=  1  y=    42 vy= -266240 ay=  -26624
P2  landings=4  no_prediction_ticks=25
   err all : +0:112
   err NEAR (pred<=20, the window the tool uses): +0:71
   err far  (pred>20, never acted on): +0:41
   last descent, landed on tick 247:
     t=213 pred= 34 left= 34  y=    55 vy=  493568 ay=  -30720
     t=214 pred= 33 left= 33  y=    62 vy=  462848 ay=  -30720
     t=215 pred= 32 left= 32  y=    69 vy=  432128 ay=  -30720
     t=216 pred= 31 left= 31  y=    75 vy=  401408 ay=  -30720
     t=217 pred= 30 left= 30  y=    80 vy=  370688 ay=  -30720
     t=218 pred= 29 left= 29  y=    86 vy=  339968 ay=  -30720
     t=219 pred= 28 left= 28  y=    90 vy=  309248 ay=  -30720
     t=220 pred= 27 left= 27  y=    95 vy=  278528 ay=  -30720
     t=221 pred= 26 left= 26  y=    98 vy=  247808 ay=  -30720
     t=222 pred= 25 left= 25  y=   102 vy=  217088 ay=  -30720
     t=223 pred= 24 left= 24  y=   105 vy=  186368 ay=  -30720
     t=224 pred= 23 left= 23  y=   107 vy=  155648 ay=  -30720
     t=225 pred= 22 left= 22  y=   109 vy=  124928 ay=  -30720
     t=226 pred= 21 left= 21  y=   110 vy=   94208 ay=  -30720
     t=227 pred= 20 left= 20  y=   111 vy=   63488 ay=  -30720
     t=228 pred= 19 left= 19  y=   112 vy=   32768 ay=  -30720
     t=229 pred= 18 left= 18  y=   112 vy=    2048 ay=  -30720
     t=230 pred= 17 left= 17  y=   111 vy=  -28672 ay=  -30720
     t=231 pred= 16 left= 16  y=   110 vy=  -59392 ay=  -30720
     t=232 pred= 15 left= 15  y=   109 vy=  -90112 ay=  -30720
     t=233 pred= 14 left= 14  y=   107 vy= -120832 ay=  -30720
     t=234 pred= 13 left= 13  y=   105 vy= -151552 ay=  -30720
     t=235 pred= 12 left= 12  y=   102 vy= -182272 ay=  -30720
     t=236 pred= 11 left= 11  y=    99 vy= -212992 ay=  -30720
     t=237 pred= 10 left= 10  y=    95 vy= -243712 ay=  -30720
     t=238 pred=  9 left=  9  y=    91 vy= -274432 ay=  -30720
     t=239 pred=  8 left=  8  y=    86 vy= -305152 ay=  -30720
     t=240 pred=  7 left=  7  y=    81 vy= -335872 ay=  -30720
     t=241 pred=  6 left=  6  y=    76 vy= -366592 ay=  -30720
     t=242 pred=  5 left=  5  y=    70 vy= -397312 ay=  -30720
     t=243 pred=  4 left=  4  y=    63 vy= -428032 ay=  -30720
     t=244 pred=  3 left=  3  y=    56 vy= -458752 ay=  -30720
     t=245 pred=  2 left=  2  y=    49 vy= -489472 ay=  -30720
     t=246 pred=  1 left=  1  y=    41 vy= -520192 ay=  -30720
---- landing prediction ----
P1  landings=75  no_prediction_ticks=0
   err all : -45:7 -38:1 -36:1 -34:1 -32:1 -30:1 -29:9 -28:1 -26:1 -24:1 -22:77 -21:5 -20:6 -19:5 -18:6 -17:5 -16:6 -15:5 -14:6 -13:5 -12:6 -11:296 -10:27 -9:27 -8:27 -7:27 -6:27 -5:27 -4:27 -3:27 -2:27 -1:27 +0:1077 +5:180 +11:63 +16:198
   err NEAR (pred<=20, the window the tool uses): -45:7 -38:1 -36:1 -34:1 -32:1 -30:1 -28:1 -26:1 -24:1 -22:11 -21:2 -20:3 -19:2 -18:3 -17:2 -16:3 -15:2 -14:3 -13:2 -12:3 -11:259 -10:27 -9:27 -8:27 -7:27 -6:27 -5:27 -4:27 -3:27 -2:27 -1:27 +0:788
   err far  (pred>20, never acted on): -29:9 -22:66 -21:3 -20:3 -19:3 -18:3 -17:3 -16:3 -15:3 -14:3 -13:3 -12:3 -11:37 +0:289 +5:180 +11:63 +16:198
   last descent, landed on tick 177:
     t=138 pred= 39 left= 39  y=    40 vy=  630784 ay=  -32000
     t=139 pred= 38 left= 38  y=    49 vy=  598784 ay=  -32000
     t=140 pred= 37 left= 37  y=    57 vy=  566784 ay=  -32000
     t=141 pred= 36 left= 36  y=    65 vy=  534784 ay=  -32000
     t=142 pred= 35 left= 35  y=    73 vy=  502784 ay=  -32000
     t=143 pred= 34 left= 34  y=    80 vy=  470784 ay=  -32000
     t=144 pred= 33 left= 33  y=    87 vy=  438784 ay=  -32000
     t=145 pred= 32 left= 32  y=    93 vy=  406784 ay=  -32000
     t=146 pred= 31 left= 31  y=    99 vy=  374784 ay=  -32000
     t=147 pred= 30 left= 30  y=   104 vy=  342784 ay=  -32000
     t=148 pred= 29 left= 29  y=   109 vy=  310784 ay=  -32000
     t=149 pred= 28 left= 28  y=   113 vy=  278784 ay=  -32000
     t=150 pred= 27 left= 27  y=   117 vy=  246784 ay=  -32000
     t=151 pred= 26 left= 26  y=   120 vy=  214784 ay=  -32000
     t=152 pred= 25 left= 25  y=   123 vy=  182784 ay=  -32000
     t=153 pred= 24 left= 24  y=   125 vy=  150784 ay=  -32000
     t=154 pred= 23 left= 23  y=   127 vy=  118784 ay=  -32000
     t=155 pred= 22 left= 22  y=   128 vy=   86784 ay=  -32000
     t=156 pred= 21 left= 21  y=   129 vy=   54784 ay=  -32000
     t=157 pred= 20 left= 20  y=   130 vy=   22784 ay=  -32000
     t=158 pred= 19 left= 19  y=   129 vy=   -9216 ay=  -32000
     t=159 pred= 18 left= 18  y=   129 vy=  -41216 ay=  -32000
     t=160 pred= 17 left= 17  y=   128 vy=  -73216 ay=  -32000
     t=161 pred= 16 left= 16  y=   126 vy= -105216 ay=  -32000
     t=162 pred= 15 left= 15  y=   124 vy= -137216 ay=  -32000
     t=163 pred= 14 left= 14  y=   121 vy= -169216 ay=  -32000
     t=164 pred= 13 left= 13  y=   118 vy= -201216 ay=  -32000
     t=165 pred= 12 left= 12  y=   115 vy= -233216 ay=  -32000
     t=166 pred= 11 left= 11  y=   111 vy= -265216 ay=  -32000
     t=167 pred= 10 left= 10  y=   106 vy= -297216 ay=  -32000
     t=168 pred=  9 left=  9  y=   101 vy= -329216 ay=  -32000
     t=169 pred=  8 left=  8  y=    96 vy= -361216 ay=  -32000
     t=170 pred=  7 left=  7  y=    90 vy= -393216 ay=  -32000
     t=171 pred=  6 left=  6  y=    83 vy= -425216 ay=  -32000
     t=172 pred=  5 left=  5  y=    76 vy= -457216 ay=  -32000
     t=173 pred=  4 left=  4  y=    69 vy= -489216 ay=  -32000
     t=174 pred=  3 left=  3  y=    61 vy= -521216 ay=  -32000
     t=175 pred=  2 left=  2  y=    52 vy= -553216 ay=  -32000
     t=176 pred=  1 left=  1  y=    43 vy= -585216 ay=  -32000
P2  landings=4  no_prediction_ticks=25
   err all : +0:112
   err NEAR (pred<=20, the window the tool uses): +0:71
   err far  (pred>20, never acted on): +0:41
   last descent, landed on tick 247:
     t=213 pred= 34 left= 34  y=    55 vy=  493568 ay=  -30720
     t=214 pred= 33 left= 33  y=    62 vy=  462848 ay=  -30720
     t=215 pred= 32 left= 32  y=    69 vy=  432128 ay=  -30720
     t=216 pred= 31 left= 31  y=    75 vy=  401408 ay=  -30720
     t=217 pred= 30 left= 30  y=    80 vy=  370688 ay=  -30720
     t=218 pred= 29 left= 29  y=    86 vy=  339968 ay=  -30720
     t=219 pred= 28 left= 28  y=    90 vy=  309248 ay=  -30720
     t=220 pred= 27 left= 27  y=    95 vy=  278528 ay=  -30720
     t=221 pred= 26 left= 26  y=    98 vy=  247808 ay=  -30720
     t=222 pred= 25 left= 25  y=   102 vy=  217088 ay=  -30720
     t=223 pred= 24 left= 24  y=   105 vy=  186368 ay=  -30720
     t=224 pred= 23 left= 23  y=   107 vy=  155648 ay=  -30720
     t=225 pred= 22 left= 22  y=   109 vy=  124928 ay=  -30720
     t=226 pred= 21 left= 21  y=   110 vy=   94208 ay=  -30720
     t=227 pred= 20 left= 20  y=   111 vy=   63488 ay=  -30720
     t=228 pred= 19 left= 19  y=   112 vy=   32768 ay=  -30720
     t=229 pred= 18 left= 18  y=   112 vy=    2048 ay=  -30720
     t=230 pred= 17 left= 17  y=   111 vy=  -28672 ay=  -30720
     t=231 pred= 16 left= 16  y=   110 vy=  -59392 ay=  -30720
     t=232 pred= 15 left= 15  y=   109 vy=  -90112 ay=  -30720
     t=233 pred= 14 left= 14  y=   107 vy= -120832 ay=  -30720
     t=234 pred= 13 left= 13  y=   105 vy= -151552 ay=  -30720
     t=235 pred= 12 left= 12  y=   102 vy= -182272 ay=  -30720
     t=236 pred= 11 left= 11  y=    99 vy= -212992 ay=  -30720
     t=237 pred= 10 left= 10  y=    95 vy= -243712 ay=  -30720
     t=238 pred=  9 left=  9  y=    91 vy= -274432 ay=  -30720
     t=239 pred=  8 left=  8  y=    86 vy= -305152 ay=  -30720
     t=240 pred=  7 left=  7  y=    81 vy= -335872 ay=  -30720
     t=241 pred=  6 left=  6  y=    76 vy= -366592 ay=  -30720
     t=242 pred=  5 left=  5  y=    70 vy= -397312 ay=  -30720
     t=243 pred=  4 left=  4  y=    63 vy= -428032 ay=  -30720
     t=244 pred=  3 left=  3  y=    56 vy= -458752 ay=  -30720
     t=245 pred=  2 left=  2  y=    49 vy= -489472 ay=  -30720
     t=246 pred=  1 left=  1  y=    41 vy= -520192 ay=  -30720
---- landing prediction ----
P1  landings=76  no_prediction_ticks=0
   err all : -45:7 -38:1 -36:1 -34:1 -32:1 -30:1 -29:9 -28:1 -26:1 -24:1 -22:77 -21:5 -20:6 -19:5 -18:6 -17:5 -16:6 -15:5 -14:6 -13:5 -12:6 -11:296 -10:27 -9:27 -8:27 -7:27 -6:27 -5:27 -4:27 -3:27 -2:27 -1:27 +0:1106 +5:180 +11:63 +16:198
   err NEAR (pred<=20, the window the tool uses): -45:7 -38:1 -36:1 -34:1 -32:1 -30:1 -28:1 -26:1 -24:1 -22:11 -21:2 -20:3 -19:2 -18:3 -17:2 -16:3 -15:2 -14:3 -13:2 -12:3 -11:259 -10:27 -9:27 -8:27 -7:27 -6:27 -5:27 -4:27 -3:27 -2:27 -1:27 +0:808
   err far  (pred>20, never acted on): -29:9 -22:66 -21:3 -20:3 -19:3 -18:3 -17:3 -16:3 -15:3 -14:3 -13:3 -12:3 -11:37 +0:298 +5:180 +11:63 +16:198
   last descent, landed on tick 215:
     t=186 pred= 29 left= 29  y=    40 vy=  786432 ay=  -53248
     t=187 pred= 28 left= 28  y=    51 vy=  733184 ay=  -53248
     t=188 pred= 27 left= 27  y=    61 vy=  679936 ay=  -53248
     t=189 pred= 26 left= 26  y=    71 vy=  626688 ay=  -53248
     t=190 pred= 25 left= 25  y=    79 vy=  573440 ay=  -53248
     t=191 pred= 24 left= 24  y=    87 vy=  520192 ay=  -53248
     t=192 pred= 23 left= 23  y=    94 vy=  466944 ay=  -53248
     t=193 pred= 22 left= 22  y=   101 vy=  413696 ay=  -53248
     t=194 pred= 21 left= 21  y=   106 vy=  360448 ay=  -53248
     t=195 pred= 20 left= 20  y=   111 vy=  307200 ay=  -53248
     t=196 pred= 19 left= 19  y=   115 vy=  253952 ay=  -53248
     t=197 pred= 18 left= 18  y=   118 vy=  200704 ay=  -53248
     t=198 pred= 17 left= 17  y=   120 vy=  147456 ay=  -53248
     t=199 pred= 16 left= 16  y=   122 vy=   94208 ay=  -53248
     t=200 pred= 15 left= 15  y=   122 vy=   40960 ay=  -53248
     t=201 pred= 14 left= 14  y=   122 vy=  -12288 ay=  -53248
     t=202 pred= 13 left= 13  y=   121 vy=  -65536 ay=  -53248
     t=203 pred= 12 left= 12  y=   119 vy= -118784 ay=  -53248
     t=204 pred= 11 left= 11  y=   117 vy= -172032 ay=  -53248
     t=205 pred= 10 left= 10  y=   113 vy= -225280 ay=  -53248
     t=206 pred=  9 left=  9  y=   109 vy= -278528 ay=  -53248
     t=207 pred=  8 left=  8  y=   104 vy= -331776 ay=  -53248
     t=208 pred=  7 left=  7  y=    98 vy= -385024 ay=  -53248
     t=209 pred=  6 left=  6  y=    91 vy= -438272 ay=  -53248
     t=210 pred=  5 left=  5  y=    84 vy= -491520 ay=  -53248
     t=211 pred=  4 left=  4  y=    75 vy= -544768 ay=  -53248
     t=212 pred=  3 left=  3  y=    66 vy= -598016 ay=  -53248
     t=213 pred=  2 left=  2  y=    56 vy= -651264 ay=  -53248
     t=214 pred=  1 left=  1  y=    46 vy= -704512 ay=  -53248
P2  landings=4  no_prediction_ticks=25
   err all : +0:112
   err NEAR (pred<=20, the window the tool uses): +0:71
   err far  (pred>20, never acted on): +0:41
   last descent, landed on tick 247:
     t=213 pred= 34 left= 34  y=    55 vy=  493568 ay=  -30720
     t=214 pred= 33 left= 33  y=    62 vy=  462848 ay=  -30720
     t=215 pred= 32 left= 32  y=    69 vy=  432128 ay=  -30720
     t=216 pred= 31 left= 31  y=    75 vy=  401408 ay=  -30720
     t=217 pred= 30 left= 30  y=    80 vy=  370688 ay=  -30720
     t=218 pred= 29 left= 29  y=    86 vy=  339968 ay=  -30720
     t=219 pred= 28 left= 28  y=    90 vy=  309248 ay=  -30720
     t=220 pred= 27 left= 27  y=    95 vy=  278528 ay=  -30720
     t=221 pred= 26 left= 26  y=    98 vy=  247808 ay=  -30720
     t=222 pred= 25 left= 25  y=   102 vy=  217088 ay=  -30720
     t=223 pred= 24 left= 24  y=   105 vy=  186368 ay=  -30720
     t=224 pred= 23 left= 23  y=   107 vy=  155648 ay=  -30720
     t=225 pred= 22 left= 22  y=   109 vy=  124928 ay=  -30720
     t=226 pred= 21 left= 21  y=   110 vy=   94208 ay=  -30720
     t=227 pred= 20 left= 20  y=   111 vy=   63488 ay=  -30720
     t=228 pred= 19 left= 19  y=   112 vy=   32768 ay=  -30720
     t=229 pred= 18 left= 18  y=   112 vy=    2048 ay=  -30720
     t=230 pred= 17 left= 17  y=   111 vy=  -28672 ay=  -30720
     t=231 pred= 16 left= 16  y=   110 vy=  -59392 ay=  -30720
     t=232 pred= 15 left= 15  y=   109 vy=  -90112 ay=  -30720
     t=233 pred= 14 left= 14  y=   107 vy= -120832 ay=  -30720
     t=234 pred= 13 left= 13  y=   105 vy= -151552 ay=  -30720
     t=235 pred= 12 left= 12  y=   102 vy= -182272 ay=  -30720
     t=236 pred= 11 left= 11  y=    99 vy= -212992 ay=  -30720
     t=237 pred= 10 left= 10  y=    95 vy= -243712 ay=  -30720
     t=238 pred=  9 left=  9  y=    91 vy= -274432 ay=  -30720
     t=239 pred=  8 left=  8  y=    86 vy= -305152 ay=  -30720
     t=240 pred=  7 left=  7  y=    81 vy= -335872 ay=  -30720
     t=241 pred=  6 left=  6  y=    76 vy= -366592 ay=  -30720
     t=242 pred=  5 left=  5  y=    70 vy= -397312 ay=  -30720
     t=243 pred=  4 left=  4  y=    63 vy= -428032 ay=  -30720
     t=244 pred=  3 left=  3  y=    56 vy= -458752 ay=  -30720
     t=245 pred=  2 left=  2  y=    49 vy= -489472 ay=  -30720
     t=246 pred=  1 left=  1  y=    41 vy= -520192 ay=  -30720
---- landing prediction ----
P1  landings=77  no_prediction_ticks=0
   err all : -45:7 -38:1 -36:1 -34:1 -32:1 -30:1 -29:9 -28:1 -26:1 -24:1 -22:77 -21:5 -20:6 -19:5 -18:6 -17:5 -16:6 -15:5 -14:6 -13:5 -12:6 -11:296 -10:27 -9:27 -8:27 -7:27 -6:27 -5:27 -4:27 -3:27 -2:27 -1:27 +0:1117 +5:180 +11:63 +16:207
   err NEAR (pred<=20, the window the tool uses): -45:7 -38:1 -36:1 -34:1 -32:1 -30:1 -28:1 -26:1 -24:1 -22:11 -21:2 -20:3 -19:2 -18:3 -17:2 -16:3 -15:2 -14:3 -13:2 -12:3 -11:259 -10:27 -9:27 -8:27 -7:27 -6:27 -5:27 -4:27 -3:27 -2:27 -1:27 +0:819
   err far  (pred>20, never acted on): -29:9 -22:66 -21:3 -20:3 -19:3 -18:3 -17:3 -16:3 -15:3 -14:3 -13:3 -12:3 -11:37 +0:298 +5:180 +11:63 +16:207
   last descent, landed on tick 237:
     t=217 pred= 36 left= 20  y=    40 vy=  245760 ay=  -13312
     t=218 pred= 35 left= 19  y=    43 vy=  232448 ay=  -13312
     t=219 pred= 34 left= 18  y=    46 vy=  219136 ay=  -13312
     t=220 pred= 33 left= 17  y=    50 vy=  205824 ay=  -13312
     t=221 pred= 32 left= 16  y=    52 vy=  192512 ay=  -13312
     t=222 pred= 31 left= 15  y=    55 vy=  179200 ay=  -13312
     t=223 pred= 30 left= 14  y=    58 vy=  165888 ay=  -13312
     t=224 pred= 29 left= 13  y=    60 vy=  152576 ay=  -13312
     t=225 pred= 28 left= 12  y=    62 vy=  139264 ay=  -13312
     t=226 pred= 11 left= 11  y=    64 vy=       0 ay=  -26624
     t=227 pred= 10 left= 10  y=    64 vy=  -26624 ay=  -26624
     t=228 pred=  9 left=  9  y=    63 vy=  -53248 ay=  -26624
     t=229 pred=  8 left=  8  y=    62 vy=  -79872 ay=  -26624
     t=230 pred=  7 left=  7  y=    60 vy= -106496 ay=  -26624
     t=231 pred=  6 left=  6  y=    58 vy= -133120 ay=  -26624
     t=232 pred=  5 left=  5  y=    56 vy= -159744 ay=  -26624
     t=233 pred=  4 left=  4  y=    53 vy= -186368 ay=  -26624
     t=234 pred=  3 left=  3  y=    49 vy= -212992 ay=  -26624
     t=235 pred=  2 left=  2  y=    46 vy= -239616 ay=  -26624
     t=236 pred=  1 left=  1  y=    42 vy= -266240 ay=  -26624
P2  landings=4  no_prediction_ticks=25
   err all : +0:112
   err NEAR (pred<=20, the window the tool uses): +0:71
   err far  (pred>20, never acted on): +0:41
   last descent, landed on tick 247:
     t=213 pred= 34 left= 34  y=    55 vy=  493568 ay=  -30720
     t=214 pred= 33 left= 33  y=    62 vy=  462848 ay=  -30720
     t=215 pred= 32 left= 32  y=    69 vy=  432128 ay=  -30720
     t=216 pred= 31 left= 31  y=    75 vy=  401408 ay=  -30720
     t=217 pred= 30 left= 30  y=    80 vy=  370688 ay=  -30720
     t=218 pred= 29 left= 29  y=    86 vy=  339968 ay=  -30720
     t=219 pred= 28 left= 28  y=    90 vy=  309248 ay=  -30720
     t=220 pred= 27 left= 27  y=    95 vy=  278528 ay=  -30720
     t=221 pred= 26 left= 26  y=    98 vy=  247808 ay=  -30720
     t=222 pred= 25 left= 25  y=   102 vy=  217088 ay=  -30720
     t=223 pred= 24 left= 24  y=   105 vy=  186368 ay=  -30720
     t=224 pred= 23 left= 23  y=   107 vy=  155648 ay=  -30720
     t=225 pred= 22 left= 22  y=   109 vy=  124928 ay=  -30720
     t=226 pred= 21 left= 21  y=   110 vy=   94208 ay=  -30720
     t=227 pred= 20 left= 20  y=   111 vy=   63488 ay=  -30720
     t=228 pred= 19 left= 19  y=   112 vy=   32768 ay=  -30720
     t=229 pred= 18 left= 18  y=   112 vy=    2048 ay=  -30720
     t=230 pred= 17 left= 17  y=   111 vy=  -28672 ay=  -30720
     t=231 pred= 16 left= 16  y=   110 vy=  -59392 ay=  -30720
     t=232 pred= 15 left= 15  y=   109 vy=  -90112 ay=  -30720
     t=233 pred= 14 left= 14  y=   107 vy= -120832 ay=  -30720
     t=234 pred= 13 left= 13  y=   105 vy= -151552 ay=  -30720
     t=235 pred= 12 left= 12  y=   102 vy= -182272 ay=  -30720
     t=236 pred= 11 left= 11  y=    99 vy= -212992 ay=  -30720
     t=237 pred= 10 left= 10  y=    95 vy= -243712 ay=  -30720
     t=238 pred=  9 left=  9  y=    91 vy= -274432 ay=  -30720
     t=239 pred=  8 left=  8  y=    86 vy= -305152 ay=  -30720
     t=240 pred=  7 left=  7  y=    81 vy= -335872 ay=  -30720
     t=241 pred=  6 left=  6  y=    76 vy= -366592 ay=  -30720
     t=242 pred=  5 left=  5  y=    70 vy= -397312 ay=  -30720
     t=243 pred=  4 left=  4  y=    63 vy= -428032 ay=  -30720
     t=244 pred=  3 left=  3  y=    56 vy= -458752 ay=  -30720
     t=245 pred=  2 left=  2  y=    49 vy= -489472 ay=  -30720
     t=246 pred=  1 left=  1  y=    41 vy= -520192 ay=  -30720
---- landing prediction ----
P1  landings=78  no_prediction_ticks=0
   err all : -45:7 -38:1 -36:1 -34:1 -32:1 -30:1 -29:9 -28:1 -26:1 -24:1 -22:77 -21:5 -20:6 -19:5 -18:6 -17:5 -16:6 -15:5 -14:6 -13:5 -12:6 -11:296 -10:27 -9:27 -8:27 -7:27 -6:27 -5:27 -4:27 -3:27 -2:27 -1:27 +0:1156 +5:180 +11:63 +16:207
   err NEAR (pred<=20, the window the tool uses): -45:7 -38:1 -36:1 -34:1 -32:1 -30:1 -28:1 -26:1 -24:1 -22:11 -21:2 -20:3 -19:2 -18:3 -17:2 -16:3 -15:2 -14:3 -13:2 -12:3 -11:259 -10:27 -9:27 -8:27 -7:27 -6:27 -5:27 -4:27 -3:27 -2:27 -1:27 +0:839
   err far  (pred>20, never acted on): -29:9 -22:66 -21:3 -20:3 -19:3 -18:3 -17:3 -16:3 -15:3 -14:3 -13:3 -12:3 -11:37 +0:317 +5:180 +11:63 +16:207
   last descent, landed on tick 29:
     t=246 pred= 39 left= 39  y=    40 vy=  630784 ay=  -32000
     t=247 pred= 38 left= 38  y=    49 vy=  598784 ay=  -32000
     t=248 pred= 37 left= 37  y=    57 vy=  566784 ay=  -32000
     t=249 pred= 36 left= 36  y=    65 vy=  534784 ay=  -32000
     t=250 pred= 35 left= 35  y=    73 vy=  502784 ay=  -32000
     t=251 pred= 34 left= 34  y=    80 vy=  470784 ay=  -32000
     t=252 pred= 33 left= 33  y=    87 vy=  438784 ay=  -32000
     t=253 pred= 32 left= 32  y=    93 vy=  406784 ay=  -32000
     t=254 pred= 31 left= 31  y=    99 vy=  374784 ay=  -32000
     t=255 pred= 30 left= 30  y=   104 vy=  342784 ay=  -32000
     t=  0 pred= 29 left= 29  y=   109 vy=  310784 ay=  -32000
     t=  1 pred= 28 left= 28  y=   113 vy=  278784 ay=  -32000
     t=  2 pred= 27 left= 27  y=   117 vy=  246784 ay=  -32000
     t=  3 pred= 26 left= 26  y=   120 vy=  214784 ay=  -32000
     t=  4 pred= 25 left= 25  y=   123 vy=  182784 ay=  -32000
     t=  5 pred= 24 left= 24  y=   125 vy=  150784 ay=  -32000
     t=  6 pred= 23 left= 23  y=   127 vy=  118784 ay=  -32000
     t=  7 pred= 22 left= 22  y=   128 vy=   86784 ay=  -32000
     t=  8 pred= 21 left= 21  y=   129 vy=   54784 ay=  -32000
     t=  9 pred= 20 left= 20  y=   130 vy=   22784 ay=  -32000
     t= 10 pred= 19 left= 19  y=   129 vy=   -9216 ay=  -32000
     t= 11 pred= 18 left= 18  y=   129 vy=  -41216 ay=  -32000
     t= 12 pred= 17 left= 17  y=   128 vy=  -73216 ay=  -32000
     t= 13 pred= 16 left= 16  y=   126 vy= -105216 ay=  -32000
     t= 14 pred= 15 left= 15  y=   124 vy= -137216 ay=  -32000
     t= 15 pred= 14 left= 14  y=   121 vy= -169216 ay=  -32000
     t= 16 pred= 13 left= 13  y=   118 vy= -201216 ay=  -32000
     t= 17 pred= 12 left= 12  y=   115 vy= -233216 ay=  -32000
     t= 18 pred= 11 left= 11  y=   111 vy= -265216 ay=  -32000
     t= 19 pred= 10 left= 10  y=   106 vy= -297216 ay=  -32000
     t= 20 pred=  9 left=  9  y=   101 vy= -329216 ay=  -32000
     t= 21 pred=  8 left=  8  y=    96 vy= -361216 ay=  -32000
     t= 22 pred=  7 left=  7  y=    90 vy= -393216 ay=  -32000
     t= 23 pred=  6 left=  6  y=    83 vy= -425216 ay=  -32000
     t= 24 pred=  5 left=  5  y=    76 vy= -457216 ay=  -32000
     t= 25 pred=  4 left=  4  y=    69 vy= -489216 ay=  -32000
     t= 26 pred=  3 left=  3  y=    61 vy= -521216 ay=  -32000
     t= 27 pred=  2 left=  2  y=    52 vy= -553216 ay=  -32000
     t= 28 pred=  1 left=  1  y=    43 vy= -585216 ay=  -32000
P2  landings=4  no_prediction_ticks=25
   err all : +0:112
   err NEAR (pred<=20, the window the tool uses): +0:71
   err far  (pred>20, never acted on): +0:41
   last descent, landed on tick 247:
     t=213 pred= 34 left= 34  y=    55 vy=  493568 ay=  -30720
     t=214 pred= 33 left= 33  y=    62 vy=  462848 ay=  -30720
     t=215 pred= 32 left= 32  y=    69 vy=  432128 ay=  -30720
     t=216 pred= 31 left= 31  y=    75 vy=  401408 ay=  -30720
     t=217 pred= 30 left= 30  y=    80 vy=  370688 ay=  -30720
     t=218 pred= 29 left= 29  y=    86 vy=  339968 ay=  -30720
     t=219 pred= 28 left= 28  y=    90 vy=  309248 ay=  -30720
     t=220 pred= 27 left= 27  y=    95 vy=  278528 ay=  -30720
     t=221 pred= 26 left= 26  y=    98 vy=  247808 ay=  -30720
     t=222 pred= 25 left= 25  y=   102 vy=  217088 ay=  -30720
     t=223 pred= 24 left= 24  y=   105 vy=  186368 ay=  -30720
     t=224 pred= 23 left= 23  y=   107 vy=  155648 ay=  -30720
     t=225 pred= 22 left= 22  y=   109 vy=  124928 ay=  -30720
     t=226 pred= 21 left= 21  y=   110 vy=   94208 ay=  -30720
     t=227 pred= 20 left= 20  y=   111 vy=   63488 ay=  -30720
     t=228 pred= 19 left= 19  y=   112 vy=   32768 ay=  -30720
     t=229 pred= 18 left= 18  y=   112 vy=    2048 ay=  -30720
     t=230 pred= 17 left= 17  y=   111 vy=  -28672 ay=  -30720
     t=231 pred= 16 left= 16  y=   110 vy=  -59392 ay=  -30720
     t=232 pred= 15 left= 15  y=   109 vy=  -90112 ay=  -30720
     t=233 pred= 14 left= 14  y=   107 vy= -120832 ay=  -30720
     t=234 pred= 13 left= 13  y=   105 vy= -151552 ay=  -30720
     t=235 pred= 12 left= 12  y=   102 vy= -182272 ay=  -30720
     t=236 pred= 11 left= 11  y=    99 vy= -212992 ay=  -30720
     t=237 pred= 10 left= 10  y=    95 vy= -243712 ay=  -30720
     t=238 pred=  9 left=  9  y=    91 vy= -274432 ay=  -30720
     t=239 pred=  8 left=  8  y=    86 vy= -305152 ay=  -30720
     t=240 pred=  7 left=  7  y=    81 vy= -335872 ay=  -30720
     t=241 pred=  6 left=  6  y=    76 vy= -366592 ay=  -30720
     t=242 pred=  5 left=  5  y=    70 vy= -397312 ay=  -30720
     t=243 pred=  4 left=  4  y=    63 vy= -428032 ay=  -30720
     t=244 pred=  3 left=  3  y=    56 vy= -458752 ay=  -30720
     t=245 pred=  2 left=  2  y=    49 vy= -489472 ay=  -30720
     t=246 pred=  1 left=  1  y=    41 vy= -520192 ay=  -30720
---- landing prediction ----
P1  landings=79  no_prediction_ticks=0
   err all : -45:7 -38:1 -36:1 -34:1 -32:1 -30:1 -29:9 -28:1 -26:1 -24:1 -22:77 -21:5 -20:6 -19:5 -18:6 -17:5 -16:6 -15:5 -14:6 -13:5 -12:6 -11:296 -10:27 -9:27 -8:27 -7:27 -6:27 -5:27 -4:27 -3:27 -2:27 -1:27 +0:1167 +5:180 +11:63 +16:216
   err NEAR (pred<=20, the window the tool uses): -45:7 -38:1 -36:1 -34:1 -32:1 -30:1 -28:1 -26:1 -24:1 -22:11 -21:2 -20:3 -19:2 -18:3 -17:2 -16:3 -15:2 -14:3 -13:2 -12:3 -11:259 -10:27 -9:27 -8:27 -7:27 -6:27 -5:27 -4:27 -3:27 -2:27 -1:27 +0:850
   err far  (pred>20, never acted on): -29:9 -22:66 -21:3 -20:3 -19:3 -18:3 -17:3 -16:3 -15:3 -14:3 -13:3 -12:3 -11:37 +0:317 +5:180 +11:63 +16:216
   last descent, landed on tick 54:
     t= 34 pred= 36 left= 20  y=    40 vy=  245760 ay=  -13312
     t= 35 pred= 35 left= 19  y=    43 vy=  232448 ay=  -13312
     t= 36 pred= 34 left= 18  y=    46 vy=  219136 ay=  -13312
     t= 37 pred= 33 left= 17  y=    50 vy=  205824 ay=  -13312
     t= 38 pred= 32 left= 16  y=    52 vy=  192512 ay=  -13312
     t= 39 pred= 31 left= 15  y=    55 vy=  179200 ay=  -13312
     t= 40 pred= 30 left= 14  y=    58 vy=  165888 ay=  -13312
     t= 41 pred= 29 left= 13  y=    60 vy=  152576 ay=  -13312
     t= 42 pred= 28 left= 12  y=    62 vy=  139264 ay=  -13312
     t= 43 pred= 11 left= 11  y=    64 vy=       0 ay=  -26624
     t= 44 pred= 10 left= 10  y=    64 vy=  -26624 ay=  -26624
     t= 45 pred=  9 left=  9  y=    63 vy=  -53248 ay=  -26624
     t= 46 pred=  8 left=  8  y=    62 vy=  -79872 ay=  -26624
     t= 47 pred=  7 left=  7  y=    60 vy= -106496 ay=  -26624
     t= 48 pred=  6 left=  6  y=    58 vy= -133120 ay=  -26624
     t= 49 pred=  5 left=  5  y=    56 vy= -159744 ay=  -26624
     t= 50 pred=  4 left=  4  y=    53 vy= -186368 ay=  -26624
     t= 51 pred=  3 left=  3  y=    49 vy= -212992 ay=  -26624
     t= 52 pred=  2 left=  2  y=    46 vy= -239616 ay=  -26624
     t= 53 pred=  1 left=  1  y=    42 vy= -266240 ay=  -26624
P2  landings=4  no_prediction_ticks=25
   err all : +0:112
   err NEAR (pred<=20, the window the tool uses): +0:71
   err far  (pred>20, never acted on): +0:41
   last descent, landed on tick 247:
     t=213 pred= 34 left= 34  y=    55 vy=  493568 ay=  -30720
     t=214 pred= 33 left= 33  y=    62 vy=  462848 ay=  -30720
     t=215 pred= 32 left= 32  y=    69 vy=  432128 ay=  -30720
     t=216 pred= 31 left= 31  y=    75 vy=  401408 ay=  -30720
     t=217 pred= 30 left= 30  y=    80 vy=  370688 ay=  -30720
     t=218 pred= 29 left= 29  y=    86 vy=  339968 ay=  -30720
     t=219 pred= 28 left= 28  y=    90 vy=  309248 ay=  -30720
     t=220 pred= 27 left= 27  y=    95 vy=  278528 ay=  -30720
     t=221 pred= 26 left= 26  y=    98 vy=  247808 ay=  -30720
     t=222 pred= 25 left= 25  y=   102 vy=  217088 ay=  -30720
     t=223 pred= 24 left= 24  y=   105 vy=  186368 ay=  -30720
     t=224 pred= 23 left= 23  y=   107 vy=  155648 ay=  -30720
     t=225 pred= 22 left= 22  y=   109 vy=  124928 ay=  -30720
     t=226 pred= 21 left= 21  y=   110 vy=   94208 ay=  -30720
     t=227 pred= 20 left= 20  y=   111 vy=   63488 ay=  -30720
     t=228 pred= 19 left= 19  y=   112 vy=   32768 ay=  -30720
     t=229 pred= 18 left= 18  y=   112 vy=    2048 ay=  -30720
     t=230 pred= 17 left= 17  y=   111 vy=  -28672 ay=  -30720
     t=231 pred= 16 left= 16  y=   110 vy=  -59392 ay=  -30720
     t=232 pred= 15 left= 15  y=   109 vy=  -90112 ay=  -30720
     t=233 pred= 14 left= 14  y=   107 vy= -120832 ay=  -30720
     t=234 pred= 13 left= 13  y=   105 vy= -151552 ay=  -30720
     t=235 pred= 12 left= 12  y=   102 vy= -182272 ay=  -30720
     t=236 pred= 11 left= 11  y=    99 vy= -212992 ay=  -30720
     t=237 pred= 10 left= 10  y=    95 vy= -243712 ay=  -30720
     t=238 pred=  9 left=  9  y=    91 vy= -274432 ay=  -30720
     t=239 pred=  8 left=  8  y=    86 vy= -305152 ay=  -30720
     t=240 pred=  7 left=  7  y=    81 vy= -335872 ay=  -30720
     t=241 pred=  6 left=  6  y=    76 vy= -366592 ay=  -30720
     t=242 pred=  5 left=  5  y=    70 vy= -397312 ay=  -30720
     t=243 pred=  4 left=  4  y=    63 vy= -428032 ay=  -30720
     t=244 pred=  3 left=  3  y=    56 vy= -458752 ay=  -30720
     t=245 pred=  2 left=  2  y=    49 vy= -489472 ay=  -30720
     t=246 pred=  1 left=  1  y=    41 vy= -520192 ay=  -30720
---- landing prediction ----
P1  landings=80  no_prediction_ticks=0
   err all : -45:7 -38:1 -36:1 -34:1 -32:1 -30:1 -29:9 -28:1 -26:1 -24:1 -22:77 -21:5 -20:6 -19:5 -18:6 -17:5 -16:6 -15:5 -14:6 -13:5 -12:6 -11:296 -10:27 -9:27 -8:27 -7:27 -6:27 -5:27 -4:27 -3:27 -2:27 -1:27 +0:1206 +5:180 +11:63 +16:216
   err NEAR (pred<=20, the window the tool uses): -45:7 -38:1 -36:1 -34:1 -32:1 -30:1 -28:1 -26:1 -24:1 -22:11 -21:2 -20:3 -19:2 -18:3 -17:2 -16:3 -15:2 -14:3 -13:2 -12:3 -11:259 -10:27 -9:27 -8:27 -7:27 -6:27 -5:27 -4:27 -3:27 -2:27 -1:27 +0:870
   err far  (pred>20, never acted on): -29:9 -22:66 -21:3 -20:3 -19:3 -18:3 -17:3 -16:3 -15:3 -14:3 -13:3 -12:3 -11:37 +0:336 +5:180 +11:63 +16:216
   last descent, landed on tick 108:
     t= 69 pred= 39 left= 39  y=    40 vy=  630784 ay=  -32000
     t= 70 pred= 38 left= 38  y=    49 vy=  598784 ay=  -32000
     t= 71 pred= 37 left= 37  y=    57 vy=  566784 ay=  -32000
     t= 72 pred= 36 left= 36  y=    65 vy=  534784 ay=  -32000
     t= 73 pred= 35 left= 35  y=    73 vy=  502784 ay=  -32000
     t= 74 pred= 34 left= 34  y=    80 vy=  470784 ay=  -32000
     t= 75 pred= 33 left= 33  y=    87 vy=  438784 ay=  -32000
     t= 76 pred= 32 left= 32  y=    93 vy=  406784 ay=  -32000
     t= 77 pred= 31 left= 31  y=    99 vy=  374784 ay=  -32000
     t= 78 pred= 30 left= 30  y=   104 vy=  342784 ay=  -32000
     t= 79 pred= 29 left= 29  y=   109 vy=  310784 ay=  -32000
     t= 80 pred= 28 left= 28  y=   113 vy=  278784 ay=  -32000
     t= 81 pred= 27 left= 27  y=   117 vy=  246784 ay=  -32000
     t= 82 pred= 26 left= 26  y=   120 vy=  214784 ay=  -32000
     t= 83 pred= 25 left= 25  y=   123 vy=  182784 ay=  -32000
     t= 84 pred= 24 left= 24  y=   125 vy=  150784 ay=  -32000
     t= 85 pred= 23 left= 23  y=   127 vy=  118784 ay=  -32000
     t= 86 pred= 22 left= 22  y=   128 vy=   86784 ay=  -32000
     t= 87 pred= 21 left= 21  y=   129 vy=   54784 ay=  -32000
     t= 88 pred= 20 left= 20  y=   130 vy=   22784 ay=  -32000
     t= 89 pred= 19 left= 19  y=   129 vy=   -9216 ay=  -32000
     t= 90 pred= 18 left= 18  y=   129 vy=  -41216 ay=  -32000
     t= 91 pred= 17 left= 17  y=   128 vy=  -73216 ay=  -32000
     t= 92 pred= 16 left= 16  y=   126 vy= -105216 ay=  -32000
     t= 93 pred= 15 left= 15  y=   124 vy= -137216 ay=  -32000
     t= 94 pred= 14 left= 14  y=   121 vy= -169216 ay=  -32000
     t= 95 pred= 13 left= 13  y=   118 vy= -201216 ay=  -32000
     t= 96 pred= 12 left= 12  y=   115 vy= -233216 ay=  -32000
     t= 97 pred= 11 left= 11  y=   111 vy= -265216 ay=  -32000
     t= 98 pred= 10 left= 10  y=   106 vy= -297216 ay=  -32000
     t= 99 pred=  9 left=  9  y=   101 vy= -329216 ay=  -32000
     t=100 pred=  8 left=  8  y=    96 vy= -361216 ay=  -32000
     t=101 pred=  7 left=  7  y=    90 vy= -393216 ay=  -32000
     t=102 pred=  6 left=  6  y=    83 vy= -425216 ay=  -32000
     t=103 pred=  5 left=  5  y=    76 vy= -457216 ay=  -32000
     t=104 pred=  4 left=  4  y=    69 vy= -489216 ay=  -32000
     t=105 pred=  3 left=  3  y=    61 vy= -521216 ay=  -32000
     t=106 pred=  2 left=  2  y=    52 vy= -553216 ay=  -32000
     t=107 pred=  1 left=  1  y=    43 vy= -585216 ay=  -32000
P2  landings=4  no_prediction_ticks=25
   err all : +0:112
   err NEAR (pred<=20, the window the tool uses): +0:71
   err far  (pred>20, never acted on): +0:41
   last descent, landed on tick 247:
     t=213 pred= 34 left= 34  y=    55 vy=  493568 ay=  -30720
     t=214 pred= 33 left= 33  y=    62 vy=  462848 ay=  -30720
     t=215 pred= 32 left= 32  y=    69 vy=  432128 ay=  -30720
     t=216 pred= 31 left= 31  y=    75 vy=  401408 ay=  -30720
     t=217 pred= 30 left= 30  y=    80 vy=  370688 ay=  -30720
     t=218 pred= 29 left= 29  y=    86 vy=  339968 ay=  -30720
     t=219 pred= 28 left= 28  y=    90 vy=  309248 ay=  -30720
     t=220 pred= 27 left= 27  y=    95 vy=  278528 ay=  -30720
     t=221 pred= 26 left= 26  y=    98 vy=  247808 ay=  -30720
     t=222 pred= 25 left= 25  y=   102 vy=  217088 ay=  -30720
     t=223 pred= 24 left= 24  y=   105 vy=  186368 ay=  -30720
     t=224 pred= 23 left= 23  y=   107 vy=  155648 ay=  -30720
     t=225 pred= 22 left= 22  y=   109 vy=  124928 ay=  -30720
     t=226 pred= 21 left= 21  y=   110 vy=   94208 ay=  -30720
     t=227 pred= 20 left= 20  y=   111 vy=   63488 ay=  -30720
     t=228 pred= 19 left= 19  y=   112 vy=   32768 ay=  -30720
     t=229 pred= 18 left= 18  y=   112 vy=    2048 ay=  -30720
     t=230 pred= 17 left= 17  y=   111 vy=  -28672 ay=  -30720
     t=231 pred= 16 left= 16  y=   110 vy=  -59392 ay=  -30720
     t=232 pred= 15 left= 15  y=   109 vy=  -90112 ay=  -30720
     t=233 pred= 14 left= 14  y=   107 vy= -120832 ay=  -30720
     t=234 pred= 13 left= 13  y=   105 vy= -151552 ay=  -30720
     t=235 pred= 12 left= 12  y=   102 vy= -182272 ay=  -30720
     t=236 pred= 11 left= 11  y=    99 vy= -212992 ay=  -30720
     t=237 pred= 10 left= 10  y=    95 vy= -243712 ay=  -30720
     t=238 pred=  9 left=  9  y=    91 vy= -274432 ay=  -30720
     t=239 pred=  8 left=  8  y=    86 vy= -305152 ay=  -30720
     t=240 pred=  7 left=  7  y=    81 vy= -335872 ay=  -30720
     t=241 pred=  6 left=  6  y=    76 vy= -366592 ay=  -30720
     t=242 pred=  5 left=  5  y=    70 vy= -397312 ay=  -30720
     t=243 pred=  4 left=  4  y=    63 vy= -428032 ay=  -30720
     t=244 pred=  3 left=  3  y=    56 vy= -458752 ay=  -30720
     t=245 pred=  2 left=  2  y=    49 vy= -489472 ay=  -30720
     t=246 pred=  1 left=  1  y=    41 vy= -520192 ay=  -30720
---- landing prediction ----
P1  landings=81  no_prediction_ticks=0
   err all : -45:7 -38:1 -36:1 -34:1 -32:1 -30:1 -29:9 -28:1 -26:1 -24:1 -22:77 -21:5 -20:6 -19:5 -18:6 -17:5 -16:6 -15:5 -14:6 -13:5 -12:6 -11:296 -10:27 -9:27 -8:27 -7:27 -6:27 -5:27 -4:27 -3:27 -2:27 -1:27 +0:1217 +5:180 +11:63 +16:225
   err NEAR (pred<=20, the window the tool uses): -45:7 -38:1 -36:1 -34:1 -32:1 -30:1 -28:1 -26:1 -24:1 -22:11 -21:2 -20:3 -19:2 -18:3 -17:2 -16:3 -15:2 -14:3 -13:2 -12:3 -11:259 -10:27 -9:27 -8:27 -7:27 -6:27 -5:27 -4:27 -3:27 -2:27 -1:27 +0:881
   err far  (pred>20, never acted on): -29:9 -22:66 -21:3 -20:3 -19:3 -18:3 -17:3 -16:3 -15:3 -14:3 -13:3 -12:3 -11:37 +0:336 +5:180 +11:63 +16:225
   last descent, landed on tick 142:
     t=122 pred= 36 left= 20  y=    40 vy=  245760 ay=  -13312
     t=123 pred= 35 left= 19  y=    43 vy=  232448 ay=  -13312
     t=124 pred= 34 left= 18  y=    46 vy=  219136 ay=  -13312
     t=125 pred= 33 left= 17  y=    50 vy=  205824 ay=  -13312
     t=126 pred= 32 left= 16  y=    52 vy=  192512 ay=  -13312
     t=127 pred= 31 left= 15  y=    55 vy=  179200 ay=  -13312
     t=128 pred= 30 left= 14  y=    58 vy=  165888 ay=  -13312
     t=129 pred= 29 left= 13  y=    60 vy=  152576 ay=  -13312
     t=130 pred= 28 left= 12  y=    62 vy=  139264 ay=  -13312
     t=131 pred= 11 left= 11  y=    64 vy=       0 ay=  -26624
     t=132 pred= 10 left= 10  y=    64 vy=  -26624 ay=  -26624
     t=133 pred=  9 left=  9  y=    63 vy=  -53248 ay=  -26624
     t=134 pred=  8 left=  8  y=    62 vy=  -79872 ay=  -26624
     t=135 pred=  7 left=  7  y=    60 vy= -106496 ay=  -26624
     t=136 pred=  6 left=  6  y=    58 vy= -133120 ay=  -26624
     t=137 pred=  5 left=  5  y=    56 vy= -159744 ay=  -26624
     t=138 pred=  4 left=  4  y=    53 vy= -186368 ay=  -26624
     t=139 pred=  3 left=  3  y=    49 vy= -212992 ay=  -26624
     t=140 pred=  2 left=  2  y=    46 vy= -239616 ay=  -26624
     t=141 pred=  1 left=  1  y=    42 vy= -266240 ay=  -26624
P2  landings=4  no_prediction_ticks=25
   err all : +0:112
   err NEAR (pred<=20, the window the tool uses): +0:71
   err far  (pred>20, never acted on): +0:41
   last descent, landed on tick 247:
     t=213 pred= 34 left= 34  y=    55 vy=  493568 ay=  -30720
     t=214 pred= 33 left= 33  y=    62 vy=  462848 ay=  -30720
     t=215 pred= 32 left= 32  y=    69 vy=  432128 ay=  -30720
     t=216 pred= 31 left= 31  y=    75 vy=  401408 ay=  -30720
     t=217 pred= 30 left= 30  y=    80 vy=  370688 ay=  -30720
     t=218 pred= 29 left= 29  y=    86 vy=  339968 ay=  -30720
     t=219 pred= 28 left= 28  y=    90 vy=  309248 ay=  -30720
     t=220 pred= 27 left= 27  y=    95 vy=  278528 ay=  -30720
     t=221 pred= 26 left= 26  y=    98 vy=  247808 ay=  -30720
     t=222 pred= 25 left= 25  y=   102 vy=  217088 ay=  -30720
     t=223 pred= 24 left= 24  y=   105 vy=  186368 ay=  -30720
     t=224 pred= 23 left= 23  y=   107 vy=  155648 ay=  -30720
     t=225 pred= 22 left= 22  y=   109 vy=  124928 ay=  -30720
     t=226 pred= 21 left= 21  y=   110 vy=   94208 ay=  -30720
     t=227 pred= 20 left= 20  y=   111 vy=   63488 ay=  -30720
     t=228 pred= 19 left= 19  y=   112 vy=   32768 ay=  -30720
     t=229 pred= 18 left= 18  y=   112 vy=    2048 ay=  -30720
     t=230 pred= 17 left= 17  y=   111 vy=  -28672 ay=  -30720
     t=231 pred= 16 left= 16  y=   110 vy=  -59392 ay=  -30720
     t=232 pred= 15 left= 15  y=   109 vy=  -90112 ay=  -30720
     t=233 pred= 14 left= 14  y=   107 vy= -120832 ay=  -30720
     t=234 pred= 13 left= 13  y=   105 vy= -151552 ay=  -30720
     t=235 pred= 12 left= 12  y=   102 vy= -182272 ay=  -30720
     t=236 pred= 11 left= 11  y=    99 vy= -212992 ay=  -30720
     t=237 pred= 10 left= 10  y=    95 vy= -243712 ay=  -30720
     t=238 pred=  9 left=  9  y=    91 vy= -274432 ay=  -30720
     t=239 pred=  8 left=  8  y=    86 vy= -305152 ay=  -30720
     t=240 pred=  7 left=  7  y=    81 vy= -335872 ay=  -30720
     t=241 pred=  6 left=  6  y=    76 vy= -366592 ay=  -30720
     t=242 pred=  5 left=  5  y=    70 vy= -397312 ay=  -30720
     t=243 pred=  4 left=  4  y=    63 vy= -428032 ay=  -30720
     t=244 pred=  3 left=  3  y=    56 vy= -458752 ay=  -30720
     t=245 pred=  2 left=  2  y=    49 vy= -489472 ay=  -30720
     t=246 pred=  1 left=  1  y=    41 vy= -520192 ay=  -30720
---- landing prediction ----
P1  landings=82  no_prediction_ticks=0
   err all : -45:7 -38:1 -36:1 -34:1 -32:1 -30:1 -29:9 -28:1 -26:1 -24:1 -22:77 -21:5 -20:6 -19:5 -18:6 -17:5 -16:6 -15:5 -14:6 -13:5 -12:6 -11:296 -10:27 -9:27 -8:27 -7:27 -6:27 -5:27 -4:27 -3:27 -2:27 -1:27 +0:1226 +5:180 +11:72 +16:225
   err NEAR (pred<=20, the window the tool uses): -45:7 -38:1 -36:1 -34:1 -32:1 -30:1 -28:1 -26:1 -24:1 -22:11 -21:2 -20:3 -19:2 -18:3 -17:2 -16:3 -15:2 -14:3 -13:2 -12:3 -11:259 -10:27 -9:27 -8:27 -7:27 -6:27 -5:27 -4:27 -3:27 -2:27 -1:27 +0:890
   err far  (pred>20, never acted on): -29:9 -22:66 -21:3 -20:3 -19:3 -18:3 -17:3 -16:3 -15:3 -14:3 -13:3 -12:3 -11:37 +0:336 +5:180 +11:72 +16:225
   last descent, landed on tick 215:
     t=197 pred= 29 left= 18  y=    40 vy=  786432 ay=  -53248
     t=198 pred= 28 left= 17  y=    51 vy=  733184 ay=  -53248
     t=199 pred= 27 left= 16  y=    61 vy=  679936 ay=  -53248
     t=200 pred= 26 left= 15  y=    71 vy=  626688 ay=  -53248
     t=201 pred= 25 left= 14  y=    79 vy=  573440 ay=  -53248
     t=202 pred= 24 left= 13  y=    87 vy=  520192 ay=  -53248
     t=203 pred= 23 left= 12  y=    94 vy=  466944 ay=  -53248
     t=204 pred= 22 left= 11  y=   101 vy=  413696 ay=  -53248
     t=205 pred= 21 left= 10  y=   106 vy=  360448 ay=  -53248
     t=206 pred=  9 left=  9  y=   111 vy=       0 ay= -106496
     t=207 pred=  8 left=  8  y=   109 vy= -106496 ay= -106496
     t=208 pred=  7 left=  7  y=   106 vy= -212992 ay= -106496
     t=209 pred=  6 left=  6  y=   101 vy= -319488 ay= -106496
     t=210 pred=  5 left=  5  y=    95 vy= -425984 ay= -106496
     t=211 pred=  4 left=  4  y=    87 vy= -532480 ay= -106496
     t=212 pred=  3 left=  3  y=    77 vy= -638976 ay= -106496
     t=213 pred=  2 left=  2  y=    65 vy= -745472 ay= -106496
     t=214 pred=  1 left=  1  y=    52 vy= -851968 ay= -106496
P2  landings=4  no_prediction_ticks=25
   err all : +0:112
   err NEAR (pred<=20, the window the tool uses): +0:71
   err far  (pred>20, never acted on): +0:41
   last descent, landed on tick 247:
     t=213 pred= 34 left= 34  y=    55 vy=  493568 ay=  -30720
     t=214 pred= 33 left= 33  y=    62 vy=  462848 ay=  -30720
     t=215 pred= 32 left= 32  y=    69 vy=  432128 ay=  -30720
     t=216 pred= 31 left= 31  y=    75 vy=  401408 ay=  -30720
     t=217 pred= 30 left= 30  y=    80 vy=  370688 ay=  -30720
     t=218 pred= 29 left= 29  y=    86 vy=  339968 ay=  -30720
     t=219 pred= 28 left= 28  y=    90 vy=  309248 ay=  -30720
     t=220 pred= 27 left= 27  y=    95 vy=  278528 ay=  -30720
     t=221 pred= 26 left= 26  y=    98 vy=  247808 ay=  -30720
     t=222 pred= 25 left= 25  y=   102 vy=  217088 ay=  -30720
     t=223 pred= 24 left= 24  y=   105 vy=  186368 ay=  -30720
     t=224 pred= 23 left= 23  y=   107 vy=  155648 ay=  -30720
     t=225 pred= 22 left= 22  y=   109 vy=  124928 ay=  -30720
     t=226 pred= 21 left= 21  y=   110 vy=   94208 ay=  -30720
     t=227 pred= 20 left= 20  y=   111 vy=   63488 ay=  -30720
     t=228 pred= 19 left= 19  y=   112 vy=   32768 ay=  -30720
     t=229 pred= 18 left= 18  y=   112 vy=    2048 ay=  -30720
     t=230 pred= 17 left= 17  y=   111 vy=  -28672 ay=  -30720
     t=231 pred= 16 left= 16  y=   110 vy=  -59392 ay=  -30720
     t=232 pred= 15 left= 15  y=   109 vy=  -90112 ay=  -30720
     t=233 pred= 14 left= 14  y=   107 vy= -120832 ay=  -30720
     t=234 pred= 13 left= 13  y=   105 vy= -151552 ay=  -30720
     t=235 pred= 12 left= 12  y=   102 vy= -182272 ay=  -30720
     t=236 pred= 11 left= 11  y=    99 vy= -212992 ay=  -30720
     t=237 pred= 10 left= 10  y=    95 vy= -243712 ay=  -30720
     t=238 pred=  9 left=  9  y=    91 vy= -274432 ay=  -30720
     t=239 pred=  8 left=  8  y=    86 vy= -305152 ay=  -30720
     t=240 pred=  7 left=  7  y=    81 vy= -335872 ay=  -30720
     t=241 pred=  6 left=  6  y=    76 vy= -366592 ay=  -30720
     t=242 pred=  5 left=  5  y=    70 vy= -397312 ay=  -30720
     t=243 pred=  4 left=  4  y=    63 vy= -428032 ay=  -30720
     t=244 pred=  3 left=  3  y=    56 vy= -458752 ay=  -30720
     t=245 pred=  2 left=  2  y=    49 vy= -489472 ay=  -30720
     t=246 pred=  1 left=  1  y=    41 vy= -520192 ay=  -30720
---- landing prediction ----
P1  landings=83  no_prediction_ticks=0
   err all : -45:7 -38:1 -36:1 -34:1 -32:1 -30:1 -29:9 -28:1 -26:1 -24:1 -22:77 -21:5 -20:6 -19:5 -18:6 -17:5 -16:6 -15:5 -14:6 -13:5 -12:6 -11:296 -10:27 -9:27 -8:27 -7:27 -6:27 -5:27 -4:27 -3:27 -2:27 -1:27 +0:1255 +5:180 +11:72 +16:225
   err NEAR (pred<=20, the window the tool uses): -45:7 -38:1 -36:1 -34:1 -32:1 -30:1 -28:1 -26:1 -24:1 -22:11 -21:2 -20:3 -19:2 -18:3 -17:2 -16:3 -15:2 -14:3 -13:2 -12:3 -11:259 -10:27 -9:27 -8:27 -7:27 -6:27 -5:27 -4:27 -3:27 -2:27 -1:27 +0:910
   err far  (pred>20, never acted on): -29:9 -22:66 -21:3 -20:3 -19:3 -18:3 -17:3 -16:3 -15:3 -14:3 -13:3 -12:3 -11:37 +0:345 +5:180 +11:72 +16:225
   last descent, landed on tick 39:
     t= 10 pred= 29 left= 29  y=    40 vy=  786432 ay=  -53248
     t= 11 pred= 28 left= 28  y=    51 vy=  733184 ay=  -53248
     t= 12 pred= 27 left= 27  y=    61 vy=  679936 ay=  -53248
     t= 13 pred= 26 left= 26  y=    71 vy=  626688 ay=  -53248
     t= 14 pred= 25 left= 25  y=    79 vy=  573440 ay=  -53248
     t= 15 pred= 24 left= 24  y=    87 vy=  520192 ay=  -53248
     t= 16 pred= 23 left= 23  y=    94 vy=  466944 ay=  -53248
     t= 17 pred= 22 left= 22  y=   101 vy=  413696 ay=  -53248
     t= 18 pred= 21 left= 21  y=   106 vy=  360448 ay=  -53248
     t= 19 pred= 20 left= 20  y=   111 vy=  307200 ay=  -53248
     t= 20 pred= 19 left= 19  y=   115 vy=  253952 ay=  -53248
     t= 21 pred= 18 left= 18  y=   118 vy=  200704 ay=  -53248
     t= 22 pred= 17 left= 17  y=   120 vy=  147456 ay=  -53248
     t= 23 pred= 16 left= 16  y=   122 vy=   94208 ay=  -53248
     t= 24 pred= 15 left= 15  y=   122 vy=   40960 ay=  -53248
     t= 25 pred= 14 left= 14  y=   122 vy=  -12288 ay=  -53248
     t= 26 pred= 13 left= 13  y=   121 vy=  -65536 ay=  -53248
     t= 27 pred= 12 left= 12  y=   119 vy= -118784 ay=  -53248
     t= 28 pred= 11 left= 11  y=   117 vy= -172032 ay=  -53248
     t= 29 pred= 10 left= 10  y=   113 vy= -225280 ay=  -53248
     t= 30 pred=  9 left=  9  y=   109 vy= -278528 ay=  -53248
     t= 31 pred=  8 left=  8  y=   104 vy= -331776 ay=  -53248
     t= 32 pred=  7 left=  7  y=    98 vy= -385024 ay=  -53248
     t= 33 pred=  6 left=  6  y=    91 vy= -438272 ay=  -53248
     t= 34 pred=  5 left=  5  y=    84 vy= -491520 ay=  -53248
     t= 35 pred=  4 left=  4  y=    75 vy= -544768 ay=  -53248
     t= 36 pred=  3 left=  3  y=    66 vy= -598016 ay=  -53248
     t= 37 pred=  2 left=  2  y=    56 vy= -651264 ay=  -53248
     t= 38 pred=  1 left=  1  y=    46 vy= -704512 ay=  -53248
P2  landings=4  no_prediction_ticks=25
   err all : +0:112
   err NEAR (pred<=20, the window the tool uses): +0:71
   err far  (pred>20, never acted on): +0:41
   last descent, landed on tick 247:
     t=213 pred= 34 left= 34  y=    55 vy=  493568 ay=  -30720
     t=214 pred= 33 left= 33  y=    62 vy=  462848 ay=  -30720
     t=215 pred= 32 left= 32  y=    69 vy=  432128 ay=  -30720
     t=216 pred= 31 left= 31  y=    75 vy=  401408 ay=  -30720
     t=217 pred= 30 left= 30  y=    80 vy=  370688 ay=  -30720
     t=218 pred= 29 left= 29  y=    86 vy=  339968 ay=  -30720
     t=219 pred= 28 left= 28  y=    90 vy=  309248 ay=  -30720
     t=220 pred= 27 left= 27  y=    95 vy=  278528 ay=  -30720
     t=221 pred= 26 left= 26  y=    98 vy=  247808 ay=  -30720
     t=222 pred= 25 left= 25  y=   102 vy=  217088 ay=  -30720
     t=223 pred= 24 left= 24  y=   105 vy=  186368 ay=  -30720
     t=224 pred= 23 left= 23  y=   107 vy=  155648 ay=  -30720
     t=225 pred= 22 left= 22  y=   109 vy=  124928 ay=  -30720
     t=226 pred= 21 left= 21  y=   110 vy=   94208 ay=  -30720
     t=227 pred= 20 left= 20  y=   111 vy=   63488 ay=  -30720
     t=228 pred= 19 left= 19  y=   112 vy=   32768 ay=  -30720
     t=229 pred= 18 left= 18  y=   112 vy=    2048 ay=  -30720
     t=230 pred= 17 left= 17  y=   111 vy=  -28672 ay=  -30720
     t=231 pred= 16 left= 16  y=   110 vy=  -59392 ay=  -30720
     t=232 pred= 15 left= 15  y=   109 vy=  -90112 ay=  -30720
     t=233 pred= 14 left= 14  y=   107 vy= -120832 ay=  -30720
     t=234 pred= 13 left= 13  y=   105 vy= -151552 ay=  -30720
     t=235 pred= 12 left= 12  y=   102 vy= -182272 ay=  -30720
     t=236 pred= 11 left= 11  y=    99 vy= -212992 ay=  -30720
     t=237 pred= 10 left= 10  y=    95 vy= -243712 ay=  -30720
     t=238 pred=  9 left=  9  y=    91 vy= -274432 ay=  -30720
     t=239 pred=  8 left=  8  y=    86 vy= -305152 ay=  -30720
     t=240 pred=  7 left=  7  y=    81 vy= -335872 ay=  -30720
     t=241 pred=  6 left=  6  y=    76 vy= -366592 ay=  -30720
     t=242 pred=  5 left=  5  y=    70 vy= -397312 ay=  -30720
     t=243 pred=  4 left=  4  y=    63 vy= -428032 ay=  -30720
     t=244 pred=  3 left=  3  y=    56 vy= -458752 ay=  -30720
     t=245 pred=  2 left=  2  y=    49 vy= -489472 ay=  -30720
     t=246 pred=  1 left=  1  y=    41 vy= -520192 ay=  -30720
---- landing prediction ----
P1  landings=84  no_prediction_ticks=0
   err all : -45:7 -38:1 -36:1 -34:1 -32:1 -30:1 -29:9 -28:1 -26:1 -24:1 -22:77 -21:5 -20:6 -19:5 -18:6 -17:5 -16:6 -15:5 -14:6 -13:5 -12:6 -11:296 -10:27 -9:27 -8:27 -7:27 -6:27 -5:27 -4:27 -3:27 -2:27 -1:27 +0:1264 +5:180 +11:81 +16:225
   err NEAR (pred<=20, the window the tool uses): -45:7 -38:1 -36:1 -34:1 -32:1 -30:1 -28:1 -26:1 -24:1 -22:11 -21:2 -20:3 -19:2 -18:3 -17:2 -16:3 -15:2 -14:3 -13:2 -12:3 -11:259 -10:27 -9:27 -8:27 -7:27 -6:27 -5:27 -4:27 -3:27 -2:27 -1:27 +0:919
   err far  (pred>20, never acted on): -29:9 -22:66 -21:3 -20:3 -19:3 -18:3 -17:3 -16:3 -15:3 -14:3 -13:3 -12:3 -11:37 +0:345 +5:180 +11:81 +16:225
   last descent, landed on tick 65:
     t= 47 pred= 29 left= 18  y=    40 vy=  786432 ay=  -53248
     t= 48 pred= 28 left= 17  y=    51 vy=  733184 ay=  -53248
     t= 49 pred= 27 left= 16  y=    61 vy=  679936 ay=  -53248
     t= 50 pred= 26 left= 15  y=    71 vy=  626688 ay=  -53248
     t= 51 pred= 25 left= 14  y=    79 vy=  573440 ay=  -53248
     t= 52 pred= 24 left= 13  y=    87 vy=  520192 ay=  -53248
     t= 53 pred= 23 left= 12  y=    94 vy=  466944 ay=  -53248
     t= 54 pred= 22 left= 11  y=   101 vy=  413696 ay=  -53248
     t= 55 pred= 21 left= 10  y=   106 vy=  360448 ay=  -53248
     t= 56 pred=  9 left=  9  y=   111 vy=       0 ay= -106496
     t= 57 pred=  8 left=  8  y=   109 vy= -106496 ay= -106496
     t= 58 pred=  7 left=  7  y=   106 vy= -212992 ay= -106496
     t= 59 pred=  6 left=  6  y=   101 vy= -319488 ay= -106496
     t= 60 pred=  5 left=  5  y=    95 vy= -425984 ay= -106496
     t= 61 pred=  4 left=  4  y=    87 vy= -532480 ay= -106496
     t= 62 pred=  3 left=  3  y=    77 vy= -638976 ay= -106496
     t= 63 pred=  2 left=  2  y=    65 vy= -745472 ay= -106496
     t= 64 pred=  1 left=  1  y=    52 vy= -851968 ay= -106496
P2  landings=4  no_prediction_ticks=25
   err all : +0:112
   err NEAR (pred<=20, the window the tool uses): +0:71
   err far  (pred>20, never acted on): +0:41
   last descent, landed on tick 247:
     t=213 pred= 34 left= 34  y=    55 vy=  493568 ay=  -30720
     t=214 pred= 33 left= 33  y=    62 vy=  462848 ay=  -30720
     t=215 pred= 32 left= 32  y=    69 vy=  432128 ay=  -30720
     t=216 pred= 31 left= 31  y=    75 vy=  401408 ay=  -30720
     t=217 pred= 30 left= 30  y=    80 vy=  370688 ay=  -30720
     t=218 pred= 29 left= 29  y=    86 vy=  339968 ay=  -30720
     t=219 pred= 28 left= 28  y=    90 vy=  309248 ay=  -30720
     t=220 pred= 27 left= 27  y=    95 vy=  278528 ay=  -30720
     t=221 pred= 26 left= 26  y=    98 vy=  247808 ay=  -30720
     t=222 pred= 25 left= 25  y=   102 vy=  217088 ay=  -30720
     t=223 pred= 24 left= 24  y=   105 vy=  186368 ay=  -30720
     t=224 pred= 23 left= 23  y=   107 vy=  155648 ay=  -30720
     t=225 pred= 22 left= 22  y=   109 vy=  124928 ay=  -30720
     t=226 pred= 21 left= 21  y=   110 vy=   94208 ay=  -30720
     t=227 pred= 20 left= 20  y=   111 vy=   63488 ay=  -30720
     t=228 pred= 19 left= 19  y=   112 vy=   32768 ay=  -30720
     t=229 pred= 18 left= 18  y=   112 vy=    2048 ay=  -30720
     t=230 pred= 17 left= 17  y=   111 vy=  -28672 ay=  -30720
     t=231 pred= 16 left= 16  y=   110 vy=  -59392 ay=  -30720
     t=232 pred= 15 left= 15  y=   109 vy=  -90112 ay=  -30720
     t=233 pred= 14 left= 14  y=   107 vy= -120832 ay=  -30720
     t=234 pred= 13 left= 13  y=   105 vy= -151552 ay=  -30720
     t=235 pred= 12 left= 12  y=   102 vy= -182272 ay=  -30720
     t=236 pred= 11 left= 11  y=    99 vy= -212992 ay=  -30720
     t=237 pred= 10 left= 10  y=    95 vy= -243712 ay=  -30720
     t=238 pred=  9 left=  9  y=    91 vy= -274432 ay=  -30720
     t=239 pred=  8 left=  8  y=    86 vy= -305152 ay=  -30720
     t=240 pred=  7 left=  7  y=    81 vy= -335872 ay=  -30720
     t=241 pred=  6 left=  6  y=    76 vy= -366592 ay=  -30720
     t=242 pred=  5 left=  5  y=    70 vy= -397312 ay=  -30720
     t=243 pred=  4 left=  4  y=    63 vy= -428032 ay=  -30720
     t=244 pred=  3 left=  3  y=    56 vy= -458752 ay=  -30720
     t=245 pred=  2 left=  2  y=    49 vy= -489472 ay=  -30720
     t=246 pred=  1 left=  1  y=    41 vy= -520192 ay=  -30720
---- landing prediction ----
P1  landings=85  no_prediction_ticks=0
   err all : -45:7 -38:1 -36:1 -34:1 -32:1 -30:1 -29:9 -28:1 -26:1 -24:1 -22:77 -21:5 -20:6 -19:5 -18:6 -17:5 -16:6 -15:5 -14:6 -13:5 -12:6 -11:296 -10:27 -9:27 -8:27 -7:27 -6:27 -5:27 -4:27 -3:27 -2:27 -1:27 +0:1302 +5:180 +11:81 +16:225
   err NEAR (pred<=20, the window the tool uses): -45:7 -38:1 -36:1 -34:1 -32:1 -30:1 -28:1 -26:1 -24:1 -22:11 -21:2 -20:3 -19:2 -18:3 -17:2 -16:3 -15:2 -14:3 -13:2 -12:3 -11:259 -10:27 -9:27 -8:27 -7:27 -6:27 -5:27 -4:27 -3:27 -2:27 -1:27 +0:939
   err far  (pred>20, never acted on): -29:9 -22:66 -21:3 -20:3 -19:3 -18:3 -17:3 -16:3 -15:3 -14:3 -13:3 -12:3 -11:37 +0:363 +5:180 +11:81 +16:225
   last descent, landed on tick 112:
     t= 74 pred= 38 left= 38  y=    40 vy=  622592 ay=  -32000
     t= 75 pred= 37 left= 37  y=    49 vy=  590592 ay=  -32000
     t= 76 pred= 36 left= 36  y=    57 vy=  558592 ay=  -32000
     t= 77 pred= 35 left= 35  y=    65 vy=  526592 ay=  -32000
     t= 78 pred= 34 left= 34  y=    73 vy=  494592 ay=  -32000
     t= 79 pred= 33 left= 33  y=    80 vy=  462592 ay=  -32000
     t= 80 pred= 32 left= 32  y=    86 vy=  430592 ay=  -32000
     t= 81 pred= 31 left= 31  y=    92 vy=  398592 ay=  -32000
     t= 82 pred= 30 left= 30  y=    98 vy=  366592 ay=  -32000
     t= 83 pred= 29 left= 29  y=   103 vy=  334592 ay=  -32000
     t= 84 pred= 28 left= 28  y=   108 vy=  302592 ay=  -32000
     t= 85 pred= 27 left= 27  y=   112 vy=  270592 ay=  -32000
     t= 86 pred= 26 left= 26  y=   115 vy=  238592 ay=  -32000
     t= 87 pred= 25 left= 25  y=   119 vy=  206592 ay=  -32000
     t= 88 pred= 24 left= 24  y=   121 vy=  174592 ay=  -32000
     t= 89 pred= 23 left= 23  y=   123 vy=  142592 ay=  -32000
     t= 90 pred= 22 left= 22  y=   125 vy=  110592 ay=  -32000
     t= 91 pred= 21 left= 21  y=   126 vy=   78592 ay=  -32000
     t= 92 pred= 20 left= 20  y=   127 vy=   46592 ay=  -32000
     t= 93 pred= 19 left= 19  y=   127 vy=   14592 ay=  -32000
     t= 94 pred= 18 left= 18  y=   127 vy=  -17408 ay=  -32000
     t= 95 pred= 17 left= 17  y=   126 vy=  -49408 ay=  -32000
     t= 96 pred= 16 left= 16  y=   125 vy=  -81408 ay=  -32000
     t= 97 pred= 15 left= 15  y=   123 vy= -113408 ay=  -32000
     t= 98 pred= 14 left= 14  y=   121 vy= -145408 ay=  -32000
     t= 99 pred= 13 left= 13  y=   118 vy= -177408 ay=  -32000
     t=100 pred= 12 left= 12  y=   115 vy= -209408 ay=  -32000
     t=101 pred= 11 left= 11  y=   111 vy= -241408 ay=  -32000
     t=102 pred= 10 left= 10  y=   107 vy= -273408 ay=  -32000
     t=103 pred=  9 left=  9  y=   103 vy= -305408 ay=  -32000
     t=104 pred=  8 left=  8  y=    97 vy= -337408 ay=  -32000
     t=105 pred=  7 left=  7  y=    92 vy= -369408 ay=  -32000
     t=106 pred=  6 left=  6  y=    86 vy= -401408 ay=  -32000
     t=107 pred=  5 left=  5  y=    79 vy= -433408 ay=  -32000
     t=108 pred=  4 left=  4  y=    72 vy= -465408 ay=  -32000
     t=109 pred=  3 left=  3  y=    64 vy= -497408 ay=  -32000
     t=110 pred=  2 left=  2  y=    56 vy= -529408 ay=  -32000
     t=111 pred=  1 left=  1  y=    48 vy= -561408 ay=  -32000
P2  landings=4  no_prediction_ticks=25
   err all : +0:112
   err NEAR (pred<=20, the window the tool uses): +0:71
   err far  (pred>20, never acted on): +0:41
   last descent, landed on tick 247:
     t=213 pred= 34 left= 34  y=    55 vy=  493568 ay=  -30720
     t=214 pred= 33 left= 33  y=    62 vy=  462848 ay=  -30720
     t=215 pred= 32 left= 32  y=    69 vy=  432128 ay=  -30720
     t=216 pred= 31 left= 31  y=    75 vy=  401408 ay=  -30720
     t=217 pred= 30 left= 30  y=    80 vy=  370688 ay=  -30720
     t=218 pred= 29 left= 29  y=    86 vy=  339968 ay=  -30720
     t=219 pred= 28 left= 28  y=    90 vy=  309248 ay=  -30720
     t=220 pred= 27 left= 27  y=    95 vy=  278528 ay=  -30720
     t=221 pred= 26 left= 26  y=    98 vy=  247808 ay=  -30720
     t=222 pred= 25 left= 25  y=   102 vy=  217088 ay=  -30720
     t=223 pred= 24 left= 24  y=   105 vy=  186368 ay=  -30720
     t=224 pred= 23 left= 23  y=   107 vy=  155648 ay=  -30720
     t=225 pred= 22 left= 22  y=   109 vy=  124928 ay=  -30720
     t=226 pred= 21 left= 21  y=   110 vy=   94208 ay=  -30720
     t=227 pred= 20 left= 20  y=   111 vy=   63488 ay=  -30720
     t=228 pred= 19 left= 19  y=   112 vy=   32768 ay=  -30720
     t=229 pred= 18 left= 18  y=   112 vy=    2048 ay=  -30720
     t=230 pred= 17 left= 17  y=   111 vy=  -28672 ay=  -30720
     t=231 pred= 16 left= 16  y=   110 vy=  -59392 ay=  -30720
     t=232 pred= 15 left= 15  y=   109 vy=  -90112 ay=  -30720
     t=233 pred= 14 left= 14  y=   107 vy= -120832 ay=  -30720
     t=234 pred= 13 left= 13  y=   105 vy= -151552 ay=  -30720
     t=235 pred= 12 left= 12  y=   102 vy= -182272 ay=  -30720
     t=236 pred= 11 left= 11  y=    99 vy= -212992 ay=  -30720
     t=237 pred= 10 left= 10  y=    95 vy= -243712 ay=  -30720
     t=238 pred=  9 left=  9  y=    91 vy= -274432 ay=  -30720
     t=239 pred=  8 left=  8  y=    86 vy= -305152 ay=  -30720
     t=240 pred=  7 left=  7  y=    81 vy= -335872 ay=  -30720
     t=241 pred=  6 left=  6  y=    76 vy= -366592 ay=  -30720
     t=242 pred=  5 left=  5  y=    70 vy= -397312 ay=  -30720
     t=243 pred=  4 left=  4  y=    63 vy= -428032 ay=  -30720
     t=244 pred=  3 left=  3  y=    56 vy= -458752 ay=  -30720
     t=245 pred=  2 left=  2  y=    49 vy= -489472 ay=  -30720
     t=246 pred=  1 left=  1  y=    41 vy= -520192 ay=  -30720
---- landing prediction ----
P1  landings=86  no_prediction_ticks=0
   err all : -45:7 -38:1 -36:1 -34:1 -32:1 -30:1 -29:9 -28:1 -26:1 -24:1 -22:77 -21:5 -20:6 -19:5 -18:6 -17:5 -16:6 -15:5 -14:6 -13:5 -12:6 -11:296 -10:27 -9:27 -8:27 -7:27 -6:27 -5:27 -4:27 -3:27 -2:27 -1:27 +0:1311 +5:180 +11:90 +16:225
   err NEAR (pred<=20, the window the tool uses): -45:7 -38:1 -36:1 -34:1 -32:1 -30:1 -28:1 -26:1 -24:1 -22:11 -21:2 -20:3 -19:2 -18:3 -17:2 -16:3 -15:2 -14:3 -13:2 -12:3 -11:259 -10:27 -9:27 -8:27 -7:27 -6:27 -5:27 -4:27 -3:27 -2:27 -1:27 +0:948
   err far  (pred>20, never acted on): -29:9 -22:66 -21:3 -20:3 -19:3 -18:3 -17:3 -16:3 -15:3 -14:3 -13:3 -12:3 -11:37 +0:363 +5:180 +11:90 +16:225
   last descent, landed on tick 147:
     t=129 pred= 29 left= 18  y=    40 vy=  786432 ay=  -53248
     t=130 pred= 28 left= 17  y=    51 vy=  733184 ay=  -53248
     t=131 pred= 27 left= 16  y=    61 vy=  679936 ay=  -53248
     t=132 pred= 26 left= 15  y=    71 vy=  626688 ay=  -53248
     t=133 pred= 25 left= 14  y=    79 vy=  573440 ay=  -53248
     t=134 pred= 24 left= 13  y=    87 vy=  520192 ay=  -53248
     t=135 pred= 23 left= 12  y=    94 vy=  466944 ay=  -53248
     t=136 pred= 22 left= 11  y=   101 vy=  413696 ay=  -53248
     t=137 pred= 21 left= 10  y=   106 vy=  360448 ay=  -53248
     t=138 pred=  9 left=  9  y=   111 vy=       0 ay= -106496
     t=139 pred=  8 left=  8  y=   109 vy= -106496 ay= -106496
     t=140 pred=  7 left=  7  y=   106 vy= -212992 ay= -106496
     t=141 pred=  6 left=  6  y=   101 vy= -319488 ay= -106496
     t=142 pred=  5 left=  5  y=    95 vy= -425984 ay= -106496
     t=143 pred=  4 left=  4  y=    87 vy= -532480 ay= -106496
     t=144 pred=  3 left=  3  y=    77 vy= -638976 ay= -106496
     t=145 pred=  2 left=  2  y=    65 vy= -745472 ay= -106496
     t=146 pred=  1 left=  1  y=    52 vy= -851968 ay= -106496
P2  landings=4  no_prediction_ticks=25
   err all : +0:112
   err NEAR (pred<=20, the window the tool uses): +0:71
   err far  (pred>20, never acted on): +0:41
   last descent, landed on tick 247:
     t=213 pred= 34 left= 34  y=    55 vy=  493568 ay=  -30720
     t=214 pred= 33 left= 33  y=    62 vy=  462848 ay=  -30720
     t=215 pred= 32 left= 32  y=    69 vy=  432128 ay=  -30720
     t=216 pred= 31 left= 31  y=    75 vy=  401408 ay=  -30720
     t=217 pred= 30 left= 30  y=    80 vy=  370688 ay=  -30720
     t=218 pred= 29 left= 29  y=    86 vy=  339968 ay=  -30720
     t=219 pred= 28 left= 28  y=    90 vy=  309248 ay=  -30720
     t=220 pred= 27 left= 27  y=    95 vy=  278528 ay=  -30720
     t=221 pred= 26 left= 26  y=    98 vy=  247808 ay=  -30720
     t=222 pred= 25 left= 25  y=   102 vy=  217088 ay=  -30720
     t=223 pred= 24 left= 24  y=   105 vy=  186368 ay=  -30720
     t=224 pred= 23 left= 23  y=   107 vy=  155648 ay=  -30720
     t=225 pred= 22 left= 22  y=   109 vy=  124928 ay=  -30720
     t=226 pred= 21 left= 21  y=   110 vy=   94208 ay=  -30720
     t=227 pred= 20 left= 20  y=   111 vy=   63488 ay=  -30720
     t=228 pred= 19 left= 19  y=   112 vy=   32768 ay=  -30720
     t=229 pred= 18 left= 18  y=   112 vy=    2048 ay=  -30720
     t=230 pred= 17 left= 17  y=   111 vy=  -28672 ay=  -30720
     t=231 pred= 16 left= 16  y=   110 vy=  -59392 ay=  -30720
     t=232 pred= 15 left= 15  y=   109 vy=  -90112 ay=  -30720
     t=233 pred= 14 left= 14  y=   107 vy= -120832 ay=  -30720
     t=234 pred= 13 left= 13  y=   105 vy= -151552 ay=  -30720
     t=235 pred= 12 left= 12  y=   102 vy= -182272 ay=  -30720
     t=236 pred= 11 left= 11  y=    99 vy= -212992 ay=  -30720
     t=237 pred= 10 left= 10  y=    95 vy= -243712 ay=  -30720
     t=238 pred=  9 left=  9  y=    91 vy= -274432 ay=  -30720
     t=239 pred=  8 left=  8  y=    86 vy= -305152 ay=  -30720
     t=240 pred=  7 left=  7  y=    81 vy= -335872 ay=  -30720
     t=241 pred=  6 left=  6  y=    76 vy= -366592 ay=  -30720
     t=242 pred=  5 left=  5  y=    70 vy= -397312 ay=  -30720
     t=243 pred=  4 left=  4  y=    63 vy= -428032 ay=  -30720
     t=244 pred=  3 left=  3  y=    56 vy= -458752 ay=  -30720
     t=245 pred=  2 left=  2  y=    49 vy= -489472 ay=  -30720
     t=246 pred=  1 left=  1  y=    41 vy= -520192 ay=  -30720
---- landing prediction ----
P1  landings=87  no_prediction_ticks=0
   err all : -45:7 -38:1 -36:1 -34:1 -32:1 -30:1 -29:9 -28:1 -26:1 -24:1 -22:77 -21:5 -20:6 -19:5 -18:6 -17:5 -16:6 -15:5 -14:6 -13:5 -12:6 -11:296 -10:27 -9:27 -8:27 -7:27 -6:27 -5:27 -4:27 -3:27 -2:27 -1:27 +0:1320 +5:180 +11:99 +16:225
   err NEAR (pred<=20, the window the tool uses): -45:7 -38:1 -36:1 -34:1 -32:1 -30:1 -28:1 -26:1 -24:1 -22:11 -21:2 -20:3 -19:2 -18:3 -17:2 -16:3 -15:2 -14:3 -13:2 -12:3 -11:259 -10:27 -9:27 -8:27 -7:27 -6:27 -5:27 -4:27 -3:27 -2:27 -1:27 +0:957
   err far  (pred>20, never acted on): -29:9 -22:66 -21:3 -20:3 -19:3 -18:3 -17:3 -16:3 -15:3 -14:3 -13:3 -12:3 -11:37 +0:363 +5:180 +11:99 +16:225
   last descent, landed on tick 185:
     t=167 pred= 29 left= 18  y=    40 vy=  786432 ay=  -53248
     t=168 pred= 28 left= 17  y=    51 vy=  733184 ay=  -53248
     t=169 pred= 27 left= 16  y=    61 vy=  679936 ay=  -53248
     t=170 pred= 26 left= 15  y=    71 vy=  626688 ay=  -53248
     t=171 pred= 25 left= 14  y=    79 vy=  573440 ay=  -53248
     t=172 pred= 24 left= 13  y=    87 vy=  520192 ay=  -53248
     t=173 pred= 23 left= 12  y=    94 vy=  466944 ay=  -53248
     t=174 pred= 22 left= 11  y=   101 vy=  413696 ay=  -53248
     t=175 pred= 21 left= 10  y=   106 vy=  360448 ay=  -53248
     t=176 pred=  9 left=  9  y=   111 vy=       0 ay= -106496
     t=177 pred=  8 left=  8  y=   109 vy= -106496 ay= -106496
     t=178 pred=  7 left=  7  y=   106 vy= -212992 ay= -106496
     t=179 pred=  6 left=  6  y=   101 vy= -319488 ay= -106496
     t=180 pred=  5 left=  5  y=    95 vy= -425984 ay= -106496
     t=181 pred=  4 left=  4  y=    87 vy= -532480 ay= -106496
     t=182 pred=  3 left=  3  y=    77 vy= -638976 ay= -106496
     t=183 pred=  2 left=  2  y=    65 vy= -745472 ay= -106496
     t=184 pred=  1 left=  1  y=    52 vy= -851968 ay= -106496
P2  landings=4  no_prediction_ticks=25
   err all : +0:112
   err NEAR (pred<=20, the window the tool uses): +0:71
   err far  (pred>20, never acted on): +0:41
   last descent, landed on tick 247:
     t=213 pred= 34 left= 34  y=    55 vy=  493568 ay=  -30720
     t=214 pred= 33 left= 33  y=    62 vy=  462848 ay=  -30720
     t=215 pred= 32 left= 32  y=    69 vy=  432128 ay=  -30720
     t=216 pred= 31 left= 31  y=    75 vy=  401408 ay=  -30720
     t=217 pred= 30 left= 30  y=    80 vy=  370688 ay=  -30720
     t=218 pred= 29 left= 29  y=    86 vy=  339968 ay=  -30720
     t=219 pred= 28 left= 28  y=    90 vy=  309248 ay=  -30720
     t=220 pred= 27 left= 27  y=    95 vy=  278528 ay=  -30720
     t=221 pred= 26 left= 26  y=    98 vy=  247808 ay=  -30720
     t=222 pred= 25 left= 25  y=   102 vy=  217088 ay=  -30720
     t=223 pred= 24 left= 24  y=   105 vy=  186368 ay=  -30720
     t=224 pred= 23 left= 23  y=   107 vy=  155648 ay=  -30720
     t=225 pred= 22 left= 22  y=   109 vy=  124928 ay=  -30720
     t=226 pred= 21 left= 21  y=   110 vy=   94208 ay=  -30720
     t=227 pred= 20 left= 20  y=   111 vy=   63488 ay=  -30720
     t=228 pred= 19 left= 19  y=   112 vy=   32768 ay=  -30720
     t=229 pred= 18 left= 18  y=   112 vy=    2048 ay=  -30720
     t=230 pred= 17 left= 17  y=   111 vy=  -28672 ay=  -30720
     t=231 pred= 16 left= 16  y=   110 vy=  -59392 ay=  -30720
     t=232 pred= 15 left= 15  y=   109 vy=  -90112 ay=  -30720
     t=233 pred= 14 left= 14  y=   107 vy= -120832 ay=  -30720
     t=234 pred= 13 left= 13  y=   105 vy= -151552 ay=  -30720
     t=235 pred= 12 left= 12  y=   102 vy= -182272 ay=  -30720
     t=236 pred= 11 left= 11  y=    99 vy= -212992 ay=  -30720
     t=237 pred= 10 left= 10  y=    95 vy= -243712 ay=  -30720
     t=238 pred=  9 left=  9  y=    91 vy= -274432 ay=  -30720
     t=239 pred=  8 left=  8  y=    86 vy= -305152 ay=  -30720
     t=240 pred=  7 left=  7  y=    81 vy= -335872 ay=  -30720
     t=241 pred=  6 left=  6  y=    76 vy= -366592 ay=  -30720
     t=242 pred=  5 left=  5  y=    70 vy= -397312 ay=  -30720
     t=243 pred=  4 left=  4  y=    63 vy= -428032 ay=  -30720
     t=244 pred=  3 left=  3  y=    56 vy= -458752 ay=  -30720
     t=245 pred=  2 left=  2  y=    49 vy= -489472 ay=  -30720
     t=246 pred=  1 left=  1  y=    41 vy= -520192 ay=  -30720
---- landing prediction ----
P1  landings=88  no_prediction_ticks=0
   err all : -45:7 -38:1 -36:1 -34:1 -32:1 -30:1 -29:9 -28:1 -26:1 -24:1 -22:77 -21:5 -20:6 -19:5 -18:6 -17:5 -16:6 -15:5 -14:6 -13:5 -12:6 -11:296 -10:27 -9:27 -8:27 -7:27 -6:27 -5:27 -4:27 -3:27 -2:27 -1:27 +0:1331 +5:180 +11:99 +16:234
   err NEAR (pred<=20, the window the tool uses): -45:7 -38:1 -36:1 -34:1 -32:1 -30:1 -28:1 -26:1 -24:1 -22:11 -21:2 -20:3 -19:2 -18:3 -17:2 -16:3 -15:2 -14:3 -13:2 -12:3 -11:259 -10:27 -9:27 -8:27 -7:27 -6:27 -5:27 -4:27 -3:27 -2:27 -1:27 +0:968
   err far  (pred>20, never acted on): -29:9 -22:66 -21:3 -20:3 -19:3 -18:3 -17:3 -16:3 -15:3 -14:3 -13:3 -12:3 -11:37 +0:363 +5:180 +11:99 +16:234
   last descent, landed on tick 10:
     t=246 pred= 36 left= 20  y=    40 vy=  245760 ay=  -13312
     t=247 pred= 35 left= 19  y=    43 vy=  232448 ay=  -13312
     t=248 pred= 34 left= 18  y=    46 vy=  219136 ay=  -13312
     t=249 pred= 33 left= 17  y=    50 vy=  205824 ay=  -13312
     t=250 pred= 32 left= 16  y=    52 vy=  192512 ay=  -13312
     t=251 pred= 31 left= 15  y=    55 vy=  179200 ay=  -13312
     t=252 pred= 30 left= 14  y=    58 vy=  165888 ay=  -13312
     t=253 pred= 29 left= 13  y=    60 vy=  152576 ay=  -13312
     t=254 pred= 28 left= 12  y=    62 vy=  139264 ay=  -13312
     t=255 pred= 11 left= 11  y=    64 vy=       0 ay=  -26624
     t=  0 pred= 10 left= 10  y=    64 vy=  -26624 ay=  -26624
     t=  1 pred=  9 left=  9  y=    63 vy=  -53248 ay=  -26624
     t=  2 pred=  8 left=  8  y=    62 vy=  -79872 ay=  -26624
     t=  3 pred=  7 left=  7  y=    60 vy= -106496 ay=  -26624
     t=  4 pred=  6 left=  6  y=    58 vy= -133120 ay=  -26624
     t=  5 pred=  5 left=  5  y=    56 vy= -159744 ay=  -26624
     t=  6 pred=  4 left=  4  y=    53 vy= -186368 ay=  -26624
     t=  7 pred=  3 left=  3  y=    49 vy= -212992 ay=  -26624
     t=  8 pred=  2 left=  2  y=    46 vy= -239616 ay=  -26624
     t=  9 pred=  1 left=  1  y=    42 vy= -266240 ay=  -26624
P2  landings=4  no_prediction_ticks=25
   err all : +0:112
   err NEAR (pred<=20, the window the tool uses): +0:71
   err far  (pred>20, never acted on): +0:41
   last descent, landed on tick 247:
     t=213 pred= 34 left= 34  y=    55 vy=  493568 ay=  -30720
     t=214 pred= 33 left= 33  y=    62 vy=  462848 ay=  -30720
     t=215 pred= 32 left= 32  y=    69 vy=  432128 ay=  -30720
     t=216 pred= 31 left= 31  y=    75 vy=  401408 ay=  -30720
     t=217 pred= 30 left= 30  y=    80 vy=  370688 ay=  -30720
     t=218 pred= 29 left= 29  y=    86 vy=  339968 ay=  -30720
     t=219 pred= 28 left= 28  y=    90 vy=  309248 ay=  -30720
     t=220 pred= 27 left= 27  y=    95 vy=  278528 ay=  -30720
     t=221 pred= 26 left= 26  y=    98 vy=  247808 ay=  -30720
     t=222 pred= 25 left= 25  y=   102 vy=  217088 ay=  -30720
     t=223 pred= 24 left= 24  y=   105 vy=  186368 ay=  -30720
     t=224 pred= 23 left= 23  y=   107 vy=  155648 ay=  -30720
     t=225 pred= 22 left= 22  y=   109 vy=  124928 ay=  -30720
     t=226 pred= 21 left= 21  y=   110 vy=   94208 ay=  -30720
     t=227 pred= 20 left= 20  y=   111 vy=   63488 ay=  -30720
     t=228 pred= 19 left= 19  y=   112 vy=   32768 ay=  -30720
     t=229 pred= 18 left= 18  y=   112 vy=    2048 ay=  -30720
     t=230 pred= 17 left= 17  y=   111 vy=  -28672 ay=  -30720
     t=231 pred= 16 left= 16  y=   110 vy=  -59392 ay=  -30720
     t=232 pred= 15 left= 15  y=   109 vy=  -90112 ay=  -30720
     t=233 pred= 14 left= 14  y=   107 vy= -120832 ay=  -30720
     t=234 pred= 13 left= 13  y=   105 vy= -151552 ay=  -30720
     t=235 pred= 12 left= 12  y=   102 vy= -182272 ay=  -30720
     t=236 pred= 11 left= 11  y=    99 vy= -212992 ay=  -30720
     t=237 pred= 10 left= 10  y=    95 vy= -243712 ay=  -30720
     t=238 pred=  9 left=  9  y=    91 vy= -274432 ay=  -30720
     t=239 pred=  8 left=  8  y=    86 vy= -305152 ay=  -30720
     t=240 pred=  7 left=  7  y=    81 vy= -335872 ay=  -30720
     t=241 pred=  6 left=  6  y=    76 vy= -366592 ay=  -30720
     t=242 pred=  5 left=  5  y=    70 vy= -397312 ay=  -30720
     t=243 pred=  4 left=  4  y=    63 vy= -428032 ay=  -30720
     t=244 pred=  3 left=  3  y=    56 vy= -458752 ay=  -30720
     t=245 pred=  2 left=  2  y=    49 vy= -489472 ay=  -30720
     t=246 pred=  1 left=  1  y=    41 vy= -520192 ay=  -30720
---- landing prediction ----
P1  landings=89  no_prediction_ticks=0
   err all : -45:7 -38:1 -36:1 -34:1 -32:1 -30:1 -29:9 -28:1 -26:1 -24:1 -22:77 -21:5 -20:6 -19:5 -18:6 -17:5 -16:6 -15:5 -14:6 -13:5 -12:6 -11:296 -10:27 -9:27 -8:27 -7:27 -6:27 -5:27 -4:27 -3:27 -2:27 -1:27 +0:1370 +5:180 +11:99 +16:234
   err NEAR (pred<=20, the window the tool uses): -45:7 -38:1 -36:1 -34:1 -32:1 -30:1 -28:1 -26:1 -24:1 -22:11 -21:2 -20:3 -19:2 -18:3 -17:2 -16:3 -15:2 -14:3 -13:2 -12:3 -11:259 -10:27 -9:27 -8:27 -7:27 -6:27 -5:27 -4:27 -3:27 -2:27 -1:27 +0:988
   err far  (pred>20, never acted on): -29:9 -22:66 -21:3 -20:3 -19:3 -18:3 -17:3 -16:3 -15:3 -14:3 -13:3 -12:3 -11:37 +0:382 +5:180 +11:99 +16:234
   last descent, landed on tick 69:
     t= 30 pred= 39 left= 39  y=    40 vy=  630784 ay=  -32000
     t= 31 pred= 38 left= 38  y=    49 vy=  598784 ay=  -32000
     t= 32 pred= 37 left= 37  y=    57 vy=  566784 ay=  -32000
     t= 33 pred= 36 left= 36  y=    65 vy=  534784 ay=  -32000
     t= 34 pred= 35 left= 35  y=    73 vy=  502784 ay=  -32000
     t= 35 pred= 34 left= 34  y=    80 vy=  470784 ay=  -32000
     t= 36 pred= 33 left= 33  y=    87 vy=  438784 ay=  -32000
     t= 37 pred= 32 left= 32  y=    93 vy=  406784 ay=  -32000
     t= 38 pred= 31 left= 31  y=    99 vy=  374784 ay=  -32000
     t= 39 pred= 30 left= 30  y=   104 vy=  342784 ay=  -32000
     t= 40 pred= 29 left= 29  y=   109 vy=  310784 ay=  -32000
     t= 41 pred= 28 left= 28  y=   113 vy=  278784 ay=  -32000
     t= 42 pred= 27 left= 27  y=   117 vy=  246784 ay=  -32000
     t= 43 pred= 26 left= 26  y=   120 vy=  214784 ay=  -32000
     t= 44 pred= 25 left= 25  y=   123 vy=  182784 ay=  -32000
     t= 45 pred= 24 left= 24  y=   125 vy=  150784 ay=  -32000
     t= 46 pred= 23 left= 23  y=   127 vy=  118784 ay=  -32000
     t= 47 pred= 22 left= 22  y=   128 vy=   86784 ay=  -32000
     t= 48 pred= 21 left= 21  y=   129 vy=   54784 ay=  -32000
     t= 49 pred= 20 left= 20  y=   130 vy=   22784 ay=  -32000
     t= 50 pred= 19 left= 19  y=   129 vy=   -9216 ay=  -32000
     t= 51 pred= 18 left= 18  y=   129 vy=  -41216 ay=  -32000
     t= 52 pred= 17 left= 17  y=   128 vy=  -73216 ay=  -32000
     t= 53 pred= 16 left= 16  y=   126 vy= -105216 ay=  -32000
     t= 54 pred= 15 left= 15  y=   124 vy= -137216 ay=  -32000
     t= 55 pred= 14 left= 14  y=   121 vy= -169216 ay=  -32000
     t= 56 pred= 13 left= 13  y=   118 vy= -201216 ay=  -32000
     t= 57 pred= 12 left= 12  y=   115 vy= -233216 ay=  -32000
     t= 58 pred= 11 left= 11  y=   111 vy= -265216 ay=  -32000
     t= 59 pred= 10 left= 10  y=   106 vy= -297216 ay=  -32000
     t= 60 pred=  9 left=  9  y=   101 vy= -329216 ay=  -32000
     t= 61 pred=  8 left=  8  y=    96 vy= -361216 ay=  -32000
     t= 62 pred=  7 left=  7  y=    90 vy= -393216 ay=  -32000
     t= 63 pred=  6 left=  6  y=    83 vy= -425216 ay=  -32000
     t= 64 pred=  5 left=  5  y=    76 vy= -457216 ay=  -32000
     t= 65 pred=  4 left=  4  y=    69 vy= -489216 ay=  -32000
     t= 66 pred=  3 left=  3  y=    61 vy= -521216 ay=  -32000
     t= 67 pred=  2 left=  2  y=    52 vy= -553216 ay=  -32000
     t= 68 pred=  1 left=  1  y=    43 vy= -585216 ay=  -32000
P2  landings=4  no_prediction_ticks=25
   err all : +0:112
   err NEAR (pred<=20, the window the tool uses): +0:71
   err far  (pred>20, never acted on): +0:41
   last descent, landed on tick 247:
     t=213 pred= 34 left= 34  y=    55 vy=  493568 ay=  -30720
     t=214 pred= 33 left= 33  y=    62 vy=  462848 ay=  -30720
     t=215 pred= 32 left= 32  y=    69 vy=  432128 ay=  -30720
     t=216 pred= 31 left= 31  y=    75 vy=  401408 ay=  -30720
     t=217 pred= 30 left= 30  y=    80 vy=  370688 ay=  -30720
     t=218 pred= 29 left= 29  y=    86 vy=  339968 ay=  -30720
     t=219 pred= 28 left= 28  y=    90 vy=  309248 ay=  -30720
     t=220 pred= 27 left= 27  y=    95 vy=  278528 ay=  -30720
     t=221 pred= 26 left= 26  y=    98 vy=  247808 ay=  -30720
     t=222 pred= 25 left= 25  y=   102 vy=  217088 ay=  -30720
     t=223 pred= 24 left= 24  y=   105 vy=  186368 ay=  -30720
     t=224 pred= 23 left= 23  y=   107 vy=  155648 ay=  -30720
     t=225 pred= 22 left= 22  y=   109 vy=  124928 ay=  -30720
     t=226 pred= 21 left= 21  y=   110 vy=   94208 ay=  -30720
     t=227 pred= 20 left= 20  y=   111 vy=   63488 ay=  -30720
     t=228 pred= 19 left= 19  y=   112 vy=   32768 ay=  -30720
     t=229 pred= 18 left= 18  y=   112 vy=    2048 ay=  -30720
     t=230 pred= 17 left= 17  y=   111 vy=  -28672 ay=  -30720
     t=231 pred= 16 left= 16  y=   110 vy=  -59392 ay=  -30720
     t=232 pred= 15 left= 15  y=   109 vy=  -90112 ay=  -30720
     t=233 pred= 14 left= 14  y=   107 vy= -120832 ay=  -30720
     t=234 pred= 13 left= 13  y=   105 vy= -151552 ay=  -30720
     t=235 pred= 12 left= 12  y=   102 vy= -182272 ay=  -30720
     t=236 pred= 11 left= 11  y=    99 vy= -212992 ay=  -30720
     t=237 pred= 10 left= 10  y=    95 vy= -243712 ay=  -30720
     t=238 pred=  9 left=  9  y=    91 vy= -274432 ay=  -30720
     t=239 pred=  8 left=  8  y=    86 vy= -305152 ay=  -30720
     t=240 pred=  7 left=  7  y=    81 vy= -335872 ay=  -30720
     t=241 pred=  6 left=  6  y=    76 vy= -366592 ay=  -30720
     t=242 pred=  5 left=  5  y=    70 vy= -397312 ay=  -30720
     t=243 pred=  4 left=  4  y=    63 vy= -428032 ay=  -30720
     t=244 pred=  3 left=  3  y=    56 vy= -458752 ay=  -30720
     t=245 pred=  2 left=  2  y=    49 vy= -489472 ay=  -30720
     t=246 pred=  1 left=  1  y=    41 vy= -520192 ay=  -30720
---- landing prediction ----
P1  landings=90  no_prediction_ticks=0
   err all : -45:7 -38:1 -36:1 -34:1 -32:1 -30:1 -29:9 -28:1 -26:1 -24:1 -22:77 -21:5 -20:6 -19:5 -18:6 -17:5 -16:6 -15:5 -14:6 -13:5 -12:6 -11:296 -10:27 -9:27 -8:27 -7:27 -6:27 -5:27 -4:27 -3:27 -2:27 -1:27 +0:1381 +5:180 +11:99 +16:243
   err NEAR (pred<=20, the window the tool uses): -45:7 -38:1 -36:1 -34:1 -32:1 -30:1 -28:1 -26:1 -24:1 -22:11 -21:2 -20:3 -19:2 -18:3 -17:2 -16:3 -15:2 -14:3 -13:2 -12:3 -11:259 -10:27 -9:27 -8:27 -7:27 -6:27 -5:27 -4:27 -3:27 -2:27 -1:27 +0:999
   err far  (pred>20, never acted on): -29:9 -22:66 -21:3 -20:3 -19:3 -18:3 -17:3 -16:3 -15:3 -14:3 -13:3 -12:3 -11:37 +0:382 +5:180 +11:99 +16:243
   last descent, landed on tick 91:
     t= 71 pred= 36 left= 20  y=    40 vy=  245760 ay=  -13312
     t= 72 pred= 35 left= 19  y=    43 vy=  232448 ay=  -13312
     t= 73 pred= 34 left= 18  y=    46 vy=  219136 ay=  -13312
     t= 74 pred= 33 left= 17  y=    50 vy=  205824 ay=  -13312
     t= 75 pred= 32 left= 16  y=    52 vy=  192512 ay=  -13312
     t= 76 pred= 31 left= 15  y=    55 vy=  179200 ay=  -13312
     t= 77 pred= 30 left= 14  y=    58 vy=  165888 ay=  -13312
     t= 78 pred= 29 left= 13  y=    60 vy=  152576 ay=  -13312
     t= 79 pred= 28 left= 12  y=    62 vy=  139264 ay=  -13312
     t= 80 pred= 11 left= 11  y=    64 vy=       0 ay=  -26624
     t= 81 pred= 10 left= 10  y=    64 vy=  -26624 ay=  -26624
     t= 82 pred=  9 left=  9  y=    63 vy=  -53248 ay=  -26624
     t= 83 pred=  8 left=  8  y=    62 vy=  -79872 ay=  -26624
     t= 84 pred=  7 left=  7  y=    60 vy= -106496 ay=  -26624
     t= 85 pred=  6 left=  6  y=    58 vy= -133120 ay=  -26624
     t= 86 pred=  5 left=  5  y=    56 vy= -159744 ay=  -26624
     t= 87 pred=  4 left=  4  y=    53 vy= -186368 ay=  -26624
     t= 88 pred=  3 left=  3  y=    49 vy= -212992 ay=  -26624
     t= 89 pred=  2 left=  2  y=    46 vy= -239616 ay=  -26624
     t= 90 pred=  1 left=  1  y=    42 vy= -266240 ay=  -26624
P2  landings=4  no_prediction_ticks=25
   err all : +0:112
   err NEAR (pred<=20, the window the tool uses): +0:71
   err far  (pred>20, never acted on): +0:41
   last descent, landed on tick 247:
     t=213 pred= 34 left= 34  y=    55 vy=  493568 ay=  -30720
     t=214 pred= 33 left= 33  y=    62 vy=  462848 ay=  -30720
     t=215 pred= 32 left= 32  y=    69 vy=  432128 ay=  -30720
     t=216 pred= 31 left= 31  y=    75 vy=  401408 ay=  -30720
     t=217 pred= 30 left= 30  y=    80 vy=  370688 ay=  -30720
     t=218 pred= 29 left= 29  y=    86 vy=  339968 ay=  -30720
     t=219 pred= 28 left= 28  y=    90 vy=  309248 ay=  -30720
     t=220 pred= 27 left= 27  y=    95 vy=  278528 ay=  -30720
     t=221 pred= 26 left= 26  y=    98 vy=  247808 ay=  -30720
     t=222 pred= 25 left= 25  y=   102 vy=  217088 ay=  -30720
     t=223 pred= 24 left= 24  y=   105 vy=  186368 ay=  -30720
     t=224 pred= 23 left= 23  y=   107 vy=  155648 ay=  -30720
     t=225 pred= 22 left= 22  y=   109 vy=  124928 ay=  -30720
     t=226 pred= 21 left= 21  y=   110 vy=   94208 ay=  -30720
     t=227 pred= 20 left= 20  y=   111 vy=   63488 ay=  -30720
     t=228 pred= 19 left= 19  y=   112 vy=   32768 ay=  -30720
     t=229 pred= 18 left= 18  y=   112 vy=    2048 ay=  -30720
     t=230 pred= 17 left= 17  y=   111 vy=  -28672 ay=  -30720
     t=231 pred= 16 left= 16  y=   110 vy=  -59392 ay=  -30720
     t=232 pred= 15 left= 15  y=   109 vy=  -90112 ay=  -30720
     t=233 pred= 14 left= 14  y=   107 vy= -120832 ay=  -30720
     t=234 pred= 13 left= 13  y=   105 vy= -151552 ay=  -30720
     t=235 pred= 12 left= 12  y=   102 vy= -182272 ay=  -30720
     t=236 pred= 11 left= 11  y=    99 vy= -212992 ay=  -30720
     t=237 pred= 10 left= 10  y=    95 vy= -243712 ay=  -30720
     t=238 pred=  9 left=  9  y=    91 vy= -274432 ay=  -30720
     t=239 pred=  8 left=  8  y=    86 vy= -305152 ay=  -30720
     t=240 pred=  7 left=  7  y=    81 vy= -335872 ay=  -30720
     t=241 pred=  6 left=  6  y=    76 vy= -366592 ay=  -30720
     t=242 pred=  5 left=  5  y=    70 vy= -397312 ay=  -30720
     t=243 pred=  4 left=  4  y=    63 vy= -428032 ay=  -30720
     t=244 pred=  3 left=  3  y=    56 vy= -458752 ay=  -30720
     t=245 pred=  2 left=  2  y=    49 vy= -489472 ay=  -30720
     t=246 pred=  1 left=  1  y=    41 vy= -520192 ay=  -30720
---- landing prediction ----
P1  landings=91  no_prediction_ticks=0
   err all : -45:7 -38:1 -36:1 -34:1 -32:1 -30:1 -29:9 -28:1 -26:1 -24:1 -22:77 -21:5 -20:6 -19:5 -18:6 -17:5 -16:6 -15:5 -14:6 -13:5 -12:6 -11:296 -10:27 -9:27 -8:27 -7:27 -6:27 -5:27 -4:27 -3:27 -2:27 -1:27 +0:1392 +5:180 +11:99 +16:252
   err NEAR (pred<=20, the window the tool uses): -45:7 -38:1 -36:1 -34:1 -32:1 -30:1 -28:1 -26:1 -24:1 -22:11 -21:2 -20:3 -19:2 -18:3 -17:2 -16:3 -15:2 -14:3 -13:2 -12:3 -11:259 -10:27 -9:27 -8:27 -7:27 -6:27 -5:27 -4:27 -3:27 -2:27 -1:27 +0:1010
   err far  (pred>20, never acted on): -29:9 -22:66 -21:3 -20:3 -19:3 -18:3 -17:3 -16:3 -15:3 -14:3 -13:3 -12:3 -11:37 +0:382 +5:180 +11:99 +16:252
   last descent, landed on tick 119:
     t= 99 pred= 36 left= 20  y=    40 vy=  245760 ay=  -13312
     t=100 pred= 35 left= 19  y=    43 vy=  232448 ay=  -13312
     t=101 pred= 34 left= 18  y=    46 vy=  219136 ay=  -13312
     t=102 pred= 33 left= 17  y=    50 vy=  205824 ay=  -13312
     t=103 pred= 32 left= 16  y=    52 vy=  192512 ay=  -13312
     t=104 pred= 31 left= 15  y=    55 vy=  179200 ay=  -13312
     t=105 pred= 30 left= 14  y=    58 vy=  165888 ay=  -13312
     t=106 pred= 29 left= 13  y=    60 vy=  152576 ay=  -13312
     t=107 pred= 28 left= 12  y=    62 vy=  139264 ay=  -13312
     t=108 pred= 11 left= 11  y=    64 vy=       0 ay=  -26624
     t=109 pred= 10 left= 10  y=    64 vy=  -26624 ay=  -26624
     t=110 pred=  9 left=  9  y=    63 vy=  -53248 ay=  -26624
     t=111 pred=  8 left=  8  y=    62 vy=  -79872 ay=  -26624
     t=112 pred=  7 left=  7  y=    60 vy= -106496 ay=  -26624
     t=113 pred=  6 left=  6  y=    58 vy= -133120 ay=  -26624
     t=114 pred=  5 left=  5  y=    56 vy= -159744 ay=  -26624
     t=115 pred=  4 left=  4  y=    53 vy= -186368 ay=  -26624
     t=116 pred=  3 left=  3  y=    49 vy= -212992 ay=  -26624
     t=117 pred=  2 left=  2  y=    46 vy= -239616 ay=  -26624
     t=118 pred=  1 left=  1  y=    42 vy= -266240 ay=  -26624
P2  landings=4  no_prediction_ticks=25
   err all : +0:112
   err NEAR (pred<=20, the window the tool uses): +0:71
   err far  (pred>20, never acted on): +0:41
   last descent, landed on tick 247:
     t=213 pred= 34 left= 34  y=    55 vy=  493568 ay=  -30720
     t=214 pred= 33 left= 33  y=    62 vy=  462848 ay=  -30720
     t=215 pred= 32 left= 32  y=    69 vy=  432128 ay=  -30720
     t=216 pred= 31 left= 31  y=    75 vy=  401408 ay=  -30720
     t=217 pred= 30 left= 30  y=    80 vy=  370688 ay=  -30720
     t=218 pred= 29 left= 29  y=    86 vy=  339968 ay=  -30720
     t=219 pred= 28 left= 28  y=    90 vy=  309248 ay=  -30720
     t=220 pred= 27 left= 27  y=    95 vy=  278528 ay=  -30720
     t=221 pred= 26 left= 26  y=    98 vy=  247808 ay=  -30720
     t=222 pred= 25 left= 25  y=   102 vy=  217088 ay=  -30720
     t=223 pred= 24 left= 24  y=   105 vy=  186368 ay=  -30720
     t=224 pred= 23 left= 23  y=   107 vy=  155648 ay=  -30720
     t=225 pred= 22 left= 22  y=   109 vy=  124928 ay=  -30720
     t=226 pred= 21 left= 21  y=   110 vy=   94208 ay=  -30720
     t=227 pred= 20 left= 20  y=   111 vy=   63488 ay=  -30720
     t=228 pred= 19 left= 19  y=   112 vy=   32768 ay=  -30720
     t=229 pred= 18 left= 18  y=   112 vy=    2048 ay=  -30720
     t=230 pred= 17 left= 17  y=   111 vy=  -28672 ay=  -30720
     t=231 pred= 16 left= 16  y=   110 vy=  -59392 ay=  -30720
     t=232 pred= 15 left= 15  y=   109 vy=  -90112 ay=  -30720
     t=233 pred= 14 left= 14  y=   107 vy= -120832 ay=  -30720
     t=234 pred= 13 left= 13  y=   105 vy= -151552 ay=  -30720
     t=235 pred= 12 left= 12  y=   102 vy= -182272 ay=  -30720
     t=236 pred= 11 left= 11  y=    99 vy= -212992 ay=  -30720
     t=237 pred= 10 left= 10  y=    95 vy= -243712 ay=  -30720
     t=238 pred=  9 left=  9  y=    91 vy= -274432 ay=  -30720
     t=239 pred=  8 left=  8  y=    86 vy= -305152 ay=  -30720
     t=240 pred=  7 left=  7  y=    81 vy= -335872 ay=  -30720
     t=241 pred=  6 left=  6  y=    76 vy= -366592 ay=  -30720
     t=242 pred=  5 left=  5  y=    70 vy= -397312 ay=  -30720
     t=243 pred=  4 left=  4  y=    63 vy= -428032 ay=  -30720
     t=244 pred=  3 left=  3  y=    56 vy= -458752 ay=  -30720
     t=245 pred=  2 left=  2  y=    49 vy= -489472 ay=  -30720
     t=246 pred=  1 left=  1  y=    41 vy= -520192 ay=  -30720
---- landing prediction ----
P1  landings=92  no_prediction_ticks=0
   err all : -45:7 -38:1 -36:1 -34:1 -32:1 -30:1 -29:9 -28:1 -26:1 -24:1 -22:77 -21:5 -20:6 -19:5 -18:6 -17:5 -16:6 -15:5 -14:6 -13:5 -12:6 -11:296 -10:27 -9:27 -8:27 -7:27 -6:27 -5:27 -4:27 -3:27 -2:27 -1:27 +0:1431 +5:180 +11:99 +16:252
   err NEAR (pred<=20, the window the tool uses): -45:7 -38:1 -36:1 -34:1 -32:1 -30:1 -28:1 -26:1 -24:1 -22:11 -21:2 -20:3 -19:2 -18:3 -17:2 -16:3 -15:2 -14:3 -13:2 -12:3 -11:259 -10:27 -9:27 -8:27 -7:27 -6:27 -5:27 -4:27 -3:27 -2:27 -1:27 +0:1030
   err far  (pred>20, never acted on): -29:9 -22:66 -21:3 -20:3 -19:3 -18:3 -17:3 -16:3 -15:3 -14:3 -13:3 -12:3 -11:37 +0:401 +5:180 +11:99 +16:252
   last descent, landed on tick 176:
     t=137 pred= 39 left= 39  y=    40 vy=  630784 ay=  -32000
     t=138 pred= 38 left= 38  y=    49 vy=  598784 ay=  -32000
     t=139 pred= 37 left= 37  y=    57 vy=  566784 ay=  -32000
     t=140 pred= 36 left= 36  y=    65 vy=  534784 ay=  -32000
     t=141 pred= 35 left= 35  y=    73 vy=  502784 ay=  -32000
     t=142 pred= 34 left= 34  y=    80 vy=  470784 ay=  -32000
     t=143 pred= 33 left= 33  y=    87 vy=  438784 ay=  -32000
     t=144 pred= 32 left= 32  y=    93 vy=  406784 ay=  -32000
     t=145 pred= 31 left= 31  y=    99 vy=  374784 ay=  -32000
     t=146 pred= 30 left= 30  y=   104 vy=  342784 ay=  -32000
     t=147 pred= 29 left= 29  y=   109 vy=  310784 ay=  -32000
     t=148 pred= 28 left= 28  y=   113 vy=  278784 ay=  -32000
     t=149 pred= 27 left= 27  y=   117 vy=  246784 ay=  -32000
     t=150 pred= 26 left= 26  y=   120 vy=  214784 ay=  -32000
     t=151 pred= 25 left= 25  y=   123 vy=  182784 ay=  -32000
     t=152 pred= 24 left= 24  y=   125 vy=  150784 ay=  -32000
     t=153 pred= 23 left= 23  y=   127 vy=  118784 ay=  -32000
     t=154 pred= 22 left= 22  y=   128 vy=   86784 ay=  -32000
     t=155 pred= 21 left= 21  y=   129 vy=   54784 ay=  -32000
     t=156 pred= 20 left= 20  y=   130 vy=   22784 ay=  -32000
     t=157 pred= 19 left= 19  y=   129 vy=   -9216 ay=  -32000
     t=158 pred= 18 left= 18  y=   129 vy=  -41216 ay=  -32000
     t=159 pred= 17 left= 17  y=   128 vy=  -73216 ay=  -32000
     t=160 pred= 16 left= 16  y=   126 vy= -105216 ay=  -32000
     t=161 pred= 15 left= 15  y=   124 vy= -137216 ay=  -32000
     t=162 pred= 14 left= 14  y=   121 vy= -169216 ay=  -32000
     t=163 pred= 13 left= 13  y=   118 vy= -201216 ay=  -32000
     t=164 pred= 12 left= 12  y=   115 vy= -233216 ay=  -32000
     t=165 pred= 11 left= 11  y=   111 vy= -265216 ay=  -32000
     t=166 pred= 10 left= 10  y=   106 vy= -297216 ay=  -32000
     t=167 pred=  9 left=  9  y=   101 vy= -329216 ay=  -32000
     t=168 pred=  8 left=  8  y=    96 vy= -361216 ay=  -32000
     t=169 pred=  7 left=  7  y=    90 vy= -393216 ay=  -32000
     t=170 pred=  6 left=  6  y=    83 vy= -425216 ay=  -32000
     t=171 pred=  5 left=  5  y=    76 vy= -457216 ay=  -32000
     t=172 pred=  4 left=  4  y=    69 vy= -489216 ay=  -32000
     t=173 pred=  3 left=  3  y=    61 vy= -521216 ay=  -32000
     t=174 pred=  2 left=  2  y=    52 vy= -553216 ay=  -32000
     t=175 pred=  1 left=  1  y=    43 vy= -585216 ay=  -32000
P2  landings=4  no_prediction_ticks=25
   err all : +0:112
   err NEAR (pred<=20, the window the tool uses): +0:71
   err far  (pred>20, never acted on): +0:41
   last descent, landed on tick 247:
     t=213 pred= 34 left= 34  y=    55 vy=  493568 ay=  -30720
     t=214 pred= 33 left= 33  y=    62 vy=  462848 ay=  -30720
     t=215 pred= 32 left= 32  y=    69 vy=  432128 ay=  -30720
     t=216 pred= 31 left= 31  y=    75 vy=  401408 ay=  -30720
     t=217 pred= 30 left= 30  y=    80 vy=  370688 ay=  -30720
     t=218 pred= 29 left= 29  y=    86 vy=  339968 ay=  -30720
     t=219 pred= 28 left= 28  y=    90 vy=  309248 ay=  -30720
     t=220 pred= 27 left= 27  y=    95 vy=  278528 ay=  -30720
     t=221 pred= 26 left= 26  y=    98 vy=  247808 ay=  -30720
     t=222 pred= 25 left= 25  y=   102 vy=  217088 ay=  -30720
     t=223 pred= 24 left= 24  y=   105 vy=  186368 ay=  -30720
     t=224 pred= 23 left= 23  y=   107 vy=  155648 ay=  -30720
     t=225 pred= 22 left= 22  y=   109 vy=  124928 ay=  -30720
     t=226 pred= 21 left= 21  y=   110 vy=   94208 ay=  -30720
     t=227 pred= 20 left= 20  y=   111 vy=   63488 ay=  -30720
     t=228 pred= 19 left= 19  y=   112 vy=   32768 ay=  -30720
     t=229 pred= 18 left= 18  y=   112 vy=    2048 ay=  -30720
     t=230 pred= 17 left= 17  y=   111 vy=  -28672 ay=  -30720
     t=231 pred= 16 left= 16  y=   110 vy=  -59392 ay=  -30720
     t=232 pred= 15 left= 15  y=   109 vy=  -90112 ay=  -30720
     t=233 pred= 14 left= 14  y=   107 vy= -120832 ay=  -30720
     t=234 pred= 13 left= 13  y=   105 vy= -151552 ay=  -30720
     t=235 pred= 12 left= 12  y=   102 vy= -182272 ay=  -30720
     t=236 pred= 11 left= 11  y=    99 vy= -212992 ay=  -30720
     t=237 pred= 10 left= 10  y=    95 vy= -243712 ay=  -30720
     t=238 pred=  9 left=  9  y=    91 vy= -274432 ay=  -30720
     t=239 pred=  8 left=  8  y=    86 vy= -305152 ay=  -30720
     t=240 pred=  7 left=  7  y=    81 vy= -335872 ay=  -30720
     t=241 pred=  6 left=  6  y=    76 vy= -366592 ay=  -30720
     t=242 pred=  5 left=  5  y=    70 vy= -397312 ay=  -30720
     t=243 pred=  4 left=  4  y=    63 vy= -428032 ay=  -30720
     t=244 pred=  3 left=  3  y=    56 vy= -458752 ay=  -30720
     t=245 pred=  2 left=  2  y=    49 vy= -489472 ay=  -30720
     t=246 pred=  1 left=  1  y=    41 vy= -520192 ay=  -30720
---- landing prediction ----
P1  landings=93  no_prediction_ticks=0
   err all : -45:7 -38:1 -36:1 -34:1 -32:1 -30:1 -29:9 -28:1 -26:1 -24:1 -22:77 -21:5 -20:6 -19:5 -18:6 -17:5 -16:6 -15:5 -14:6 -13:5 -12:6 -11:296 -10:27 -9:27 -8:27 -7:27 -6:27 -5:27 -4:27 -3:27 -2:27 -1:27 +0:1442 +5:180 +11:99 +16:261
   err NEAR (pred<=20, the window the tool uses): -45:7 -38:1 -36:1 -34:1 -32:1 -30:1 -28:1 -26:1 -24:1 -22:11 -21:2 -20:3 -19:2 -18:3 -17:2 -16:3 -15:2 -14:3 -13:2 -12:3 -11:259 -10:27 -9:27 -8:27 -7:27 -6:27 -5:27 -4:27 -3:27 -2:27 -1:27 +0:1041
   err far  (pred>20, never acted on): -29:9 -22:66 -21:3 -20:3 -19:3 -18:3 -17:3 -16:3 -15:3 -14:3 -13:3 -12:3 -11:37 +0:401 +5:180 +11:99 +16:261
   last descent, landed on tick 197:
     t=177 pred= 36 left= 20  y=    40 vy=  245760 ay=  -13312
     t=178 pred= 35 left= 19  y=    43 vy=  232448 ay=  -13312
     t=179 pred= 34 left= 18  y=    46 vy=  219136 ay=  -13312
     t=180 pred= 33 left= 17  y=    50 vy=  205824 ay=  -13312
     t=181 pred= 32 left= 16  y=    52 vy=  192512 ay=  -13312
     t=182 pred= 31 left= 15  y=    55 vy=  179200 ay=  -13312
     t=183 pred= 30 left= 14  y=    58 vy=  165888 ay=  -13312
     t=184 pred= 29 left= 13  y=    60 vy=  152576 ay=  -13312
     t=185 pred= 28 left= 12  y=    62 vy=  139264 ay=  -13312
     t=186 pred= 11 left= 11  y=    64 vy=       0 ay=  -26624
     t=187 pred= 10 left= 10  y=    64 vy=  -26624 ay=  -26624
     t=188 pred=  9 left=  9  y=    63 vy=  -53248 ay=  -26624
     t=189 pred=  8 left=  8  y=    62 vy=  -79872 ay=  -26624
     t=190 pred=  7 left=  7  y=    60 vy= -106496 ay=  -26624
     t=191 pred=  6 left=  6  y=    58 vy= -133120 ay=  -26624
     t=192 pred=  5 left=  5  y=    56 vy= -159744 ay=  -26624
     t=193 pred=  4 left=  4  y=    53 vy= -186368 ay=  -26624
     t=194 pred=  3 left=  3  y=    49 vy= -212992 ay=  -26624
     t=195 pred=  2 left=  2  y=    46 vy= -239616 ay=  -26624
     t=196 pred=  1 left=  1  y=    42 vy= -266240 ay=  -26624
P2  landings=4  no_prediction_ticks=25
   err all : +0:112
   err NEAR (pred<=20, the window the tool uses): +0:71
   err far  (pred>20, never acted on): +0:41
   last descent, landed on tick 247:
     t=213 pred= 34 left= 34  y=    55 vy=  493568 ay=  -30720
     t=214 pred= 33 left= 33  y=    62 vy=  462848 ay=  -30720
     t=215 pred= 32 left= 32  y=    69 vy=  432128 ay=  -30720
     t=216 pred= 31 left= 31  y=    75 vy=  401408 ay=  -30720
     t=217 pred= 30 left= 30  y=    80 vy=  370688 ay=  -30720
     t=218 pred= 29 left= 29  y=    86 vy=  339968 ay=  -30720
     t=219 pred= 28 left= 28  y=    90 vy=  309248 ay=  -30720
     t=220 pred= 27 left= 27  y=    95 vy=  278528 ay=  -30720
     t=221 pred= 26 left= 26  y=    98 vy=  247808 ay=  -30720
     t=222 pred= 25 left= 25  y=   102 vy=  217088 ay=  -30720
     t=223 pred= 24 left= 24  y=   105 vy=  186368 ay=  -30720
     t=224 pred= 23 left= 23  y=   107 vy=  155648 ay=  -30720
     t=225 pred= 22 left= 22  y=   109 vy=  124928 ay=  -30720
     t=226 pred= 21 left= 21  y=   110 vy=   94208 ay=  -30720
     t=227 pred= 20 left= 20  y=   111 vy=   63488 ay=  -30720
     t=228 pred= 19 left= 19  y=   112 vy=   32768 ay=  -30720
     t=229 pred= 18 left= 18  y=   112 vy=    2048 ay=  -30720
     t=230 pred= 17 left= 17  y=   111 vy=  -28672 ay=  -30720
     t=231 pred= 16 left= 16  y=   110 vy=  -59392 ay=  -30720
     t=232 pred= 15 left= 15  y=   109 vy=  -90112 ay=  -30720
     t=233 pred= 14 left= 14  y=   107 vy= -120832 ay=  -30720
     t=234 pred= 13 left= 13  y=   105 vy= -151552 ay=  -30720
     t=235 pred= 12 left= 12  y=   102 vy= -182272 ay=  -30720
     t=236 pred= 11 left= 11  y=    99 vy= -212992 ay=  -30720
     t=237 pred= 10 left= 10  y=    95 vy= -243712 ay=  -30720
     t=238 pred=  9 left=  9  y=    91 vy= -274432 ay=  -30720
     t=239 pred=  8 left=  8  y=    86 vy= -305152 ay=  -30720
     t=240 pred=  7 left=  7  y=    81 vy= -335872 ay=  -30720
     t=241 pred=  6 left=  6  y=    76 vy= -366592 ay=  -30720
     t=242 pred=  5 left=  5  y=    70 vy= -397312 ay=  -30720
     t=243 pred=  4 left=  4  y=    63 vy= -428032 ay=  -30720
     t=244 pred=  3 left=  3  y=    56 vy= -458752 ay=  -30720
     t=245 pred=  2 left=  2  y=    49 vy= -489472 ay=  -30720
     t=246 pred=  1 left=  1  y=    41 vy= -520192 ay=  -30720
---- landing prediction ----
P1  landings=94  no_prediction_ticks=0
   err all : -45:7 -38:1 -36:1 -34:1 -32:1 -30:1 -29:9 -28:1 -26:1 -24:1 -22:77 -21:5 -20:6 -19:5 -18:6 -17:5 -16:6 -15:5 -14:6 -13:5 -12:6 -11:304 -10:28 -9:28 -8:28 -7:28 -6:28 -5:28 -4:28 -3:28 -2:28 -1:28 +0:1446 +5:189 +11:99 +16:261
   err NEAR (pred<=20, the window the tool uses): -45:7 -38:1 -36:1 -34:1 -32:1 -30:1 -28:1 -26:1 -24:1 -22:11 -21:2 -20:3 -19:2 -18:3 -17:2 -16:3 -15:2 -14:3 -13:2 -12:3 -11:267 -10:28 -9:28 -8:28 -7:28 -6:28 -5:28 -4:28 -3:28 -2:28 -1:28 +0:1045
   err far  (pred>20, never acted on): -29:9 -22:66 -21:3 -20:3 -19:3 -18:3 -17:3 -16:3 -15:3 -14:3 -13:3 -12:3 -11:37 +0:401 +5:189 +11:99 +16:261
   last descent, landed on tick 36:
     t=  5 pred= 36 left= 31  y=    40 vy=  245760 ay=  -13312
     t=  6 pred= 35 left= 30  y=    43 vy=  232448 ay=  -13312
     t=  7 pred= 34 left= 29  y=    46 vy=  219136 ay=  -13312
     t=  8 pred= 33 left= 28  y=    50 vy=  205824 ay=  -13312
     t=  9 pred= 32 left= 27  y=    52 vy=  192512 ay=  -13312
     t= 10 pred= 31 left= 26  y=    55 vy=  179200 ay=  -13312
     t= 11 pred= 30 left= 25  y=    58 vy=  165888 ay=  -13312
     t= 12 pred= 29 left= 24  y=    60 vy=  152576 ay=  -13312
     t= 13 pred= 28 left= 23  y=    62 vy=  139264 ay=  -13312
     t= 14 pred= 11 left= 22  y=    64 vy=       0 ay=  -26624
     t= 15 pred= 10 left= 21  y=    64 vy=  -26624 ay=  -26624
     t= 16 pred=  9 left= 20  y=    63 vy=  -53248 ay=  -26624
     t= 17 pred=  8 left= 19  y=    62 vy=  -79872 ay=  -26624
     t= 18 pred=  7 left= 18  y=    60 vy= -106496 ay=  -26624
     t= 19 pred=  6 left= 17  y=    58 vy= -133120 ay=  -26624
     t= 20 pred=  5 left= 16  y=    56 vy= -159744 ay=  -26624
     t= 21 pred=  4 left= 15  y=    53 vy= -186368 ay=  -26624
     t= 22 pred=  4 left= 14  y=    53 vy= -186368 ay=  -26624
     t= 23 pred=  4 left= 13  y=    53 vy= -186368 ay=  -26624
     t= 24 pred=  4 left= 12  y=    53 vy= -186368 ay=  -26624
     t= 25 pred=  4 left= 11  y=    53 vy= -186368 ay=  -26624
     t= 26 pred=  4 left= 10  y=    53 vy= -186368 ay=  -26624
     t= 27 pred=  4 left=  9  y=    53 vy= -186368 ay=  -26624
     t= 28 pred=  4 left=  8  y=    53 vy= -186368 ay=  -26624
     t= 29 pred=  4 left=  7  y=    53 vy= -186368 ay=  -26624
     t= 30 pred=  4 left=  6  y=    53 vy= -186368 ay=  -26624
     t= 31 pred=  4 left=  5  y=    53 vy= -186368 ay=  -26624
     t= 32 pred=  4 left=  4  y=    53 vy= -186368 ay=  -26624
     t= 33 pred=  3 left=  3  y=    49 vy= -212992 ay=  -26624
     t= 34 pred=  2 left=  2  y=    46 vy= -239616 ay=  -26624
     t= 35 pred=  1 left=  1  y=    42 vy= -266240 ay=  -26624
P2  landings=4  no_prediction_ticks=25
   err all : +0:112
   err NEAR (pred<=20, the window the tool uses): +0:71
   err far  (pred>20, never acted on): +0:41
   last descent, landed on tick 247:
     t=213 pred= 34 left= 34  y=    55 vy=  493568 ay=  -30720
     t=214 pred= 33 left= 33  y=    62 vy=  462848 ay=  -30720
     t=215 pred= 32 left= 32  y=    69 vy=  432128 ay=  -30720
     t=216 pred= 31 left= 31  y=    75 vy=  401408 ay=  -30720
     t=217 pred= 30 left= 30  y=    80 vy=  370688 ay=  -30720
     t=218 pred= 29 left= 29  y=    86 vy=  339968 ay=  -30720
     t=219 pred= 28 left= 28  y=    90 vy=  309248 ay=  -30720
     t=220 pred= 27 left= 27  y=    95 vy=  278528 ay=  -30720
     t=221 pred= 26 left= 26  y=    98 vy=  247808 ay=  -30720
     t=222 pred= 25 left= 25  y=   102 vy=  217088 ay=  -30720
     t=223 pred= 24 left= 24  y=   105 vy=  186368 ay=  -30720
     t=224 pred= 23 left= 23  y=   107 vy=  155648 ay=  -30720
     t=225 pred= 22 left= 22  y=   109 vy=  124928 ay=  -30720
     t=226 pred= 21 left= 21  y=   110 vy=   94208 ay=  -30720
     t=227 pred= 20 left= 20  y=   111 vy=   63488 ay=  -30720
     t=228 pred= 19 left= 19  y=   112 vy=   32768 ay=  -30720
     t=229 pred= 18 left= 18  y=   112 vy=    2048 ay=  -30720
     t=230 pred= 17 left= 17  y=   111 vy=  -28672 ay=  -30720
     t=231 pred= 16 left= 16  y=   110 vy=  -59392 ay=  -30720
     t=232 pred= 15 left= 15  y=   109 vy=  -90112 ay=  -30720
     t=233 pred= 14 left= 14  y=   107 vy= -120832 ay=  -30720
     t=234 pred= 13 left= 13  y=   105 vy= -151552 ay=  -30720
     t=235 pred= 12 left= 12  y=   102 vy= -182272 ay=  -30720
     t=236 pred= 11 left= 11  y=    99 vy= -212992 ay=  -30720
     t=237 pred= 10 left= 10  y=    95 vy= -243712 ay=  -30720
     t=238 pred=  9 left=  9  y=    91 vy= -274432 ay=  -30720
     t=239 pred=  8 left=  8  y=    86 vy= -305152 ay=  -30720
     t=240 pred=  7 left=  7  y=    81 vy= -335872 ay=  -30720
     t=241 pred=  6 left=  6  y=    76 vy= -366592 ay=  -30720
     t=242 pred=  5 left=  5  y=    70 vy= -397312 ay=  -30720
     t=243 pred=  4 left=  4  y=    63 vy= -428032 ay=  -30720
     t=244 pred=  3 left=  3  y=    56 vy= -458752 ay=  -30720
     t=245 pred=  2 left=  2  y=    49 vy= -489472 ay=  -30720
     t=246 pred=  1 left=  1  y=    41 vy= -520192 ay=  -30720
---- landing prediction ----
P1  landings=95  no_prediction_ticks=0
   err all : -45:7 -38:1 -36:1 -34:1 -32:1 -30:1 -29:9 -28:1 -26:1 -24:1 -22:91 -21:6 -20:7 -19:6 -18:7 -17:6 -16:7 -15:6 -14:7 -13:6 -12:7 -11:323 -10:29 -9:29 -8:29 -7:29 -6:29 -5:29 -4:29 -3:29 -2:29 -1:29 +0:1451 +5:189 +11:99 +16:261
   err NEAR (pred<=20, the window the tool uses): -45:7 -38:1 -36:1 -34:1 -32:1 -30:1 -28:1 -26:1 -24:1 -22:11 -21:2 -20:3 -19:2 -18:3 -17:2 -16:3 -15:2 -14:3 -13:2 -12:3 -11:283 -10:29 -9:29 -8:29 -7:29 -6:29 -5:29 -4:29 -3:29 -2:29 -1:29 +0:1050
   err far  (pred>20, never acted on): -29:9 -22:80 -21:4 -20:4 -19:4 -18:4 -17:4 -16:4 -15:4 -14:4 -13:4 -12:4 -11:40 +0:401 +5:189 +11:99 +16:261
   last descent, landed on tick 96:
     t= 38 pred= 36 left= 58  y=    40 vy=  245760 ay=  -13312
     t= 39 pred= 35 left= 57  y=    43 vy=  232448 ay=  -13312
     t= 40 pred= 34 left= 56  y=    46 vy=  219136 ay=  -13312
     t= 41 pred= 33 left= 55  y=    50 vy=  205824 ay=  -13312
     t= 42 pred= 32 left= 54  y=    52 vy=  192512 ay=  -13312
     t= 43 pred= 31 left= 53  y=    55 vy=  179200 ay=  -13312
     t= 44 pred= 30 left= 52  y=    58 vy=  165888 ay=  -13312
     t= 45 pred= 29 left= 51  y=    60 vy=  152576 ay=  -13312
     t= 46 pred= 28 left= 50  y=    62 vy=  139264 ay=  -13312
     t= 47 pred= 27 left= 49  y=    64 vy=  125952 ay=  -13312
     t= 48 pred= 26 left= 48  y=    66 vy=  112640 ay=  -13312
     t= 49 pred= 25 left= 47  y=    67 vy=   99328 ay=  -13312
     t= 50 pred= 24 left= 46  y=    69 vy=   86016 ay=  -13312
     t= 51 pred= 23 left= 45  y=    70 vy=   72704 ay=  -13312
     t= 52 pred= 23 left= 44  y=    70 vy=   72704 ay=  -13312
     t= 53 pred= 23 left= 43  y=    70 vy=   72704 ay=  -13312
     t= 54 pred= 23 left= 42  y=    70 vy=   72704 ay=  -13312
     t= 55 pred= 23 left= 41  y=    70 vy=   72704 ay=  -13312
     t= 56 pred= 23 left= 40  y=    70 vy=   72704 ay=  -13312
     t= 57 pred= 23 left= 39  y=    70 vy=   72704 ay=  -13312
     t= 58 pred= 23 left= 38  y=    70 vy=   72704 ay=  -13312
     t= 59 pred= 23 left= 37  y=    70 vy=   72704 ay=  -13312
     t= 60 pred= 23 left= 36  y=    70 vy=   72704 ay=  -13312
     t= 61 pred= 23 left= 35  y=    70 vy=   72704 ay=  -13312
     t= 62 pred= 23 left= 34  y=    70 vy=   72704 ay=  -13312
     t= 63 pred= 22 left= 33  y=    71 vy=   59392 ay=  -13312
     t= 64 pred= 21 left= 32  y=    71 vy=   46080 ay=  -13312
     t= 65 pred= 20 left= 31  y=    72 vy=   32768 ay=  -13312
     t= 66 pred= 19 left= 30  y=    72 vy=   19456 ay=  -13312
     t= 67 pred= 18 left= 29  y=    72 vy=    6144 ay=  -13312
     t= 68 pred= 17 left= 28  y=    72 vy=   -7168 ay=  -13312
     t= 69 pred= 16 left= 27  y=    72 vy=  -20480 ay=  -13312
     t= 70 pred= 15 left= 26  y=    71 vy=  -33792 ay=  -13312
     t= 71 pred= 14 left= 25  y=    71 vy=  -47104 ay=  -13312
     t= 72 pred= 13 left= 24  y=    70 vy=  -60416 ay=  -13312
     t= 73 pred= 12 left= 23  y=    69 vy=  -73728 ay=  -13312
     t= 74 pred= 11 left= 22  y=    67 vy=  -87040 ay=  -13312
     t= 75 pred= 10 left= 21  y=    66 vy= -100352 ay=  -13312
     t= 76 pred=  9 left= 20  y=    64 vy= -113664 ay=  -13312
     t= 77 pred=  8 left= 19  y=    62 vy= -126976 ay=  -13312
P2  landings=4  no_prediction_ticks=25
   err all : +0:112
   err NEAR (pred<=20, the window the tool uses): +0:71
   err far  (pred>20, never acted on): +0:41
   last descent, landed on tick 247:
     t=213 pred= 34 left= 34  y=    55 vy=  493568 ay=  -30720
     t=214 pred= 33 left= 33  y=    62 vy=  462848 ay=  -30720
     t=215 pred= 32 left= 32  y=    69 vy=  432128 ay=  -30720
     t=216 pred= 31 left= 31  y=    75 vy=  401408 ay=  -30720
     t=217 pred= 30 left= 30  y=    80 vy=  370688 ay=  -30720
     t=218 pred= 29 left= 29  y=    86 vy=  339968 ay=  -30720
     t=219 pred= 28 left= 28  y=    90 vy=  309248 ay=  -30720
     t=220 pred= 27 left= 27  y=    95 vy=  278528 ay=  -30720
     t=221 pred= 26 left= 26  y=    98 vy=  247808 ay=  -30720
     t=222 pred= 25 left= 25  y=   102 vy=  217088 ay=  -30720
     t=223 pred= 24 left= 24  y=   105 vy=  186368 ay=  -30720
     t=224 pred= 23 left= 23  y=   107 vy=  155648 ay=  -30720
     t=225 pred= 22 left= 22  y=   109 vy=  124928 ay=  -30720
     t=226 pred= 21 left= 21  y=   110 vy=   94208 ay=  -30720
     t=227 pred= 20 left= 20  y=   111 vy=   63488 ay=  -30720
     t=228 pred= 19 left= 19  y=   112 vy=   32768 ay=  -30720
     t=229 pred= 18 left= 18  y=   112 vy=    2048 ay=  -30720
     t=230 pred= 17 left= 17  y=   111 vy=  -28672 ay=  -30720
     t=231 pred= 16 left= 16  y=   110 vy=  -59392 ay=  -30720
     t=232 pred= 15 left= 15  y=   109 vy=  -90112 ay=  -30720
     t=233 pred= 14 left= 14  y=   107 vy= -120832 ay=  -30720
     t=234 pred= 13 left= 13  y=   105 vy= -151552 ay=  -30720
     t=235 pred= 12 left= 12  y=   102 vy= -182272 ay=  -30720
     t=236 pred= 11 left= 11  y=    99 vy= -212992 ay=  -30720
     t=237 pred= 10 left= 10  y=    95 vy= -243712 ay=  -30720
     t=238 pred=  9 left=  9  y=    91 vy= -274432 ay=  -30720
     t=239 pred=  8 left=  8  y=    86 vy= -305152 ay=  -30720
     t=240 pred=  7 left=  7  y=    81 vy= -335872 ay=  -30720
     t=241 pred=  6 left=  6  y=    76 vy= -366592 ay=  -30720
     t=242 pred=  5 left=  5  y=    70 vy= -397312 ay=  -30720
     t=243 pred=  4 left=  4  y=    63 vy= -428032 ay=  -30720
     t=244 pred=  3 left=  3  y=    56 vy= -458752 ay=  -30720
     t=245 pred=  2 left=  2  y=    49 vy= -489472 ay=  -30720
     t=246 pred=  1 left=  1  y=    41 vy= -520192 ay=  -30720
---- landing prediction ----
P1  landings=96  no_prediction_ticks=0
   err all : -45:7 -38:1 -36:1 -34:1 -32:1 -30:1 -29:9 -28:1 -26:1 -24:1 -22:91 -21:6 -20:7 -19:6 -18:7 -17:6 -16:7 -15:6 -14:7 -13:6 -12:7 -11:330 -10:30 -9:30 -8:30 -7:30 -6:30 -5:30 -4:30 -3:30 -2:30 -1:30 +0:1456 +5:198 +11:99 +16:261
   err NEAR (pred<=20, the window the tool uses): -45:7 -38:1 -36:1 -34:1 -32:1 -30:1 -28:1 -26:1 -24:1 -22:11 -21:2 -20:3 -19:2 -18:3 -17:2 -16:3 -15:2 -14:3 -13:2 -12:3 -11:290 -10:30 -9:30 -8:30 -7:30 -6:30 -5:30 -4:30 -3:30 -2:30 -1:30 +0:1055
   err far  (pred>20, never acted on): -29:9 -22:80 -21:4 -20:4 -19:4 -18:4 -17:4 -16:4 -15:4 -14:4 -13:4 -12:4 -11:40 +0:401 +5:198 +11:99 +16:261
   last descent, landed on tick 197:
     t=166 pred= 36 left= 31  y=    40 vy=  245760 ay=  -13312
     t=167 pred= 35 left= 30  y=    43 vy=  232448 ay=  -13312
     t=168 pred= 34 left= 29  y=    46 vy=  219136 ay=  -13312
     t=169 pred= 33 left= 28  y=    50 vy=  205824 ay=  -13312
     t=170 pred= 32 left= 27  y=    52 vy=  192512 ay=  -13312
     t=171 pred= 31 left= 26  y=    55 vy=  179200 ay=  -13312
     t=172 pred= 30 left= 25  y=    58 vy=  165888 ay=  -13312
     t=173 pred= 29 left= 24  y=    60 vy=  152576 ay=  -13312
     t=174 pred= 28 left= 23  y=    62 vy=  139264 ay=  -13312
     t=175 pred= 11 left= 22  y=    64 vy=       0 ay=  -26624
     t=176 pred= 10 left= 21  y=    64 vy=  -26624 ay=  -26624
     t=177 pred=  9 left= 20  y=    63 vy=  -53248 ay=  -26624
     t=178 pred=  8 left= 19  y=    62 vy=  -79872 ay=  -26624
     t=179 pred=  7 left= 18  y=    60 vy= -106496 ay=  -26624
     t=180 pred=  6 left= 17  y=    58 vy= -133120 ay=  -26624
     t=181 pred=  5 left= 16  y=    56 vy= -159744 ay=  -26624
     t=182 pred=  5 left= 15  y=    56 vy= -159744 ay=  -26624
     t=183 pred=  5 left= 14  y=    56 vy= -159744 ay=  -26624
     t=184 pred=  5 left= 13  y=    56 vy= -159744 ay=  -26624
     t=185 pred=  5 left= 12  y=    56 vy= -159744 ay=  -26624
     t=186 pred=  5 left= 11  y=    56 vy= -159744 ay=  -26624
     t=187 pred=  5 left= 10  y=    56 vy= -159744 ay=  -26624
     t=188 pred=  5 left=  9  y=    56 vy= -159744 ay=  -26624
     t=189 pred=  5 left=  8  y=    56 vy= -159744 ay=  -26624
     t=190 pred=  5 left=  7  y=    56 vy= -159744 ay=  -26624
     t=191 pred=  5 left=  6  y=    56 vy= -159744 ay=  -26624
     t=192 pred=  5 left=  5  y=    56 vy= -159744 ay=  -26624
     t=193 pred=  4 left=  4  y=    53 vy= -186368 ay=  -26624
     t=194 pred=  3 left=  3  y=    49 vy= -212992 ay=  -26624
     t=195 pred=  2 left=  2  y=    46 vy= -239616 ay=  -26624
     t=196 pred=  1 left=  1  y=    42 vy= -266240 ay=  -26624
P2  landings=4  no_prediction_ticks=25
   err all : +0:112
   err NEAR (pred<=20, the window the tool uses): +0:71
   err far  (pred>20, never acted on): +0:41
   last descent, landed on tick 247:
     t=213 pred= 34 left= 34  y=    55 vy=  493568 ay=  -30720
     t=214 pred= 33 left= 33  y=    62 vy=  462848 ay=  -30720
     t=215 pred= 32 left= 32  y=    69 vy=  432128 ay=  -30720
     t=216 pred= 31 left= 31  y=    75 vy=  401408 ay=  -30720
     t=217 pred= 30 left= 30  y=    80 vy=  370688 ay=  -30720
     t=218 pred= 29 left= 29  y=    86 vy=  339968 ay=  -30720
     t=219 pred= 28 left= 28  y=    90 vy=  309248 ay=  -30720
     t=220 pred= 27 left= 27  y=    95 vy=  278528 ay=  -30720
     t=221 pred= 26 left= 26  y=    98 vy=  247808 ay=  -30720
     t=222 pred= 25 left= 25  y=   102 vy=  217088 ay=  -30720
     t=223 pred= 24 left= 24  y=   105 vy=  186368 ay=  -30720
     t=224 pred= 23 left= 23  y=   107 vy=  155648 ay=  -30720
     t=225 pred= 22 left= 22  y=   109 vy=  124928 ay=  -30720
     t=226 pred= 21 left= 21  y=   110 vy=   94208 ay=  -30720
     t=227 pred= 20 left= 20  y=   111 vy=   63488 ay=  -30720
     t=228 pred= 19 left= 19  y=   112 vy=   32768 ay=  -30720
     t=229 pred= 18 left= 18  y=   112 vy=    2048 ay=  -30720
     t=230 pred= 17 left= 17  y=   111 vy=  -28672 ay=  -30720
     t=231 pred= 16 left= 16  y=   110 vy=  -59392 ay=  -30720
     t=232 pred= 15 left= 15  y=   109 vy=  -90112 ay=  -30720
     t=233 pred= 14 left= 14  y=   107 vy= -120832 ay=  -30720
     t=234 pred= 13 left= 13  y=   105 vy= -151552 ay=  -30720
     t=235 pred= 12 left= 12  y=   102 vy= -182272 ay=  -30720
     t=236 pred= 11 left= 11  y=    99 vy= -212992 ay=  -30720
     t=237 pred= 10 left= 10  y=    95 vy= -243712 ay=  -30720
     t=238 pred=  9 left=  9  y=    91 vy= -274432 ay=  -30720
     t=239 pred=  8 left=  8  y=    86 vy= -305152 ay=  -30720
     t=240 pred=  7 left=  7  y=    81 vy= -335872 ay=  -30720
     t=241 pred=  6 left=  6  y=    76 vy= -366592 ay=  -30720
     t=242 pred=  5 left=  5  y=    70 vy= -397312 ay=  -30720
     t=243 pred=  4 left=  4  y=    63 vy= -428032 ay=  -30720
     t=244 pred=  3 left=  3  y=    56 vy= -458752 ay=  -30720
     t=245 pred=  2 left=  2  y=    49 vy= -489472 ay=  -30720
     t=246 pred=  1 left=  1  y=    41 vy= -520192 ay=  -30720
---- landing prediction ----
P1  landings=97  no_prediction_ticks=0
   err all : -45:7 -38:1 -36:1 -34:1 -32:1 -30:1 -29:9 -28:1 -26:1 -24:1 -22:91 -21:6 -20:7 -19:6 -18:7 -17:6 -16:7 -15:6 -14:7 -13:6 -12:7 -11:337 -10:31 -9:31 -8:31 -7:31 -6:31 -5:31 -4:31 -3:31 -2:31 -1:31 +0:1461 +5:207 +11:99 +16:261
   err NEAR (pred<=20, the window the tool uses): -45:7 -38:1 -36:1 -34:1 -32:1 -30:1 -28:1 -26:1 -24:1 -22:11 -21:2 -20:3 -19:2 -18:3 -17:2 -16:3 -15:2 -14:3 -13:2 -12:3 -11:297 -10:31 -9:31 -8:31 -7:31 -6:31 -5:31 -4:31 -3:31 -2:31 -1:31 +0:1060
   err far  (pred>20, never acted on): -29:9 -22:80 -21:4 -20:4 -19:4 -18:4 -17:4 -16:4 -15:4 -14:4 -13:4 -12:4 -11:40 +0:401 +5:207 +11:99 +16:261
   last descent, landed on tick 232:
     t=201 pred= 36 left= 31  y=    40 vy=  245760 ay=  -13312
     t=202 pred= 35 left= 30  y=    43 vy=  232448 ay=  -13312
     t=203 pred= 34 left= 29  y=    46 vy=  219136 ay=  -13312
     t=204 pred= 33 left= 28  y=    50 vy=  205824 ay=  -13312
     t=205 pred= 32 left= 27  y=    52 vy=  192512 ay=  -13312
     t=206 pred= 31 left= 26  y=    55 vy=  179200 ay=  -13312
     t=207 pred= 30 left= 25  y=    58 vy=  165888 ay=  -13312
     t=208 pred= 29 left= 24  y=    60 vy=  152576 ay=  -13312
     t=209 pred= 28 left= 23  y=    62 vy=  139264 ay=  -13312
     t=210 pred= 11 left= 22  y=    64 vy=       0 ay=  -26624
     t=211 pred= 10 left= 21  y=    64 vy=  -26624 ay=  -26624
     t=212 pred=  9 left= 20  y=    63 vy=  -53248 ay=  -26624
     t=213 pred=  8 left= 19  y=    62 vy=  -79872 ay=  -26624
     t=214 pred=  7 left= 18  y=    60 vy= -106496 ay=  -26624
     t=215 pred=  6 left= 17  y=    58 vy= -133120 ay=  -26624
     t=216 pred=  5 left= 16  y=    56 vy= -159744 ay=  -26624
     t=217 pred=  5 left= 15  y=    56 vy= -159744 ay=  -26624
     t=218 pred=  5 left= 14  y=    56 vy= -159744 ay=  -26624
     t=219 pred=  5 left= 13  y=    56 vy= -159744 ay=  -26624
     t=220 pred=  5 left= 12  y=    56 vy= -159744 ay=  -26624
     t=221 pred=  5 left= 11  y=    56 vy= -159744 ay=  -26624
     t=222 pred=  5 left= 10  y=    56 vy= -159744 ay=  -26624
     t=223 pred=  5 left=  9  y=    56 vy= -159744 ay=  -26624
     t=224 pred=  5 left=  8  y=    56 vy= -159744 ay=  -26624
     t=225 pred=  5 left=  7  y=    56 vy= -159744 ay=  -26624
     t=226 pred=  5 left=  6  y=    56 vy= -159744 ay=  -26624
     t=227 pred=  5 left=  5  y=    56 vy= -159744 ay=  -26624
     t=228 pred=  4 left=  4  y=    53 vy= -186368 ay=  -26624
     t=229 pred=  3 left=  3  y=    49 vy= -212992 ay=  -26624
     t=230 pred=  2 left=  2  y=    46 vy= -239616 ay=  -26624
     t=231 pred=  1 left=  1  y=    42 vy= -266240 ay=  -26624
P2  landings=4  no_prediction_ticks=25
   err all : +0:112
   err NEAR (pred<=20, the window the tool uses): +0:71
   err far  (pred>20, never acted on): +0:41
   last descent, landed on tick 247:
     t=213 pred= 34 left= 34  y=    55 vy=  493568 ay=  -30720
     t=214 pred= 33 left= 33  y=    62 vy=  462848 ay=  -30720
     t=215 pred= 32 left= 32  y=    69 vy=  432128 ay=  -30720
     t=216 pred= 31 left= 31  y=    75 vy=  401408 ay=  -30720
     t=217 pred= 30 left= 30  y=    80 vy=  370688 ay=  -30720
     t=218 pred= 29 left= 29  y=    86 vy=  339968 ay=  -30720
     t=219 pred= 28 left= 28  y=    90 vy=  309248 ay=  -30720
     t=220 pred= 27 left= 27  y=    95 vy=  278528 ay=  -30720
     t=221 pred= 26 left= 26  y=    98 vy=  247808 ay=  -30720
     t=222 pred= 25 left= 25  y=   102 vy=  217088 ay=  -30720
     t=223 pred= 24 left= 24  y=   105 vy=  186368 ay=  -30720
     t=224 pred= 23 left= 23  y=   107 vy=  155648 ay=  -30720
     t=225 pred= 22 left= 22  y=   109 vy=  124928 ay=  -30720
     t=226 pred= 21 left= 21  y=   110 vy=   94208 ay=  -30720
     t=227 pred= 20 left= 20  y=   111 vy=   63488 ay=  -30720
     t=228 pred= 19 left= 19  y=   112 vy=   32768 ay=  -30720
     t=229 pred= 18 left= 18  y=   112 vy=    2048 ay=  -30720
     t=230 pred= 17 left= 17  y=   111 vy=  -28672 ay=  -30720
     t=231 pred= 16 left= 16  y=   110 vy=  -59392 ay=  -30720
     t=232 pred= 15 left= 15  y=   109 vy=  -90112 ay=  -30720
     t=233 pred= 14 left= 14  y=   107 vy= -120832 ay=  -30720
     t=234 pred= 13 left= 13  y=   105 vy= -151552 ay=  -30720
     t=235 pred= 12 left= 12  y=   102 vy= -182272 ay=  -30720
     t=236 pred= 11 left= 11  y=    99 vy= -212992 ay=  -30720
     t=237 pred= 10 left= 10  y=    95 vy= -243712 ay=  -30720
     t=238 pred=  9 left=  9  y=    91 vy= -274432 ay=  -30720
     t=239 pred=  8 left=  8  y=    86 vy= -305152 ay=  -30720
     t=240 pred=  7 left=  7  y=    81 vy= -335872 ay=  -30720
     t=241 pred=  6 left=  6  y=    76 vy= -366592 ay=  -30720
     t=242 pred=  5 left=  5  y=    70 vy= -397312 ay=  -30720
     t=243 pred=  4 left=  4  y=    63 vy= -428032 ay=  -30720
     t=244 pred=  3 left=  3  y=    56 vy= -458752 ay=  -30720
     t=245 pred=  2 left=  2  y=    49 vy= -489472 ay=  -30720
     t=246 pred=  1 left=  1  y=    41 vy= -520192 ay=  -30720
---- landing prediction ----
P1  landings=98  no_prediction_ticks=0
   err all : -45:7 -38:1 -36:1 -34:1 -32:1 -30:1 -29:9 -28:1 -26:1 -24:1 -22:91 -21:6 -20:7 -19:6 -18:7 -17:6 -16:7 -15:6 -14:7 -13:6 -12:7 -11:345 -10:32 -9:32 -8:32 -7:32 -6:32 -5:32 -4:32 -3:32 -2:32 -1:32 +0:1465 +5:216 +11:99 +16:261
   err NEAR (pred<=20, the window the tool uses): -45:7 -38:1 -36:1 -34:1 -32:1 -30:1 -28:1 -26:1 -24:1 -22:11 -21:2 -20:3 -19:2 -18:3 -17:2 -16:3 -15:2 -14:3 -13:2 -12:3 -11:305 -10:32 -9:32 -8:32 -7:32 -6:32 -5:32 -4:32 -3:32 -2:32 -1:32 +0:1064
   err far  (pred>20, never acted on): -29:9 -22:80 -21:4 -20:4 -19:4 -18:4 -17:4 -16:4 -15:4 -14:4 -13:4 -12:4 -11:40 +0:401 +5:216 +11:99 +16:261
   last descent, landed on tick 46:
     t= 15 pred= 36 left= 31  y=    40 vy=  245760 ay=  -13312
     t= 16 pred= 35 left= 30  y=    43 vy=  232448 ay=  -13312
     t= 17 pred= 34 left= 29  y=    46 vy=  219136 ay=  -13312
     t= 18 pred= 33 left= 28  y=    50 vy=  205824 ay=  -13312
     t= 19 pred= 32 left= 27  y=    52 vy=  192512 ay=  -13312
     t= 20 pred= 31 left= 26  y=    55 vy=  179200 ay=  -13312
     t= 21 pred= 30 left= 25  y=    58 vy=  165888 ay=  -13312
     t= 22 pred= 29 left= 24  y=    60 vy=  152576 ay=  -13312
     t= 23 pred= 28 left= 23  y=    62 vy=  139264 ay=  -13312
     t= 24 pred= 11 left= 22  y=    64 vy=       0 ay=  -26624
     t= 25 pred= 10 left= 21  y=    64 vy=  -26624 ay=  -26624
     t= 26 pred=  9 left= 20  y=    63 vy=  -53248 ay=  -26624
     t= 27 pred=  8 left= 19  y=    62 vy=  -79872 ay=  -26624
     t= 28 pred=  7 left= 18  y=    60 vy= -106496 ay=  -26624
     t= 29 pred=  6 left= 17  y=    58 vy= -133120 ay=  -26624
     t= 30 pred=  5 left= 16  y=    56 vy= -159744 ay=  -26624
     t= 31 pred=  4 left= 15  y=    53 vy= -186368 ay=  -26624
     t= 32 pred=  4 left= 14  y=    53 vy= -186368 ay=  -26624
     t= 33 pred=  4 left= 13  y=    53 vy= -186368 ay=  -26624
     t= 34 pred=  4 left= 12  y=    53 vy= -186368 ay=  -26624
     t= 35 pred=  4 left= 11  y=    53 vy= -186368 ay=  -26624
     t= 36 pred=  4 left= 10  y=    53 vy= -186368 ay=  -26624
     t= 37 pred=  4 left=  9  y=    53 vy= -186368 ay=  -26624
     t= 38 pred=  4 left=  8  y=    53 vy= -186368 ay=  -26624
     t= 39 pred=  4 left=  7  y=    53 vy= -186368 ay=  -26624
     t= 40 pred=  4 left=  6  y=    53 vy= -186368 ay=  -26624
     t= 41 pred=  4 left=  5  y=    53 vy= -186368 ay=  -26624
     t= 42 pred=  4 left=  4  y=    53 vy= -186368 ay=  -26624
     t= 43 pred=  3 left=  3  y=    49 vy= -212992 ay=  -26624
     t= 44 pred=  2 left=  2  y=    46 vy= -239616 ay=  -26624
     t= 45 pred=  1 left=  1  y=    42 vy= -266240 ay=  -26624
P2  landings=4  no_prediction_ticks=25
   err all : +0:112
   err NEAR (pred<=20, the window the tool uses): +0:71
   err far  (pred>20, never acted on): +0:41
   last descent, landed on tick 247:
     t=213 pred= 34 left= 34  y=    55 vy=  493568 ay=  -30720
     t=214 pred= 33 left= 33  y=    62 vy=  462848 ay=  -30720
     t=215 pred= 32 left= 32  y=    69 vy=  432128 ay=  -30720
     t=216 pred= 31 left= 31  y=    75 vy=  401408 ay=  -30720
     t=217 pred= 30 left= 30  y=    80 vy=  370688 ay=  -30720
     t=218 pred= 29 left= 29  y=    86 vy=  339968 ay=  -30720
     t=219 pred= 28 left= 28  y=    90 vy=  309248 ay=  -30720
     t=220 pred= 27 left= 27  y=    95 vy=  278528 ay=  -30720
     t=221 pred= 26 left= 26  y=    98 vy=  247808 ay=  -30720
     t=222 pred= 25 left= 25  y=   102 vy=  217088 ay=  -30720
     t=223 pred= 24 left= 24  y=   105 vy=  186368 ay=  -30720
     t=224 pred= 23 left= 23  y=   107 vy=  155648 ay=  -30720
     t=225 pred= 22 left= 22  y=   109 vy=  124928 ay=  -30720
     t=226 pred= 21 left= 21  y=   110 vy=   94208 ay=  -30720
     t=227 pred= 20 left= 20  y=   111 vy=   63488 ay=  -30720
     t=228 pred= 19 left= 19  y=   112 vy=   32768 ay=  -30720
     t=229 pred= 18 left= 18  y=   112 vy=    2048 ay=  -30720
     t=230 pred= 17 left= 17  y=   111 vy=  -28672 ay=  -30720
     t=231 pred= 16 left= 16  y=   110 vy=  -59392 ay=  -30720
     t=232 pred= 15 left= 15  y=   109 vy=  -90112 ay=  -30720
     t=233 pred= 14 left= 14  y=   107 vy= -120832 ay=  -30720
     t=234 pred= 13 left= 13  y=   105 vy= -151552 ay=  -30720
     t=235 pred= 12 left= 12  y=   102 vy= -182272 ay=  -30720
     t=236 pred= 11 left= 11  y=    99 vy= -212992 ay=  -30720
     t=237 pred= 10 left= 10  y=    95 vy= -243712 ay=  -30720
     t=238 pred=  9 left=  9  y=    91 vy= -274432 ay=  -30720
     t=239 pred=  8 left=  8  y=    86 vy= -305152 ay=  -30720
     t=240 pred=  7 left=  7  y=    81 vy= -335872 ay=  -30720
     t=241 pred=  6 left=  6  y=    76 vy= -366592 ay=  -30720
     t=242 pred=  5 left=  5  y=    70 vy= -397312 ay=  -30720
     t=243 pred=  4 left=  4  y=    63 vy= -428032 ay=  -30720
     t=244 pred=  3 left=  3  y=    56 vy= -458752 ay=  -30720
     t=245 pred=  2 left=  2  y=    49 vy= -489472 ay=  -30720
     t=246 pred=  1 left=  1  y=    41 vy= -520192 ay=  -30720
---- landing prediction ----
P1  landings=99  no_prediction_ticks=0
   err all : -45:7 -38:1 -36:1 -34:1 -32:1 -30:1 -29:9 -28:1 -26:1 -24:1 -22:105 -21:7 -20:8 -19:7 -18:8 -17:7 -16:8 -15:7 -14:8 -13:7 -12:8 -11:367 -10:33 -9:33 -8:33 -7:33 -6:33 -5:33 -4:33 -3:33 -2:33 -1:33 +0:1467 +5:216 +11:99 +16:261
   err NEAR (pred<=20, the window the tool uses): -45:7 -38:1 -36:1 -34:1 -32:1 -30:1 -28:1 -26:1 -24:1 -22:11 -21:2 -20:3 -19:2 -18:3 -17:2 -16:3 -15:2 -14:3 -13:2 -12:3 -11:324 -10:33 -9:33 -8:33 -7:33 -6:33 -5:33 -4:33 -3:33 -2:33 -1:33 +0:1066
   err far  (pred>20, never acted on): -29:9 -22:94 -21:5 -20:5 -19:5 -18:5 -17:5 -16:5 -15:5 -14:5 -13:5 -12:5 -11:43 +0:401 +5:216 +11:99 +16:261
   last descent, landed on tick 107:
     t= 49 pred= 36 left= 58  y=    40 vy=  245760 ay=  -13312
     t= 50 pred= 35 left= 57  y=    43 vy=  232448 ay=  -13312
     t= 51 pred= 34 left= 56  y=    46 vy=  219136 ay=  -13312
     t= 52 pred= 33 left= 55  y=    50 vy=  205824 ay=  -13312
     t= 53 pred= 32 left= 54  y=    52 vy=  192512 ay=  -13312
     t= 54 pred= 31 left= 53  y=    55 vy=  179200 ay=  -13312
     t= 55 pred= 30 left= 52  y=    58 vy=  165888 ay=  -13312
     t= 56 pred= 29 left= 51  y=    60 vy=  152576 ay=  -13312
     t= 57 pred= 28 left= 50  y=    62 vy=  139264 ay=  -13312
     t= 58 pred= 27 left= 49  y=    64 vy=  125952 ay=  -13312
     t= 59 pred= 26 left= 48  y=    66 vy=  112640 ay=  -13312
     t= 60 pred= 25 left= 47  y=    67 vy=   99328 ay=  -13312
     t= 61 pred= 24 left= 46  y=    69 vy=   86016 ay=  -13312
     t= 62 pred= 23 left= 45  y=    70 vy=   72704 ay=  -13312
     t= 63 pred= 23 left= 44  y=    70 vy=   72704 ay=  -13312
     t= 64 pred= 23 left= 43  y=    70 vy=   72704 ay=  -13312
     t= 65 pred= 23 left= 42  y=    70 vy=   72704 ay=  -13312
     t= 66 pred= 23 left= 41  y=    70 vy=   72704 ay=  -13312
     t= 67 pred= 23 left= 40  y=    70 vy=   72704 ay=  -13312
     t= 68 pred= 23 left= 39  y=    70 vy=   72704 ay=  -13312
     t= 69 pred= 23 left= 38  y=    70 vy=   72704 ay=  -13312
     t= 70 pred= 23 left= 37  y=    70 vy=   72704 ay=  -13312
     t= 71 pred= 23 left= 36  y=    70 vy=   72704 ay=  -13312
     t= 72 pred= 23 left= 35  y=    70 vy=   72704 ay=  -13312
     t= 73 pred= 23 left= 34  y=    70 vy=   72704 ay=  -13312
     t= 74 pred= 22 left= 33  y=    71 vy=   59392 ay=  -13312
     t= 75 pred= 21 left= 32  y=    71 vy=   46080 ay=  -13312
     t= 76 pred= 20 left= 31  y=    72 vy=   32768 ay=  -13312
     t= 77 pred= 19 left= 30  y=    72 vy=   19456 ay=  -13312
     t= 78 pred= 18 left= 29  y=    72 vy=    6144 ay=  -13312
     t= 79 pred= 17 left= 28  y=    72 vy=   -7168 ay=  -13312
     t= 80 pred= 16 left= 27  y=    72 vy=  -20480 ay=  -13312
     t= 81 pred= 15 left= 26  y=    71 vy=  -33792 ay=  -13312
     t= 82 pred= 14 left= 25  y=    71 vy=  -47104 ay=  -13312
     t= 83 pred= 13 left= 24  y=    70 vy=  -60416 ay=  -13312
     t= 84 pred= 12 left= 23  y=    69 vy=  -73728 ay=  -13312
     t= 85 pred= 11 left= 22  y=    67 vy=  -87040 ay=  -13312
     t= 86 pred= 10 left= 21  y=    66 vy= -100352 ay=  -13312
     t= 87 pred=  9 left= 20  y=    64 vy= -113664 ay=  -13312
     t= 88 pred=  8 left= 19  y=    62 vy= -126976 ay=  -13312
P2  landings=4  no_prediction_ticks=25
   err all : +0:112
   err NEAR (pred<=20, the window the tool uses): +0:71
   err far  (pred>20, never acted on): +0:41
   last descent, landed on tick 247:
     t=213 pred= 34 left= 34  y=    55 vy=  493568 ay=  -30720
     t=214 pred= 33 left= 33  y=    62 vy=  462848 ay=  -30720
     t=215 pred= 32 left= 32  y=    69 vy=  432128 ay=  -30720
     t=216 pred= 31 left= 31  y=    75 vy=  401408 ay=  -30720
     t=217 pred= 30 left= 30  y=    80 vy=  370688 ay=  -30720
     t=218 pred= 29 left= 29  y=    86 vy=  339968 ay=  -30720
     t=219 pred= 28 left= 28  y=    90 vy=  309248 ay=  -30720
     t=220 pred= 27 left= 27  y=    95 vy=  278528 ay=  -30720
     t=221 pred= 26 left= 26  y=    98 vy=  247808 ay=  -30720
     t=222 pred= 25 left= 25  y=   102 vy=  217088 ay=  -30720
     t=223 pred= 24 left= 24  y=   105 vy=  186368 ay=  -30720
     t=224 pred= 23 left= 23  y=   107 vy=  155648 ay=  -30720
     t=225 pred= 22 left= 22  y=   109 vy=  124928 ay=  -30720
     t=226 pred= 21 left= 21  y=   110 vy=   94208 ay=  -30720
     t=227 pred= 20 left= 20  y=   111 vy=   63488 ay=  -30720
     t=228 pred= 19 left= 19  y=   112 vy=   32768 ay=  -30720
     t=229 pred= 18 left= 18  y=   112 vy=    2048 ay=  -30720
     t=230 pred= 17 left= 17  y=   111 vy=  -28672 ay=  -30720
     t=231 pred= 16 left= 16  y=   110 vy=  -59392 ay=  -30720
     t=232 pred= 15 left= 15  y=   109 vy=  -90112 ay=  -30720
     t=233 pred= 14 left= 14  y=   107 vy= -120832 ay=  -30720
     t=234 pred= 13 left= 13  y=   105 vy= -151552 ay=  -30720
     t=235 pred= 12 left= 12  y=   102 vy= -182272 ay=  -30720
     t=236 pred= 11 left= 11  y=    99 vy= -212992 ay=  -30720
     t=237 pred= 10 left= 10  y=    95 vy= -243712 ay=  -30720
     t=238 pred=  9 left=  9  y=    91 vy= -274432 ay=  -30720
     t=239 pred=  8 left=  8  y=    86 vy= -305152 ay=  -30720
     t=240 pred=  7 left=  7  y=    81 vy= -335872 ay=  -30720
     t=241 pred=  6 left=  6  y=    76 vy= -366592 ay=  -30720
     t=242 pred=  5 left=  5  y=    70 vy= -397312 ay=  -30720
     t=243 pred=  4 left=  4  y=    63 vy= -428032 ay=  -30720
     t=244 pred=  3 left=  3  y=    56 vy= -458752 ay=  -30720
     t=245 pred=  2 left=  2  y=    49 vy= -489472 ay=  -30720
     t=246 pred=  1 left=  1  y=    41 vy= -520192 ay=  -30720
---- landing prediction ----
P1  landings=100  no_prediction_ticks=0
   err all : -45:14 -38:2 -36:2 -34:2 -32:2 -30:2 -29:18 -28:2 -26:2 -24:2 -22:106 -21:7 -20:9 -19:7 -18:9 -17:7 -16:9 -15:7 -14:9 -13:7 -12:9 -11:367 -10:34 -9:34 -8:34 -7:34 -6:34 -5:34 -4:34 -3:34 -2:34 -1:34 +0:1471 +5:216 +11:99 +16:261
   err NEAR (pred<=20, the window the tool uses): -45:14 -38:2 -36:2 -34:2 -32:2 -30:2 -28:2 -26:2 -24:2 -22:12 -21:2 -20:4 -19:2 -18:4 -17:2 -16:4 -15:2 -14:4 -13:2 -12:4 -11:324 -10:34 -9:34 -8:34 -7:34 -6:34 -5:34 -4:34 -3:34 -2:34 -1:34 +0:1070
   err far  (pred>20, never acted on): -29:18 -22:94 -21:5 -20:5 -19:5 -18:5 -17:5 -16:5 -15:5 -14:5 -13:5 -12:5 -11:43 +0:401 +5:216 +11:99 +16:261
   last descent, landed on tick 179:
     t=114 pred= 36 left= 65  y=    40 vy=  245760 ay=  -13312
     t=115 pred= 35 left= 64  y=    43 vy=  232448 ay=  -13312
     t=116 pred= 34 left= 63  y=    46 vy=  219136 ay=  -13312
     t=117 pred= 33 left= 62  y=    50 vy=  205824 ay=  -13312
     t=118 pred= 32 left= 61  y=    52 vy=  192512 ay=  -13312
     t=119 pred= 31 left= 60  y=    55 vy=  179200 ay=  -13312
     t=120 pred= 30 left= 59  y=    58 vy=  165888 ay=  -13312
     t=121 pred= 29 left= 58  y=    60 vy=  152576 ay=  -13312
     t=122 pred= 28 left= 57  y=    62 vy=  139264 ay=  -13312
     t=123 pred= 11 left= 56  y=    64 vy=       0 ay=  -26624
     t=124 pred= 10 left= 55  y=    64 vy=  -26624 ay=  -26624
     t=125 pred=  9 left= 54  y=    63 vy=  -53248 ay=  -26624
     t=126 pred=  8 left= 53  y=    62 vy=  -79872 ay=  -26624
     t=127 pred=  7 left= 52  y=    60 vy= -106496 ay=  -26624
     t=128 pred=  6 left= 51  y=    58 vy= -133120 ay=  -26624
     t=129 pred=  5 left= 50  y=    56 vy= -159744 ay=  -26624
     t=137 pred=  4 left= 42  y=    53 vy= -186368 ay=  -26624
     t=139 pred=  4 left= 40  y=    53 vy= -186368 ay=  -26624
     t=141 pred=  4 left= 38  y=    53 vy= -186368 ay=  -26624
     t=143 pred=  4 left= 36  y=    53 vy= -186368 ay=  -26624
     t=145 pred=  4 left= 34  y=    53 vy= -186368 ay=  -26624
     t=147 pred=  4 left= 32  y=    53 vy= -186368 ay=  -26624
     t=149 pred=  4 left= 30  y=    53 vy= -186368 ay=  -26624
     t=151 pred=  4 left= 28  y=    53 vy= -186368 ay=  -26624
     t=153 pred=  4 left= 26  y=    53 vy= -186368 ay=  -26624
     t=155 pred=  4 left= 24  y=    53 vy= -186368 ay=  -26624
     t=157 pred=  4 left= 22  y=    53 vy= -186368 ay=  -26624
     t=159 pred=  4 left= 20  y=    53 vy= -186368 ay=  -26624
     t=161 pred=  4 left= 18  y=    53 vy= -186368 ay=  -26624
     t=163 pred=  4 left= 16  y=    53 vy= -186368 ay=  -26624
     t=165 pred=  4 left= 14  y=    53 vy= -186368 ay=  -26624
     t=166 pred=  4 left= 13  y=    53 vy= -186368 ay=  -26624
     t=167 pred=  4 left= 12  y=    53 vy= -186368 ay=  -26624
     t=168 pred=  4 left= 11  y=    53 vy= -186368 ay=  -26624
     t=169 pred=  4 left= 10  y=    53 vy= -186368 ay=  -26624
     t=170 pred=  4 left=  9  y=    53 vy= -186368 ay=  -26624
     t=171 pred=  4 left=  8  y=    53 vy= -186368 ay=  -26624
     t=172 pred=  4 left=  7  y=    53 vy= -186368 ay=  -26624
     t=173 pred=  4 left=  6  y=    53 vy= -186368 ay=  -26624
     t=174 pred=  4 left=  5  y=    53 vy= -186368 ay=  -26624
P2  landings=4  no_prediction_ticks=25
   err all : +0:112
   err NEAR (pred<=20, the window the tool uses): +0:71
   err far  (pred>20, never acted on): +0:41
   last descent, landed on tick 247:
     t=213 pred= 34 left= 34  y=    55 vy=  493568 ay=  -30720
     t=214 pred= 33 left= 33  y=    62 vy=  462848 ay=  -30720
     t=215 pred= 32 left= 32  y=    69 vy=  432128 ay=  -30720
     t=216 pred= 31 left= 31  y=    75 vy=  401408 ay=  -30720
     t=217 pred= 30 left= 30  y=    80 vy=  370688 ay=  -30720
     t=218 pred= 29 left= 29  y=    86 vy=  339968 ay=  -30720
     t=219 pred= 28 left= 28  y=    90 vy=  309248 ay=  -30720
     t=220 pred= 27 left= 27  y=    95 vy=  278528 ay=  -30720
     t=221 pred= 26 left= 26  y=    98 vy=  247808 ay=  -30720
     t=222 pred= 25 left= 25  y=   102 vy=  217088 ay=  -30720
     t=223 pred= 24 left= 24  y=   105 vy=  186368 ay=  -30720
     t=224 pred= 23 left= 23  y=   107 vy=  155648 ay=  -30720
     t=225 pred= 22 left= 22  y=   109 vy=  124928 ay=  -30720
     t=226 pred= 21 left= 21  y=   110 vy=   94208 ay=  -30720
     t=227 pred= 20 left= 20  y=   111 vy=   63488 ay=  -30720
     t=228 pred= 19 left= 19  y=   112 vy=   32768 ay=  -30720
     t=229 pred= 18 left= 18  y=   112 vy=    2048 ay=  -30720
     t=230 pred= 17 left= 17  y=   111 vy=  -28672 ay=  -30720
     t=231 pred= 16 left= 16  y=   110 vy=  -59392 ay=  -30720
     t=232 pred= 15 left= 15  y=   109 vy=  -90112 ay=  -30720
     t=233 pred= 14 left= 14  y=   107 vy= -120832 ay=  -30720
     t=234 pred= 13 left= 13  y=   105 vy= -151552 ay=  -30720
     t=235 pred= 12 left= 12  y=   102 vy= -182272 ay=  -30720
     t=236 pred= 11 left= 11  y=    99 vy= -212992 ay=  -30720
     t=237 pred= 10 left= 10  y=    95 vy= -243712 ay=  -30720
     t=238 pred=  9 left=  9  y=    91 vy= -274432 ay=  -30720
     t=239 pred=  8 left=  8  y=    86 vy= -305152 ay=  -30720
     t=240 pred=  7 left=  7  y=    81 vy= -335872 ay=  -30720
     t=241 pred=  6 left=  6  y=    76 vy= -366592 ay=  -30720
     t=242 pred=  5 left=  5  y=    70 vy= -397312 ay=  -30720
     t=243 pred=  4 left=  4  y=    63 vy= -428032 ay=  -30720
     t=244 pred=  3 left=  3  y=    56 vy= -458752 ay=  -30720
     t=245 pred=  2 left=  2  y=    49 vy= -489472 ay=  -30720
     t=246 pred=  1 left=  1  y=    41 vy= -520192 ay=  -30720
---- landing prediction ----
P1  landings=100  no_prediction_ticks=0
   err all : -45:14 -38:2 -36:2 -34:2 -32:2 -30:2 -29:18 -28:2 -26:2 -24:2 -22:106 -21:7 -20:9 -19:7 -18:9 -17:7 -16:9 -15:7 -14:9 -13:7 -12:9 -11:367 -10:34 -9:34 -8:34 -7:34 -6:34 -5:34 -4:34 -3:34 -2:34 -1:34 +0:1471 +5:216 +11:99 +16:261
   err NEAR (pred<=20, the window the tool uses): -45:14 -38:2 -36:2 -34:2 -32:2 -30:2 -28:2 -26:2 -24:2 -22:12 -21:2 -20:4 -19:2 -18:4 -17:2 -16:4 -15:2 -14:4 -13:2 -12:4 -11:324 -10:34 -9:34 -8:34 -7:34 -6:34 -5:34 -4:34 -3:34 -2:34 -1:34 +0:1070
   err far  (pred>20, never acted on): -29:18 -22:94 -21:5 -20:5 -19:5 -18:5 -17:5 -16:5 -15:5 -14:5 -13:5 -12:5 -11:43 +0:401 +5:216 +11:99 +16:261
   last descent, landed on tick 179:
     t=114 pred= 36 left= 65  y=    40 vy=  245760 ay=  -13312
     t=115 pred= 35 left= 64  y=    43 vy=  232448 ay=  -13312
     t=116 pred= 34 left= 63  y=    46 vy=  219136 ay=  -13312
     t=117 pred= 33 left= 62  y=    50 vy=  205824 ay=  -13312
     t=118 pred= 32 left= 61  y=    52 vy=  192512 ay=  -13312
     t=119 pred= 31 left= 60  y=    55 vy=  179200 ay=  -13312
     t=120 pred= 30 left= 59  y=    58 vy=  165888 ay=  -13312
     t=121 pred= 29 left= 58  y=    60 vy=  152576 ay=  -13312
     t=122 pred= 28 left= 57  y=    62 vy=  139264 ay=  -13312
     t=123 pred= 11 left= 56  y=    64 vy=       0 ay=  -26624
     t=124 pred= 10 left= 55  y=    64 vy=  -26624 ay=  -26624
     t=125 pred=  9 left= 54  y=    63 vy=  -53248 ay=  -26624
     t=126 pred=  8 left= 53  y=    62 vy=  -79872 ay=  -26624
     t=127 pred=  7 left= 52  y=    60 vy= -106496 ay=  -26624
     t=128 pred=  6 left= 51  y=    58 vy= -133120 ay=  -26624
     t=129 pred=  5 left= 50  y=    56 vy= -159744 ay=  -26624
     t=137 pred=  4 left= 42  y=    53 vy= -186368 ay=  -26624
     t=139 pred=  4 left= 40  y=    53 vy= -186368 ay=  -26624
     t=141 pred=  4 left= 38  y=    53 vy= -186368 ay=  -26624
     t=143 pred=  4 left= 36  y=    53 vy= -186368 ay=  -26624
     t=145 pred=  4 left= 34  y=    53 vy= -186368 ay=  -26624
     t=147 pred=  4 left= 32  y=    53 vy= -186368 ay=  -26624
     t=149 pred=  4 left= 30  y=    53 vy= -186368 ay=  -26624
     t=151 pred=  4 left= 28  y=    53 vy= -186368 ay=  -26624
     t=153 pred=  4 left= 26  y=    53 vy= -186368 ay=  -26624
     t=155 pred=  4 left= 24  y=    53 vy= -186368 ay=  -26624
     t=157 pred=  4 left= 22  y=    53 vy= -186368 ay=  -26624
     t=159 pred=  4 left= 20  y=    53 vy= -186368 ay=  -26624
     t=161 pred=  4 left= 18  y=    53 vy= -186368 ay=  -26624
     t=163 pred=  4 left= 16  y=    53 vy= -186368 ay=  -26624
     t=165 pred=  4 left= 14  y=    53 vy= -186368 ay=  -26624
     t=166 pred=  4 left= 13  y=    53 vy= -186368 ay=  -26624
     t=167 pred=  4 left= 12  y=    53 vy= -186368 ay=  -26624
     t=168 pred=  4 left= 11  y=    53 vy= -186368 ay=  -26624
     t=169 pred=  4 left= 10  y=    53 vy= -186368 ay=  -26624
     t=170 pred=  4 left=  9  y=    53 vy= -186368 ay=  -26624
     t=171 pred=  4 left=  8  y=    53 vy= -186368 ay=  -26624
     t=172 pred=  4 left=  7  y=    53 vy= -186368 ay=  -26624
     t=173 pred=  4 left=  6  y=    53 vy= -186368 ay=  -26624
     t=174 pred=  4 left=  5  y=    53 vy= -186368 ay=  -26624
P2  landings=5  no_prediction_ticks=25
   err all : -70:1 -68:1 -66:1 -64:1 -62:1 -60:1 -58:1 -56:1 -54:1 -52:1 -50:1 -48:1 -46:1 -44:1 -43:1 -42:1 -41:1 -40:1 -39:1 -38:1 -37:1 -36:1 -35:1 -34:1 -33:1 +0:145
   err NEAR (pred<=20, the window the tool uses): -70:1 -68:1 -66:1 -64:1 -62:1 -60:1 -58:1 -56:1 -54:1 -52:1 -50:1 -48:1 -46:1 -44:1 -43:1 -42:1 -41:1 -40:1 -39:1 -38:1 -37:1 -36:1 -35:1 -34:1 -33:1 +0:91
   err far  (pred>20, never acted on): +0:54
   last descent, landed on tick 210:
     t=139 pred=  1 left= 71  y=    40 vy= -550912 ay=  -30720
     t=141 pred=  1 left= 69  y=    40 vy= -550912 ay=  -30720
     t=143 pred=  1 left= 67  y=    40 vy= -550912 ay=  -30720
     t=145 pred=  1 left= 65  y=    40 vy= -550912 ay=  -30720
     t=147 pred=  1 left= 63  y=    40 vy= -550912 ay=  -30720
     t=149 pred=  1 left= 61  y=    40 vy= -550912 ay=  -30720
     t=151 pred=  1 left= 59  y=    40 vy= -550912 ay=  -30720
     t=153 pred=  1 left= 57  y=    40 vy= -550912 ay=  -30720
     t=155 pred=  1 left= 55  y=    40 vy= -550912 ay=  -30720
     t=157 pred=  1 left= 53  y=    40 vy= -550912 ay=  -30720
     t=159 pred=  1 left= 51  y=    40 vy= -550912 ay=  -30720
     t=161 pred=  1 left= 49  y=    40 vy= -550912 ay=  -30720
     t=163 pred=  1 left= 47  y=    40 vy= -550912 ay=  -30720
     t=165 pred=  1 left= 45  y=    40 vy= -550912 ay=  -30720
     t=166 pred=  1 left= 44  y=    40 vy= -550912 ay=  -30720
     t=167 pred=  1 left= 43  y=    40 vy= -550912 ay=  -30720
     t=168 pred=  1 left= 42  y=    40 vy= -550912 ay=  -30720
     t=169 pred=  1 left= 41  y=    40 vy= -550912 ay=  -30720
     t=170 pred=  1 left= 40  y=    40 vy= -550912 ay=  -30720
     t=171 pred=  1 left= 39  y=    40 vy= -550912 ay=  -30720
     t=172 pred=  1 left= 38  y=    40 vy= -550912 ay=  -30720
     t=173 pred=  1 left= 37  y=    40 vy= -550912 ay=  -30720
     t=174 pred=  1 left= 36  y=    40 vy= -550912 ay=  -30720
     t=175 pred=  1 left= 35  y=    40 vy= -550912 ay=  -30720
     t=176 pred=  1 left= 34  y=    40 vy= -550912 ay=  -30720
     t=177 pred= 33 left= 33  y=    47 vy=  493568 ay=  -30720
     t=178 pred= 32 left= 32  y=    54 vy=  462848 ay=  -30720
     t=179 pred= 31 left= 31  y=    61 vy=  432128 ay=  -30720
     t=180 pred= 30 left= 30  y=    67 vy=  401408 ay=  -30720
     t=181 pred= 29 left= 29  y=    72 vy=  370688 ay=  -30720
     t=182 pred= 28 left= 28  y=    78 vy=  339968 ay=  -30720
     t=183 pred= 27 left= 27  y=    82 vy=  309248 ay=  -30720
     t=184 pred= 26 left= 26  y=    87 vy=  278528 ay=  -30720
     t=185 pred= 25 left= 25  y=    90 vy=  247808 ay=  -30720
     t=186 pred= 24 left= 24  y=    94 vy=  217088 ay=  -30720
     t=187 pred= 23 left= 23  y=    97 vy=  186368 ay=  -30720
     t=188 pred= 22 left= 22  y=    99 vy=  155648 ay=  -30720
     t=189 pred= 21 left= 21  y=   101 vy=  124928 ay=  -30720
     t=190 pred= 20 left= 20  y=   102 vy=   94208 ay=  -30720
     t=191 pred= 19 left= 19  y=   103 vy=   63488 ay=  -30720
---- landing prediction ----
P1  landings=100  no_prediction_ticks=0
   err all : -45:14 -38:2 -36:2 -34:2 -32:2 -30:2 -29:18 -28:2 -26:2 -24:2 -22:106 -21:7 -20:9 -19:7 -18:9 -17:7 -16:9 -15:7 -14:9 -13:7 -12:9 -11:367 -10:34 -9:34 -8:34 -7:34 -6:34 -5:34 -4:34 -3:34 -2:34 -1:34 +0:1471 +5:216 +11:99 +16:261
   err NEAR (pred<=20, the window the tool uses): -45:14 -38:2 -36:2 -34:2 -32:2 -30:2 -28:2 -26:2 -24:2 -22:12 -21:2 -20:4 -19:2 -18:4 -17:2 -16:4 -15:2 -14:4 -13:2 -12:4 -11:324 -10:34 -9:34 -8:34 -7:34 -6:34 -5:34 -4:34 -3:34 -2:34 -1:34 +0:1070
   err far  (pred>20, never acted on): -29:18 -22:94 -21:5 -20:5 -19:5 -18:5 -17:5 -16:5 -15:5 -14:5 -13:5 -12:5 -11:43 +0:401 +5:216 +11:99 +16:261
   last descent, landed on tick 179:
     t=114 pred= 36 left= 65  y=    40 vy=  245760 ay=  -13312
     t=115 pred= 35 left= 64  y=    43 vy=  232448 ay=  -13312
     t=116 pred= 34 left= 63  y=    46 vy=  219136 ay=  -13312
     t=117 pred= 33 left= 62  y=    50 vy=  205824 ay=  -13312
     t=118 pred= 32 left= 61  y=    52 vy=  192512 ay=  -13312
     t=119 pred= 31 left= 60  y=    55 vy=  179200 ay=  -13312
     t=120 pred= 30 left= 59  y=    58 vy=  165888 ay=  -13312
     t=121 pred= 29 left= 58  y=    60 vy=  152576 ay=  -13312
     t=122 pred= 28 left= 57  y=    62 vy=  139264 ay=  -13312
     t=123 pred= 11 left= 56  y=    64 vy=       0 ay=  -26624
     t=124 pred= 10 left= 55  y=    64 vy=  -26624 ay=  -26624
     t=125 pred=  9 left= 54  y=    63 vy=  -53248 ay=  -26624
     t=126 pred=  8 left= 53  y=    62 vy=  -79872 ay=  -26624
     t=127 pred=  7 left= 52  y=    60 vy= -106496 ay=  -26624
     t=128 pred=  6 left= 51  y=    58 vy= -133120 ay=  -26624
     t=129 pred=  5 left= 50  y=    56 vy= -159744 ay=  -26624
     t=137 pred=  4 left= 42  y=    53 vy= -186368 ay=  -26624
     t=139 pred=  4 left= 40  y=    53 vy= -186368 ay=  -26624
     t=141 pred=  4 left= 38  y=    53 vy= -186368 ay=  -26624
     t=143 pred=  4 left= 36  y=    53 vy= -186368 ay=  -26624
     t=145 pred=  4 left= 34  y=    53 vy= -186368 ay=  -26624
     t=147 pred=  4 left= 32  y=    53 vy= -186368 ay=  -26624
     t=149 pred=  4 left= 30  y=    53 vy= -186368 ay=  -26624
     t=151 pred=  4 left= 28  y=    53 vy= -186368 ay=  -26624
     t=153 pred=  4 left= 26  y=    53 vy= -186368 ay=  -26624
     t=155 pred=  4 left= 24  y=    53 vy= -186368 ay=  -26624
     t=157 pred=  4 left= 22  y=    53 vy= -186368 ay=  -26624
     t=159 pred=  4 left= 20  y=    53 vy= -186368 ay=  -26624
     t=161 pred=  4 left= 18  y=    53 vy= -186368 ay=  -26624
     t=163 pred=  4 left= 16  y=    53 vy= -186368 ay=  -26624
     t=165 pred=  4 left= 14  y=    53 vy= -186368 ay=  -26624
     t=166 pred=  4 left= 13  y=    53 vy= -186368 ay=  -26624
     t=167 pred=  4 left= 12  y=    53 vy= -186368 ay=  -26624
     t=168 pred=  4 left= 11  y=    53 vy= -186368 ay=  -26624
     t=169 pred=  4 left= 10  y=    53 vy= -186368 ay=  -26624
     t=170 pred=  4 left=  9  y=    53 vy= -186368 ay=  -26624
     t=171 pred=  4 left=  8  y=    53 vy= -186368 ay=  -26624
     t=172 pred=  4 left=  7  y=    53 vy= -186368 ay=  -26624
     t=173 pred=  4 left=  6  y=    53 vy= -186368 ay=  -26624
     t=174 pred=  4 left=  5  y=    53 vy= -186368 ay=  -26624
P2  landings=6  no_prediction_ticks=25
   err all : -70:1 -68:1 -66:1 -64:1 -62:1 -60:1 -58:1 -56:1 -54:1 -52:1 -50:1 -48:1 -46:1 -44:1 -43:1 -42:1 -41:1 -40:1 -39:1 -38:1 -37:1 -36:1 -35:1 -34:1 -33:1 +0:156
   err NEAR (pred<=20, the window the tool uses): -70:1 -68:1 -66:1 -64:1 -62:1 -60:1 -58:1 -56:1 -54:1 -52:1 -50:1 -48:1 -46:1 -44:1 -43:1 -42:1 -41:1 -40:1 -39:1 -38:1 -37:1 -36:1 -35:1 -34:1 -33:1 +0:102
   err far  (pred>20, never acted on): +0:54
   last descent, landed on tick 234:
     t=223 pred= 11 left= 11  y=    40 vy=  135168 ay=  -24576
     t=224 pred= 10 left= 10  y=    41 vy=  110592 ay=  -24576
     t=225 pred=  9 left=  9  y=    43 vy=   86016 ay=  -24576
     t=226 pred=  8 left=  8  y=    44 vy=   61440 ay=  -24576
     t=227 pred=  7 left=  7  y=    44 vy=   36864 ay=  -24576
     t=228 pred=  6 left=  6  y=    44 vy=   12288 ay=  -24576
     t=229 pred=  5 left=  5  y=    44 vy=  -12288 ay=  -24576
     t=230 pred=  4 left=  4  y=    44 vy=  -36864 ay=  -24576
     t=231 pred=  3 left=  3  y=    43 vy=  -61440 ay=  -24576
     t=232 pred=  2 left=  2  y=    41 vy=  -86016 ay=  -24576
     t=233 pred=  1 left=  1  y=    40 vy= -110592 ay=  -24576
---- landing prediction ----
P1  landings=1  no_prediction_ticks=0
   err all : -11:7 -10:1 -9:1 -8:1 -7:1 -6:1 -5:1 -4:1 -3:1 -2:1 -1:1 +0:5 +5:9
   err NEAR (made within 20 ticks of the landing): -11:5 -10:1 -9:1 -8:1 -7:1 -6:1 -5:1 -4:1 -3:1 -2:1 -1:1 +0:5
   err far  (made earlier, can still be invalidated): -11:2 +5:9
   last descent, landed on tick 245:
     t=214 pred= 36 left= 31  y=    40 vy=  245760 ay=  -13312
     t=215 pred= 35 left= 30  y=    43 vy=  232448 ay=  -13312
     t=216 pred= 34 left= 29  y=    46 vy=  219136 ay=  -13312
     t=217 pred= 33 left= 28  y=    50 vy=  205824 ay=  -13312
     t=218 pred= 32 left= 27  y=    52 vy=  192512 ay=  -13312
     t=219 pred= 31 left= 26  y=    55 vy=  179200 ay=  -13312
     t=220 pred= 30 left= 25  y=    58 vy=  165888 ay=  -13312
     t=221 pred= 29 left= 24  y=    60 vy=  152576 ay=  -13312
     t=222 pred= 28 left= 23  y=    62 vy=  139264 ay=  -13312
     t=223 pred= 11 left= 22  y=    64 vy=       0 ay=  -26624
     t=224 pred= 10 left= 21  y=    64 vy=  -26624 ay=  -26624
     t=225 pred=  9 left= 20  y=    63 vy=  -53248 ay=  -26624
     t=226 pred=  8 left= 19  y=    62 vy=  -79872 ay=  -26624
     t=227 pred=  7 left= 18  y=    60 vy= -106496 ay=  -26624
     t=228 pred=  6 left= 17  y=    58 vy= -133120 ay=  -26624
     t=229 pred=  5 left= 16  y=    56 vy= -159744 ay=  -26624
     t=230 pred=  5 left= 15  y=    56 vy= -159744 ay=  -26624
     t=231 pred=  5 left= 14  y=    56 vy= -159744 ay=  -26624
     t=232 pred=  5 left= 13  y=    56 vy= -159744 ay=  -26624
     t=233 pred=  5 left= 12  y=    56 vy= -159744 ay=  -26624
     t=234 pred=  5 left= 11  y=    56 vy= -159744 ay=  -26624
     t=235 pred=  5 left= 10  y=    56 vy= -159744 ay=  -26624
     t=236 pred=  5 left=  9  y=    56 vy= -159744 ay=  -26624
     t=237 pred=  5 left=  8  y=    56 vy= -159744 ay=  -26624
     t=238 pred=  5 left=  7  y=    56 vy= -159744 ay=  -26624
     t=239 pred=  5 left=  6  y=    56 vy= -159744 ay=  -26624
     t=240 pred=  5 left=  5  y=    56 vy= -159744 ay=  -26624
     t=241 pred=  4 left=  4  y=    53 vy= -186368 ay=  -26624
     t=242 pred=  3 left=  3  y=    49 vy= -212992 ay=  -26624
     t=243 pred=  2 left=  2  y=    46 vy= -239616 ay=  -26624
     t=244 pred=  1 left=  1  y=    42 vy= -266240 ay=  -26624
P2  landings=0  no_prediction_ticks=0
   err all : -
   err NEAR (made within 20 ticks of the landing): -
   err far  (made earlier, can still be invalidated): -
---- landing prediction ----
P1  landings=2  no_prediction_ticks=0
   err all : -11:15 -10:2 -9:2 -8:2 -7:2 -6:2 -5:2 -4:2 -3:2 -2:2 -1:2 +0:9 +5:18
   err NEAR (made within 20 ticks of the landing): -11:11 -10:2 -9:2 -8:2 -7:2 -6:2 -5:2 -4:2 -3:2 -2:2 -1:2 +0:9
   err far  (made earlier, can still be invalidated): -11:4 +5:18
   last descent, landed on tick 24:
     t=249 pred= 36 left= 31  y=    40 vy=  245760 ay=  -13312
     t=250 pred= 35 left= 30  y=    43 vy=  232448 ay=  -13312
     t=251 pred= 34 left= 29  y=    46 vy=  219136 ay=  -13312
     t=252 pred= 33 left= 28  y=    50 vy=  205824 ay=  -13312
     t=253 pred= 32 left= 27  y=    52 vy=  192512 ay=  -13312
     t=254 pred= 31 left= 26  y=    55 vy=  179200 ay=  -13312
     t=255 pred= 30 left= 25  y=    58 vy=  165888 ay=  -13312
     t=  0 pred= 29 left= 24  y=    60 vy=  152576 ay=  -13312
     t=  1 pred= 28 left= 23  y=    62 vy=  139264 ay=  -13312
     t=  2 pred= 11 left= 22  y=    64 vy=       0 ay=  -26624
     t=  3 pred= 10 left= 21  y=    64 vy=  -26624 ay=  -26624
     t=  4 pred=  9 left= 20  y=    63 vy=  -53248 ay=  -26624
     t=  5 pred=  8 left= 19  y=    62 vy=  -79872 ay=  -26624
     t=  6 pred=  7 left= 18  y=    60 vy= -106496 ay=  -26624
     t=  7 pred=  6 left= 17  y=    58 vy= -133120 ay=  -26624
     t=  8 pred=  5 left= 16  y=    56 vy= -159744 ay=  -26624
     t=  9 pred=  4 left= 15  y=    53 vy= -186368 ay=  -26624
     t= 10 pred=  4 left= 14  y=    53 vy= -186368 ay=  -26624
     t= 11 pred=  4 left= 13  y=    53 vy= -186368 ay=  -26624
     t= 12 pred=  4 left= 12  y=    53 vy= -186368 ay=  -26624
     t= 13 pred=  4 left= 11  y=    53 vy= -186368 ay=  -26624
     t= 14 pred=  4 left= 10  y=    53 vy= -186368 ay=  -26624
     t= 15 pred=  4 left=  9  y=    53 vy= -186368 ay=  -26624
     t= 16 pred=  4 left=  8  y=    53 vy= -186368 ay=  -26624
     t= 17 pred=  4 left=  7  y=    53 vy= -186368 ay=  -26624
     t= 18 pred=  4 left=  6  y=    53 vy= -186368 ay=  -26624
     t= 19 pred=  4 left=  5  y=    53 vy= -186368 ay=  -26624
     t= 20 pred=  4 left=  4  y=    53 vy= -186368 ay=  -26624
     t= 21 pred=  3 left=  3  y=    49 vy= -212992 ay=  -26624
     t= 22 pred=  2 left=  2  y=    46 vy= -239616 ay=  -26624
     t= 23 pred=  1 left=  1  y=    42 vy= -266240 ay=  -26624
P2  landings=0  no_prediction_ticks=0
   err all : -
   err NEAR (made within 20 ticks of the landing): -
   err far  (made earlier, can still be invalidated): -
---- landing prediction ----
P1  landings=3  no_prediction_ticks=0
   err all : -11:24 -10:3 -9:3 -8:3 -7:3 -6:3 -5:3 -4:3 -3:3 -2:3 -1:3 +0:12 +5:27
   err NEAR (made within 20 ticks of the landing): -11:18 -10:3 -9:3 -8:3 -7:3 -6:3 -5:3 -4:3 -3:3 -2:3 -1:3 +0:12
   err far  (made earlier, can still be invalidated): -11:6 +5:27
   last descent, landed on tick 64:
     t= 33 pred= 36 left= 31  y=    40 vy=  245760 ay=  -13312
     t= 34 pred= 35 left= 30  y=    43 vy=  232448 ay=  -13312
     t= 35 pred= 34 left= 29  y=    46 vy=  219136 ay=  -13312
     t= 36 pred= 33 left= 28  y=    50 vy=  205824 ay=  -13312
     t= 37 pred= 32 left= 27  y=    52 vy=  192512 ay=  -13312
     t= 38 pred= 31 left= 26  y=    55 vy=  179200 ay=  -13312
     t= 39 pred= 30 left= 25  y=    58 vy=  165888 ay=  -13312
     t= 40 pred= 29 left= 24  y=    60 vy=  152576 ay=  -13312
     t= 41 pred= 28 left= 23  y=    62 vy=  139264 ay=  -13312
     t= 42 pred= 11 left= 22  y=    64 vy=       0 ay=  -26624
     t= 43 pred= 10 left= 21  y=    64 vy=  -26624 ay=  -26624
     t= 44 pred=  9 left= 20  y=    63 vy=  -53248 ay=  -26624
     t= 45 pred=  8 left= 19  y=    62 vy=  -79872 ay=  -26624
     t= 46 pred=  7 left= 18  y=    60 vy= -106496 ay=  -26624
     t= 47 pred=  6 left= 17  y=    58 vy= -133120 ay=  -26624
     t= 48 pred=  5 left= 16  y=    56 vy= -159744 ay=  -26624
     t= 49 pred=  4 left= 15  y=    53 vy= -186368 ay=  -26624
     t= 50 pred=  3 left= 14  y=    49 vy= -212992 ay=  -26624
     t= 51 pred=  3 left= 13  y=    49 vy= -212992 ay=  -26624
     t= 52 pred=  3 left= 12  y=    49 vy= -212992 ay=  -26624
     t= 53 pred=  3 left= 11  y=    49 vy= -212992 ay=  -26624
     t= 54 pred=  3 left= 10  y=    49 vy= -212992 ay=  -26624
     t= 55 pred=  3 left=  9  y=    49 vy= -212992 ay=  -26624
     t= 56 pred=  3 left=  8  y=    49 vy= -212992 ay=  -26624
     t= 57 pred=  3 left=  7  y=    49 vy= -212992 ay=  -26624
     t= 58 pred=  3 left=  6  y=    49 vy= -212992 ay=  -26624
     t= 59 pred=  3 left=  5  y=    49 vy= -212992 ay=  -26624
     t= 60 pred=  3 left=  4  y=    49 vy= -212992 ay=  -26624
     t= 61 pred=  3 left=  3  y=    49 vy= -212992 ay=  -26624
     t= 62 pred=  2 left=  2  y=    46 vy= -239616 ay=  -26624
     t= 63 pred=  1 left=  1  y=    42 vy= -266240 ay=  -26624
P2  landings=0  no_prediction_ticks=0
   err all : -
   err NEAR (made within 20 ticks of the landing): -
   err far  (made earlier, can still be invalidated): -
---- landing prediction ----
P1  landings=4  no_prediction_ticks=0
   err all : -11:29 -10:4 -9:4 -8:4 -7:4 -6:4 -5:4 -4:4 -3:4 -2:4 -1:4 +0:19 +5:36
   err NEAR (made within 20 ticks of the landing): -11:21 -10:4 -9:4 -8:4 -7:4 -6:4 -5:4 -4:4 -3:4 -2:4 -1:4 +0:19
   err far  (made earlier, can still be invalidated): -11:8 +5:36
   last descent, landed on tick 101:
     t= 70 pred= 36 left= 31  y=    40 vy=  245760 ay=  -13312
     t= 71 pred= 35 left= 30  y=    43 vy=  232448 ay=  -13312
     t= 72 pred= 34 left= 29  y=    46 vy=  219136 ay=  -13312
     t= 73 pred= 33 left= 28  y=    50 vy=  205824 ay=  -13312
     t= 74 pred= 32 left= 27  y=    52 vy=  192512 ay=  -13312
     t= 75 pred= 31 left= 26  y=    55 vy=  179200 ay=  -13312
     t= 76 pred= 30 left= 25  y=    58 vy=  165888 ay=  -13312
     t= 77 pred= 29 left= 24  y=    60 vy=  152576 ay=  -13312
     t= 78 pred= 28 left= 23  y=    62 vy=  139264 ay=  -13312
     t= 79 pred= 11 left= 22  y=    64 vy=       0 ay=  -26624
     t= 80 pred= 10 left= 21  y=    64 vy=  -26624 ay=  -26624
     t= 81 pred=  9 left= 20  y=    63 vy=  -53248 ay=  -26624
     t= 82 pred=  8 left= 19  y=    62 vy=  -79872 ay=  -26624
     t= 83 pred=  7 left= 18  y=    60 vy= -106496 ay=  -26624
     t= 84 pred=  7 left= 17  y=    60 vy= -106496 ay=  -26624
     t= 85 pred=  7 left= 16  y=    60 vy= -106496 ay=  -26624
     t= 86 pred=  7 left= 15  y=    60 vy= -106496 ay=  -26624
     t= 87 pred=  7 left= 14  y=    60 vy= -106496 ay=  -26624
     t= 88 pred=  7 left= 13  y=    60 vy= -106496 ay=  -26624
     t= 89 pred=  7 left= 12  y=    60 vy= -106496 ay=  -26624
     t= 90 pred=  7 left= 11  y=    60 vy= -106496 ay=  -26624
     t= 91 pred=  7 left= 10  y=    60 vy= -106496 ay=  -26624
     t= 92 pred=  7 left=  9  y=    60 vy= -106496 ay=  -26624
     t= 93 pred=  7 left=  8  y=    60 vy= -106496 ay=  -26624
     t= 94 pred=  7 left=  7  y=    60 vy= -106496 ay=  -26624
     t= 95 pred=  6 left=  6  y=    58 vy= -133120 ay=  -26624
     t= 96 pred=  5 left=  5  y=    56 vy= -159744 ay=  -26624
     t= 97 pred=  4 left=  4  y=    53 vy= -186368 ay=  -26624
     t= 98 pred=  3 left=  3  y=    49 vy= -212992 ay=  -26624
     t= 99 pred=  2 left=  2  y=    46 vy= -239616 ay=  -26624
     t=100 pred=  1 left=  1  y=    42 vy= -266240 ay=  -26624
P2  landings=0  no_prediction_ticks=0
   err all : -
   err NEAR (made within 20 ticks of the landing): -
   err far  (made earlier, can still be invalidated): -
---- landing prediction ----
P1  landings=5  no_prediction_ticks=0
   err all : -11:29 -10:4 -9:4 -8:4 -7:4 -6:4 -5:4 -4:4 -3:4 -2:4 -1:4 +0:48 +5:36
   err NEAR (made within 20 ticks of the landing): -11:21 -10:4 -9:4 -8:4 -7:4 -6:4 -5:4 -4:4 -3:4 -2:4 -1:4 +0:39
   err far  (made earlier, can still be invalidated): -11:8 +0:9 +5:36
   last descent, landed on tick 144:
     t=115 pred= 29 left= 29  y=    40 vy=  786432 ay=  -53248
     t=116 pred= 28 left= 28  y=    51 vy=  733184 ay=  -53248
     t=117 pred= 27 left= 27  y=    61 vy=  679936 ay=  -53248
     t=118 pred= 26 left= 26  y=    71 vy=  626688 ay=  -53248
     t=119 pred= 25 left= 25  y=    79 vy=  573440 ay=  -53248
     t=120 pred= 24 left= 24  y=    87 vy=  520192 ay=  -53248
     t=121 pred= 23 left= 23  y=    94 vy=  466944 ay=  -53248
     t=122 pred= 22 left= 22  y=   101 vy=  413696 ay=  -53248
     t=123 pred= 21 left= 21  y=   106 vy=  360448 ay=  -53248
     t=124 pred= 20 left= 20  y=   111 vy=  307200 ay=  -53248
     t=125 pred= 19 left= 19  y=   115 vy=  253952 ay=  -53248
     t=126 pred= 18 left= 18  y=   118 vy=  200704 ay=  -53248
     t=127 pred= 17 left= 17  y=   120 vy=  147456 ay=  -53248
     t=128 pred= 16 left= 16  y=   122 vy=   94208 ay=  -53248
     t=129 pred= 15 left= 15  y=   122 vy=   40960 ay=  -53248
     t=130 pred= 14 left= 14  y=   122 vy=  -12288 ay=  -53248
     t=131 pred= 13 left= 13  y=   121 vy=  -65536 ay=  -53248
     t=132 pred= 12 left= 12  y=   119 vy= -118784 ay=  -53248
     t=133 pred= 11 left= 11  y=   117 vy= -172032 ay=  -53248
     t=134 pred= 10 left= 10  y=   113 vy= -225280 ay=  -53248
     t=135 pred=  9 left=  9  y=   109 vy= -278528 ay=  -53248
     t=136 pred=  8 left=  8  y=   104 vy= -331776 ay=  -53248
     t=137 pred=  7 left=  7  y=    98 vy= -385024 ay=  -53248
     t=138 pred=  6 left=  6  y=    91 vy= -438272 ay=  -53248
     t=139 pred=  5 left=  5  y=    84 vy= -491520 ay=  -53248
     t=140 pred=  4 left=  4  y=    75 vy= -544768 ay=  -53248
     t=141 pred=  3 left=  3  y=    66 vy= -598016 ay=  -53248
     t=142 pred=  2 left=  2  y=    56 vy= -651264 ay=  -53248
     t=143 pred=  1 left=  1  y=    46 vy= -704512 ay=  -53248
P2  landings=0  no_prediction_ticks=0
   err all : -
   err NEAR (made within 20 ticks of the landing): -
   err far  (made earlier, can still be invalidated): -
---- landing prediction ----
P1  landings=6  no_prediction_ticks=0
   err all : -11:29 -10:4 -9:4 -8:4 -7:4 -6:4 -5:4 -4:4 -3:4 -2:4 -1:4 +0:77 +5:36
   err NEAR (made within 20 ticks of the landing): -11:21 -10:4 -9:4 -8:4 -7:4 -6:4 -5:4 -4:4 -3:4 -2:4 -1:4 +0:59
   err far  (made earlier, can still be invalidated): -11:8 +0:18 +5:36
   last descent, landed on tick 187:
     t=158 pred= 29 left= 29  y=    40 vy=  786432 ay=  -53248
     t=159 pred= 28 left= 28  y=    51 vy=  733184 ay=  -53248
     t=160 pred= 27 left= 27  y=    61 vy=  679936 ay=  -53248
     t=161 pred= 26 left= 26  y=    71 vy=  626688 ay=  -53248
     t=162 pred= 25 left= 25  y=    79 vy=  573440 ay=  -53248
     t=163 pred= 24 left= 24  y=    87 vy=  520192 ay=  -53248
     t=164 pred= 23 left= 23  y=    94 vy=  466944 ay=  -53248
     t=165 pred= 22 left= 22  y=   101 vy=  413696 ay=  -53248
     t=166 pred= 21 left= 21  y=   106 vy=  360448 ay=  -53248
     t=167 pred= 20 left= 20  y=   111 vy=  307200 ay=  -53248
     t=168 pred= 19 left= 19  y=   115 vy=  253952 ay=  -53248
     t=169 pred= 18 left= 18  y=   118 vy=  200704 ay=  -53248
     t=170 pred= 17 left= 17  y=   120 vy=  147456 ay=  -53248
     t=171 pred= 16 left= 16  y=   122 vy=   94208 ay=  -53248
     t=172 pred= 15 left= 15  y=   122 vy=   40960 ay=  -53248
     t=173 pred= 14 left= 14  y=   122 vy=  -12288 ay=  -53248
     t=174 pred= 13 left= 13  y=   121 vy=  -65536 ay=  -53248
     t=175 pred= 12 left= 12  y=   119 vy= -118784 ay=  -53248
     t=176 pred= 11 left= 11  y=   117 vy= -172032 ay=  -53248
     t=177 pred= 10 left= 10  y=   113 vy= -225280 ay=  -53248
     t=178 pred=  9 left=  9  y=   109 vy= -278528 ay=  -53248
     t=179 pred=  8 left=  8  y=   104 vy= -331776 ay=  -53248
     t=180 pred=  7 left=  7  y=    98 vy= -385024 ay=  -53248
     t=181 pred=  6 left=  6  y=    91 vy= -438272 ay=  -53248
     t=182 pred=  5 left=  5  y=    84 vy= -491520 ay=  -53248
     t=183 pred=  4 left=  4  y=    75 vy= -544768 ay=  -53248
     t=184 pred=  3 left=  3  y=    66 vy= -598016 ay=  -53248
     t=185 pred=  2 left=  2  y=    56 vy= -651264 ay=  -53248
     t=186 pred=  1 left=  1  y=    46 vy= -704512 ay=  -53248
P2  landings=0  no_prediction_ticks=0
   err all : -
   err NEAR (made within 20 ticks of the landing): -
   err far  (made earlier, can still be invalidated): -
---- landing prediction ----
P1  landings=7  no_prediction_ticks=0
   err all : -11:29 -10:4 -9:4 -8:4 -7:4 -6:4 -5:4 -4:4 -3:4 -2:4 -1:4 +0:88 +5:36 +16:9
   err NEAR (made within 20 ticks of the landing): -11:21 -10:4 -9:4 -8:4 -7:4 -6:4 -5:4 -4:4 -3:4 -2:4 -1:4 +0:70 +16:9
   err far  (made earlier, can still be invalidated): -11:8 +0:18 +5:36
   last descent, landed on tick 209:
     t=189 pred= 36 left= 20  y=    40 vy=  245760 ay=  -13312
     t=190 pred= 35 left= 19  y=    43 vy=  232448 ay=  -13312
     t=191 pred= 34 left= 18  y=    46 vy=  219136 ay=  -13312
     t=192 pred= 33 left= 17  y=    50 vy=  205824 ay=  -13312
     t=193 pred= 32 left= 16  y=    52 vy=  192512 ay=  -13312
     t=194 pred= 31 left= 15  y=    55 vy=  179200 ay=  -13312
     t=195 pred= 30 left= 14  y=    58 vy=  165888 ay=  -13312
     t=196 pred= 29 left= 13  y=    60 vy=  152576 ay=  -13312
     t=197 pred= 28 left= 12  y=    62 vy=  139264 ay=  -13312
     t=198 pred= 11 left= 11  y=    64 vy=       0 ay=  -26624
     t=199 pred= 10 left= 10  y=    64 vy=  -26624 ay=  -26624
     t=200 pred=  9 left=  9  y=    63 vy=  -53248 ay=  -26624
     t=201 pred=  8 left=  8  y=    62 vy=  -79872 ay=  -26624
     t=202 pred=  7 left=  7  y=    60 vy= -106496 ay=  -26624
     t=203 pred=  6 left=  6  y=    58 vy= -133120 ay=  -26624
     t=204 pred=  5 left=  5  y=    56 vy= -159744 ay=  -26624
     t=205 pred=  4 left=  4  y=    53 vy= -186368 ay=  -26624
     t=206 pred=  3 left=  3  y=    49 vy= -212992 ay=  -26624
     t=207 pred=  2 left=  2  y=    46 vy= -239616 ay=  -26624
     t=208 pred=  1 left=  1  y=    42 vy= -266240 ay=  -26624
P2  landings=0  no_prediction_ticks=0
   err all : -
   err NEAR (made within 20 ticks of the landing): -
   err far  (made earlier, can still be invalidated): -
---- landing prediction ----
P1  landings=8  no_prediction_ticks=0
   err all : -11:29 -10:4 -9:4 -8:4 -7:4 -6:4 -5:4 -4:4 -3:4 -2:4 -1:4 +0:99 +5:36 +16:18
   err NEAR (made within 20 ticks of the landing): -11:21 -10:4 -9:4 -8:4 -7:4 -6:4 -5:4 -4:4 -3:4 -2:4 -1:4 +0:81 +16:18
   err far  (made earlier, can still be invalidated): -11:8 +0:18 +5:36
   last descent, landed on tick 234:
     t=214 pred= 36 left= 20  y=    40 vy=  245760 ay=  -13312
     t=215 pred= 35 left= 19  y=    43 vy=  232448 ay=  -13312
     t=216 pred= 34 left= 18  y=    46 vy=  219136 ay=  -13312
     t=217 pred= 33 left= 17  y=    50 vy=  205824 ay=  -13312
     t=218 pred= 32 left= 16  y=    52 vy=  192512 ay=  -13312
     t=219 pred= 31 left= 15  y=    55 vy=  179200 ay=  -13312
     t=220 pred= 30 left= 14  y=    58 vy=  165888 ay=  -13312
     t=221 pred= 29 left= 13  y=    60 vy=  152576 ay=  -13312
     t=222 pred= 28 left= 12  y=    62 vy=  139264 ay=  -13312
     t=223 pred= 11 left= 11  y=    64 vy=       0 ay=  -26624
     t=224 pred= 10 left= 10  y=    64 vy=  -26624 ay=  -26624
     t=225 pred=  9 left=  9  y=    63 vy=  -53248 ay=  -26624
     t=226 pred=  8 left=  8  y=    62 vy=  -79872 ay=  -26624
     t=227 pred=  7 left=  7  y=    60 vy= -106496 ay=  -26624
     t=228 pred=  6 left=  6  y=    58 vy= -133120 ay=  -26624
     t=229 pred=  5 left=  5  y=    56 vy= -159744 ay=  -26624
     t=230 pred=  4 left=  4  y=    53 vy= -186368 ay=  -26624
     t=231 pred=  3 left=  3  y=    49 vy= -212992 ay=  -26624
     t=232 pred=  2 left=  2  y=    46 vy= -239616 ay=  -26624
     t=233 pred=  1 left=  1  y=    42 vy= -266240 ay=  -26624
P2  landings=0  no_prediction_ticks=0
   err all : -
   err NEAR (made within 20 ticks of the landing): -
   err far  (made earlier, can still be invalidated): -
---- landing prediction ----
P1  landings=9  no_prediction_ticks=0
   err all : -11:29 -10:4 -9:4 -8:4 -7:4 -6:4 -5:4 -4:4 -3:4 -2:4 -1:4 +0:138 +5:36 +16:18
   err NEAR (made within 20 ticks of the landing): -11:21 -10:4 -9:4 -8:4 -7:4 -6:4 -5:4 -4:4 -3:4 -2:4 -1:4 +0:101 +16:18
   err far  (made earlier, can still be invalidated): -11:8 +0:37 +5:36
   last descent, landed on tick 28:
     t=245 pred= 39 left= 39  y=    40 vy=  630784 ay=  -32000
     t=246 pred= 38 left= 38  y=    49 vy=  598784 ay=  -32000
     t=247 pred= 37 left= 37  y=    57 vy=  566784 ay=  -32000
     t=248 pred= 36 left= 36  y=    65 vy=  534784 ay=  -32000
     t=249 pred= 35 left= 35  y=    73 vy=  502784 ay=  -32000
     t=250 pred= 34 left= 34  y=    80 vy=  470784 ay=  -32000
     t=251 pred= 33 left= 33  y=    87 vy=  438784 ay=  -32000
     t=252 pred= 32 left= 32  y=    93 vy=  406784 ay=  -32000
     t=253 pred= 31 left= 31  y=    99 vy=  374784 ay=  -32000
     t=254 pred= 30 left= 30  y=   104 vy=  342784 ay=  -32000
     t=255 pred= 29 left= 29  y=   109 vy=  310784 ay=  -32000
     t=  0 pred= 28 left= 28  y=   113 vy=  278784 ay=  -32000
     t=  1 pred= 27 left= 27  y=   117 vy=  246784 ay=  -32000
     t=  2 pred= 26 left= 26  y=   120 vy=  214784 ay=  -32000
     t=  3 pred= 25 left= 25  y=   123 vy=  182784 ay=  -32000
     t=  4 pred= 24 left= 24  y=   125 vy=  150784 ay=  -32000
     t=  5 pred= 23 left= 23  y=   127 vy=  118784 ay=  -32000
     t=  6 pred= 22 left= 22  y=   128 vy=   86784 ay=  -32000
     t=  7 pred= 21 left= 21  y=   129 vy=   54784 ay=  -32000
     t=  8 pred= 20 left= 20  y=   130 vy=   22784 ay=  -32000
     t=  9 pred= 19 left= 19  y=   129 vy=   -9216 ay=  -32000
     t= 10 pred= 18 left= 18  y=   129 vy=  -41216 ay=  -32000
     t= 11 pred= 17 left= 17  y=   128 vy=  -73216 ay=  -32000
     t= 12 pred= 16 left= 16  y=   126 vy= -105216 ay=  -32000
     t= 13 pred= 15 left= 15  y=   124 vy= -137216 ay=  -32000
     t= 14 pred= 14 left= 14  y=   121 vy= -169216 ay=  -32000
     t= 15 pred= 13 left= 13  y=   118 vy= -201216 ay=  -32000
     t= 16 pred= 12 left= 12  y=   115 vy= -233216 ay=  -32000
     t= 17 pred= 11 left= 11  y=   111 vy= -265216 ay=  -32000
     t= 18 pred= 10 left= 10  y=   106 vy= -297216 ay=  -32000
     t= 19 pred=  9 left=  9  y=   101 vy= -329216 ay=  -32000
     t= 20 pred=  8 left=  8  y=    96 vy= -361216 ay=  -32000
     t= 21 pred=  7 left=  7  y=    90 vy= -393216 ay=  -32000
     t= 22 pred=  6 left=  6  y=    83 vy= -425216 ay=  -32000
     t= 23 pred=  5 left=  5  y=    76 vy= -457216 ay=  -32000
     t= 24 pred=  4 left=  4  y=    69 vy= -489216 ay=  -32000
     t= 25 pred=  3 left=  3  y=    61 vy= -521216 ay=  -32000
     t= 26 pred=  2 left=  2  y=    52 vy= -553216 ay=  -32000
     t= 27 pred=  1 left=  1  y=    43 vy= -585216 ay=  -32000
P2  landings=0  no_prediction_ticks=0
   err all : -
   err NEAR (made within 20 ticks of the landing): -
   err far  (made earlier, can still be invalidated): -
---- landing prediction ----
P1  landings=10  no_prediction_ticks=0
   err all : -11:29 -10:4 -9:4 -8:4 -7:4 -6:4 -5:4 -4:4 -3:4 -2:4 -1:4 +0:149 +5:36 +16:27
   err NEAR (made within 20 ticks of the landing): -11:21 -10:4 -9:4 -8:4 -7:4 -6:4 -5:4 -4:4 -3:4 -2:4 -1:4 +0:112 +16:27
   err far  (made earlier, can still be invalidated): -11:8 +0:37 +5:36
   last descent, landed on tick 50:
     t= 30 pred= 36 left= 20  y=    40 vy=  245760 ay=  -13312
     t= 31 pred= 35 left= 19  y=    43 vy=  232448 ay=  -13312
     t= 32 pred= 34 left= 18  y=    46 vy=  219136 ay=  -13312
     t= 33 pred= 33 left= 17  y=    50 vy=  205824 ay=  -13312
     t= 34 pred= 32 left= 16  y=    52 vy=  192512 ay=  -13312
     t= 35 pred= 31 left= 15  y=    55 vy=  179200 ay=  -13312
     t= 36 pred= 30 left= 14  y=    58 vy=  165888 ay=  -13312
     t= 37 pred= 29 left= 13  y=    60 vy=  152576 ay=  -13312
     t= 38 pred= 28 left= 12  y=    62 vy=  139264 ay=  -13312
     t= 39 pred= 11 left= 11  y=    64 vy=       0 ay=  -26624
     t= 40 pred= 10 left= 10  y=    64 vy=  -26624 ay=  -26624
     t= 41 pred=  9 left=  9  y=    63 vy=  -53248 ay=  -26624
     t= 42 pred=  8 left=  8  y=    62 vy=  -79872 ay=  -26624
     t= 43 pred=  7 left=  7  y=    60 vy= -106496 ay=  -26624
     t= 44 pred=  6 left=  6  y=    58 vy= -133120 ay=  -26624
     t= 45 pred=  5 left=  5  y=    56 vy= -159744 ay=  -26624
     t= 46 pred=  4 left=  4  y=    53 vy= -186368 ay=  -26624
     t= 47 pred=  3 left=  3  y=    49 vy= -212992 ay=  -26624
     t= 48 pred=  2 left=  2  y=    46 vy= -239616 ay=  -26624
     t= 49 pred=  1 left=  1  y=    42 vy= -266240 ay=  -26624
P2  landings=0  no_prediction_ticks=0
   err all : -
   err NEAR (made within 20 ticks of the landing): -
   err far  (made earlier, can still be invalidated): -
---- landing prediction ----
P1  landings=11  no_prediction_ticks=0
   err all : -11:29 -10:4 -9:4 -8:4 -7:4 -6:4 -5:4 -4:4 -3:4 -2:4 -1:4 +0:160 +5:36 +16:36
   err NEAR (made within 20 ticks of the landing): -11:21 -10:4 -9:4 -8:4 -7:4 -6:4 -5:4 -4:4 -3:4 -2:4 -1:4 +0:123 +16:36
   err far  (made earlier, can still be invalidated): -11:8 +0:37 +5:36
   last descent, landed on tick 71:
     t= 51 pred= 36 left= 20  y=    40 vy=  245760 ay=  -13312
     t= 52 pred= 35 left= 19  y=    43 vy=  232448 ay=  -13312
     t= 53 pred= 34 left= 18  y=    46 vy=  219136 ay=  -13312
     t= 54 pred= 33 left= 17  y=    50 vy=  205824 ay=  -13312
     t= 55 pred= 32 left= 16  y=    52 vy=  192512 ay=  -13312
     t= 56 pred= 31 left= 15  y=    55 vy=  179200 ay=  -13312
     t= 57 pred= 30 left= 14  y=    58 vy=  165888 ay=  -13312
     t= 58 pred= 29 left= 13  y=    60 vy=  152576 ay=  -13312
     t= 59 pred= 28 left= 12  y=    62 vy=  139264 ay=  -13312
     t= 60 pred= 11 left= 11  y=    64 vy=       0 ay=  -26624
     t= 61 pred= 10 left= 10  y=    64 vy=  -26624 ay=  -26624
     t= 62 pred=  9 left=  9  y=    63 vy=  -53248 ay=  -26624
     t= 63 pred=  8 left=  8  y=    62 vy=  -79872 ay=  -26624
     t= 64 pred=  7 left=  7  y=    60 vy= -106496 ay=  -26624
     t= 65 pred=  6 left=  6  y=    58 vy= -133120 ay=  -26624
     t= 66 pred=  5 left=  5  y=    56 vy= -159744 ay=  -26624
     t= 67 pred=  4 left=  4  y=    53 vy= -186368 ay=  -26624
     t= 68 pred=  3 left=  3  y=    49 vy= -212992 ay=  -26624
     t= 69 pred=  2 left=  2  y=    46 vy= -239616 ay=  -26624
     t= 70 pred=  1 left=  1  y=    42 vy= -266240 ay=  -26624
P2  landings=0  no_prediction_ticks=0
   err all : -
   err NEAR (made within 20 ticks of the landing): -
   err far  (made earlier, can still be invalidated): -
---- landing prediction ----
P1  landings=12  no_prediction_ticks=0
   err all : -11:29 -10:4 -9:4 -8:4 -7:4 -6:4 -5:4 -4:4 -3:4 -2:4 -1:4 +0:199 +5:36 +16:36
   err NEAR (made within 20 ticks of the landing): -11:21 -10:4 -9:4 -8:4 -7:4 -6:4 -5:4 -4:4 -3:4 -2:4 -1:4 +0:143 +16:36
   err far  (made earlier, can still be invalidated): -11:8 +0:56 +5:36
   last descent, landed on tick 119:
     t= 80 pred= 39 left= 39  y=    40 vy=  630784 ay=  -32000
     t= 81 pred= 38 left= 38  y=    49 vy=  598784 ay=  -32000
     t= 82 pred= 37 left= 37  y=    57 vy=  566784 ay=  -32000
     t= 83 pred= 36 left= 36  y=    65 vy=  534784 ay=  -32000
     t= 84 pred= 35 left= 35  y=    73 vy=  502784 ay=  -32000
     t= 85 pred= 34 left= 34  y=    80 vy=  470784 ay=  -32000
     t= 86 pred= 33 left= 33  y=    87 vy=  438784 ay=  -32000
     t= 87 pred= 32 left= 32  y=    93 vy=  406784 ay=  -32000
     t= 88 pred= 31 left= 31  y=    99 vy=  374784 ay=  -32000
     t= 89 pred= 30 left= 30  y=   104 vy=  342784 ay=  -32000
     t= 90 pred= 29 left= 29  y=   109 vy=  310784 ay=  -32000
     t= 91 pred= 28 left= 28  y=   113 vy=  278784 ay=  -32000
     t= 92 pred= 27 left= 27  y=   117 vy=  246784 ay=  -32000
     t= 93 pred= 26 left= 26  y=   120 vy=  214784 ay=  -32000
     t= 94 pred= 25 left= 25  y=   123 vy=  182784 ay=  -32000
     t= 95 pred= 24 left= 24  y=   125 vy=  150784 ay=  -32000
     t= 96 pred= 23 left= 23  y=   127 vy=  118784 ay=  -32000
     t= 97 pred= 22 left= 22  y=   128 vy=   86784 ay=  -32000
     t= 98 pred= 21 left= 21  y=   129 vy=   54784 ay=  -32000
     t= 99 pred= 20 left= 20  y=   130 vy=   22784 ay=  -32000
     t=100 pred= 19 left= 19  y=   129 vy=   -9216 ay=  -32000
     t=101 pred= 18 left= 18  y=   129 vy=  -41216 ay=  -32000
     t=102 pred= 17 left= 17  y=   128 vy=  -73216 ay=  -32000
     t=103 pred= 16 left= 16  y=   126 vy= -105216 ay=  -32000
     t=104 pred= 15 left= 15  y=   124 vy= -137216 ay=  -32000
     t=105 pred= 14 left= 14  y=   121 vy= -169216 ay=  -32000
     t=106 pred= 13 left= 13  y=   118 vy= -201216 ay=  -32000
     t=107 pred= 12 left= 12  y=   115 vy= -233216 ay=  -32000
     t=108 pred= 11 left= 11  y=   111 vy= -265216 ay=  -32000
     t=109 pred= 10 left= 10  y=   106 vy= -297216 ay=  -32000
     t=110 pred=  9 left=  9  y=   101 vy= -329216 ay=  -32000
     t=111 pred=  8 left=  8  y=    96 vy= -361216 ay=  -32000
     t=112 pred=  7 left=  7  y=    90 vy= -393216 ay=  -32000
     t=113 pred=  6 left=  6  y=    83 vy= -425216 ay=  -32000
     t=114 pred=  5 left=  5  y=    76 vy= -457216 ay=  -32000
     t=115 pred=  4 left=  4  y=    69 vy= -489216 ay=  -32000
     t=116 pred=  3 left=  3  y=    61 vy= -521216 ay=  -32000
     t=117 pred=  2 left=  2  y=    52 vy= -553216 ay=  -32000
     t=118 pred=  1 left=  1  y=    43 vy= -585216 ay=  -32000
P2  landings=0  no_prediction_ticks=0
   err all : -
   err NEAR (made within 20 ticks of the landing): -
   err far  (made earlier, can still be invalidated): -
---- landing prediction ----
P1  landings=13  no_prediction_ticks=0
   err all : -11:29 -10:4 -9:4 -8:4 -7:4 -6:4 -5:4 -4:4 -3:4 -2:4 -1:4 +0:210 +5:36 +16:45
   err NEAR (made within 20 ticks of the landing): -11:21 -10:4 -9:4 -8:4 -7:4 -6:4 -5:4 -4:4 -3:4 -2:4 -1:4 +0:154 +16:45
   err far  (made earlier, can still be invalidated): -11:8 +0:56 +5:36
   last descent, landed on tick 145:
     t=125 pred= 36 left= 20  y=    40 vy=  245760 ay=  -13312
     t=126 pred= 35 left= 19  y=    43 vy=  232448 ay=  -13312
     t=127 pred= 34 left= 18  y=    46 vy=  219136 ay=  -13312
     t=128 pred= 33 left= 17  y=    50 vy=  205824 ay=  -13312
     t=129 pred= 32 left= 16  y=    52 vy=  192512 ay=  -13312
     t=130 pred= 31 left= 15  y=    55 vy=  179200 ay=  -13312
     t=131 pred= 30 left= 14  y=    58 vy=  165888 ay=  -13312
     t=132 pred= 29 left= 13  y=    60 vy=  152576 ay=  -13312
     t=133 pred= 28 left= 12  y=    62 vy=  139264 ay=  -13312
     t=134 pred= 11 left= 11  y=    64 vy=       0 ay=  -26624
     t=135 pred= 10 left= 10  y=    64 vy=  -26624 ay=  -26624
     t=136 pred=  9 left=  9  y=    63 vy=  -53248 ay=  -26624
     t=137 pred=  8 left=  8  y=    62 vy=  -79872 ay=  -26624
     t=138 pred=  7 left=  7  y=    60 vy= -106496 ay=  -26624
     t=139 pred=  6 left=  6  y=    58 vy= -133120 ay=  -26624
     t=140 pred=  5 left=  5  y=    56 vy= -159744 ay=  -26624
     t=141 pred=  4 left=  4  y=    53 vy= -186368 ay=  -26624
     t=142 pred=  3 left=  3  y=    49 vy= -212992 ay=  -26624
     t=143 pred=  2 left=  2  y=    46 vy= -239616 ay=  -26624
     t=144 pred=  1 left=  1  y=    42 vy= -266240 ay=  -26624
P2  landings=0  no_prediction_ticks=0
   err all : -
   err NEAR (made within 20 ticks of the landing): -
   err far  (made earlier, can still be invalidated): -
---- landing prediction ----
P1  landings=14  no_prediction_ticks=0
   err all : -11:29 -10:4 -9:4 -8:4 -7:4 -6:4 -5:4 -4:4 -3:4 -2:4 -1:4 +0:221 +5:36 +16:54
   err NEAR (made within 20 ticks of the landing): -11:21 -10:4 -9:4 -8:4 -7:4 -6:4 -5:4 -4:4 -3:4 -2:4 -1:4 +0:165 +16:54
   err far  (made earlier, can still be invalidated): -11:8 +0:56 +5:36
   last descent, landed on tick 166:
     t=146 pred= 36 left= 20  y=    40 vy=  245760 ay=  -13312
     t=147 pred= 35 left= 19  y=    43 vy=  232448 ay=  -13312
     t=148 pred= 34 left= 18  y=    46 vy=  219136 ay=  -13312
     t=149 pred= 33 left= 17  y=    50 vy=  205824 ay=  -13312
     t=150 pred= 32 left= 16  y=    52 vy=  192512 ay=  -13312
     t=151 pred= 31 left= 15  y=    55 vy=  179200 ay=  -13312
     t=152 pred= 30 left= 14  y=    58 vy=  165888 ay=  -13312
     t=153 pred= 29 left= 13  y=    60 vy=  152576 ay=  -13312
     t=154 pred= 28 left= 12  y=    62 vy=  139264 ay=  -13312
     t=155 pred= 11 left= 11  y=    64 vy=       0 ay=  -26624
     t=156 pred= 10 left= 10  y=    64 vy=  -26624 ay=  -26624
     t=157 pred=  9 left=  9  y=    63 vy=  -53248 ay=  -26624
     t=158 pred=  8 left=  8  y=    62 vy=  -79872 ay=  -26624
     t=159 pred=  7 left=  7  y=    60 vy= -106496 ay=  -26624
     t=160 pred=  6 left=  6  y=    58 vy= -133120 ay=  -26624
     t=161 pred=  5 left=  5  y=    56 vy= -159744 ay=  -26624
     t=162 pred=  4 left=  4  y=    53 vy= -186368 ay=  -26624
     t=163 pred=  3 left=  3  y=    49 vy= -212992 ay=  -26624
     t=164 pred=  2 left=  2  y=    46 vy= -239616 ay=  -26624
     t=165 pred=  1 left=  1  y=    42 vy= -266240 ay=  -26624
P2  landings=0  no_prediction_ticks=0
   err all : -
   err NEAR (made within 20 ticks of the landing): -
   err far  (made earlier, can still be invalidated): -
---- landing prediction ----
P1  landings=15  no_prediction_ticks=0
   err all : -11:29 -10:4 -9:4 -8:4 -7:4 -6:4 -5:4 -4:4 -3:4 -2:4 -1:4 +0:260 +5:36 +16:54
   err NEAR (made within 20 ticks of the landing): -11:21 -10:4 -9:4 -8:4 -7:4 -6:4 -5:4 -4:4 -3:4 -2:4 -1:4 +0:185 +16:54
   err far  (made earlier, can still be invalidated): -11:8 +0:75 +5:36
   last descent, landed on tick 217:
     t=178 pred= 39 left= 39  y=    40 vy=  630784 ay=  -32000
     t=179 pred= 38 left= 38  y=    49 vy=  598784 ay=  -32000
     t=180 pred= 37 left= 37  y=    57 vy=  566784 ay=  -32000
     t=181 pred= 36 left= 36  y=    65 vy=  534784 ay=  -32000
     t=182 pred= 35 left= 35  y=    73 vy=  502784 ay=  -32000
     t=183 pred= 34 left= 34  y=    80 vy=  470784 ay=  -32000
     t=184 pred= 33 left= 33  y=    87 vy=  438784 ay=  -32000
     t=185 pred= 32 left= 32  y=    93 vy=  406784 ay=  -32000
     t=186 pred= 31 left= 31  y=    99 vy=  374784 ay=  -32000
     t=187 pred= 30 left= 30  y=   104 vy=  342784 ay=  -32000
     t=188 pred= 29 left= 29  y=   109 vy=  310784 ay=  -32000
     t=189 pred= 28 left= 28  y=   113 vy=  278784 ay=  -32000
     t=190 pred= 27 left= 27  y=   117 vy=  246784 ay=  -32000
     t=191 pred= 26 left= 26  y=   120 vy=  214784 ay=  -32000
     t=192 pred= 25 left= 25  y=   123 vy=  182784 ay=  -32000
     t=193 pred= 24 left= 24  y=   125 vy=  150784 ay=  -32000
     t=194 pred= 23 left= 23  y=   127 vy=  118784 ay=  -32000
     t=195 pred= 22 left= 22  y=   128 vy=   86784 ay=  -32000
     t=196 pred= 21 left= 21  y=   129 vy=   54784 ay=  -32000
     t=197 pred= 20 left= 20  y=   130 vy=   22784 ay=  -32000
     t=198 pred= 19 left= 19  y=   129 vy=   -9216 ay=  -32000
     t=199 pred= 18 left= 18  y=   129 vy=  -41216 ay=  -32000
     t=200 pred= 17 left= 17  y=   128 vy=  -73216 ay=  -32000
     t=201 pred= 16 left= 16  y=   126 vy= -105216 ay=  -32000
     t=202 pred= 15 left= 15  y=   124 vy= -137216 ay=  -32000
     t=203 pred= 14 left= 14  y=   121 vy= -169216 ay=  -32000
     t=204 pred= 13 left= 13  y=   118 vy= -201216 ay=  -32000
     t=205 pred= 12 left= 12  y=   115 vy= -233216 ay=  -32000
     t=206 pred= 11 left= 11  y=   111 vy= -265216 ay=  -32000
     t=207 pred= 10 left= 10  y=   106 vy= -297216 ay=  -32000
     t=208 pred=  9 left=  9  y=   101 vy= -329216 ay=  -32000
     t=209 pred=  8 left=  8  y=    96 vy= -361216 ay=  -32000
     t=210 pred=  7 left=  7  y=    90 vy= -393216 ay=  -32000
     t=211 pred=  6 left=  6  y=    83 vy= -425216 ay=  -32000
     t=212 pred=  5 left=  5  y=    76 vy= -457216 ay=  -32000
     t=213 pred=  4 left=  4  y=    69 vy= -489216 ay=  -32000
     t=214 pred=  3 left=  3  y=    61 vy= -521216 ay=  -32000
     t=215 pred=  2 left=  2  y=    52 vy= -553216 ay=  -32000
     t=216 pred=  1 left=  1  y=    43 vy= -585216 ay=  -32000
P2  landings=0  no_prediction_ticks=0
   err all : -
   err NEAR (made within 20 ticks of the landing): -
   err far  (made earlier, can still be invalidated): -
---- landing prediction ----
P1  landings=16  no_prediction_ticks=0
   err all : -11:29 -10:4 -9:4 -8:4 -7:4 -6:4 -5:4 -4:4 -3:4 -2:4 -1:4 +0:271 +5:36 +16:63
   err NEAR (made within 20 ticks of the landing): -11:21 -10:4 -9:4 -8:4 -7:4 -6:4 -5:4 -4:4 -3:4 -2:4 -1:4 +0:196 +16:63
   err far  (made earlier, can still be invalidated): -11:8 +0:75 +5:36
   last descent, landed on tick 242:
     t=222 pred= 36 left= 20  y=    40 vy=  245760 ay=  -13312
     t=223 pred= 35 left= 19  y=    43 vy=  232448 ay=  -13312
     t=224 pred= 34 left= 18  y=    46 vy=  219136 ay=  -13312
     t=225 pred= 33 left= 17  y=    50 vy=  205824 ay=  -13312
     t=226 pred= 32 left= 16  y=    52 vy=  192512 ay=  -13312
     t=227 pred= 31 left= 15  y=    55 vy=  179200 ay=  -13312
     t=228 pred= 30 left= 14  y=    58 vy=  165888 ay=  -13312
     t=229 pred= 29 left= 13  y=    60 vy=  152576 ay=  -13312
     t=230 pred= 28 left= 12  y=    62 vy=  139264 ay=  -13312
     t=231 pred= 11 left= 11  y=    64 vy=       0 ay=  -26624
     t=232 pred= 10 left= 10  y=    64 vy=  -26624 ay=  -26624
     t=233 pred=  9 left=  9  y=    63 vy=  -53248 ay=  -26624
     t=234 pred=  8 left=  8  y=    62 vy=  -79872 ay=  -26624
     t=235 pred=  7 left=  7  y=    60 vy= -106496 ay=  -26624
     t=236 pred=  6 left=  6  y=    58 vy= -133120 ay=  -26624
     t=237 pred=  5 left=  5  y=    56 vy= -159744 ay=  -26624
     t=238 pred=  4 left=  4  y=    53 vy= -186368 ay=  -26624
     t=239 pred=  3 left=  3  y=    49 vy= -212992 ay=  -26624
     t=240 pred=  2 left=  2  y=    46 vy= -239616 ay=  -26624
     t=241 pred=  1 left=  1  y=    42 vy= -266240 ay=  -26624
P2  landings=0  no_prediction_ticks=0
   err all : -
   err NEAR (made within 20 ticks of the landing): -
   err far  (made earlier, can still be invalidated): -
---- landing prediction ----
P1  landings=17  no_prediction_ticks=0
   err all : -11:29 -10:4 -9:4 -8:4 -7:4 -6:4 -5:4 -4:4 -3:4 -2:4 -1:4 +0:282 +5:36 +16:72
   err NEAR (made within 20 ticks of the landing): -11:21 -10:4 -9:4 -8:4 -7:4 -6:4 -5:4 -4:4 -3:4 -2:4 -1:4 +0:207 +16:72
   err far  (made earlier, can still be invalidated): -11:8 +0:75 +5:36
   last descent, landed on tick 7:
     t=243 pred= 36 left= 20  y=    40 vy=  245760 ay=  -13312
     t=244 pred= 35 left= 19  y=    43 vy=  232448 ay=  -13312
     t=245 pred= 34 left= 18  y=    46 vy=  219136 ay=  -13312
     t=246 pred= 33 left= 17  y=    50 vy=  205824 ay=  -13312
     t=247 pred= 32 left= 16  y=    52 vy=  192512 ay=  -13312
     t=248 pred= 31 left= 15  y=    55 vy=  179200 ay=  -13312
     t=249 pred= 30 left= 14  y=    58 vy=  165888 ay=  -13312
     t=250 pred= 29 left= 13  y=    60 vy=  152576 ay=  -13312
     t=251 pred= 28 left= 12  y=    62 vy=  139264 ay=  -13312
     t=252 pred= 11 left= 11  y=    64 vy=       0 ay=  -26624
     t=253 pred= 10 left= 10  y=    64 vy=  -26624 ay=  -26624
     t=254 pred=  9 left=  9  y=    63 vy=  -53248 ay=  -26624
     t=255 pred=  8 left=  8  y=    62 vy=  -79872 ay=  -26624
     t=  0 pred=  7 left=  7  y=    60 vy= -106496 ay=  -26624
     t=  1 pred=  6 left=  6  y=    58 vy= -133120 ay=  -26624
     t=  2 pred=  5 left=  5  y=    56 vy= -159744 ay=  -26624
     t=  3 pred=  4 left=  4  y=    53 vy= -186368 ay=  -26624
     t=  4 pred=  3 left=  3  y=    49 vy= -212992 ay=  -26624
     t=  5 pred=  2 left=  2  y=    46 vy= -239616 ay=  -26624
     t=  6 pred=  1 left=  1  y=    42 vy= -266240 ay=  -26624
P2  landings=0  no_prediction_ticks=0
   err all : -
   err NEAR (made within 20 ticks of the landing): -
   err far  (made earlier, can still be invalidated): -
---- landing prediction ----
P1  landings=18  no_prediction_ticks=0
   err all : -11:29 -10:4 -9:4 -8:4 -7:4 -6:4 -5:4 -4:4 -3:4 -2:4 -1:4 +0:321 +5:36 +16:72
   err NEAR (made within 20 ticks of the landing): -11:21 -10:4 -9:4 -8:4 -7:4 -6:4 -5:4 -4:4 -3:4 -2:4 -1:4 +0:227 +16:72
   err far  (made earlier, can still be invalidated): -11:8 +0:94 +5:36
   last descent, landed on tick 67:
     t= 28 pred= 39 left= 39  y=    40 vy=  630784 ay=  -32000
     t= 29 pred= 38 left= 38  y=    49 vy=  598784 ay=  -32000
     t= 30 pred= 37 left= 37  y=    57 vy=  566784 ay=  -32000
     t= 31 pred= 36 left= 36  y=    65 vy=  534784 ay=  -32000
     t= 32 pred= 35 left= 35  y=    73 vy=  502784 ay=  -32000
     t= 33 pred= 34 left= 34  y=    80 vy=  470784 ay=  -32000
     t= 34 pred= 33 left= 33  y=    87 vy=  438784 ay=  -32000
     t= 35 pred= 32 left= 32  y=    93 vy=  406784 ay=  -32000
     t= 36 pred= 31 left= 31  y=    99 vy=  374784 ay=  -32000
     t= 37 pred= 30 left= 30  y=   104 vy=  342784 ay=  -32000
     t= 38 pred= 29 left= 29  y=   109 vy=  310784 ay=  -32000
     t= 39 pred= 28 left= 28  y=   113 vy=  278784 ay=  -32000
     t= 40 pred= 27 left= 27  y=   117 vy=  246784 ay=  -32000
     t= 41 pred= 26 left= 26  y=   120 vy=  214784 ay=  -32000
     t= 42 pred= 25 left= 25  y=   123 vy=  182784 ay=  -32000
     t= 43 pred= 24 left= 24  y=   125 vy=  150784 ay=  -32000
     t= 44 pred= 23 left= 23  y=   127 vy=  118784 ay=  -32000
     t= 45 pred= 22 left= 22  y=   128 vy=   86784 ay=  -32000
     t= 46 pred= 21 left= 21  y=   129 vy=   54784 ay=  -32000
     t= 47 pred= 20 left= 20  y=   130 vy=   22784 ay=  -32000
     t= 48 pred= 19 left= 19  y=   129 vy=   -9216 ay=  -32000
     t= 49 pred= 18 left= 18  y=   129 vy=  -41216 ay=  -32000
     t= 50 pred= 17 left= 17  y=   128 vy=  -73216 ay=  -32000
     t= 51 pred= 16 left= 16  y=   126 vy= -105216 ay=  -32000
     t= 52 pred= 15 left= 15  y=   124 vy= -137216 ay=  -32000
     t= 53 pred= 14 left= 14  y=   121 vy= -169216 ay=  -32000
     t= 54 pred= 13 left= 13  y=   118 vy= -201216 ay=  -32000
     t= 55 pred= 12 left= 12  y=   115 vy= -233216 ay=  -32000
     t= 56 pred= 11 left= 11  y=   111 vy= -265216 ay=  -32000
     t= 57 pred= 10 left= 10  y=   106 vy= -297216 ay=  -32000
     t= 58 pred=  9 left=  9  y=   101 vy= -329216 ay=  -32000
     t= 59 pred=  8 left=  8  y=    96 vy= -361216 ay=  -32000
     t= 60 pred=  7 left=  7  y=    90 vy= -393216 ay=  -32000
     t= 61 pred=  6 left=  6  y=    83 vy= -425216 ay=  -32000
     t= 62 pred=  5 left=  5  y=    76 vy= -457216 ay=  -32000
     t= 63 pred=  4 left=  4  y=    69 vy= -489216 ay=  -32000
     t= 64 pred=  3 left=  3  y=    61 vy= -521216 ay=  -32000
     t= 65 pred=  2 left=  2  y=    52 vy= -553216 ay=  -32000
     t= 66 pred=  1 left=  1  y=    43 vy= -585216 ay=  -32000
P2  landings=0  no_prediction_ticks=0
   err all : -
   err NEAR (made within 20 ticks of the landing): -
   err far  (made earlier, can still be invalidated): -
---- landing prediction ----
P1  landings=19  no_prediction_ticks=0
   err all : -11:29 -10:4 -9:4 -8:4 -7:4 -6:4 -5:4 -4:4 -3:4 -2:4 -1:4 +0:332 +5:36 +16:81
   err NEAR (made within 20 ticks of the landing): -11:21 -10:4 -9:4 -8:4 -7:4 -6:4 -5:4 -4:4 -3:4 -2:4 -1:4 +0:238 +16:81
   err far  (made earlier, can still be invalidated): -11:8 +0:94 +5:36
   last descent, landed on tick 91:
     t= 71 pred= 36 left= 20  y=    40 vy=  245760 ay=  -13312
     t= 72 pred= 35 left= 19  y=    43 vy=  232448 ay=  -13312
     t= 73 pred= 34 left= 18  y=    46 vy=  219136 ay=  -13312
     t= 74 pred= 33 left= 17  y=    50 vy=  205824 ay=  -13312
     t= 75 pred= 32 left= 16  y=    52 vy=  192512 ay=  -13312
     t= 76 pred= 31 left= 15  y=    55 vy=  179200 ay=  -13312
     t= 77 pred= 30 left= 14  y=    58 vy=  165888 ay=  -13312
     t= 78 pred= 29 left= 13  y=    60 vy=  152576 ay=  -13312
     t= 79 pred= 28 left= 12  y=    62 vy=  139264 ay=  -13312
     t= 80 pred= 11 left= 11  y=    64 vy=       0 ay=  -26624
     t= 81 pred= 10 left= 10  y=    64 vy=  -26624 ay=  -26624
     t= 82 pred=  9 left=  9  y=    63 vy=  -53248 ay=  -26624
     t= 83 pred=  8 left=  8  y=    62 vy=  -79872 ay=  -26624
     t= 84 pred=  7 left=  7  y=    60 vy= -106496 ay=  -26624
     t= 85 pred=  6 left=  6  y=    58 vy= -133120 ay=  -26624
     t= 86 pred=  5 left=  5  y=    56 vy= -159744 ay=  -26624
     t= 87 pred=  4 left=  4  y=    53 vy= -186368 ay=  -26624
     t= 88 pred=  3 left=  3  y=    49 vy= -212992 ay=  -26624
     t= 89 pred=  2 left=  2  y=    46 vy= -239616 ay=  -26624
     t= 90 pred=  1 left=  1  y=    42 vy= -266240 ay=  -26624
P2  landings=0  no_prediction_ticks=0
   err all : -
   err NEAR (made within 20 ticks of the landing): -
   err far  (made earlier, can still be invalidated): -
---- landing prediction ----
P1  landings=20  no_prediction_ticks=0
   err all : -11:38 -10:5 -9:5 -8:5 -7:5 -6:5 -5:5 -4:5 -3:5 -2:5 -1:5 +0:335 +5:45 +16:81
   err NEAR (made within 20 ticks of the landing): -11:28 -10:5 -9:5 -8:5 -7:5 -6:5 -5:5 -4:5 -3:5 -2:5 -1:5 +0:241 +16:81
   err far  (made earlier, can still be invalidated): -11:10 +0:94 +5:45
   last descent, landed on tick 124:
     t= 93 pred= 36 left= 31  y=    40 vy=  245760 ay=  -13312
     t= 94 pred= 35 left= 30  y=    43 vy=  232448 ay=  -13312
     t= 95 pred= 34 left= 29  y=    46 vy=  219136 ay=  -13312
     t= 96 pred= 33 left= 28  y=    50 vy=  205824 ay=  -13312
     t= 97 pred= 32 left= 27  y=    52 vy=  192512 ay=  -13312
     t= 98 pred= 31 left= 26  y=    55 vy=  179200 ay=  -13312
     t= 99 pred= 30 left= 25  y=    58 vy=  165888 ay=  -13312
     t=100 pred= 29 left= 24  y=    60 vy=  152576 ay=  -13312
     t=101 pred= 28 left= 23  y=    62 vy=  139264 ay=  -13312
     t=102 pred= 11 left= 22  y=    64 vy=       0 ay=  -26624
     t=103 pred= 10 left= 21  y=    64 vy=  -26624 ay=  -26624
     t=104 pred=  9 left= 20  y=    63 vy=  -53248 ay=  -26624
     t=105 pred=  8 left= 19  y=    62 vy=  -79872 ay=  -26624
     t=106 pred=  7 left= 18  y=    60 vy= -106496 ay=  -26624
     t=107 pred=  6 left= 17  y=    58 vy= -133120 ay=  -26624
     t=108 pred=  5 left= 16  y=    56 vy= -159744 ay=  -26624
     t=109 pred=  4 left= 15  y=    53 vy= -186368 ay=  -26624
     t=110 pred=  3 left= 14  y=    49 vy= -212992 ay=  -26624
     t=111 pred=  3 left= 13  y=    49 vy= -212992 ay=  -26624
     t=112 pred=  3 left= 12  y=    49 vy= -212992 ay=  -26624
     t=113 pred=  3 left= 11  y=    49 vy= -212992 ay=  -26624
     t=114 pred=  3 left= 10  y=    49 vy= -212992 ay=  -26624
     t=115 pred=  3 left=  9  y=    49 vy= -212992 ay=  -26624
     t=116 pred=  3 left=  8  y=    49 vy= -212992 ay=  -26624
     t=117 pred=  3 left=  7  y=    49 vy= -212992 ay=  -26624
     t=118 pred=  3 left=  6  y=    49 vy= -212992 ay=  -26624
     t=119 pred=  3 left=  5  y=    49 vy= -212992 ay=  -26624
     t=120 pred=  3 left=  4  y=    49 vy= -212992 ay=  -26624
     t=121 pred=  3 left=  3  y=    49 vy= -212992 ay=  -26624
     t=122 pred=  2 left=  2  y=    46 vy= -239616 ay=  -26624
     t=123 pred=  1 left=  1  y=    42 vy= -266240 ay=  -26624
P2  landings=0  no_prediction_ticks=0
   err all : -
   err NEAR (made within 20 ticks of the landing): -
   err far  (made earlier, can still be invalidated): -
---- landing prediction ----
P1  landings=21  no_prediction_ticks=0
   err all : -11:38 -10:5 -9:5 -8:5 -7:5 -6:5 -5:5 -4:5 -3:5 -2:5 -1:5 +0:346 +5:45 +16:90
   err NEAR (made within 20 ticks of the landing): -11:28 -10:5 -9:5 -8:5 -7:5 -6:5 -5:5 -4:5 -3:5 -2:5 -1:5 +0:252 +16:90
   err far  (made earlier, can still be invalidated): -11:10 +0:94 +5:45
   last descent, landed on tick 225:
     t=205 pred= 36 left= 20  y=    40 vy=  245760 ay=  -13312
     t=206 pred= 35 left= 19  y=    43 vy=  232448 ay=  -13312
     t=207 pred= 34 left= 18  y=    46 vy=  219136 ay=  -13312
     t=208 pred= 33 left= 17  y=    50 vy=  205824 ay=  -13312
     t=209 pred= 32 left= 16  y=    52 vy=  192512 ay=  -13312
     t=210 pred= 31 left= 15  y=    55 vy=  179200 ay=  -13312
     t=211 pred= 30 left= 14  y=    58 vy=  165888 ay=  -13312
     t=212 pred= 29 left= 13  y=    60 vy=  152576 ay=  -13312
     t=213 pred= 28 left= 12  y=    62 vy=  139264 ay=  -13312
     t=214 pred= 11 left= 11  y=    64 vy=       0 ay=  -26624
     t=215 pred= 10 left= 10  y=    64 vy=  -26624 ay=  -26624
     t=216 pred=  9 left=  9  y=    63 vy=  -53248 ay=  -26624
     t=217 pred=  8 left=  8  y=    62 vy=  -79872 ay=  -26624
     t=218 pred=  7 left=  7  y=    60 vy= -106496 ay=  -26624
     t=219 pred=  6 left=  6  y=    58 vy= -133120 ay=  -26624
     t=220 pred=  5 left=  5  y=    56 vy= -159744 ay=  -26624
     t=221 pred=  4 left=  4  y=    53 vy= -186368 ay=  -26624
     t=222 pred=  3 left=  3  y=    49 vy= -212992 ay=  -26624
     t=223 pred=  2 left=  2  y=    46 vy= -239616 ay=  -26624
     t=224 pred=  1 left=  1  y=    42 vy= -266240 ay=  -26624
P2  landings=0  no_prediction_ticks=0
   err all : -
   err NEAR (made within 20 ticks of the landing): -
   err far  (made earlier, can still be invalidated): -
---- landing prediction ----
P1  landings=22  no_prediction_ticks=0
   err all : -11:38 -10:5 -9:5 -8:5 -7:5 -6:5 -5:5 -4:5 -3:5 -2:5 -1:5 +0:357 +5:45 +16:99
   err NEAR (made within 20 ticks of the landing): -11:28 -10:5 -9:5 -8:5 -7:5 -6:5 -5:5 -4:5 -3:5 -2:5 -1:5 +0:263 +16:99
   err far  (made earlier, can still be invalidated): -11:10 +0:94 +5:45
   last descent, landed on tick 251:
     t=231 pred= 36 left= 20  y=    40 vy=  245760 ay=  -13312
     t=232 pred= 35 left= 19  y=    43 vy=  232448 ay=  -13312
     t=233 pred= 34 left= 18  y=    46 vy=  219136 ay=  -13312
     t=234 pred= 33 left= 17  y=    50 vy=  205824 ay=  -13312
     t=235 pred= 32 left= 16  y=    52 vy=  192512 ay=  -13312
     t=236 pred= 31 left= 15  y=    55 vy=  179200 ay=  -13312
     t=237 pred= 30 left= 14  y=    58 vy=  165888 ay=  -13312
     t=238 pred= 29 left= 13  y=    60 vy=  152576 ay=  -13312
     t=239 pred= 28 left= 12  y=    62 vy=  139264 ay=  -13312
     t=240 pred= 11 left= 11  y=    64 vy=       0 ay=  -26624
     t=241 pred= 10 left= 10  y=    64 vy=  -26624 ay=  -26624
     t=242 pred=  9 left=  9  y=    63 vy=  -53248 ay=  -26624
     t=243 pred=  8 left=  8  y=    62 vy=  -79872 ay=  -26624
     t=244 pred=  7 left=  7  y=    60 vy= -106496 ay=  -26624
     t=245 pred=  6 left=  6  y=    58 vy= -133120 ay=  -26624
     t=246 pred=  5 left=  5  y=    56 vy= -159744 ay=  -26624
     t=247 pred=  4 left=  4  y=    53 vy= -186368 ay=  -26624
     t=248 pred=  3 left=  3  y=    49 vy= -212992 ay=  -26624
     t=249 pred=  2 left=  2  y=    46 vy= -239616 ay=  -26624
     t=250 pred=  1 left=  1  y=    42 vy= -266240 ay=  -26624
P2  landings=0  no_prediction_ticks=0
   err all : -
   err NEAR (made within 20 ticks of the landing): -
   err far  (made earlier, can still be invalidated): -
---- landing prediction ----
P1  landings=23  no_prediction_ticks=0
   err all : -11:46 -10:6 -9:6 -8:6 -7:6 -6:6 -5:6 -4:6 -3:6 -2:6 -1:6 +0:361 +5:54 +16:99
   err NEAR (made within 20 ticks of the landing): -11:34 -10:6 -9:6 -8:6 -7:6 -6:6 -5:6 -4:6 -3:6 -2:6 -1:6 +0:267 +16:99
   err far  (made earlier, can still be invalidated): -11:12 +0:94 +5:54
   last descent, landed on tick 69:
     t= 38 pred= 36 left= 31  y=    40 vy=  245760 ay=  -13312
     t= 39 pred= 35 left= 30  y=    43 vy=  232448 ay=  -13312
     t= 40 pred= 34 left= 29  y=    46 vy=  219136 ay=  -13312
     t= 41 pred= 33 left= 28  y=    50 vy=  205824 ay=  -13312
     t= 42 pred= 32 left= 27  y=    52 vy=  192512 ay=  -13312
     t= 43 pred= 31 left= 26  y=    55 vy=  179200 ay=  -13312
     t= 44 pred= 30 left= 25  y=    58 vy=  165888 ay=  -13312
     t= 45 pred= 29 left= 24  y=    60 vy=  152576 ay=  -13312
     t= 46 pred= 28 left= 23  y=    62 vy=  139264 ay=  -13312
     t= 47 pred= 11 left= 22  y=    64 vy=       0 ay=  -26624
     t= 48 pred= 10 left= 21  y=    64 vy=  -26624 ay=  -26624
     t= 49 pred=  9 left= 20  y=    63 vy=  -53248 ay=  -26624
     t= 50 pred=  8 left= 19  y=    62 vy=  -79872 ay=  -26624
     t= 51 pred=  7 left= 18  y=    60 vy= -106496 ay=  -26624
     t= 52 pred=  6 left= 17  y=    58 vy= -133120 ay=  -26624
     t= 53 pred=  5 left= 16  y=    56 vy= -159744 ay=  -26624
     t= 54 pred=  4 left= 15  y=    53 vy= -186368 ay=  -26624
     t= 55 pred=  4 left= 14  y=    53 vy= -186368 ay=  -26624
     t= 56 pred=  4 left= 13  y=    53 vy= -186368 ay=  -26624
     t= 57 pred=  4 left= 12  y=    53 vy= -186368 ay=  -26624
     t= 58 pred=  4 left= 11  y=    53 vy= -186368 ay=  -26624
     t= 59 pred=  4 left= 10  y=    53 vy= -186368 ay=  -26624
     t= 60 pred=  4 left=  9  y=    53 vy= -186368 ay=  -26624
     t= 61 pred=  4 left=  8  y=    53 vy= -186368 ay=  -26624
     t= 62 pred=  4 left=  7  y=    53 vy= -186368 ay=  -26624
     t= 63 pred=  4 left=  6  y=    53 vy= -186368 ay=  -26624
     t= 64 pred=  4 left=  5  y=    53 vy= -186368 ay=  -26624
     t= 65 pred=  4 left=  4  y=    53 vy= -186368 ay=  -26624
     t= 66 pred=  3 left=  3  y=    49 vy= -212992 ay=  -26624
     t= 67 pred=  2 left=  2  y=    46 vy= -239616 ay=  -26624
     t= 68 pred=  1 left=  1  y=    42 vy= -266240 ay=  -26624
P2  landings=0  no_prediction_ticks=0
   err all : -
   err NEAR (made within 20 ticks of the landing): -
   err far  (made earlier, can still be invalidated): -
---- landing prediction ----
P1  landings=24  no_prediction_ticks=0
   err all : -22:27 -21:1 -20:1 -19:1 -18:1 -17:1 -16:1 -15:1 -14:1 -13:1 -12:1 -11:56 -10:7 -9:7 -8:7 -7:7 -6:7 -5:7 -4:7 -3:7 -2:7 -1:7 +0:364 +5:54 +16:99
   err NEAR (made within 20 ticks of the landing): -11:41 -10:7 -9:7 -8:7 -7:7 -6:7 -5:7 -4:7 -3:7 -2:7 -1:7 +0:270 +16:99
   err far  (made earlier, can still be invalidated): -22:27 -21:1 -20:1 -19:1 -18:1 -17:1 -16:1 -15:1 -14:1 -13:1 -12:1 -11:15 +0:94 +5:54
   last descent, landed on tick 221:
     t=161 pred= 38 left= 60  y=    40 vy=  622592 ay=  -32000
     t=162 pred= 37 left= 59  y=    49 vy=  590592 ay=  -32000
     t=163 pred= 36 left= 58  y=    57 vy=  558592 ay=  -32000
     t=164 pred= 35 left= 57  y=    65 vy=  526592 ay=  -32000
     t=165 pred= 34 left= 56  y=    73 vy=  494592 ay=  -32000
     t=166 pred= 33 left= 55  y=    80 vy=  462592 ay=  -32000
     t=167 pred= 32 left= 54  y=    86 vy=  430592 ay=  -32000
     t=168 pred= 31 left= 53  y=    92 vy=  398592 ay=  -32000
     t=169 pred= 30 left= 52  y=    98 vy=  366592 ay=  -32000
     t=170 pred= 29 left= 51  y=   103 vy=  334592 ay=  -32000
     t=171 pred= 28 left= 50  y=   108 vy=  302592 ay=  -32000
     t=172 pred= 27 left= 49  y=   112 vy=  270592 ay=  -32000
     t=173 pred= 26 left= 48  y=   115 vy=  238592 ay=  -32000
     t=174 pred= 25 left= 47  y=   119 vy=  206592 ay=  -32000
     t=175 pred= 24 left= 46  y=   121 vy=  174592 ay=  -32000
     t=176 pred= 23 left= 45  y=   123 vy=  142592 ay=  -32000
     t=177 pred= 22 left= 44  y=   125 vy=  110592 ay=  -32000
     t=178 pred= 21 left= 43  y=   126 vy=   78592 ay=  -32000
     t=179 pred= 20 left= 42  y=   127 vy=   46592 ay=  -32000
     t=180 pred= 19 left= 41  y=   127 vy=   14592 ay=  -32000
     t=181 pred= 18 left= 40  y=   127 vy=  -17408 ay=  -32000
     t=182 pred= 17 left= 39  y=   126 vy=  -49408 ay=  -32000
     t=183 pred= 16 left= 38  y=   125 vy=  -81408 ay=  -32000
     t=184 pred= 15 left= 37  y=   123 vy= -113408 ay=  -32000
     t=185 pred= 14 left= 36  y=   121 vy= -145408 ay=  -32000
     t=186 pred= 13 left= 35  y=   118 vy= -177408 ay=  -32000
     t=187 pred= 12 left= 34  y=   115 vy= -209408 ay=  -32000
     t=188 pred= 12 left= 33  y=   115 vy= -209408 ay=  -32000
     t=189 pred= 12 left= 32  y=   115 vy= -209408 ay=  -32000
     t=190 pred= 12 left= 31  y=   115 vy= -209408 ay=  -32000
     t=191 pred= 12 left= 30  y=   115 vy= -209408 ay=  -32000
     t=192 pred= 12 left= 29  y=   115 vy= -209408 ay=  -32000
     t=193 pred= 12 left= 28  y=   115 vy= -209408 ay=  -32000
     t=194 pred= 12 left= 27  y=   115 vy= -209408 ay=  -32000
     t=195 pred= 12 left= 26  y=   115 vy= -209408 ay=  -32000
     t=196 pred= 12 left= 25  y=   115 vy= -209408 ay=  -32000
     t=197 pred= 12 left= 24  y=   115 vy= -209408 ay=  -32000
     t=198 pred= 12 left= 23  y=   115 vy= -209408 ay=  -32000
     t=199 pred= 11 left= 22  y=   111 vy= -241408 ay=  -32000
     t=200 pred= 10 left= 21  y=   107 vy= -273408 ay=  -32000
P2  landings=0  no_prediction_ticks=0
   err all : -
   err NEAR (made within 20 ticks of the landing): -
   err far  (made earlier, can still be invalidated): -
---- landing prediction ----
P1  landings=25  no_prediction_ticks=0
   err all : -22:27 -21:1 -20:1 -19:1 -18:1 -17:1 -16:1 -15:1 -14:1 -13:1 -12:1 -11:64 -10:8 -9:8 -8:8 -7:8 -6:8 -5:8 -4:8 -3:8 -2:8 -1:8 +0:368 +5:63 +16:99
   err NEAR (made within 20 ticks of the landing): -11:47 -10:8 -9:8 -8:8 -7:8 -6:8 -5:8 -4:8 -3:8 -2:8 -1:8 +0:274 +16:99
   err far  (made earlier, can still be invalidated): -22:27 -21:1 -20:1 -19:1 -18:1 -17:1 -16:1 -15:1 -14:1 -13:1 -12:1 -11:17 +0:94 +5:63
   last descent, landed on tick 2:
     t=227 pred= 36 left= 31  y=    40 vy=  245760 ay=  -13312
     t=228 pred= 35 left= 30  y=    43 vy=  232448 ay=  -13312
     t=229 pred= 34 left= 29  y=    46 vy=  219136 ay=  -13312
     t=230 pred= 33 left= 28  y=    50 vy=  205824 ay=  -13312
     t=231 pred= 32 left= 27  y=    52 vy=  192512 ay=  -13312
     t=232 pred= 31 left= 26  y=    55 vy=  179200 ay=  -13312
     t=233 pred= 30 left= 25  y=    58 vy=  165888 ay=  -13312
     t=234 pred= 29 left= 24  y=    60 vy=  152576 ay=  -13312
     t=235 pred= 28 left= 23  y=    62 vy=  139264 ay=  -13312
     t=236 pred= 11 left= 22  y=    64 vy=       0 ay=  -26624
     t=237 pred= 10 left= 21  y=    64 vy=  -26624 ay=  -26624
     t=238 pred=  9 left= 20  y=    63 vy=  -53248 ay=  -26624
     t=239 pred=  8 left= 19  y=    62 vy=  -79872 ay=  -26624
     t=240 pred=  7 left= 18  y=    60 vy= -106496 ay=  -26624
     t=241 pred=  6 left= 17  y=    58 vy= -133120 ay=  -26624
     t=242 pred=  5 left= 16  y=    56 vy= -159744 ay=  -26624
     t=243 pred=  4 left= 15  y=    53 vy= -186368 ay=  -26624
     t=244 pred=  4 left= 14  y=    53 vy= -186368 ay=  -26624
     t=245 pred=  4 left= 13  y=    53 vy= -186368 ay=  -26624
     t=246 pred=  4 left= 12  y=    53 vy= -186368 ay=  -26624
     t=247 pred=  4 left= 11  y=    53 vy= -186368 ay=  -26624
     t=248 pred=  4 left= 10  y=    53 vy= -186368 ay=  -26624
     t=249 pred=  4 left=  9  y=    53 vy= -186368 ay=  -26624
     t=250 pred=  4 left=  8  y=    53 vy= -186368 ay=  -26624
     t=251 pred=  4 left=  7  y=    53 vy= -186368 ay=  -26624
     t=252 pred=  4 left=  6  y=    53 vy= -186368 ay=  -26624
     t=253 pred=  4 left=  5  y=    53 vy= -186368 ay=  -26624
     t=254 pred=  4 left=  4  y=    53 vy= -186368 ay=  -26624
     t=255 pred=  3 left=  3  y=    49 vy= -212992 ay=  -26624
     t=  0 pred=  2 left=  2  y=    46 vy= -239616 ay=  -26624
     t=  1 pred=  1 left=  1  y=    42 vy= -266240 ay=  -26624
P2  landings=0  no_prediction_ticks=0
   err all : -
   err NEAR (made within 20 ticks of the landing): -
   err far  (made earlier, can still be invalidated): -
---- landing prediction ----
P1  landings=26  no_prediction_ticks=0
   err all : -22:27 -21:1 -20:1 -19:1 -18:1 -17:1 -16:1 -15:1 -14:1 -13:1 -12:1 -11:72 -10:9 -9:9 -8:9 -7:9 -6:9 -5:9 -4:9 -3:9 -2:9 -1:9 +0:372 +5:72 +16:99
   err NEAR (made within 20 ticks of the landing): -11:53 -10:9 -9:9 -8:9 -7:9 -6:9 -5:9 -4:9 -3:9 -2:9 -1:9 +0:278 +16:99
   err far  (made earlier, can still be invalidated): -22:27 -21:1 -20:1 -19:1 -18:1 -17:1 -16:1 -15:1 -14:1 -13:1 -12:1 -11:19 +0:94 +5:72
   last descent, landed on tick 34:
     t=  3 pred= 36 left= 31  y=    40 vy=  245760 ay=  -13312
     t=  4 pred= 35 left= 30  y=    43 vy=  232448 ay=  -13312
     t=  5 pred= 34 left= 29  y=    46 vy=  219136 ay=  -13312
     t=  6 pred= 33 left= 28  y=    50 vy=  205824 ay=  -13312
     t=  7 pred= 32 left= 27  y=    52 vy=  192512 ay=  -13312
     t=  8 pred= 31 left= 26  y=    55 vy=  179200 ay=  -13312
     t=  9 pred= 30 left= 25  y=    58 vy=  165888 ay=  -13312
     t= 10 pred= 29 left= 24  y=    60 vy=  152576 ay=  -13312
     t= 11 pred= 28 left= 23  y=    62 vy=  139264 ay=  -13312
     t= 12 pred= 11 left= 22  y=    64 vy=       0 ay=  -26624
     t= 13 pred= 10 left= 21  y=    64 vy=  -26624 ay=  -26624
     t= 14 pred=  9 left= 20  y=    63 vy=  -53248 ay=  -26624
     t= 15 pred=  8 left= 19  y=    62 vy=  -79872 ay=  -26624
     t= 16 pred=  7 left= 18  y=    60 vy= -106496 ay=  -26624
     t= 17 pred=  6 left= 17  y=    58 vy= -133120 ay=  -26624
     t= 18 pred=  5 left= 16  y=    56 vy= -159744 ay=  -26624
     t= 19 pred=  4 left= 15  y=    53 vy= -186368 ay=  -26624
     t= 20 pred=  4 left= 14  y=    53 vy= -186368 ay=  -26624
     t= 21 pred=  4 left= 13  y=    53 vy= -186368 ay=  -26624
     t= 22 pred=  4 left= 12  y=    53 vy= -186368 ay=  -26624
     t= 23 pred=  4 left= 11  y=    53 vy= -186368 ay=  -26624
     t= 24 pred=  4 left= 10  y=    53 vy= -186368 ay=  -26624
     t= 25 pred=  4 left=  9  y=    53 vy= -186368 ay=  -26624
     t= 26 pred=  4 left=  8  y=    53 vy= -186368 ay=  -26624
     t= 27 pred=  4 left=  7  y=    53 vy= -186368 ay=  -26624
     t= 28 pred=  4 left=  6  y=    53 vy= -186368 ay=  -26624
     t= 29 pred=  4 left=  5  y=    53 vy= -186368 ay=  -26624
     t= 30 pred=  4 left=  4  y=    53 vy= -186368 ay=  -26624
     t= 31 pred=  3 left=  3  y=    49 vy= -212992 ay=  -26624
     t= 32 pred=  2 left=  2  y=    46 vy= -239616 ay=  -26624
     t= 33 pred=  1 left=  1  y=    42 vy= -266240 ay=  -26624
P2  landings=0  no_prediction_ticks=0
   err all : -
   err NEAR (made within 20 ticks of the landing): -
   err far  (made earlier, can still be invalidated): -
---- landing prediction ----
P1  landings=27  no_prediction_ticks=0
   err all : -22:27 -21:1 -20:1 -19:1 -18:1 -17:1 -16:1 -15:1 -14:1 -13:1 -12:1 -11:79 -10:10 -9:10 -8:10 -7:10 -6:10 -5:10 -4:10 -3:10 -2:10 -1:10 +0:377 +5:81 +16:99
   err NEAR (made within 20 ticks of the landing): -11:58 -10:10 -9:10 -8:10 -7:10 -6:10 -5:10 -4:10 -3:10 -2:10 -1:10 +0:283 +16:99
   err far  (made earlier, can still be invalidated): -22:27 -21:1 -20:1 -19:1 -18:1 -17:1 -16:1 -15:1 -14:1 -13:1 -12:1 -11:21 +0:94 +5:81
   last descent, landed on tick 70:
     t= 39 pred= 36 left= 31  y=    40 vy=  245760 ay=  -13312
     t= 40 pred= 35 left= 30  y=    43 vy=  232448 ay=  -13312
     t= 41 pred= 34 left= 29  y=    46 vy=  219136 ay=  -13312
     t= 42 pred= 33 left= 28  y=    50 vy=  205824 ay=  -13312
     t= 43 pred= 32 left= 27  y=    52 vy=  192512 ay=  -13312
     t= 44 pred= 31 left= 26  y=    55 vy=  179200 ay=  -13312
     t= 45 pred= 30 left= 25  y=    58 vy=  165888 ay=  -13312
     t= 46 pred= 29 left= 24  y=    60 vy=  152576 ay=  -13312
     t= 47 pred= 28 left= 23  y=    62 vy=  139264 ay=  -13312
     t= 48 pred= 11 left= 22  y=    64 vy=       0 ay=  -26624
     t= 49 pred= 10 left= 21  y=    64 vy=  -26624 ay=  -26624
     t= 50 pred=  9 left= 20  y=    63 vy=  -53248 ay=  -26624
     t= 51 pred=  8 left= 19  y=    62 vy=  -79872 ay=  -26624
     t= 52 pred=  7 left= 18  y=    60 vy= -106496 ay=  -26624
     t= 53 pred=  6 left= 17  y=    58 vy= -133120 ay=  -26624
     t= 54 pred=  5 left= 16  y=    56 vy= -159744 ay=  -26624
     t= 55 pred=  5 left= 15  y=    56 vy= -159744 ay=  -26624
     t= 56 pred=  5 left= 14  y=    56 vy= -159744 ay=  -26624
     t= 57 pred=  5 left= 13  y=    56 vy= -159744 ay=  -26624
     t= 58 pred=  5 left= 12  y=    56 vy= -159744 ay=  -26624
     t= 59 pred=  5 left= 11  y=    56 vy= -159744 ay=  -26624
     t= 60 pred=  5 left= 10  y=    56 vy= -159744 ay=  -26624
     t= 61 pred=  5 left=  9  y=    56 vy= -159744 ay=  -26624
     t= 62 pred=  5 left=  8  y=    56 vy= -159744 ay=  -26624
     t= 63 pred=  5 left=  7  y=    56 vy= -159744 ay=  -26624
     t= 64 pred=  5 left=  6  y=    56 vy= -159744 ay=  -26624
     t= 65 pred=  5 left=  5  y=    56 vy= -159744 ay=  -26624
     t= 66 pred=  4 left=  4  y=    53 vy= -186368 ay=  -26624
     t= 67 pred=  3 left=  3  y=    49 vy= -212992 ay=  -26624
     t= 68 pred=  2 left=  2  y=    46 vy= -239616 ay=  -26624
     t= 69 pred=  1 left=  1  y=    42 vy= -266240 ay=  -26624
P2  landings=0  no_prediction_ticks=0
   err all : -
   err NEAR (made within 20 ticks of the landing): -
   err far  (made earlier, can still be invalidated): -
---- landing prediction ----
P1  landings=28  no_prediction_ticks=0
   err all : -22:27 -21:1 -20:1 -19:1 -18:1 -17:1 -16:1 -15:1 -14:1 -13:1 -12:1 -11:85 -10:11 -9:11 -8:11 -7:11 -6:11 -5:11 -4:11 -3:11 -2:11 -1:11 +0:383 +5:90 +16:99
   err NEAR (made within 20 ticks of the landing): -11:62 -10:11 -9:11 -8:11 -7:11 -6:11 -5:11 -4:11 -3:11 -2:11 -1:11 +0:289 +16:99
   err far  (made earlier, can still be invalidated): -22:27 -21:1 -20:1 -19:1 -18:1 -17:1 -16:1 -15:1 -14:1 -13:1 -12:1 -11:23 +0:94 +5:90
   last descent, landed on tick 104:
     t= 73 pred= 36 left= 31  y=    40 vy=  245760 ay=  -13312
     t= 74 pred= 35 left= 30  y=    43 vy=  232448 ay=  -13312
     t= 75 pred= 34 left= 29  y=    46 vy=  219136 ay=  -13312
     t= 76 pred= 33 left= 28  y=    50 vy=  205824 ay=  -13312
     t= 77 pred= 32 left= 27  y=    52 vy=  192512 ay=  -13312
     t= 78 pred= 31 left= 26  y=    55 vy=  179200 ay=  -13312
     t= 79 pred= 30 left= 25  y=    58 vy=  165888 ay=  -13312
     t= 80 pred= 29 left= 24  y=    60 vy=  152576 ay=  -13312
     t= 81 pred= 28 left= 23  y=    62 vy=  139264 ay=  -13312
     t= 82 pred= 11 left= 22  y=    64 vy=       0 ay=  -26624
     t= 83 pred= 10 left= 21  y=    64 vy=  -26624 ay=  -26624
     t= 84 pred=  9 left= 20  y=    63 vy=  -53248 ay=  -26624
     t= 85 pred=  8 left= 19  y=    62 vy=  -79872 ay=  -26624
     t= 86 pred=  7 left= 18  y=    60 vy= -106496 ay=  -26624
     t= 87 pred=  6 left= 17  y=    58 vy= -133120 ay=  -26624
     t= 88 pred=  6 left= 16  y=    58 vy= -133120 ay=  -26624
     t= 89 pred=  6 left= 15  y=    58 vy= -133120 ay=  -26624
     t= 90 pred=  6 left= 14  y=    58 vy= -133120 ay=  -26624
     t= 91 pred=  6 left= 13  y=    58 vy= -133120 ay=  -26624
     t= 92 pred=  6 left= 12  y=    58 vy= -133120 ay=  -26624
     t= 93 pred=  6 left= 11  y=    58 vy= -133120 ay=  -26624
     t= 94 pred=  6 left= 10  y=    58 vy= -133120 ay=  -26624
     t= 95 pred=  6 left=  9  y=    58 vy= -133120 ay=  -26624
     t= 96 pred=  6 left=  8  y=    58 vy= -133120 ay=  -26624
     t= 97 pred=  6 left=  7  y=    58 vy= -133120 ay=  -26624
     t= 98 pred=  6 left=  6  y=    58 vy= -133120 ay=  -26624
     t= 99 pred=  5 left=  5  y=    56 vy= -159744 ay=  -26624
     t=100 pred=  4 left=  4  y=    53 vy= -186368 ay=  -26624
     t=101 pred=  3 left=  3  y=    49 vy= -212992 ay=  -26624
     t=102 pred=  2 left=  2  y=    46 vy= -239616 ay=  -26624
     t=103 pred=  1 left=  1  y=    42 vy= -266240 ay=  -26624
P2  landings=0  no_prediction_ticks=0
   err all : -
   err NEAR (made within 20 ticks of the landing): -
   err far  (made earlier, can still be invalidated): -
---- landing prediction ----
P1  landings=29  no_prediction_ticks=0
   err all : -22:27 -21:1 -20:1 -19:1 -18:1 -17:1 -16:1 -15:1 -14:1 -13:1 -12:1 -11:85 -10:11 -9:11 -8:11 -7:11 -6:11 -5:11 -4:11 -3:11 -2:11 -1:11 +0:394 +5:90 +16:108
   err NEAR (made within 20 ticks of the landing): -11:62 -10:11 -9:11 -8:11 -7:11 -6:11 -5:11 -4:11 -3:11 -2:11 -1:11 +0:300 +16:108
   err far  (made earlier, can still be invalidated): -22:27 -21:1 -20:1 -19:1 -18:1 -17:1 -16:1 -15:1 -14:1 -13:1 -12:1 -11:23 +0:94 +5:90
   last descent, landed on tick 127:
     t=107 pred= 36 left= 20  y=    40 vy=  245760 ay=  -13312
     t=108 pred= 35 left= 19  y=    43 vy=  232448 ay=  -13312
     t=109 pred= 34 left= 18  y=    46 vy=  219136 ay=  -13312
     t=110 pred= 33 left= 17  y=    50 vy=  205824 ay=  -13312
     t=111 pred= 32 left= 16  y=    52 vy=  192512 ay=  -13312
     t=112 pred= 31 left= 15  y=    55 vy=  179200 ay=  -13312
     t=113 pred= 30 left= 14  y=    58 vy=  165888 ay=  -13312
     t=114 pred= 29 left= 13  y=    60 vy=  152576 ay=  -13312
     t=115 pred= 28 left= 12  y=    62 vy=  139264 ay=  -13312
     t=116 pred= 11 left= 11  y=    64 vy=       0 ay=  -26624
     t=117 pred= 10 left= 10  y=    64 vy=  -26624 ay=  -26624
     t=118 pred=  9 left=  9  y=    63 vy=  -53248 ay=  -26624
     t=119 pred=  8 left=  8  y=    62 vy=  -79872 ay=  -26624
     t=120 pred=  7 left=  7  y=    60 vy= -106496 ay=  -26624
     t=121 pred=  6 left=  6  y=    58 vy= -133120 ay=  -26624
     t=122 pred=  5 left=  5  y=    56 vy= -159744 ay=  -26624
     t=123 pred=  4 left=  4  y=    53 vy= -186368 ay=  -26624
     t=124 pred=  3 left=  3  y=    49 vy= -212992 ay=  -26624
     t=125 pred=  2 left=  2  y=    46 vy= -239616 ay=  -26624
     t=126 pred=  1 left=  1  y=    42 vy= -266240 ay=  -26624
P2  landings=0  no_prediction_ticks=0
   err all : -
   err NEAR (made within 20 ticks of the landing): -
   err far  (made earlier, can still be invalidated): -
---- landing prediction ----
P1  landings=30  no_prediction_ticks=0
   err all : -22:27 -21:1 -20:1 -19:1 -18:1 -17:1 -16:1 -15:1 -14:1 -13:1 -12:1 -11:85 -10:11 -9:11 -8:11 -7:11 -6:11 -5:11 -4:11 -3:11 -2:11 -1:11 +0:433 +5:90 +16:108
   err NEAR (made within 20 ticks of the landing): -11:62 -10:11 -9:11 -8:11 -7:11 -6:11 -5:11 -4:11 -3:11 -2:11 -1:11 +0:320 +16:108
   err far  (made earlier, can still be invalidated): -22:27 -21:1 -20:1 -19:1 -18:1 -17:1 -16:1 -15:1 -14:1 -13:1 -12:1 -11:23 +0:113 +5:90
   last descent, landed on tick 183:
     t=144 pred= 39 left= 39  y=    40 vy=  630784 ay=  -32000
     t=145 pred= 38 left= 38  y=    49 vy=  598784 ay=  -32000
     t=146 pred= 37 left= 37  y=    57 vy=  566784 ay=  -32000
     t=147 pred= 36 left= 36  y=    65 vy=  534784 ay=  -32000
     t=148 pred= 35 left= 35  y=    73 vy=  502784 ay=  -32000
     t=149 pred= 34 left= 34  y=    80 vy=  470784 ay=  -32000
     t=150 pred= 33 left= 33  y=    87 vy=  438784 ay=  -32000
     t=151 pred= 32 left= 32  y=    93 vy=  406784 ay=  -32000
     t=152 pred= 31 left= 31  y=    99 vy=  374784 ay=  -32000
     t=153 pred= 30 left= 30  y=   104 vy=  342784 ay=  -32000
     t=154 pred= 29 left= 29  y=   109 vy=  310784 ay=  -32000
     t=155 pred= 28 left= 28  y=   113 vy=  278784 ay=  -32000
     t=156 pred= 27 left= 27  y=   117 vy=  246784 ay=  -32000
     t=157 pred= 26 left= 26  y=   120 vy=  214784 ay=  -32000
     t=158 pred= 25 left= 25  y=   123 vy=  182784 ay=  -32000
     t=159 pred= 24 left= 24  y=   125 vy=  150784 ay=  -32000
     t=160 pred= 23 left= 23  y=   127 vy=  118784 ay=  -32000
     t=161 pred= 22 left= 22  y=   128 vy=   86784 ay=  -32000
     t=162 pred= 21 left= 21  y=   129 vy=   54784 ay=  -32000
     t=163 pred= 20 left= 20  y=   130 vy=   22784 ay=  -32000
     t=164 pred= 19 left= 19  y=   129 vy=   -9216 ay=  -32000
     t=165 pred= 18 left= 18  y=   129 vy=  -41216 ay=  -32000
     t=166 pred= 17 left= 17  y=   128 vy=  -73216 ay=  -32000
     t=167 pred= 16 left= 16  y=   126 vy= -105216 ay=  -32000
     t=168 pred= 15 left= 15  y=   124 vy= -137216 ay=  -32000
     t=169 pred= 14 left= 14  y=   121 vy= -169216 ay=  -32000
     t=170 pred= 13 left= 13  y=   118 vy= -201216 ay=  -32000
     t=171 pred= 12 left= 12  y=   115 vy= -233216 ay=  -32000
     t=172 pred= 11 left= 11  y=   111 vy= -265216 ay=  -32000
     t=173 pred= 10 left= 10  y=   106 vy= -297216 ay=  -32000
     t=174 pred=  9 left=  9  y=   101 vy= -329216 ay=  -32000
     t=175 pred=  8 left=  8  y=    96 vy= -361216 ay=  -32000
     t=176 pred=  7 left=  7  y=    90 vy= -393216 ay=  -32000
     t=177 pred=  6 left=  6  y=    83 vy= -425216 ay=  -32000
     t=178 pred=  5 left=  5  y=    76 vy= -457216 ay=  -32000
     t=179 pred=  4 left=  4  y=    69 vy= -489216 ay=  -32000
     t=180 pred=  3 left=  3  y=    61 vy= -521216 ay=  -32000
     t=181 pred=  2 left=  2  y=    52 vy= -553216 ay=  -32000
     t=182 pred=  1 left=  1  y=    43 vy= -585216 ay=  -32000
P2  landings=0  no_prediction_ticks=0
   err all : -
   err NEAR (made within 20 ticks of the landing): -
   err far  (made earlier, can still be invalidated): -
---- landing prediction ----
P1  landings=31  no_prediction_ticks=0
   err all : -22:27 -21:1 -20:1 -19:1 -18:1 -17:1 -16:1 -15:1 -14:1 -13:1 -12:1 -11:85 -10:11 -9:11 -8:11 -7:11 -6:11 -5:11 -4:11 -3:11 -2:11 -1:11 +0:462 +5:90 +16:108
   err NEAR (made within 20 ticks of the landing): -11:62 -10:11 -9:11 -8:11 -7:11 -6:11 -5:11 -4:11 -3:11 -2:11 -1:11 +0:340 +16:108
   err far  (made earlier, can still be invalidated): -22:27 -21:1 -20:1 -19:1 -18:1 -17:1 -16:1 -15:1 -14:1 -13:1 -12:1 -11:23 +0:122 +5:90
   last descent, landed on tick 223:
     t=194 pred= 29 left= 29  y=    40 vy=  786432 ay=  -53248
     t=195 pred= 28 left= 28  y=    51 vy=  733184 ay=  -53248
     t=196 pred= 27 left= 27  y=    61 vy=  679936 ay=  -53248
     t=197 pred= 26 left= 26  y=    71 vy=  626688 ay=  -53248
     t=198 pred= 25 left= 25  y=    79 vy=  573440 ay=  -53248
     t=199 pred= 24 left= 24  y=    87 vy=  520192 ay=  -53248
     t=200 pred= 23 left= 23  y=    94 vy=  466944 ay=  -53248
     t=201 pred= 22 left= 22  y=   101 vy=  413696 ay=  -53248
     t=202 pred= 21 left= 21  y=   106 vy=  360448 ay=  -53248
     t=203 pred= 20 left= 20  y=   111 vy=  307200 ay=  -53248
     t=204 pred= 19 left= 19  y=   115 vy=  253952 ay=  -53248
     t=205 pred= 18 left= 18  y=   118 vy=  200704 ay=  -53248
     t=206 pred= 17 left= 17  y=   120 vy=  147456 ay=  -53248
     t=207 pred= 16 left= 16  y=   122 vy=   94208 ay=  -53248
     t=208 pred= 15 left= 15  y=   122 vy=   40960 ay=  -53248
     t=209 pred= 14 left= 14  y=   122 vy=  -12288 ay=  -53248
     t=210 pred= 13 left= 13  y=   121 vy=  -65536 ay=  -53248
     t=211 pred= 12 left= 12  y=   119 vy= -118784 ay=  -53248
     t=212 pred= 11 left= 11  y=   117 vy= -172032 ay=  -53248
     t=213 pred= 10 left= 10  y=   113 vy= -225280 ay=  -53248
     t=214 pred=  9 left=  9  y=   109 vy= -278528 ay=  -53248
     t=215 pred=  8 left=  8  y=   104 vy= -331776 ay=  -53248
     t=216 pred=  7 left=  7  y=    98 vy= -385024 ay=  -53248
     t=217 pred=  6 left=  6  y=    91 vy= -438272 ay=  -53248
     t=218 pred=  5 left=  5  y=    84 vy= -491520 ay=  -53248
     t=219 pred=  4 left=  4  y=    75 vy= -544768 ay=  -53248
     t=220 pred=  3 left=  3  y=    66 vy= -598016 ay=  -53248
     t=221 pred=  2 left=  2  y=    56 vy= -651264 ay=  -53248
     t=222 pred=  1 left=  1  y=    46 vy= -704512 ay=  -53248
P2  landings=0  no_prediction_ticks=0
   err all : -
   err NEAR (made within 20 ticks of the landing): -
   err far  (made earlier, can still be invalidated): -
---- landing prediction ----
P1  landings=32  no_prediction_ticks=0
   err all : -22:27 -21:1 -20:1 -19:1 -18:1 -17:1 -16:1 -15:1 -14:1 -13:1 -12:1 -11:85 -10:11 -9:11 -8:11 -7:11 -6:11 -5:11 -4:11 -3:11 -2:11 -1:11 +0:473 +5:90 +16:117
   err NEAR (made within 20 ticks of the landing): -11:62 -10:11 -9:11 -8:11 -7:11 -6:11 -5:11 -4:11 -3:11 -2:11 -1:11 +0:351 +16:117
   err far  (made earlier, can still be invalidated): -22:27 -21:1 -20:1 -19:1 -18:1 -17:1 -16:1 -15:1 -14:1 -13:1 -12:1 -11:23 +0:122 +5:90
   last descent, landed on tick 5:
     t=241 pred= 36 left= 20  y=    40 vy=  245760 ay=  -13312
     t=242 pred= 35 left= 19  y=    43 vy=  232448 ay=  -13312
     t=243 pred= 34 left= 18  y=    46 vy=  219136 ay=  -13312
     t=244 pred= 33 left= 17  y=    50 vy=  205824 ay=  -13312
     t=245 pred= 32 left= 16  y=    52 vy=  192512 ay=  -13312
     t=246 pred= 31 left= 15  y=    55 vy=  179200 ay=  -13312
     t=247 pred= 30 left= 14  y=    58 vy=  165888 ay=  -13312
     t=248 pred= 29 left= 13  y=    60 vy=  152576 ay=  -13312
     t=249 pred= 28 left= 12  y=    62 vy=  139264 ay=  -13312
     t=250 pred= 11 left= 11  y=    64 vy=       0 ay=  -26624
     t=251 pred= 10 left= 10  y=    64 vy=  -26624 ay=  -26624
     t=252 pred=  9 left=  9  y=    63 vy=  -53248 ay=  -26624
     t=253 pred=  8 left=  8  y=    62 vy=  -79872 ay=  -26624
     t=254 pred=  7 left=  7  y=    60 vy= -106496 ay=  -26624
     t=255 pred=  6 left=  6  y=    58 vy= -133120 ay=  -26624
     t=  0 pred=  5 left=  5  y=    56 vy= -159744 ay=  -26624
     t=  1 pred=  4 left=  4  y=    53 vy= -186368 ay=  -26624
     t=  2 pred=  3 left=  3  y=    49 vy= -212992 ay=  -26624
     t=  3 pred=  2 left=  2  y=    46 vy= -239616 ay=  -26624
     t=  4 pred=  1 left=  1  y=    42 vy= -266240 ay=  -26624
P2  landings=0  no_prediction_ticks=0
   err all : -
   err NEAR (made within 20 ticks of the landing): -
   err far  (made earlier, can still be invalidated): -
---- landing prediction ----
P1  landings=33  no_prediction_ticks=0
   err all : -22:27 -21:1 -20:1 -19:1 -18:1 -17:1 -16:1 -15:1 -14:1 -13:1 -12:1 -11:85 -10:11 -9:11 -8:11 -7:11 -6:11 -5:11 -4:11 -3:11 -2:11 -1:11 +0:484 +5:90 +16:126
   err NEAR (made within 20 ticks of the landing): -11:62 -10:11 -9:11 -8:11 -7:11 -6:11 -5:11 -4:11 -3:11 -2:11 -1:11 +0:362 +16:126
   err far  (made earlier, can still be invalidated): -22:27 -21:1 -20:1 -19:1 -18:1 -17:1 -16:1 -15:1 -14:1 -13:1 -12:1 -11:23 +0:122 +5:90
   last descent, landed on tick 27:
     t=  7 pred= 36 left= 20  y=    40 vy=  245760 ay=  -13312
     t=  8 pred= 35 left= 19  y=    43 vy=  232448 ay=  -13312
     t=  9 pred= 34 left= 18  y=    46 vy=  219136 ay=  -13312
     t= 10 pred= 33 left= 17  y=    50 vy=  205824 ay=  -13312
     t= 11 pred= 32 left= 16  y=    52 vy=  192512 ay=  -13312
     t= 12 pred= 31 left= 15  y=    55 vy=  179200 ay=  -13312
     t= 13 pred= 30 left= 14  y=    58 vy=  165888 ay=  -13312
     t= 14 pred= 29 left= 13  y=    60 vy=  152576 ay=  -13312
     t= 15 pred= 28 left= 12  y=    62 vy=  139264 ay=  -13312
     t= 16 pred= 11 left= 11  y=    64 vy=       0 ay=  -26624
     t= 17 pred= 10 left= 10  y=    64 vy=  -26624 ay=  -26624
     t= 18 pred=  9 left=  9  y=    63 vy=  -53248 ay=  -26624
     t= 19 pred=  8 left=  8  y=    62 vy=  -79872 ay=  -26624
     t= 20 pred=  7 left=  7  y=    60 vy= -106496 ay=  -26624
     t= 21 pred=  6 left=  6  y=    58 vy= -133120 ay=  -26624
     t= 22 pred=  5 left=  5  y=    56 vy= -159744 ay=  -26624
     t= 23 pred=  4 left=  4  y=    53 vy= -186368 ay=  -26624
     t= 24 pred=  3 left=  3  y=    49 vy= -212992 ay=  -26624
     t= 25 pred=  2 left=  2  y=    46 vy= -239616 ay=  -26624
     t= 26 pred=  1 left=  1  y=    42 vy= -266240 ay=  -26624
P2  landings=0  no_prediction_ticks=0
   err all : -
   err NEAR (made within 20 ticks of the landing): -
   err far  (made earlier, can still be invalidated): -
---- landing prediction ----
P1  landings=34  no_prediction_ticks=0
   err all : -22:27 -21:1 -20:1 -19:1 -18:1 -17:1 -16:1 -15:1 -14:1 -13:1 -12:1 -11:85 -10:11 -9:11 -8:11 -7:11 -6:11 -5:11 -4:11 -3:11 -2:11 -1:11 +0:523 +5:90 +16:126
   err NEAR (made within 20 ticks of the landing): -11:62 -10:11 -9:11 -8:11 -7:11 -6:11 -5:11 -4:11 -3:11 -2:11 -1:11 +0:382 +16:126
   err far  (made earlier, can still be invalidated): -22:27 -21:1 -20:1 -19:1 -18:1 -17:1 -16:1 -15:1 -14:1 -13:1 -12:1 -11:23 +0:141 +5:90
   last descent, landed on tick 93:
     t= 54 pred= 39 left= 39  y=    40 vy=  630784 ay=  -32000
     t= 55 pred= 38 left= 38  y=    49 vy=  598784 ay=  -32000
     t= 56 pred= 37 left= 37  y=    57 vy=  566784 ay=  -32000
     t= 57 pred= 36 left= 36  y=    65 vy=  534784 ay=  -32000
     t= 58 pred= 35 left= 35  y=    73 vy=  502784 ay=  -32000
     t= 59 pred= 34 left= 34  y=    80 vy=  470784 ay=  -32000
     t= 60 pred= 33 left= 33  y=    87 vy=  438784 ay=  -32000
     t= 61 pred= 32 left= 32  y=    93 vy=  406784 ay=  -32000
     t= 62 pred= 31 left= 31  y=    99 vy=  374784 ay=  -32000
     t= 63 pred= 30 left= 30  y=   104 vy=  342784 ay=  -32000
     t= 64 pred= 29 left= 29  y=   109 vy=  310784 ay=  -32000
     t= 65 pred= 28 left= 28  y=   113 vy=  278784 ay=  -32000
     t= 66 pred= 27 left= 27  y=   117 vy=  246784 ay=  -32000
     t= 67 pred= 26 left= 26  y=   120 vy=  214784 ay=  -32000
     t= 68 pred= 25 left= 25  y=   123 vy=  182784 ay=  -32000
     t= 69 pred= 24 left= 24  y=   125 vy=  150784 ay=  -32000
     t= 70 pred= 23 left= 23  y=   127 vy=  118784 ay=  -32000
     t= 71 pred= 22 left= 22  y=   128 vy=   86784 ay=  -32000
     t= 72 pred= 21 left= 21  y=   129 vy=   54784 ay=  -32000
     t= 73 pred= 20 left= 20  y=   130 vy=   22784 ay=  -32000
     t= 74 pred= 19 left= 19  y=   129 vy=   -9216 ay=  -32000
     t= 75 pred= 18 left= 18  y=   129 vy=  -41216 ay=  -32000
     t= 76 pred= 17 left= 17  y=   128 vy=  -73216 ay=  -32000
     t= 77 pred= 16 left= 16  y=   126 vy= -105216 ay=  -32000
     t= 78 pred= 15 left= 15  y=   124 vy= -137216 ay=  -32000
     t= 79 pred= 14 left= 14  y=   121 vy= -169216 ay=  -32000
     t= 80 pred= 13 left= 13  y=   118 vy= -201216 ay=  -32000
     t= 81 pred= 12 left= 12  y=   115 vy= -233216 ay=  -32000
     t= 82 pred= 11 left= 11  y=   111 vy= -265216 ay=  -32000
     t= 83 pred= 10 left= 10  y=   106 vy= -297216 ay=  -32000
     t= 84 pred=  9 left=  9  y=   101 vy= -329216 ay=  -32000
     t= 85 pred=  8 left=  8  y=    96 vy= -361216 ay=  -32000
     t= 86 pred=  7 left=  7  y=    90 vy= -393216 ay=  -32000
     t= 87 pred=  6 left=  6  y=    83 vy= -425216 ay=  -32000
     t= 88 pred=  5 left=  5  y=    76 vy= -457216 ay=  -32000
     t= 89 pred=  4 left=  4  y=    69 vy= -489216 ay=  -32000
     t= 90 pred=  3 left=  3  y=    61 vy= -521216 ay=  -32000
     t= 91 pred=  2 left=  2  y=    52 vy= -553216 ay=  -32000
     t= 92 pred=  1 left=  1  y=    43 vy= -585216 ay=  -32000
P2  landings=0  no_prediction_ticks=0
   err all : -
   err NEAR (made within 20 ticks of the landing): -
   err far  (made earlier, can still be invalidated): -
---- landing prediction ----
P1  landings=35  no_prediction_ticks=0
   err all : -22:27 -21:1 -20:1 -19:1 -18:1 -17:1 -16:1 -15:1 -14:1 -13:1 -12:1 -11:85 -10:11 -9:11 -8:11 -7:11 -6:11 -5:11 -4:11 -3:11 -2:11 -1:11 +0:534 +5:90 +16:135
   err NEAR (made within 20 ticks of the landing): -11:62 -10:11 -9:11 -8:11 -7:11 -6:11 -5:11 -4:11 -3:11 -2:11 -1:11 +0:393 +16:135
   err far  (made earlier, can still be invalidated): -22:27 -21:1 -20:1 -19:1 -18:1 -17:1 -16:1 -15:1 -14:1 -13:1 -12:1 -11:23 +0:141 +5:90
   last descent, landed on tick 129:
     t=109 pred= 36 left= 20  y=    40 vy=  245760 ay=  -13312
     t=110 pred= 35 left= 19  y=    43 vy=  232448 ay=  -13312
     t=111 pred= 34 left= 18  y=    46 vy=  219136 ay=  -13312
     t=112 pred= 33 left= 17  y=    50 vy=  205824 ay=  -13312
     t=113 pred= 32 left= 16  y=    52 vy=  192512 ay=  -13312
     t=114 pred= 31 left= 15  y=    55 vy=  179200 ay=  -13312
     t=115 pred= 30 left= 14  y=    58 vy=  165888 ay=  -13312
     t=116 pred= 29 left= 13  y=    60 vy=  152576 ay=  -13312
     t=117 pred= 28 left= 12  y=    62 vy=  139264 ay=  -13312
     t=118 pred= 11 left= 11  y=    64 vy=       0 ay=  -26624
     t=119 pred= 10 left= 10  y=    64 vy=  -26624 ay=  -26624
     t=120 pred=  9 left=  9  y=    63 vy=  -53248 ay=  -26624
     t=121 pred=  8 left=  8  y=    62 vy=  -79872 ay=  -26624
     t=122 pred=  7 left=  7  y=    60 vy= -106496 ay=  -26624
     t=123 pred=  6 left=  6  y=    58 vy= -133120 ay=  -26624
     t=124 pred=  5 left=  5  y=    56 vy= -159744 ay=  -26624
     t=125 pred=  4 left=  4  y=    53 vy= -186368 ay=  -26624
     t=126 pred=  3 left=  3  y=    49 vy= -212992 ay=  -26624
     t=127 pred=  2 left=  2  y=    46 vy= -239616 ay=  -26624
     t=128 pred=  1 left=  1  y=    42 vy= -266240 ay=  -26624
P2  landings=0  no_prediction_ticks=0
   err all : -
   err NEAR (made within 20 ticks of the landing): -
   err far  (made earlier, can still be invalidated): -
---- landing prediction ----
P1  landings=36  no_prediction_ticks=0
   err all : -22:27 -21:1 -20:1 -19:1 -18:1 -17:1 -16:1 -15:1 -14:1 -13:1 -12:1 -11:85 -10:11 -9:11 -8:11 -7:11 -6:11 -5:11 -4:11 -3:11 -2:11 -1:11 +0:545 +5:90 +16:144
   err NEAR (made within 20 ticks of the landing): -11:62 -10:11 -9:11 -8:11 -7:11 -6:11 -5:11 -4:11 -3:11 -2:11 -1:11 +0:404 +16:144
   err far  (made earlier, can still be invalidated): -22:27 -21:1 -20:1 -19:1 -18:1 -17:1 -16:1 -15:1 -14:1 -13:1 -12:1 -11:23 +0:141 +5:90
   last descent, landed on tick 151:
     t=131 pred= 36 left= 20  y=    40 vy=  245760 ay=  -13312
     t=132 pred= 35 left= 19  y=    43 vy=  232448 ay=  -13312
     t=133 pred= 34 left= 18  y=    46 vy=  219136 ay=  -13312
     t=134 pred= 33 left= 17  y=    50 vy=  205824 ay=  -13312
     t=135 pred= 32 left= 16  y=    52 vy=  192512 ay=  -13312
     t=136 pred= 31 left= 15  y=    55 vy=  179200 ay=  -13312
     t=137 pred= 30 left= 14  y=    58 vy=  165888 ay=  -13312
     t=138 pred= 29 left= 13  y=    60 vy=  152576 ay=  -13312
     t=139 pred= 28 left= 12  y=    62 vy=  139264 ay=  -13312
     t=140 pred= 11 left= 11  y=    64 vy=       0 ay=  -26624
     t=141 pred= 10 left= 10  y=    64 vy=  -26624 ay=  -26624
     t=142 pred=  9 left=  9  y=    63 vy=  -53248 ay=  -26624
     t=143 pred=  8 left=  8  y=    62 vy=  -79872 ay=  -26624
     t=144 pred=  7 left=  7  y=    60 vy= -106496 ay=  -26624
     t=145 pred=  6 left=  6  y=    58 vy= -133120 ay=  -26624
     t=146 pred=  5 left=  5  y=    56 vy= -159744 ay=  -26624
     t=147 pred=  4 left=  4  y=    53 vy= -186368 ay=  -26624
     t=148 pred=  3 left=  3  y=    49 vy= -212992 ay=  -26624
     t=149 pred=  2 left=  2  y=    46 vy= -239616 ay=  -26624
     t=150 pred=  1 left=  1  y=    42 vy= -266240 ay=  -26624
P2  landings=0  no_prediction_ticks=0
   err all : -
   err NEAR (made within 20 ticks of the landing): -
   err far  (made earlier, can still be invalidated): -
---- landing prediction ----
P1  landings=37  no_prediction_ticks=0
   err all : -22:27 -21:1 -20:1 -19:1 -18:1 -17:1 -16:1 -15:1 -14:1 -13:1 -12:1 -11:85 -10:11 -9:11 -8:11 -7:11 -6:11 -5:11 -4:11 -3:11 -2:11 -1:11 +0:584 +5:90 +16:144
   err NEAR (made within 20 ticks of the landing): -11:62 -10:11 -9:11 -8:11 -7:11 -6:11 -5:11 -4:11 -3:11 -2:11 -1:11 +0:424 +16:144
   err far  (made earlier, can still be invalidated): -22:27 -21:1 -20:1 -19:1 -18:1 -17:1 -16:1 -15:1 -14:1 -13:1 -12:1 -11:23 +0:160 +5:90
   last descent, landed on tick 227:
     t=188 pred= 39 left= 39  y=    40 vy=  630784 ay=  -32000
     t=189 pred= 38 left= 38  y=    49 vy=  598784 ay=  -32000
     t=190 pred= 37 left= 37  y=    57 vy=  566784 ay=  -32000
     t=191 pred= 36 left= 36  y=    65 vy=  534784 ay=  -32000
     t=192 pred= 35 left= 35  y=    73 vy=  502784 ay=  -32000
     t=193 pred= 34 left= 34  y=    80 vy=  470784 ay=  -32000
     t=194 pred= 33 left= 33  y=    87 vy=  438784 ay=  -32000
     t=195 pred= 32 left= 32  y=    93 vy=  406784 ay=  -32000
     t=196 pred= 31 left= 31  y=    99 vy=  374784 ay=  -32000
     t=197 pred= 30 left= 30  y=   104 vy=  342784 ay=  -32000
     t=198 pred= 29 left= 29  y=   109 vy=  310784 ay=  -32000
     t=199 pred= 28 left= 28  y=   113 vy=  278784 ay=  -32000
     t=200 pred= 27 left= 27  y=   117 vy=  246784 ay=  -32000
     t=201 pred= 26 left= 26  y=   120 vy=  214784 ay=  -32000
     t=202 pred= 25 left= 25  y=   123 vy=  182784 ay=  -32000
     t=203 pred= 24 left= 24  y=   125 vy=  150784 ay=  -32000
     t=204 pred= 23 left= 23  y=   127 vy=  118784 ay=  -32000
     t=205 pred= 22 left= 22  y=   128 vy=   86784 ay=  -32000
     t=206 pred= 21 left= 21  y=   129 vy=   54784 ay=  -32000
     t=207 pred= 20 left= 20  y=   130 vy=   22784 ay=  -32000
     t=208 pred= 19 left= 19  y=   129 vy=   -9216 ay=  -32000
     t=209 pred= 18 left= 18  y=   129 vy=  -41216 ay=  -32000
     t=210 pred= 17 left= 17  y=   128 vy=  -73216 ay=  -32000
     t=211 pred= 16 left= 16  y=   126 vy= -105216 ay=  -32000
     t=212 pred= 15 left= 15  y=   124 vy= -137216 ay=  -32000
     t=213 pred= 14 left= 14  y=   121 vy= -169216 ay=  -32000
     t=214 pred= 13 left= 13  y=   118 vy= -201216 ay=  -32000
     t=215 pred= 12 left= 12  y=   115 vy= -233216 ay=  -32000
     t=216 pred= 11 left= 11  y=   111 vy= -265216 ay=  -32000
     t=217 pred= 10 left= 10  y=   106 vy= -297216 ay=  -32000
     t=218 pred=  9 left=  9  y=   101 vy= -329216 ay=  -32000
     t=219 pred=  8 left=  8  y=    96 vy= -361216 ay=  -32000
     t=220 pred=  7 left=  7  y=    90 vy= -393216 ay=  -32000
     t=221 pred=  6 left=  6  y=    83 vy= -425216 ay=  -32000
     t=222 pred=  5 left=  5  y=    76 vy= -457216 ay=  -32000
     t=223 pred=  4 left=  4  y=    69 vy= -489216 ay=  -32000
     t=224 pred=  3 left=  3  y=    61 vy= -521216 ay=  -32000
     t=225 pred=  2 left=  2  y=    52 vy= -553216 ay=  -32000
     t=226 pred=  1 left=  1  y=    43 vy= -585216 ay=  -32000
P2  landings=0  no_prediction_ticks=0
   err all : -
   err NEAR (made within 20 ticks of the landing): -
   err far  (made earlier, can still be invalidated): -
---- landing prediction ----
P1  landings=38  no_prediction_ticks=0
   err all : -22:27 -21:1 -20:1 -19:1 -18:1 -17:1 -16:1 -15:1 -14:1 -13:1 -12:1 -11:85 -10:11 -9:11 -8:11 -7:11 -6:11 -5:11 -4:11 -3:11 -2:11 -1:11 +0:595 +5:90 +16:153
   err NEAR (made within 20 ticks of the landing): -11:62 -10:11 -9:11 -8:11 -7:11 -6:11 -5:11 -4:11 -3:11 -2:11 -1:11 +0:435 +16:153
   err far  (made earlier, can still be invalidated): -22:27 -21:1 -20:1 -19:1 -18:1 -17:1 -16:1 -15:1 -14:1 -13:1 -12:1 -11:23 +0:160 +5:90
   last descent, landed on tick 255:
     t=235 pred= 36 left= 20  y=    40 vy=  245760 ay=  -13312
     t=236 pred= 35 left= 19  y=    43 vy=  232448 ay=  -13312
     t=237 pred= 34 left= 18  y=    46 vy=  219136 ay=  -13312
     t=238 pred= 33 left= 17  y=    50 vy=  205824 ay=  -13312
     t=239 pred= 32 left= 16  y=    52 vy=  192512 ay=  -13312
     t=240 pred= 31 left= 15  y=    55 vy=  179200 ay=  -13312
     t=241 pred= 30 left= 14  y=    58 vy=  165888 ay=  -13312
     t=242 pred= 29 left= 13  y=    60 vy=  152576 ay=  -13312
     t=243 pred= 28 left= 12  y=    62 vy=  139264 ay=  -13312
     t=244 pred= 11 left= 11  y=    64 vy=       0 ay=  -26624
     t=245 pred= 10 left= 10  y=    64 vy=  -26624 ay=  -26624
     t=246 pred=  9 left=  9  y=    63 vy=  -53248 ay=  -26624
     t=247 pred=  8 left=  8  y=    62 vy=  -79872 ay=  -26624
     t=248 pred=  7 left=  7  y=    60 vy= -106496 ay=  -26624
     t=249 pred=  6 left=  6  y=    58 vy= -133120 ay=  -26624
     t=250 pred=  5 left=  5  y=    56 vy= -159744 ay=  -26624
     t=251 pred=  4 left=  4  y=    53 vy= -186368 ay=  -26624
     t=252 pred=  3 left=  3  y=    49 vy= -212992 ay=  -26624
     t=253 pred=  2 left=  2  y=    46 vy= -239616 ay=  -26624
     t=254 pred=  1 left=  1  y=    42 vy= -266240 ay=  -26624
P2  landings=0  no_prediction_ticks=0
   err all : -
   err NEAR (made within 20 ticks of the landing): -
   err far  (made earlier, can still be invalidated): -
---- landing prediction ----
P1  landings=39  no_prediction_ticks=0
   err all : -22:27 -21:1 -20:1 -19:1 -18:1 -17:1 -16:1 -15:1 -14:1 -13:1 -12:1 -11:95 -10:12 -9:12 -8:12 -7:12 -6:12 -5:12 -4:12 -3:12 -2:12 -1:12 +0:597 +5:99 +16:153
   err NEAR (made within 20 ticks of the landing): -11:70 -10:12 -9:12 -8:12 -7:12 -6:12 -5:12 -4:12 -3:12 -2:12 -1:12 +0:437 +16:153
   err far  (made earlier, can still be invalidated): -22:27 -21:1 -20:1 -19:1 -18:1 -17:1 -16:1 -15:1 -14:1 -13:1 -12:1 -11:25 +0:160 +5:99
   last descent, landed on tick 34:
     t=  3 pred= 36 left= 31  y=    40 vy=  245760 ay=  -13312
     t=  4 pred= 35 left= 30  y=    43 vy=  232448 ay=  -13312
     t=  5 pred= 34 left= 29  y=    46 vy=  219136 ay=  -13312
     t=  6 pred= 33 left= 28  y=    50 vy=  205824 ay=  -13312
     t=  7 pred= 32 left= 27  y=    52 vy=  192512 ay=  -13312
     t=  8 pred= 31 left= 26  y=    55 vy=  179200 ay=  -13312
     t=  9 pred= 30 left= 25  y=    58 vy=  165888 ay=  -13312
     t= 10 pred= 29 left= 24  y=    60 vy=  152576 ay=  -13312
     t= 11 pred= 28 left= 23  y=    62 vy=  139264 ay=  -13312
     t= 12 pred= 11 left= 22  y=    64 vy=       0 ay=  -26624
     t= 13 pred= 10 left= 21  y=    64 vy=  -26624 ay=  -26624
     t= 14 pred=  9 left= 20  y=    63 vy=  -53248 ay=  -26624
     t= 15 pred=  8 left= 19  y=    62 vy=  -79872 ay=  -26624
     t= 16 pred=  7 left= 18  y=    60 vy= -106496 ay=  -26624
     t= 17 pred=  6 left= 17  y=    58 vy= -133120 ay=  -26624
     t= 18 pred=  5 left= 16  y=    56 vy= -159744 ay=  -26624
     t= 19 pred=  4 left= 15  y=    53 vy= -186368 ay=  -26624
     t= 20 pred=  3 left= 14  y=    49 vy= -212992 ay=  -26624
     t= 21 pred=  2 left= 13  y=    46 vy= -239616 ay=  -26624
     t= 22 pred=  2 left= 12  y=    46 vy= -239616 ay=  -26624
     t= 23 pred=  2 left= 11  y=    46 vy= -239616 ay=  -26624
     t= 24 pred=  2 left= 10  y=    46 vy= -239616 ay=  -26624
     t= 25 pred=  2 left=  9  y=    46 vy= -239616 ay=  -26624
     t= 26 pred=  2 left=  8  y=    46 vy= -239616 ay=  -26624
     t= 27 pred=  2 left=  7  y=    46 vy= -239616 ay=  -26624
     t= 28 pred=  2 left=  6  y=    46 vy= -239616 ay=  -26624
     t= 29 pred=  2 left=  5  y=    46 vy= -239616 ay=  -26624
     t= 30 pred=  2 left=  4  y=    46 vy= -239616 ay=  -26624
     t= 31 pred=  2 left=  3  y=    46 vy= -239616 ay=  -26624
     t= 32 pred=  2 left=  2  y=    46 vy= -239616 ay=  -26624
     t= 33 pred=  1 left=  1  y=    42 vy= -266240 ay=  -26624
P2  landings=0  no_prediction_ticks=0
   err all : -
   err NEAR (made within 20 ticks of the landing): -
   err far  (made earlier, can still be invalidated): -
---- landing prediction ----
P1  landings=40  no_prediction_ticks=0
   err all : -22:27 -21:1 -20:1 -19:1 -18:1 -17:1 -16:1 -15:1 -14:1 -13:1 -12:1 -11:95 -10:12 -9:12 -8:12 -7:12 -6:12 -5:12 -4:12 -3:12 -2:12 -1:12 +0:626 +5:99 +16:153
   err NEAR (made within 20 ticks of the landing): -11:70 -10:12 -9:12 -8:12 -7:12 -6:12 -5:12 -4:12 -3:12 -2:12 -1:12 +0:457 +16:153
   err far  (made earlier, can still be invalidated): -22:27 -21:1 -20:1 -19:1 -18:1 -17:1 -16:1 -15:1 -14:1 -13:1 -12:1 -11:25 +0:169 +5:99
   last descent, landed on tick 151:
     t=122 pred= 29 left= 29  y=    40 vy=  786432 ay=  -53248
     t=123 pred= 28 left= 28  y=    51 vy=  733184 ay=  -53248
     t=124 pred= 27 left= 27  y=    61 vy=  679936 ay=  -53248
     t=125 pred= 26 left= 26  y=    71 vy=  626688 ay=  -53248
     t=126 pred= 25 left= 25  y=    79 vy=  573440 ay=  -53248
     t=127 pred= 24 left= 24  y=    87 vy=  520192 ay=  -53248
     t=128 pred= 23 left= 23  y=    94 vy=  466944 ay=  -53248
     t=129 pred= 22 left= 22  y=   101 vy=  413696 ay=  -53248
     t=130 pred= 21 left= 21  y=   106 vy=  360448 ay=  -53248
     t=131 pred= 20 left= 20  y=   111 vy=  307200 ay=  -53248
     t=132 pred= 19 left= 19  y=   115 vy=  253952 ay=  -53248
     t=133 pred= 18 left= 18  y=   118 vy=  200704 ay=  -53248
     t=134 pred= 17 left= 17  y=   120 vy=  147456 ay=  -53248
     t=135 pred= 16 left= 16  y=   122 vy=   94208 ay=  -53248
     t=136 pred= 15 left= 15  y=   122 vy=   40960 ay=  -53248
     t=137 pred= 14 left= 14  y=   122 vy=  -12288 ay=  -53248
     t=138 pred= 13 left= 13  y=   121 vy=  -65536 ay=  -53248
     t=139 pred= 12 left= 12  y=   119 vy= -118784 ay=  -53248
     t=140 pred= 11 left= 11  y=   117 vy= -172032 ay=  -53248
     t=141 pred= 10 left= 10  y=   113 vy= -225280 ay=  -53248
     t=142 pred=  9 left=  9  y=   109 vy= -278528 ay=  -53248
     t=143 pred=  8 left=  8  y=   104 vy= -331776 ay=  -53248
     t=144 pred=  7 left=  7  y=    98 vy= -385024 ay=  -53248
     t=145 pred=  6 left=  6  y=    91 vy= -438272 ay=  -53248
     t=146 pred=  5 left=  5  y=    84 vy= -491520 ay=  -53248
     t=147 pred=  4 left=  4  y=    75 vy= -544768 ay=  -53248
     t=148 pred=  3 left=  3  y=    66 vy= -598016 ay=  -53248
     t=149 pred=  2 left=  2  y=    56 vy= -651264 ay=  -53248
     t=150 pred=  1 left=  1  y=    46 vy= -704512 ay=  -53248
P2  landings=0  no_prediction_ticks=0
   err all : -
   err NEAR (made within 20 ticks of the landing): -
   err far  (made earlier, can still be invalidated): -
---- landing prediction ----
P1  landings=41  no_prediction_ticks=0
   err all : -22:27 -21:1 -20:1 -19:1 -18:1 -17:1 -16:1 -15:1 -14:1 -13:1 -12:1 -11:95 -10:12 -9:12 -8:12 -7:12 -6:12 -5:12 -4:12 -3:12 -2:12 -1:12 +0:637 +5:99 +16:162
   err NEAR (made within 20 ticks of the landing): -11:70 -10:12 -9:12 -8:12 -7:12 -6:12 -5:12 -4:12 -3:12 -2:12 -1:12 +0:468 +16:162
   err far  (made earlier, can still be invalidated): -22:27 -21:1 -20:1 -19:1 -18:1 -17:1 -16:1 -15:1 -14:1 -13:1 -12:1 -11:25 +0:169 +5:99
   last descent, landed on tick 177:
     t=157 pred= 36 left= 20  y=    40 vy=  245760 ay=  -13312
     t=158 pred= 35 left= 19  y=    43 vy=  232448 ay=  -13312
     t=159 pred= 34 left= 18  y=    46 vy=  219136 ay=  -13312
     t=160 pred= 33 left= 17  y=    50 vy=  205824 ay=  -13312
     t=161 pred= 32 left= 16  y=    52 vy=  192512 ay=  -13312
     t=162 pred= 31 left= 15  y=    55 vy=  179200 ay=  -13312
     t=163 pred= 30 left= 14  y=    58 vy=  165888 ay=  -13312
     t=164 pred= 29 left= 13  y=    60 vy=  152576 ay=  -13312
     t=165 pred= 28 left= 12  y=    62 vy=  139264 ay=  -13312
     t=166 pred= 11 left= 11  y=    64 vy=       0 ay=  -26624
     t=167 pred= 10 left= 10  y=    64 vy=  -26624 ay=  -26624
     t=168 pred=  9 left=  9  y=    63 vy=  -53248 ay=  -26624
     t=169 pred=  8 left=  8  y=    62 vy=  -79872 ay=  -26624
     t=170 pred=  7 left=  7  y=    60 vy= -106496 ay=  -26624
     t=171 pred=  6 left=  6  y=    58 vy= -133120 ay=  -26624
     t=172 pred=  5 left=  5  y=    56 vy= -159744 ay=  -26624
     t=173 pred=  4 left=  4  y=    53 vy= -186368 ay=  -26624
     t=174 pred=  3 left=  3  y=    49 vy= -212992 ay=  -26624
     t=175 pred=  2 left=  2  y=    46 vy= -239616 ay=  -26624
     t=176 pred=  1 left=  1  y=    42 vy= -266240 ay=  -26624
P2  landings=0  no_prediction_ticks=0
   err all : -
   err NEAR (made within 20 ticks of the landing): -
   err far  (made earlier, can still be invalidated): -
---- landing prediction ----
P1  landings=42  no_prediction_ticks=0
   err all : -22:27 -21:1 -20:1 -19:1 -18:1 -17:1 -16:1 -15:1 -14:1 -13:1 -12:1 -11:95 -10:12 -9:12 -8:12 -7:12 -6:12 -5:12 -4:12 -3:12 -2:12 -1:12 +0:648 +5:99 +16:171
   err NEAR (made within 20 ticks of the landing): -11:70 -10:12 -9:12 -8:12 -7:12 -6:12 -5:12 -4:12 -3:12 -2:12 -1:12 +0:479 +16:171
   err far  (made earlier, can still be invalidated): -22:27 -21:1 -20:1 -19:1 -18:1 -17:1 -16:1 -15:1 -14:1 -13:1 -12:1 -11:25 +0:169 +5:99
   last descent, landed on tick 201:
     t=181 pred= 36 left= 20  y=    40 vy=  245760 ay=  -13312
     t=182 pred= 35 left= 19  y=    43 vy=  232448 ay=  -13312
     t=183 pred= 34 left= 18  y=    46 vy=  219136 ay=  -13312
     t=184 pred= 33 left= 17  y=    50 vy=  205824 ay=  -13312
     t=185 pred= 32 left= 16  y=    52 vy=  192512 ay=  -13312
     t=186 pred= 31 left= 15  y=    55 vy=  179200 ay=  -13312
     t=187 pred= 30 left= 14  y=    58 vy=  165888 ay=  -13312
     t=188 pred= 29 left= 13  y=    60 vy=  152576 ay=  -13312
     t=189 pred= 28 left= 12  y=    62 vy=  139264 ay=  -13312
     t=190 pred= 11 left= 11  y=    64 vy=       0 ay=  -26624
     t=191 pred= 10 left= 10  y=    64 vy=  -26624 ay=  -26624
     t=192 pred=  9 left=  9  y=    63 vy=  -53248 ay=  -26624
     t=193 pred=  8 left=  8  y=    62 vy=  -79872 ay=  -26624
     t=194 pred=  7 left=  7  y=    60 vy= -106496 ay=  -26624
     t=195 pred=  6 left=  6  y=    58 vy= -133120 ay=  -26624
     t=196 pred=  5 left=  5  y=    56 vy= -159744 ay=  -26624
     t=197 pred=  4 left=  4  y=    53 vy= -186368 ay=  -26624
     t=198 pred=  3 left=  3  y=    49 vy= -212992 ay=  -26624
     t=199 pred=  2 left=  2  y=    46 vy= -239616 ay=  -26624
     t=200 pred=  1 left=  1  y=    42 vy= -266240 ay=  -26624
P2  landings=0  no_prediction_ticks=0
   err all : -
   err NEAR (made within 20 ticks of the landing): -
   err far  (made earlier, can still be invalidated): -
---- landing prediction ----
P1  landings=43  no_prediction_ticks=0
   err all : -22:27 -21:1 -20:1 -19:1 -18:1 -17:1 -16:1 -15:1 -14:1 -13:1 -12:1 -11:106 -10:13 -9:13 -8:13 -7:13 -6:13 -5:13 -4:13 -3:13 -2:13 -1:13 +0:649 +5:108 +16:171
   err NEAR (made within 20 ticks of the landing): -11:79 -10:13 -9:13 -8:13 -7:13 -6:13 -5:13 -4:13 -3:13 -2:13 -1:13 +0:480 +16:171
   err far  (made earlier, can still be invalidated): -22:27 -21:1 -20:1 -19:1 -18:1 -17:1 -16:1 -15:1 -14:1 -13:1 -12:1 -11:27 +0:169 +5:108
   last descent, landed on tick 22:
     t=247 pred= 36 left= 31  y=    40 vy=  245760 ay=  -13312
     t=248 pred= 35 left= 30  y=    43 vy=  232448 ay=  -13312
     t=249 pred= 34 left= 29  y=    46 vy=  219136 ay=  -13312
     t=250 pred= 33 left= 28  y=    50 vy=  205824 ay=  -13312
     t=251 pred= 32 left= 27  y=    52 vy=  192512 ay=  -13312
     t=252 pred= 31 left= 26  y=    55 vy=  179200 ay=  -13312
     t=253 pred= 30 left= 25  y=    58 vy=  165888 ay=  -13312
     t=254 pred= 29 left= 24  y=    60 vy=  152576 ay=  -13312
     t=255 pred= 28 left= 23  y=    62 vy=  139264 ay=  -13312
     t=  0 pred= 11 left= 22  y=    64 vy=       0 ay=  -26624
     t=  1 pred= 10 left= 21  y=    64 vy=  -26624 ay=  -26624
     t=  2 pred=  9 left= 20  y=    63 vy=  -53248 ay=  -26624
     t=  3 pred=  8 left= 19  y=    62 vy=  -79872 ay=  -26624
     t=  4 pred=  7 left= 18  y=    60 vy= -106496 ay=  -26624
     t=  5 pred=  6 left= 17  y=    58 vy= -133120 ay=  -26624
     t=  6 pred=  5 left= 16  y=    56 vy= -159744 ay=  -26624
     t=  7 pred=  4 left= 15  y=    53 vy= -186368 ay=  -26624
     t=  8 pred=  3 left= 14  y=    49 vy= -212992 ay=  -26624
     t=  9 pred=  2 left= 13  y=    46 vy= -239616 ay=  -26624
     t= 10 pred=  1 left= 12  y=    42 vy= -266240 ay=  -26624
     t= 11 pred=  1 left= 11  y=    42 vy= -266240 ay=  -26624
     t= 12 pred=  1 left= 10  y=    42 vy= -266240 ay=  -26624
     t= 13 pred=  1 left=  9  y=    42 vy= -266240 ay=  -26624
     t= 14 pred=  1 left=  8  y=    42 vy= -266240 ay=  -26624
     t= 15 pred=  1 left=  7  y=    42 vy= -266240 ay=  -26624
     t= 16 pred=  1 left=  6  y=    42 vy= -266240 ay=  -26624
     t= 17 pred=  1 left=  5  y=    42 vy= -266240 ay=  -26624
     t= 18 pred=  1 left=  4  y=    42 vy= -266240 ay=  -26624
     t= 19 pred=  1 left=  3  y=    42 vy= -266240 ay=  -26624
     t= 20 pred=  1 left=  2  y=    42 vy= -266240 ay=  -26624
     t= 21 pred=  1 left=  1  y=    42 vy= -266240 ay=  -26624
P2  landings=0  no_prediction_ticks=0
   err all : -
   err NEAR (made within 20 ticks of the landing): -
   err far  (made earlier, can still be invalidated): -
---- landing prediction ----
P1  landings=44  no_prediction_ticks=0
   err all : -22:27 -21:1 -20:1 -19:1 -18:1 -17:1 -16:1 -15:1 -14:1 -13:1 -12:1 -11:114 -10:14 -9:14 -8:14 -7:14 -6:14 -5:14 -4:14 -3:14 -2:14 -1:14 +0:653 +5:117 +16:171
   err NEAR (made within 20 ticks of the landing): -11:85 -10:14 -9:14 -8:14 -7:14 -6:14 -5:14 -4:14 -3:14 -2:14 -1:14 +0:484 +16:171
   err far  (made earlier, can still be invalidated): -22:27 -21:1 -20:1 -19:1 -18:1 -17:1 -16:1 -15:1 -14:1 -13:1 -12:1 -11:29 +0:169 +5:117
   last descent, landed on tick 57:
     t= 26 pred= 36 left= 31  y=    40 vy=  245760 ay=  -13312
     t= 27 pred= 35 left= 30  y=    43 vy=  232448 ay=  -13312
     t= 28 pred= 34 left= 29  y=    46 vy=  219136 ay=  -13312
     t= 29 pred= 33 left= 28  y=    50 vy=  205824 ay=  -13312
     t= 30 pred= 32 left= 27  y=    52 vy=  192512 ay=  -13312
     t= 31 pred= 31 left= 26  y=    55 vy=  179200 ay=  -13312
     t= 32 pred= 30 left= 25  y=    58 vy=  165888 ay=  -13312
     t= 33 pred= 29 left= 24  y=    60 vy=  152576 ay=  -13312
     t= 34 pred= 28 left= 23  y=    62 vy=  139264 ay=  -13312
     t= 35 pred= 11 left= 22  y=    64 vy=       0 ay=  -26624
     t= 36 pred= 10 left= 21  y=    64 vy=  -26624 ay=  -26624
     t= 37 pred=  9 left= 20  y=    63 vy=  -53248 ay=  -26624
     t= 38 pred=  8 left= 19  y=    62 vy=  -79872 ay=  -26624
     t= 39 pred=  7 left= 18  y=    60 vy= -106496 ay=  -26624
     t= 40 pred=  6 left= 17  y=    58 vy= -133120 ay=  -26624
     t= 41 pred=  5 left= 16  y=    56 vy= -159744 ay=  -26624
     t= 42 pred=  4 left= 15  y=    53 vy= -186368 ay=  -26624
     t= 43 pred=  4 left= 14  y=    53 vy= -186368 ay=  -26624
     t= 44 pred=  4 left= 13  y=    53 vy= -186368 ay=  -26624
     t= 45 pred=  4 left= 12  y=    53 vy= -186368 ay=  -26624
     t= 46 pred=  4 left= 11  y=    53 vy= -186368 ay=  -26624
     t= 47 pred=  4 left= 10  y=    53 vy= -186368 ay=  -26624
     t= 48 pred=  4 left=  9  y=    53 vy= -186368 ay=  -26624
     t= 49 pred=  4 left=  8  y=    53 vy= -186368 ay=  -26624
     t= 50 pred=  4 left=  7  y=    53 vy= -186368 ay=  -26624
     t= 51 pred=  4 left=  6  y=    53 vy= -186368 ay=  -26624
     t= 52 pred=  4 left=  5  y=    53 vy= -186368 ay=  -26624
     t= 53 pred=  4 left=  4  y=    53 vy= -186368 ay=  -26624
     t= 54 pred=  3 left=  3  y=    49 vy= -212992 ay=  -26624
     t= 55 pred=  2 left=  2  y=    46 vy= -239616 ay=  -26624
     t= 56 pred=  1 left=  1  y=    42 vy= -266240 ay=  -26624
P2  landings=0  no_prediction_ticks=0
   err all : -
   err NEAR (made within 20 ticks of the landing): -
   err far  (made earlier, can still be invalidated): -
---- landing prediction ----
P1  landings=45  no_prediction_ticks=0
   err all : -22:27 -21:1 -20:1 -19:1 -18:1 -17:1 -16:1 -15:1 -14:1 -13:1 -12:1 -11:120 -10:15 -9:15 -8:15 -7:15 -6:15 -5:15 -4:15 -3:15 -2:15 -1:15 +0:659 +5:126 +16:171
   err NEAR (made within 20 ticks of the landing): -11:89 -10:15 -9:15 -8:15 -7:15 -6:15 -5:15 -4:15 -3:15 -2:15 -1:15 +0:490 +16:171
   err far  (made earlier, can still be invalidated): -22:27 -21:1 -20:1 -19:1 -18:1 -17:1 -16:1 -15:1 -14:1 -13:1 -12:1 -11:31 +0:169 +5:126
   last descent, landed on tick 92:
     t= 61 pred= 36 left= 31  y=    40 vy=  245760 ay=  -13312
     t= 62 pred= 35 left= 30  y=    43 vy=  232448 ay=  -13312
     t= 63 pred= 34 left= 29  y=    46 vy=  219136 ay=  -13312
     t= 64 pred= 33 left= 28  y=    50 vy=  205824 ay=  -13312
     t= 65 pred= 32 left= 27  y=    52 vy=  192512 ay=  -13312
     t= 66 pred= 31 left= 26  y=    55 vy=  179200 ay=  -13312
     t= 67 pred= 30 left= 25  y=    58 vy=  165888 ay=  -13312
     t= 68 pred= 29 left= 24  y=    60 vy=  152576 ay=  -13312
     t= 69 pred= 28 left= 23  y=    62 vy=  139264 ay=  -13312
     t= 70 pred= 11 left= 22  y=    64 vy=       0 ay=  -26624
     t= 71 pred= 10 left= 21  y=    64 vy=  -26624 ay=  -26624
     t= 72 pred=  9 left= 20  y=    63 vy=  -53248 ay=  -26624
     t= 73 pred=  8 left= 19  y=    62 vy=  -79872 ay=  -26624
     t= 74 pred=  7 left= 18  y=    60 vy= -106496 ay=  -26624
     t= 75 pred=  6 left= 17  y=    58 vy= -133120 ay=  -26624
     t= 76 pred=  6 left= 16  y=    58 vy= -133120 ay=  -26624
     t= 77 pred=  6 left= 15  y=    58 vy= -133120 ay=  -26624
     t= 78 pred=  6 left= 14  y=    58 vy= -133120 ay=  -26624
     t= 79 pred=  6 left= 13  y=    58 vy= -133120 ay=  -26624
     t= 80 pred=  6 left= 12  y=    58 vy= -133120 ay=  -26624
     t= 81 pred=  6 left= 11  y=    58 vy= -133120 ay=  -26624
     t= 82 pred=  6 left= 10  y=    58 vy= -133120 ay=  -26624
     t= 83 pred=  6 left=  9  y=    58 vy= -133120 ay=  -26624
     t= 84 pred=  6 left=  8  y=    58 vy= -133120 ay=  -26624
     t= 85 pred=  6 left=  7  y=    58 vy= -133120 ay=  -26624
     t= 86 pred=  6 left=  6  y=    58 vy= -133120 ay=  -26624
     t= 87 pred=  5 left=  5  y=    56 vy= -159744 ay=  -26624
     t= 88 pred=  4 left=  4  y=    53 vy= -186368 ay=  -26624
     t= 89 pred=  3 left=  3  y=    49 vy= -212992 ay=  -26624
     t= 90 pred=  2 left=  2  y=    46 vy= -239616 ay=  -26624
     t= 91 pred=  1 left=  1  y=    42 vy= -266240 ay=  -26624
P2  landings=0  no_prediction_ticks=0
   err all : -
   err NEAR (made within 20 ticks of the landing): -
   err far  (made earlier, can still be invalidated): -
---- landing prediction ----
P1  landings=46  no_prediction_ticks=0
   err all : -22:27 -21:1 -20:1 -19:1 -18:1 -17:1 -16:1 -15:1 -14:1 -13:1 -12:1 -11:126 -10:16 -9:16 -8:16 -7:16 -6:16 -5:16 -4:16 -3:16 -2:16 -1:16 +0:665 +5:135 +16:171
   err NEAR (made within 20 ticks of the landing): -11:93 -10:16 -9:16 -8:16 -7:16 -6:16 -5:16 -4:16 -3:16 -2:16 -1:16 +0:496 +16:171
   err far  (made earlier, can still be invalidated): -22:27 -21:1 -20:1 -19:1 -18:1 -17:1 -16:1 -15:1 -14:1 -13:1 -12:1 -11:33 +0:169 +5:135
   last descent, landed on tick 128:
     t= 97 pred= 36 left= 31  y=    40 vy=  245760 ay=  -13312
     t= 98 pred= 35 left= 30  y=    43 vy=  232448 ay=  -13312
     t= 99 pred= 34 left= 29  y=    46 vy=  219136 ay=  -13312
     t=100 pred= 33 left= 28  y=    50 vy=  205824 ay=  -13312
     t=101 pred= 32 left= 27  y=    52 vy=  192512 ay=  -13312
     t=102 pred= 31 left= 26  y=    55 vy=  179200 ay=  -13312
     t=103 pred= 30 left= 25  y=    58 vy=  165888 ay=  -13312
     t=104 pred= 29 left= 24  y=    60 vy=  152576 ay=  -13312
     t=105 pred= 28 left= 23  y=    62 vy=  139264 ay=  -13312
     t=106 pred= 11 left= 22  y=    64 vy=       0 ay=  -26624
     t=107 pred= 10 left= 21  y=    64 vy=  -26624 ay=  -26624
     t=108 pred=  9 left= 20  y=    63 vy=  -53248 ay=  -26624
     t=109 pred=  8 left= 19  y=    62 vy=  -79872 ay=  -26624
     t=110 pred=  7 left= 18  y=    60 vy= -106496 ay=  -26624
     t=111 pred=  6 left= 17  y=    58 vy= -133120 ay=  -26624
     t=112 pred=  6 left= 16  y=    58 vy= -133120 ay=  -26624
     t=113 pred=  6 left= 15  y=    58 vy= -133120 ay=  -26624
     t=114 pred=  6 left= 14  y=    58 vy= -133120 ay=  -26624
     t=115 pred=  6 left= 13  y=    58 vy= -133120 ay=  -26624
     t=116 pred=  6 left= 12  y=    58 vy= -133120 ay=  -26624
     t=117 pred=  6 left= 11  y=    58 vy= -133120 ay=  -26624
     t=118 pred=  6 left= 10  y=    58 vy= -133120 ay=  -26624
     t=119 pred=  6 left=  9  y=    58 vy= -133120 ay=  -26624
     t=120 pred=  6 left=  8  y=    58 vy= -133120 ay=  -26624
     t=121 pred=  6 left=  7  y=    58 vy= -133120 ay=  -26624
     t=122 pred=  6 left=  6  y=    58 vy= -133120 ay=  -26624
     t=123 pred=  5 left=  5  y=    56 vy= -159744 ay=  -26624
     t=124 pred=  4 left=  4  y=    53 vy= -186368 ay=  -26624
     t=125 pred=  3 left=  3  y=    49 vy= -212992 ay=  -26624
     t=126 pred=  2 left=  2  y=    46 vy= -239616 ay=  -26624
     t=127 pred=  1 left=  1  y=    42 vy= -266240 ay=  -26624
P2  landings=0  no_prediction_ticks=0
   err all : -
   err NEAR (made within 20 ticks of the landing): -
   err far  (made earlier, can still be invalidated): -
---- landing prediction ----
P1  landings=47  no_prediction_ticks=0
   err all : -22:27 -21:1 -20:1 -19:1 -18:1 -17:1 -16:1 -15:1 -14:1 -13:1 -12:1 -11:134 -10:17 -9:17 -8:17 -7:17 -6:17 -5:17 -4:17 -3:17 -2:17 -1:17 +0:669 +5:144 +16:171
   err NEAR (made within 20 ticks of the landing): -11:99 -10:17 -9:17 -8:17 -7:17 -6:17 -5:17 -4:17 -3:17 -2:17 -1:17 +0:500 +16:171
   err far  (made earlier, can still be invalidated): -22:27 -21:1 -20:1 -19:1 -18:1 -17:1 -16:1 -15:1 -14:1 -13:1 -12:1 -11:35 +0:169 +5:144
   last descent, landed on tick 161:
     t=130 pred= 36 left= 31  y=    40 vy=  245760 ay=  -13312
     t=131 pred= 35 left= 30  y=    43 vy=  232448 ay=  -13312
     t=132 pred= 34 left= 29  y=    46 vy=  219136 ay=  -13312
     t=133 pred= 33 left= 28  y=    50 vy=  205824 ay=  -13312
     t=134 pred= 32 left= 27  y=    52 vy=  192512 ay=  -13312
     t=135 pred= 31 left= 26  y=    55 vy=  179200 ay=  -13312
     t=136 pred= 30 left= 25  y=    58 vy=  165888 ay=  -13312
     t=137 pred= 29 left= 24  y=    60 vy=  152576 ay=  -13312
     t=138 pred= 28 left= 23  y=    62 vy=  139264 ay=  -13312
     t=139 pred= 11 left= 22  y=    64 vy=       0 ay=  -26624
     t=140 pred= 10 left= 21  y=    64 vy=  -26624 ay=  -26624
     t=141 pred=  9 left= 20  y=    63 vy=  -53248 ay=  -26624
     t=142 pred=  8 left= 19  y=    62 vy=  -79872 ay=  -26624
     t=143 pred=  7 left= 18  y=    60 vy= -106496 ay=  -26624
     t=144 pred=  6 left= 17  y=    58 vy= -133120 ay=  -26624
     t=145 pred=  5 left= 16  y=    56 vy= -159744 ay=  -26624
     t=146 pred=  4 left= 15  y=    53 vy= -186368 ay=  -26624
     t=147 pred=  4 left= 14  y=    53 vy= -186368 ay=  -26624
     t=148 pred=  4 left= 13  y=    53 vy= -186368 ay=  -26624
     t=149 pred=  4 left= 12  y=    53 vy= -186368 ay=  -26624
     t=150 pred=  4 left= 11  y=    53 vy= -186368 ay=  -26624
     t=151 pred=  4 left= 10  y=    53 vy= -186368 ay=  -26624
     t=152 pred=  4 left=  9  y=    53 vy= -186368 ay=  -26624
     t=153 pred=  4 left=  8  y=    53 vy= -186368 ay=  -26624
     t=154 pred=  4 left=  7  y=    53 vy= -186368 ay=  -26624
     t=155 pred=  4 left=  6  y=    53 vy= -186368 ay=  -26624
     t=156 pred=  4 left=  5  y=    53 vy= -186368 ay=  -26624
     t=157 pred=  4 left=  4  y=    53 vy= -186368 ay=  -26624
     t=158 pred=  3 left=  3  y=    49 vy= -212992 ay=  -26624
     t=159 pred=  2 left=  2  y=    46 vy= -239616 ay=  -26624
     t=160 pred=  1 left=  1  y=    42 vy= -266240 ay=  -26624
P2  landings=0  no_prediction_ticks=0
   err all : -
   err NEAR (made within 20 ticks of the landing): -
   err far  (made earlier, can still be invalidated): -
---- landing prediction ----
P1  landings=48  no_prediction_ticks=0
   err all : -22:27 -21:1 -20:1 -19:1 -18:1 -17:1 -16:1 -15:1 -14:1 -13:1 -12:1 -11:142 -10:18 -9:18 -8:18 -7:18 -6:18 -5:18 -4:18 -3:18 -2:18 -1:18 +0:673 +5:153 +16:171
   err NEAR (made within 20 ticks of the landing): -11:105 -10:18 -9:18 -8:18 -7:18 -6:18 -5:18 -4:18 -3:18 -2:18 -1:18 +0:504 +16:171
   err far  (made earlier, can still be invalidated): -22:27 -21:1 -20:1 -19:1 -18:1 -17:1 -16:1 -15:1 -14:1 -13:1 -12:1 -11:37 +0:169 +5:153
   last descent, landed on tick 197:
     t=166 pred= 36 left= 31  y=    40 vy=  245760 ay=  -13312
     t=167 pred= 35 left= 30  y=    43 vy=  232448 ay=  -13312
     t=168 pred= 34 left= 29  y=    46 vy=  219136 ay=  -13312
     t=169 pred= 33 left= 28  y=    50 vy=  205824 ay=  -13312
     t=170 pred= 32 left= 27  y=    52 vy=  192512 ay=  -13312
     t=171 pred= 31 left= 26  y=    55 vy=  179200 ay=  -13312
     t=172 pred= 30 left= 25  y=    58 vy=  165888 ay=  -13312
     t=173 pred= 29 left= 24  y=    60 vy=  152576 ay=  -13312
     t=174 pred= 28 left= 23  y=    62 vy=  139264 ay=  -13312
     t=175 pred= 11 left= 22  y=    64 vy=       0 ay=  -26624
     t=176 pred= 10 left= 21  y=    64 vy=  -26624 ay=  -26624
     t=177 pred=  9 left= 20  y=    63 vy=  -53248 ay=  -26624
     t=178 pred=  8 left= 19  y=    62 vy=  -79872 ay=  -26624
     t=179 pred=  7 left= 18  y=    60 vy= -106496 ay=  -26624
     t=180 pred=  6 left= 17  y=    58 vy= -133120 ay=  -26624
     t=181 pred=  5 left= 16  y=    56 vy= -159744 ay=  -26624
     t=182 pred=  4 left= 15  y=    53 vy= -186368 ay=  -26624
     t=183 pred=  4 left= 14  y=    53 vy= -186368 ay=  -26624
     t=184 pred=  4 left= 13  y=    53 vy= -186368 ay=  -26624
     t=185 pred=  4 left= 12  y=    53 vy= -186368 ay=  -26624
     t=186 pred=  4 left= 11  y=    53 vy= -186368 ay=  -26624
     t=187 pred=  4 left= 10  y=    53 vy= -186368 ay=  -26624
     t=188 pred=  4 left=  9  y=    53 vy= -186368 ay=  -26624
     t=189 pred=  4 left=  8  y=    53 vy= -186368 ay=  -26624
     t=190 pred=  4 left=  7  y=    53 vy= -186368 ay=  -26624
     t=191 pred=  4 left=  6  y=    53 vy= -186368 ay=  -26624
     t=192 pred=  4 left=  5  y=    53 vy= -186368 ay=  -26624
     t=193 pred=  4 left=  4  y=    53 vy= -186368 ay=  -26624
     t=194 pred=  3 left=  3  y=    49 vy= -212992 ay=  -26624
     t=195 pred=  2 left=  2  y=    46 vy= -239616 ay=  -26624
     t=196 pred=  1 left=  1  y=    42 vy= -266240 ay=  -26624
P2  landings=0  no_prediction_ticks=0
   err all : -
   err NEAR (made within 20 ticks of the landing): -
   err far  (made earlier, can still be invalidated): -
---- landing prediction ----
P1  landings=49  no_prediction_ticks=0
   err all : -22:27 -21:1 -20:1 -19:1 -18:1 -17:1 -16:1 -15:1 -14:1 -13:1 -12:1 -11:142 -10:18 -9:18 -8:18 -7:18 -6:18 -5:18 -4:18 -3:18 -2:18 -1:18 +0:702 +5:153 +16:171
   err NEAR (made within 20 ticks of the landing): -11:105 -10:18 -9:18 -8:18 -7:18 -6:18 -5:18 -4:18 -3:18 -2:18 -1:18 +0:524 +16:171
   err far  (made earlier, can still be invalidated): -22:27 -21:1 -20:1 -19:1 -18:1 -17:1 -16:1 -15:1 -14:1 -13:1 -12:1 -11:37 +0:178 +5:153
   last descent, landed on tick 66:
     t= 37 pred= 29 left= 29  y=    40 vy=  786432 ay=  -53248
     t= 38 pred= 28 left= 28  y=    51 vy=  733184 ay=  -53248
     t= 39 pred= 27 left= 27  y=    61 vy=  679936 ay=  -53248
     t= 40 pred= 26 left= 26  y=    71 vy=  626688 ay=  -53248
     t= 41 pred= 25 left= 25  y=    79 vy=  573440 ay=  -53248
     t= 42 pred= 24 left= 24  y=    87 vy=  520192 ay=  -53248
     t= 43 pred= 23 left= 23  y=    94 vy=  466944 ay=  -53248
     t= 44 pred= 22 left= 22  y=   101 vy=  413696 ay=  -53248
     t= 45 pred= 21 left= 21  y=   106 vy=  360448 ay=  -53248
     t= 46 pred= 20 left= 20  y=   111 vy=  307200 ay=  -53248
     t= 47 pred= 19 left= 19  y=   115 vy=  253952 ay=  -53248
     t= 48 pred= 18 left= 18  y=   118 vy=  200704 ay=  -53248
     t= 49 pred= 17 left= 17  y=   120 vy=  147456 ay=  -53248
     t= 50 pred= 16 left= 16  y=   122 vy=   94208 ay=  -53248
     t= 51 pred= 15 left= 15  y=   122 vy=   40960 ay=  -53248
     t= 52 pred= 14 left= 14  y=   122 vy=  -12288 ay=  -53248
     t= 53 pred= 13 left= 13  y=   121 vy=  -65536 ay=  -53248
     t= 54 pred= 12 left= 12  y=   119 vy= -118784 ay=  -53248
     t= 55 pred= 11 left= 11  y=   117 vy= -172032 ay=  -53248
     t= 56 pred= 10 left= 10  y=   113 vy= -225280 ay=  -53248
     t= 57 pred=  9 left=  9  y=   109 vy= -278528 ay=  -53248
     t= 58 pred=  8 left=  8  y=   104 vy= -331776 ay=  -53248
     t= 59 pred=  7 left=  7  y=    98 vy= -385024 ay=  -53248
     t= 60 pred=  6 left=  6  y=    91 vy= -438272 ay=  -53248
     t= 61 pred=  5 left=  5  y=    84 vy= -491520 ay=  -53248
     t= 62 pred=  4 left=  4  y=    75 vy= -544768 ay=  -53248
     t= 63 pred=  3 left=  3  y=    66 vy= -598016 ay=  -53248
     t= 64 pred=  2 left=  2  y=    56 vy= -651264 ay=  -53248
     t= 65 pred=  1 left=  1  y=    46 vy= -704512 ay=  -53248
P2  landings=0  no_prediction_ticks=0
   err all : -
   err NEAR (made within 20 ticks of the landing): -
   err far  (made earlier, can still be invalidated): -
---- landing prediction ----
P1  landings=50  no_prediction_ticks=0
   err all : -22:27 -21:1 -20:1 -19:1 -18:1 -17:1 -16:1 -15:1 -14:1 -13:1 -12:1 -11:142 -10:18 -9:18 -8:18 -7:18 -6:18 -5:18 -4:18 -3:18 -2:18 -1:18 +0:731 +5:153 +16:171
   err NEAR (made within 20 ticks of the landing): -11:105 -10:18 -9:18 -8:18 -7:18 -6:18 -5:18 -4:18 -3:18 -2:18 -1:18 +0:544 +16:171
   err far  (made earlier, can still be invalidated): -22:27 -21:1 -20:1 -19:1 -18:1 -17:1 -16:1 -15:1 -14:1 -13:1 -12:1 -11:37 +0:187 +5:153
   last descent, landed on tick 96:
     t= 67 pred= 29 left= 29  y=    40 vy=  786432 ay=  -53248
     t= 68 pred= 28 left= 28  y=    51 vy=  733184 ay=  -53248
     t= 69 pred= 27 left= 27  y=    61 vy=  679936 ay=  -53248
     t= 70 pred= 26 left= 26  y=    71 vy=  626688 ay=  -53248
     t= 71 pred= 25 left= 25  y=    79 vy=  573440 ay=  -53248
     t= 72 pred= 24 left= 24  y=    87 vy=  520192 ay=  -53248
     t= 73 pred= 23 left= 23  y=    94 vy=  466944 ay=  -53248
     t= 74 pred= 22 left= 22  y=   101 vy=  413696 ay=  -53248
     t= 75 pred= 21 left= 21  y=   106 vy=  360448 ay=  -53248
     t= 76 pred= 20 left= 20  y=   111 vy=  307200 ay=  -53248
     t= 77 pred= 19 left= 19  y=   115 vy=  253952 ay=  -53248
     t= 78 pred= 18 left= 18  y=   118 vy=  200704 ay=  -53248
     t= 79 pred= 17 left= 17  y=   120 vy=  147456 ay=  -53248
     t= 80 pred= 16 left= 16  y=   122 vy=   94208 ay=  -53248
     t= 81 pred= 15 left= 15  y=   122 vy=   40960 ay=  -53248
     t= 82 pred= 14 left= 14  y=   122 vy=  -12288 ay=  -53248
     t= 83 pred= 13 left= 13  y=   121 vy=  -65536 ay=  -53248
     t= 84 pred= 12 left= 12  y=   119 vy= -118784 ay=  -53248
     t= 85 pred= 11 left= 11  y=   117 vy= -172032 ay=  -53248
     t= 86 pred= 10 left= 10  y=   113 vy= -225280 ay=  -53248
     t= 87 pred=  9 left=  9  y=   109 vy= -278528 ay=  -53248
     t= 88 pred=  8 left=  8  y=   104 vy= -331776 ay=  -53248
     t= 89 pred=  7 left=  7  y=    98 vy= -385024 ay=  -53248
     t= 90 pred=  6 left=  6  y=    91 vy= -438272 ay=  -53248
     t= 91 pred=  5 left=  5  y=    84 vy= -491520 ay=  -53248
     t= 92 pred=  4 left=  4  y=    75 vy= -544768 ay=  -53248
     t= 93 pred=  3 left=  3  y=    66 vy= -598016 ay=  -53248
     t= 94 pred=  2 left=  2  y=    56 vy= -651264 ay=  -53248
     t= 95 pred=  1 left=  1  y=    46 vy= -704512 ay=  -53248
P2  landings=0  no_prediction_ticks=0
   err all : -
   err NEAR (made within 20 ticks of the landing): -
   err far  (made earlier, can still be invalidated): -
---- landing prediction ----
P1  landings=51  no_prediction_ticks=0
   err all : -22:27 -21:1 -20:1 -19:1 -18:1 -17:1 -16:1 -15:1 -14:1 -13:1 -12:1 -11:142 -10:18 -9:18 -8:18 -7:18 -6:18 -5:18 -4:18 -3:18 -2:18 -1:18 +0:742 +5:153 +16:180
   err NEAR (made within 20 ticks of the landing): -11:105 -10:18 -9:18 -8:18 -7:18 -6:18 -5:18 -4:18 -3:18 -2:18 -1:18 +0:555 +16:180
   err far  (made earlier, can still be invalidated): -22:27 -21:1 -20:1 -19:1 -18:1 -17:1 -16:1 -15:1 -14:1 -13:1 -12:1 -11:37 +0:187 +5:153
   last descent, landed on tick 118:
     t= 98 pred= 36 left= 20  y=    40 vy=  245760 ay=  -13312
     t= 99 pred= 35 left= 19  y=    43 vy=  232448 ay=  -13312
     t=100 pred= 34 left= 18  y=    46 vy=  219136 ay=  -13312
     t=101 pred= 33 left= 17  y=    50 vy=  205824 ay=  -13312
     t=102 pred= 32 left= 16  y=    52 vy=  192512 ay=  -13312
     t=103 pred= 31 left= 15  y=    55 vy=  179200 ay=  -13312
     t=104 pred= 30 left= 14  y=    58 vy=  165888 ay=  -13312
     t=105 pred= 29 left= 13  y=    60 vy=  152576 ay=  -13312
     t=106 pred= 28 left= 12  y=    62 vy=  139264 ay=  -13312
     t=107 pred= 11 left= 11  y=    64 vy=       0 ay=  -26624
     t=108 pred= 10 left= 10  y=    64 vy=  -26624 ay=  -26624
     t=109 pred=  9 left=  9  y=    63 vy=  -53248 ay=  -26624
     t=110 pred=  8 left=  8  y=    62 vy=  -79872 ay=  -26624
     t=111 pred=  7 left=  7  y=    60 vy= -106496 ay=  -26624
     t=112 pred=  6 left=  6  y=    58 vy= -133120 ay=  -26624
     t=113 pred=  5 left=  5  y=    56 vy= -159744 ay=  -26624
     t=114 pred=  4 left=  4  y=    53 vy= -186368 ay=  -26624
     t=115 pred=  3 left=  3  y=    49 vy= -212992 ay=  -26624
     t=116 pred=  2 left=  2  y=    46 vy= -239616 ay=  -26624
     t=117 pred=  1 left=  1  y=    42 vy= -266240 ay=  -26624
P2  landings=0  no_prediction_ticks=0
   err all : -
   err NEAR (made within 20 ticks of the landing): -
   err far  (made earlier, can still be invalidated): -
---- landing prediction ----
P1  landings=52  no_prediction_ticks=0
   err all : -22:27 -21:1 -20:1 -19:1 -18:1 -17:1 -16:1 -15:1 -14:1 -13:1 -12:1 -11:142 -10:18 -9:18 -8:18 -7:18 -6:18 -5:18 -4:18 -3:18 -2:18 -1:18 +0:781 +5:153 +16:180
   err NEAR (made within 20 ticks of the landing): -11:105 -10:18 -9:18 -8:18 -7:18 -6:18 -5:18 -4:18 -3:18 -2:18 -1:18 +0:575 +16:180
   err far  (made earlier, can still be invalidated): -22:27 -21:1 -20:1 -19:1 -18:1 -17:1 -16:1 -15:1 -14:1 -13:1 -12:1 -11:37 +0:206 +5:153
   last descent, landed on tick 167:
     t=128 pred= 39 left= 39  y=    40 vy=  630784 ay=  -32000
     t=129 pred= 38 left= 38  y=    49 vy=  598784 ay=  -32000
     t=130 pred= 37 left= 37  y=    57 vy=  566784 ay=  -32000
     t=131 pred= 36 left= 36  y=    65 vy=  534784 ay=  -32000
     t=132 pred= 35 left= 35  y=    73 vy=  502784 ay=  -32000
     t=133 pred= 34 left= 34  y=    80 vy=  470784 ay=  -32000
     t=134 pred= 33 left= 33  y=    87 vy=  438784 ay=  -32000
     t=135 pred= 32 left= 32  y=    93 vy=  406784 ay=  -32000
     t=136 pred= 31 left= 31  y=    99 vy=  374784 ay=  -32000
     t=137 pred= 30 left= 30  y=   104 vy=  342784 ay=  -32000
     t=138 pred= 29 left= 29  y=   109 vy=  310784 ay=  -32000
     t=139 pred= 28 left= 28  y=   113 vy=  278784 ay=  -32000
     t=140 pred= 27 left= 27  y=   117 vy=  246784 ay=  -32000
     t=141 pred= 26 left= 26  y=   120 vy=  214784 ay=  -32000
     t=142 pred= 25 left= 25  y=   123 vy=  182784 ay=  -32000
     t=143 pred= 24 left= 24  y=   125 vy=  150784 ay=  -32000
     t=144 pred= 23 left= 23  y=   127 vy=  118784 ay=  -32000
     t=145 pred= 22 left= 22  y=   128 vy=   86784 ay=  -32000
     t=146 pred= 21 left= 21  y=   129 vy=   54784 ay=  -32000
     t=147 pred= 20 left= 20  y=   130 vy=   22784 ay=  -32000
     t=148 pred= 19 left= 19  y=   129 vy=   -9216 ay=  -32000
     t=149 pred= 18 left= 18  y=   129 vy=  -41216 ay=  -32000
     t=150 pred= 17 left= 17  y=   128 vy=  -73216 ay=  -32000
     t=151 pred= 16 left= 16  y=   126 vy= -105216 ay=  -32000
     t=152 pred= 15 left= 15  y=   124 vy= -137216 ay=  -32000
     t=153 pred= 14 left= 14  y=   121 vy= -169216 ay=  -32000
     t=154 pred= 13 left= 13  y=   118 vy= -201216 ay=  -32000
     t=155 pred= 12 left= 12  y=   115 vy= -233216 ay=  -32000
     t=156 pred= 11 left= 11  y=   111 vy= -265216 ay=  -32000
     t=157 pred= 10 left= 10  y=   106 vy= -297216 ay=  -32000
     t=158 pred=  9 left=  9  y=   101 vy= -329216 ay=  -32000
     t=159 pred=  8 left=  8  y=    96 vy= -361216 ay=  -32000
     t=160 pred=  7 left=  7  y=    90 vy= -393216 ay=  -32000
     t=161 pred=  6 left=  6  y=    83 vy= -425216 ay=  -32000
     t=162 pred=  5 left=  5  y=    76 vy= -457216 ay=  -32000
     t=163 pred=  4 left=  4  y=    69 vy= -489216 ay=  -32000
     t=164 pred=  3 left=  3  y=    61 vy= -521216 ay=  -32000
     t=165 pred=  2 left=  2  y=    52 vy= -553216 ay=  -32000
     t=166 pred=  1 left=  1  y=    43 vy= -585216 ay=  -32000
P2  landings=0  no_prediction_ticks=0
   err all : -
   err NEAR (made within 20 ticks of the landing): -
   err far  (made earlier, can still be invalidated): -
---- landing prediction ----
P1  landings=53  no_prediction_ticks=0
   err all : -22:27 -21:1 -20:1 -19:1 -18:1 -17:1 -16:1 -15:1 -14:1 -13:1 -12:1 -11:142 -10:18 -9:18 -8:18 -7:18 -6:18 -5:18 -4:18 -3:18 -2:18 -1:18 +0:810 +5:153 +16:180
   err NEAR (made within 20 ticks of the landing): -11:105 -10:18 -9:18 -8:18 -7:18 -6:18 -5:18 -4:18 -3:18 -2:18 -1:18 +0:595 +16:180
   err far  (made earlier, can still be invalidated): -22:27 -21:1 -20:1 -19:1 -18:1 -17:1 -16:1 -15:1 -14:1 -13:1 -12:1 -11:37 +0:215 +5:153
   last descent, landed on tick 208:
     t=179 pred= 29 left= 29  y=    40 vy=  786432 ay=  -53248
     t=180 pred= 28 left= 28  y=    51 vy=  733184 ay=  -53248
     t=181 pred= 27 left= 27  y=    61 vy=  679936 ay=  -53248
     t=182 pred= 26 left= 26  y=    71 vy=  626688 ay=  -53248
     t=183 pred= 25 left= 25  y=    79 vy=  573440 ay=  -53248
     t=184 pred= 24 left= 24  y=    87 vy=  520192 ay=  -53248
     t=185 pred= 23 left= 23  y=    94 vy=  466944 ay=  -53248
     t=186 pred= 22 left= 22  y=   101 vy=  413696 ay=  -53248
     t=187 pred= 21 left= 21  y=   106 vy=  360448 ay=  -53248
     t=188 pred= 20 left= 20  y=   111 vy=  307200 ay=  -53248
     t=189 pred= 19 left= 19  y=   115 vy=  253952 ay=  -53248
     t=190 pred= 18 left= 18  y=   118 vy=  200704 ay=  -53248
     t=191 pred= 17 left= 17  y=   120 vy=  147456 ay=  -53248
     t=192 pred= 16 left= 16  y=   122 vy=   94208 ay=  -53248
     t=193 pred= 15 left= 15  y=   122 vy=   40960 ay=  -53248
     t=194 pred= 14 left= 14  y=   122 vy=  -12288 ay=  -53248
     t=195 pred= 13 left= 13  y=   121 vy=  -65536 ay=  -53248
     t=196 pred= 12 left= 12  y=   119 vy= -118784 ay=  -53248
     t=197 pred= 11 left= 11  y=   117 vy= -172032 ay=  -53248
     t=198 pred= 10 left= 10  y=   113 vy= -225280 ay=  -53248
     t=199 pred=  9 left=  9  y=   109 vy= -278528 ay=  -53248
     t=200 pred=  8 left=  8  y=   104 vy= -331776 ay=  -53248
     t=201 pred=  7 left=  7  y=    98 vy= -385024 ay=  -53248
     t=202 pred=  6 left=  6  y=    91 vy= -438272 ay=  -53248
     t=203 pred=  5 left=  5  y=    84 vy= -491520 ay=  -53248
     t=204 pred=  4 left=  4  y=    75 vy= -544768 ay=  -53248
     t=205 pred=  3 left=  3  y=    66 vy= -598016 ay=  -53248
     t=206 pred=  2 left=  2  y=    56 vy= -651264 ay=  -53248
     t=207 pred=  1 left=  1  y=    46 vy= -704512 ay=  -53248
P2  landings=0  no_prediction_ticks=0
   err all : -
   err NEAR (made within 20 ticks of the landing): -
   err far  (made earlier, can still be invalidated): -
---- landing prediction ----
P1  landings=54  no_prediction_ticks=0
   err all : -22:27 -21:1 -20:1 -19:1 -18:1 -17:1 -16:1 -15:1 -14:1 -13:1 -12:1 -11:142 -10:18 -9:18 -8:18 -7:18 -6:18 -5:18 -4:18 -3:18 -2:18 -1:18 +0:821 +5:153 +16:189
   err NEAR (made within 20 ticks of the landing): -11:105 -10:18 -9:18 -8:18 -7:18 -6:18 -5:18 -4:18 -3:18 -2:18 -1:18 +0:606 +16:189
   err far  (made earlier, can still be invalidated): -22:27 -21:1 -20:1 -19:1 -18:1 -17:1 -16:1 -15:1 -14:1 -13:1 -12:1 -11:37 +0:215 +5:153
   last descent, landed on tick 235:
     t=215 pred= 36 left= 20  y=    40 vy=  245760 ay=  -13312
     t=216 pred= 35 left= 19  y=    43 vy=  232448 ay=  -13312
     t=217 pred= 34 left= 18  y=    46 vy=  219136 ay=  -13312
     t=218 pred= 33 left= 17  y=    50 vy=  205824 ay=  -13312
     t=219 pred= 32 left= 16  y=    52 vy=  192512 ay=  -13312
     t=220 pred= 31 left= 15  y=    55 vy=  179200 ay=  -13312
     t=221 pred= 30 left= 14  y=    58 vy=  165888 ay=  -13312
     t=222 pred= 29 left= 13  y=    60 vy=  152576 ay=  -13312
     t=223 pred= 28 left= 12  y=    62 vy=  139264 ay=  -13312
     t=224 pred= 11 left= 11  y=    64 vy=       0 ay=  -26624
     t=225 pred= 10 left= 10  y=    64 vy=  -26624 ay=  -26624
     t=226 pred=  9 left=  9  y=    63 vy=  -53248 ay=  -26624
     t=227 pred=  8 left=  8  y=    62 vy=  -79872 ay=  -26624
     t=228 pred=  7 left=  7  y=    60 vy= -106496 ay=  -26624
     t=229 pred=  6 left=  6  y=    58 vy= -133120 ay=  -26624
     t=230 pred=  5 left=  5  y=    56 vy= -159744 ay=  -26624
     t=231 pred=  4 left=  4  y=    53 vy= -186368 ay=  -26624
     t=232 pred=  3 left=  3  y=    49 vy= -212992 ay=  -26624
     t=233 pred=  2 left=  2  y=    46 vy= -239616 ay=  -26624
     t=234 pred=  1 left=  1  y=    42 vy= -266240 ay=  -26624
P2  landings=0  no_prediction_ticks=0
   err all : -
   err NEAR (made within 20 ticks of the landing): -
   err far  (made earlier, can still be invalidated): -
---- landing prediction ----
P1  landings=55  no_prediction_ticks=0
   err all : -22:27 -21:1 -20:1 -19:1 -18:1 -17:1 -16:1 -15:1 -14:1 -13:1 -12:1 -11:142 -10:18 -9:18 -8:18 -7:18 -6:18 -5:18 -4:18 -3:18 -2:18 -1:18 +0:832 +5:153 +16:198
   err NEAR (made within 20 ticks of the landing): -11:105 -10:18 -9:18 -8:18 -7:18 -6:18 -5:18 -4:18 -3:18 -2:18 -1:18 +0:617 +16:198
   err far  (made earlier, can still be invalidated): -22:27 -21:1 -20:1 -19:1 -18:1 -17:1 -16:1 -15:1 -14:1 -13:1 -12:1 -11:37 +0:215 +5:153
   last descent, landed on tick 125:
     t=105 pred= 36 left= 20  y=    40 vy=  245760 ay=  -13312
     t=106 pred= 35 left= 19  y=    43 vy=  232448 ay=  -13312
     t=107 pred= 34 left= 18  y=    46 vy=  219136 ay=  -13312
     t=108 pred= 33 left= 17  y=    50 vy=  205824 ay=  -13312
     t=109 pred= 32 left= 16  y=    52 vy=  192512 ay=  -13312
     t=110 pred= 31 left= 15  y=    55 vy=  179200 ay=  -13312
     t=111 pred= 30 left= 14  y=    58 vy=  165888 ay=  -13312
     t=112 pred= 29 left= 13  y=    60 vy=  152576 ay=  -13312
     t=113 pred= 28 left= 12  y=    62 vy=  139264 ay=  -13312
     t=114 pred= 11 left= 11  y=    64 vy=       0 ay=  -26624
     t=115 pred= 10 left= 10  y=    64 vy=  -26624 ay=  -26624
     t=116 pred=  9 left=  9  y=    63 vy=  -53248 ay=  -26624
     t=117 pred=  8 left=  8  y=    62 vy=  -79872 ay=  -26624
     t=118 pred=  7 left=  7  y=    60 vy= -106496 ay=  -26624
     t=119 pred=  6 left=  6  y=    58 vy= -133120 ay=  -26624
     t=120 pred=  5 left=  5  y=    56 vy= -159744 ay=  -26624
     t=121 pred=  4 left=  4  y=    53 vy= -186368 ay=  -26624
     t=122 pred=  3 left=  3  y=    49 vy= -212992 ay=  -26624
     t=123 pred=  2 left=  2  y=    46 vy= -239616 ay=  -26624
     t=124 pred=  1 left=  1  y=    42 vy= -266240 ay=  -26624
P2  landings=0  no_prediction_ticks=0
   err all : -
   err NEAR (made within 20 ticks of the landing): -
   err far  (made earlier, can still be invalidated): -
---- landing prediction ----
P1  landings=56  no_prediction_ticks=0
   err all : -22:27 -21:1 -20:1 -19:1 -18:1 -17:1 -16:1 -15:1 -14:1 -13:1 -12:1 -11:142 -10:18 -9:18 -8:18 -7:18 -6:18 -5:18 -4:18 -3:18 -2:18 -1:18 +0:868 +5:153 +16:198
   err NEAR (made within 20 ticks of the landing): -11:105 -10:18 -9:18 -8:18 -7:18 -6:18 -5:18 -4:18 -3:18 -2:18 -1:18 +0:637 +16:198
   err far  (made earlier, can still be invalidated): -22:27 -21:1 -20:1 -19:1 -18:1 -17:1 -16:1 -15:1 -14:1 -13:1 -12:1 -11:37 +0:231 +5:153
   last descent, landed on tick 163:
     t=127 pred= 36 left= 36  y=    40 vy=  245760 ay=  -13312
     t=128 pred= 35 left= 35  y=    43 vy=  232448 ay=  -13312
     t=129 pred= 34 left= 34  y=    46 vy=  219136 ay=  -13312
     t=130 pred= 33 left= 33  y=    50 vy=  205824 ay=  -13312
     t=131 pred= 32 left= 32  y=    52 vy=  192512 ay=  -13312
     t=132 pred= 31 left= 31  y=    55 vy=  179200 ay=  -13312
     t=133 pred= 30 left= 30  y=    58 vy=  165888 ay=  -13312
     t=134 pred= 29 left= 29  y=    60 vy=  152576 ay=  -13312
     t=135 pred= 28 left= 28  y=    62 vy=  139264 ay=  -13312
     t=136 pred= 27 left= 27  y=    64 vy=  125952 ay=  -13312
     t=137 pred= 26 left= 26  y=    66 vy=  112640 ay=  -13312
     t=138 pred= 25 left= 25  y=    67 vy=   99328 ay=  -13312
     t=139 pred= 24 left= 24  y=    69 vy=   86016 ay=  -13312
     t=140 pred= 23 left= 23  y=    70 vy=   72704 ay=  -13312
     t=141 pred= 22 left= 22  y=    71 vy=   59392 ay=  -13312
     t=142 pred= 21 left= 21  y=    71 vy=   46080 ay=  -13312
     t=143 pred= 20 left= 20  y=    72 vy=   32768 ay=  -13312
     t=144 pred= 19 left= 19  y=    72 vy=   19456 ay=  -13312
     t=145 pred= 18 left= 18  y=    72 vy=    6144 ay=  -13312
     t=146 pred= 17 left= 17  y=    72 vy=   -7168 ay=  -13312
     t=147 pred= 16 left= 16  y=    72 vy=  -20480 ay=  -13312
     t=148 pred= 15 left= 15  y=    71 vy=  -33792 ay=  -13312
     t=149 pred= 14 left= 14  y=    71 vy=  -47104 ay=  -13312
     t=150 pred= 13 left= 13  y=    70 vy=  -60416 ay=  -13312
     t=151 pred= 12 left= 12  y=    69 vy=  -73728 ay=  -13312
     t=152 pred= 11 left= 11  y=    67 vy=  -87040 ay=  -13312
     t=153 pred= 10 left= 10  y=    66 vy= -100352 ay=  -13312
     t=154 pred=  9 left=  9  y=    64 vy= -113664 ay=  -13312
     t=155 pred=  8 left=  8  y=    62 vy= -126976 ay=  -13312
     t=156 pred=  7 left=  7  y=    60 vy= -140288 ay=  -13312
     t=157 pred=  6 left=  6  y=    58 vy= -153600 ay=  -13312
     t=158 pred=  5 left=  5  y=    55 vy= -166912 ay=  -13312
     t=159 pred=  4 left=  4  y=    52 vy= -180224 ay=  -13312
     t=160 pred=  3 left=  3  y=    49 vy= -193536 ay=  -13312
     t=161 pred=  2 left=  2  y=    46 vy= -206848 ay=  -13312
     t=162 pred=  1 left=  1  y=    43 vy= -220160 ay=  -13312
P2  landings=0  no_prediction_ticks=0
   err all : -
   err NEAR (made within 20 ticks of the landing): -
   err far  (made earlier, can still be invalidated): -
---- landing prediction ----
P1  landings=57  no_prediction_ticks=0
   err all : -22:27 -21:1 -20:1 -19:1 -18:1 -17:1 -16:1 -15:1 -14:1 -13:1 -12:1 -11:142 -10:18 -9:18 -8:18 -7:18 -6:18 -5:18 -4:18 -3:18 -2:18 -1:18 +0:907 +5:153 +16:198
   err NEAR (made within 20 ticks of the landing): -11:105 -10:18 -9:18 -8:18 -7:18 -6:18 -5:18 -4:18 -3:18 -2:18 -1:18 +0:657 +16:198
   err far  (made earlier, can still be invalidated): -22:27 -21:1 -20:1 -19:1 -18:1 -17:1 -16:1 -15:1 -14:1 -13:1 -12:1 -11:37 +0:250 +5:153
   last descent, landed on tick 211:
     t=172 pred= 39 left= 39  y=    40 vy=  630784 ay=  -32000
     t=173 pred= 38 left= 38  y=    49 vy=  598784 ay=  -32000
     t=174 pred= 37 left= 37  y=    57 vy=  566784 ay=  -32000
     t=175 pred= 36 left= 36  y=    65 vy=  534784 ay=  -32000
     t=176 pred= 35 left= 35  y=    73 vy=  502784 ay=  -32000
     t=177 pred= 34 left= 34  y=    80 vy=  470784 ay=  -32000
     t=178 pred= 33 left= 33  y=    87 vy=  438784 ay=  -32000
     t=179 pred= 32 left= 32  y=    93 vy=  406784 ay=  -32000
     t=180 pred= 31 left= 31  y=    99 vy=  374784 ay=  -32000
     t=181 pred= 30 left= 30  y=   104 vy=  342784 ay=  -32000
     t=182 pred= 29 left= 29  y=   109 vy=  310784 ay=  -32000
     t=183 pred= 28 left= 28  y=   113 vy=  278784 ay=  -32000
     t=184 pred= 27 left= 27  y=   117 vy=  246784 ay=  -32000
     t=185 pred= 26 left= 26  y=   120 vy=  214784 ay=  -32000
     t=186 pred= 25 left= 25  y=   123 vy=  182784 ay=  -32000
     t=187 pred= 24 left= 24  y=   125 vy=  150784 ay=  -32000
     t=188 pred= 23 left= 23  y=   127 vy=  118784 ay=  -32000
     t=189 pred= 22 left= 22  y=   128 vy=   86784 ay=  -32000
     t=190 pred= 21 left= 21  y=   129 vy=   54784 ay=  -32000
     t=191 pred= 20 left= 20  y=   130 vy=   22784 ay=  -32000
     t=192 pred= 19 left= 19  y=   129 vy=   -9216 ay=  -32000
     t=193 pred= 18 left= 18  y=   129 vy=  -41216 ay=  -32000
     t=194 pred= 17 left= 17  y=   128 vy=  -73216 ay=  -32000
     t=195 pred= 16 left= 16  y=   126 vy= -105216 ay=  -32000
     t=196 pred= 15 left= 15  y=   124 vy= -137216 ay=  -32000
     t=197 pred= 14 left= 14  y=   121 vy= -169216 ay=  -32000
     t=198 pred= 13 left= 13  y=   118 vy= -201216 ay=  -32000
     t=199 pred= 12 left= 12  y=   115 vy= -233216 ay=  -32000
     t=200 pred= 11 left= 11  y=   111 vy= -265216 ay=  -32000
     t=201 pred= 10 left= 10  y=   106 vy= -297216 ay=  -32000
     t=202 pred=  9 left=  9  y=   101 vy= -329216 ay=  -32000
     t=203 pred=  8 left=  8  y=    96 vy= -361216 ay=  -32000
     t=204 pred=  7 left=  7  y=    90 vy= -393216 ay=  -32000
     t=205 pred=  6 left=  6  y=    83 vy= -425216 ay=  -32000
     t=206 pred=  5 left=  5  y=    76 vy= -457216 ay=  -32000
     t=207 pred=  4 left=  4  y=    69 vy= -489216 ay=  -32000
     t=208 pred=  3 left=  3  y=    61 vy= -521216 ay=  -32000
     t=209 pred=  2 left=  2  y=    52 vy= -553216 ay=  -32000
     t=210 pred=  1 left=  1  y=    43 vy= -585216 ay=  -32000
P2  landings=0  no_prediction_ticks=0
   err all : -
   err NEAR (made within 20 ticks of the landing): -
   err far  (made earlier, can still be invalidated): -
---- landing prediction ----
P1  landings=58  no_prediction_ticks=0
   err all : -22:27 -21:1 -20:1 -19:1 -18:1 -17:1 -16:1 -15:1 -14:1 -13:1 -12:1 -11:142 -10:18 -9:18 -8:18 -7:18 -6:18 -5:18 -4:18 -3:18 -2:18 -1:18 +0:936 +5:153 +16:198
   err NEAR (made within 20 ticks of the landing): -11:105 -10:18 -9:18 -8:18 -7:18 -6:18 -5:18 -4:18 -3:18 -2:18 -1:18 +0:677 +16:198
   err far  (made earlier, can still be invalidated): -22:27 -21:1 -20:1 -19:1 -18:1 -17:1 -16:1 -15:1 -14:1 -13:1 -12:1 -11:37 +0:259 +5:153
   last descent, landed on tick 255:
     t=226 pred= 29 left= 29  y=    40 vy=  786432 ay=  -53248
     t=227 pred= 28 left= 28  y=    51 vy=  733184 ay=  -53248
     t=228 pred= 27 left= 27  y=    61 vy=  679936 ay=  -53248
     t=229 pred= 26 left= 26  y=    71 vy=  626688 ay=  -53248
     t=230 pred= 25 left= 25  y=    79 vy=  573440 ay=  -53248
     t=231 pred= 24 left= 24  y=    87 vy=  520192 ay=  -53248
     t=232 pred= 23 left= 23  y=    94 vy=  466944 ay=  -53248
     t=233 pred= 22 left= 22  y=   101 vy=  413696 ay=  -53248
     t=234 pred= 21 left= 21  y=   106 vy=  360448 ay=  -53248
     t=235 pred= 20 left= 20  y=   111 vy=  307200 ay=  -53248
     t=236 pred= 19 left= 19  y=   115 vy=  253952 ay=  -53248
     t=237 pred= 18 left= 18  y=   118 vy=  200704 ay=  -53248
     t=238 pred= 17 left= 17  y=   120 vy=  147456 ay=  -53248
     t=239 pred= 16 left= 16  y=   122 vy=   94208 ay=  -53248
     t=240 pred= 15 left= 15  y=   122 vy=   40960 ay=  -53248
     t=241 pred= 14 left= 14  y=   122 vy=  -12288 ay=  -53248
     t=242 pred= 13 left= 13  y=   121 vy=  -65536 ay=  -53248
     t=243 pred= 12 left= 12  y=   119 vy= -118784 ay=  -53248
     t=244 pred= 11 left= 11  y=   117 vy= -172032 ay=  -53248
     t=245 pred= 10 left= 10  y=   113 vy= -225280 ay=  -53248
     t=246 pred=  9 left=  9  y=   109 vy= -278528 ay=  -53248
     t=247 pred=  8 left=  8  y=   104 vy= -331776 ay=  -53248
     t=248 pred=  7 left=  7  y=    98 vy= -385024 ay=  -53248
     t=249 pred=  6 left=  6  y=    91 vy= -438272 ay=  -53248
     t=250 pred=  5 left=  5  y=    84 vy= -491520 ay=  -53248
     t=251 pred=  4 left=  4  y=    75 vy= -544768 ay=  -53248
     t=252 pred=  3 left=  3  y=    66 vy= -598016 ay=  -53248
     t=253 pred=  2 left=  2  y=    56 vy= -651264 ay=  -53248
     t=254 pred=  1 left=  1  y=    46 vy= -704512 ay=  -53248
P2  landings=0  no_prediction_ticks=0
   err all : -
   err NEAR (made within 20 ticks of the landing): -
   err far  (made earlier, can still be invalidated): -
---- landing prediction ----
P1  landings=59  no_prediction_ticks=0
   err all : -22:27 -21:1 -20:1 -19:1 -18:1 -17:1 -16:1 -15:1 -14:1 -13:1 -12:1 -11:142 -10:18 -9:18 -8:18 -7:18 -6:18 -5:18 -4:18 -3:18 -2:18 -1:18 +0:947 +5:153 +16:207
   err NEAR (made within 20 ticks of the landing): -11:105 -10:18 -9:18 -8:18 -7:18 -6:18 -5:18 -4:18 -3:18 -2:18 -1:18 +0:688 +16:207
   err far  (made earlier, can still be invalidated): -22:27 -21:1 -20:1 -19:1 -18:1 -17:1 -16:1 -15:1 -14:1 -13:1 -12:1 -11:37 +0:259 +5:153
   last descent, landed on tick 42:
     t= 22 pred= 36 left= 20  y=    40 vy=  245760 ay=  -13312
     t= 23 pred= 35 left= 19  y=    43 vy=  232448 ay=  -13312
     t= 24 pred= 34 left= 18  y=    46 vy=  219136 ay=  -13312
     t= 25 pred= 33 left= 17  y=    50 vy=  205824 ay=  -13312
     t= 26 pred= 32 left= 16  y=    52 vy=  192512 ay=  -13312
     t= 27 pred= 31 left= 15  y=    55 vy=  179200 ay=  -13312
     t= 28 pred= 30 left= 14  y=    58 vy=  165888 ay=  -13312
     t= 29 pred= 29 left= 13  y=    60 vy=  152576 ay=  -13312
     t= 30 pred= 28 left= 12  y=    62 vy=  139264 ay=  -13312
     t= 31 pred= 11 left= 11  y=    64 vy=       0 ay=  -26624
     t= 32 pred= 10 left= 10  y=    64 vy=  -26624 ay=  -26624
     t= 33 pred=  9 left=  9  y=    63 vy=  -53248 ay=  -26624
     t= 34 pred=  8 left=  8  y=    62 vy=  -79872 ay=  -26624
     t= 35 pred=  7 left=  7  y=    60 vy= -106496 ay=  -26624
     t= 36 pred=  6 left=  6  y=    58 vy= -133120 ay=  -26624
     t= 37 pred=  5 left=  5  y=    56 vy= -159744 ay=  -26624
     t= 38 pred=  4 left=  4  y=    53 vy= -186368 ay=  -26624
     t= 39 pred=  3 left=  3  y=    49 vy= -212992 ay=  -26624
     t= 40 pred=  2 left=  2  y=    46 vy= -239616 ay=  -26624
     t= 41 pred=  1 left=  1  y=    42 vy= -266240 ay=  -26624
P2  landings=0  no_prediction_ticks=0
   err all : -
   err NEAR (made within 20 ticks of the landing): -
   err far  (made earlier, can still be invalidated): -
---- landing prediction ----
P1  landings=60  no_prediction_ticks=0
   err all : -22:27 -21:1 -20:1 -19:1 -18:1 -17:1 -16:1 -15:1 -14:1 -13:1 -12:1 -11:142 -10:18 -9:18 -8:18 -7:18 -6:18 -5:18 -4:18 -3:18 -2:18 -1:18 +0:958 +5:153 +16:216
   err NEAR (made within 20 ticks of the landing): -11:105 -10:18 -9:18 -8:18 -7:18 -6:18 -5:18 -4:18 -3:18 -2:18 -1:18 +0:699 +16:216
   err far  (made earlier, can still be invalidated): -22:27 -21:1 -20:1 -19:1 -18:1 -17:1 -16:1 -15:1 -14:1 -13:1 -12:1 -11:37 +0:259 +5:153
   last descent, landed on tick 107:
     t= 87 pred= 36 left= 20  y=    40 vy=  245760 ay=  -13312
     t= 88 pred= 35 left= 19  y=    43 vy=  232448 ay=  -13312
     t= 89 pred= 34 left= 18  y=    46 vy=  219136 ay=  -13312
     t= 90 pred= 33 left= 17  y=    50 vy=  205824 ay=  -13312
     t= 91 pred= 32 left= 16  y=    52 vy=  192512 ay=  -13312
     t= 92 pred= 31 left= 15  y=    55 vy=  179200 ay=  -13312
     t= 93 pred= 30 left= 14  y=    58 vy=  165888 ay=  -13312
     t= 94 pred= 29 left= 13  y=    60 vy=  152576 ay=  -13312
     t= 95 pred= 28 left= 12  y=    62 vy=  139264 ay=  -13312
     t= 96 pred= 11 left= 11  y=    64 vy=       0 ay=  -26624
     t= 97 pred= 10 left= 10  y=    64 vy=  -26624 ay=  -26624
     t= 98 pred=  9 left=  9  y=    63 vy=  -53248 ay=  -26624
     t= 99 pred=  8 left=  8  y=    62 vy=  -79872 ay=  -26624
     t=100 pred=  7 left=  7  y=    60 vy= -106496 ay=  -26624
     t=101 pred=  6 left=  6  y=    58 vy= -133120 ay=  -26624
     t=102 pred=  5 left=  5  y=    56 vy= -159744 ay=  -26624
     t=103 pred=  4 left=  4  y=    53 vy= -186368 ay=  -26624
     t=104 pred=  3 left=  3  y=    49 vy= -212992 ay=  -26624
     t=105 pred=  2 left=  2  y=    46 vy= -239616 ay=  -26624
     t=106 pred=  1 left=  1  y=    42 vy= -266240 ay=  -26624
P2  landings=0  no_prediction_ticks=0
   err all : -
   err NEAR (made within 20 ticks of the landing): -
   err far  (made earlier, can still be invalidated): -
---- landing prediction ----
P1  landings=61  no_prediction_ticks=0
   err all : -22:27 -21:1 -20:1 -19:1 -18:1 -17:1 -16:1 -15:1 -14:1 -13:1 -12:1 -11:142 -10:18 -9:18 -8:18 -7:18 -6:18 -5:18 -4:18 -3:18 -2:18 -1:18 +0:969 +5:153 +16:225
   err NEAR (made within 20 ticks of the landing): -11:105 -10:18 -9:18 -8:18 -7:18 -6:18 -5:18 -4:18 -3:18 -2:18 -1:18 +0:710 +16:225
   err far  (made earlier, can still be invalidated): -22:27 -21:1 -20:1 -19:1 -18:1 -17:1 -16:1 -15:1 -14:1 -13:1 -12:1 -11:37 +0:259 +5:153
   last descent, landed on tick 130:
     t=110 pred= 36 left= 20  y=    40 vy=  245760 ay=  -13312
     t=111 pred= 35 left= 19  y=    43 vy=  232448 ay=  -13312
     t=112 pred= 34 left= 18  y=    46 vy=  219136 ay=  -13312
     t=113 pred= 33 left= 17  y=    50 vy=  205824 ay=  -13312
     t=114 pred= 32 left= 16  y=    52 vy=  192512 ay=  -13312
     t=115 pred= 31 left= 15  y=    55 vy=  179200 ay=  -13312
     t=116 pred= 30 left= 14  y=    58 vy=  165888 ay=  -13312
     t=117 pred= 29 left= 13  y=    60 vy=  152576 ay=  -13312
     t=118 pred= 28 left= 12  y=    62 vy=  139264 ay=  -13312
     t=119 pred= 11 left= 11  y=    64 vy=       0 ay=  -26624
     t=120 pred= 10 left= 10  y=    64 vy=  -26624 ay=  -26624
     t=121 pred=  9 left=  9  y=    63 vy=  -53248 ay=  -26624
     t=122 pred=  8 left=  8  y=    62 vy=  -79872 ay=  -26624
     t=123 pred=  7 left=  7  y=    60 vy= -106496 ay=  -26624
     t=124 pred=  6 left=  6  y=    58 vy= -133120 ay=  -26624
     t=125 pred=  5 left=  5  y=    56 vy= -159744 ay=  -26624
     t=126 pred=  4 left=  4  y=    53 vy= -186368 ay=  -26624
     t=127 pred=  3 left=  3  y=    49 vy= -212992 ay=  -26624
     t=128 pred=  2 left=  2  y=    46 vy= -239616 ay=  -26624
     t=129 pred=  1 left=  1  y=    42 vy= -266240 ay=  -26624
P2  landings=0  no_prediction_ticks=0
   err all : -
   err NEAR (made within 20 ticks of the landing): -
   err far  (made earlier, can still be invalidated): -
---- landing prediction ----
P1  landings=61  no_prediction_ticks=0
   err all : -22:27 -21:1 -20:1 -19:1 -18:1 -17:1 -16:1 -15:1 -14:1 -13:1 -12:1 -11:142 -10:18 -9:18 -8:18 -7:18 -6:18 -5:18 -4:18 -3:18 -2:18 -1:18 +0:969 +5:153 +16:225
   err NEAR (made within 20 ticks of the landing): -11:105 -10:18 -9:18 -8:18 -7:18 -6:18 -5:18 -4:18 -3:18 -2:18 -1:18 +0:710 +16:225
   err far  (made earlier, can still be invalidated): -22:27 -21:1 -20:1 -19:1 -18:1 -17:1 -16:1 -15:1 -14:1 -13:1 -12:1 -11:37 +0:259 +5:153
   last descent, landed on tick 130:
     t=110 pred= 36 left= 20  y=    40 vy=  245760 ay=  -13312
     t=111 pred= 35 left= 19  y=    43 vy=  232448 ay=  -13312
     t=112 pred= 34 left= 18  y=    46 vy=  219136 ay=  -13312
     t=113 pred= 33 left= 17  y=    50 vy=  205824 ay=  -13312
     t=114 pred= 32 left= 16  y=    52 vy=  192512 ay=  -13312
     t=115 pred= 31 left= 15  y=    55 vy=  179200 ay=  -13312
     t=116 pred= 30 left= 14  y=    58 vy=  165888 ay=  -13312
     t=117 pred= 29 left= 13  y=    60 vy=  152576 ay=  -13312
     t=118 pred= 28 left= 12  y=    62 vy=  139264 ay=  -13312
     t=119 pred= 11 left= 11  y=    64 vy=       0 ay=  -26624
     t=120 pred= 10 left= 10  y=    64 vy=  -26624 ay=  -26624
     t=121 pred=  9 left=  9  y=    63 vy=  -53248 ay=  -26624
     t=122 pred=  8 left=  8  y=    62 vy=  -79872 ay=  -26624
     t=123 pred=  7 left=  7  y=    60 vy= -106496 ay=  -26624
     t=124 pred=  6 left=  6  y=    58 vy= -133120 ay=  -26624
     t=125 pred=  5 left=  5  y=    56 vy= -159744 ay=  -26624
     t=126 pred=  4 left=  4  y=    53 vy= -186368 ay=  -26624
     t=127 pred=  3 left=  3  y=    49 vy= -212992 ay=  -26624
     t=128 pred=  2 left=  2  y=    46 vy= -239616 ay=  -26624
     t=129 pred=  1 left=  1  y=    42 vy= -266240 ay=  -26624
P2  landings=1  no_prediction_ticks=0
   err all : +0:34
   err NEAR (made within 20 ticks of the landing): +0:20
   err far  (made earlier, can still be invalidated): +0:14
   last descent, landed on tick 232:
     t=198 pred= 34 left= 34  y=    55 vy=  493568 ay=  -30720
     t=199 pred= 33 left= 33  y=    62 vy=  462848 ay=  -30720
     t=200 pred= 32 left= 32  y=    69 vy=  432128 ay=  -30720
     t=201 pred= 31 left= 31  y=    75 vy=  401408 ay=  -30720
     t=202 pred= 30 left= 30  y=    80 vy=  370688 ay=  -30720
     t=203 pred= 29 left= 29  y=    86 vy=  339968 ay=  -30720
     t=204 pred= 28 left= 28  y=    90 vy=  309248 ay=  -30720
     t=205 pred= 27 left= 27  y=    95 vy=  278528 ay=  -30720
     t=206 pred= 26 left= 26  y=    98 vy=  247808 ay=  -30720
     t=207 pred= 25 left= 25  y=   102 vy=  217088 ay=  -30720
     t=208 pred= 24 left= 24  y=   105 vy=  186368 ay=  -30720
     t=209 pred= 23 left= 23  y=   107 vy=  155648 ay=  -30720
     t=210 pred= 22 left= 22  y=   109 vy=  124928 ay=  -30720
     t=211 pred= 21 left= 21  y=   110 vy=   94208 ay=  -30720
     t=212 pred= 20 left= 20  y=   111 vy=   63488 ay=  -30720
     t=213 pred= 19 left= 19  y=   112 vy=   32768 ay=  -30720
     t=214 pred= 18 left= 18  y=   112 vy=    2048 ay=  -30720
     t=215 pred= 17 left= 17  y=   111 vy=  -28672 ay=  -30720
     t=216 pred= 16 left= 16  y=   110 vy=  -59392 ay=  -30720
     t=217 pred= 15 left= 15  y=   109 vy=  -90112 ay=  -30720
     t=218 pred= 14 left= 14  y=   107 vy= -120832 ay=  -30720
     t=219 pred= 13 left= 13  y=   105 vy= -151552 ay=  -30720
     t=220 pred= 12 left= 12  y=   102 vy= -182272 ay=  -30720
     t=221 pred= 11 left= 11  y=    99 vy= -212992 ay=  -30720
     t=222 pred= 10 left= 10  y=    95 vy= -243712 ay=  -30720
     t=223 pred=  9 left=  9  y=    91 vy= -274432 ay=  -30720
     t=224 pred=  8 left=  8  y=    86 vy= -305152 ay=  -30720
     t=225 pred=  7 left=  7  y=    81 vy= -335872 ay=  -30720
     t=226 pred=  6 left=  6  y=    76 vy= -366592 ay=  -30720
     t=227 pred=  5 left=  5  y=    70 vy= -397312 ay=  -30720
     t=228 pred=  4 left=  4  y=    63 vy= -428032 ay=  -30720
     t=229 pred=  3 left=  3  y=    56 vy= -458752 ay=  -30720
     t=230 pred=  2 left=  2  y=    49 vy= -489472 ay=  -30720
     t=231 pred=  1 left=  1  y=    41 vy= -520192 ay=  -30720
---- landing prediction ----
P1  landings=62  no_prediction_ticks=0
   err all : -22:27 -21:1 -20:1 -19:1 -18:1 -17:1 -16:1 -15:1 -14:1 -13:1 -12:1 -11:151 -10:19 -9:19 -8:19 -7:19 -6:19 -5:19 -4:19 -3:19 -2:19 -1:19 +0:972 +5:162 +16:225
   err NEAR (made within 20 ticks of the landing): -11:112 -10:19 -9:19 -8:19 -7:19 -6:19 -5:19 -4:19 -3:19 -2:19 -1:19 +0:713 +16:225
   err far  (made earlier, can still be invalidated): -22:27 -21:1 -20:1 -19:1 -18:1 -17:1 -16:1 -15:1 -14:1 -13:1 -12:1 -11:39 +0:259 +5:162
   last descent, landed on tick 40:
     t=  9 pred= 36 left= 31  y=    40 vy=  245760 ay=  -13312
     t= 10 pred= 35 left= 30  y=    43 vy=  232448 ay=  -13312
     t= 11 pred= 34 left= 29  y=    46 vy=  219136 ay=  -13312
     t= 12 pred= 33 left= 28  y=    50 vy=  205824 ay=  -13312
     t= 13 pred= 32 left= 27  y=    52 vy=  192512 ay=  -13312
     t= 14 pred= 31 left= 26  y=    55 vy=  179200 ay=  -13312
     t= 15 pred= 30 left= 25  y=    58 vy=  165888 ay=  -13312
     t= 16 pred= 29 left= 24  y=    60 vy=  152576 ay=  -13312
     t= 17 pred= 28 left= 23  y=    62 vy=  139264 ay=  -13312
     t= 18 pred= 11 left= 22  y=    64 vy=       0 ay=  -26624
     t= 19 pred= 10 left= 21  y=    64 vy=  -26624 ay=  -26624
     t= 20 pred=  9 left= 20  y=    63 vy=  -53248 ay=  -26624
     t= 21 pred=  8 left= 19  y=    62 vy=  -79872 ay=  -26624
     t= 22 pred=  7 left= 18  y=    60 vy= -106496 ay=  -26624
     t= 23 pred=  6 left= 17  y=    58 vy= -133120 ay=  -26624
     t= 24 pred=  5 left= 16  y=    56 vy= -159744 ay=  -26624
     t= 25 pred=  4 left= 15  y=    53 vy= -186368 ay=  -26624
     t= 26 pred=  3 left= 14  y=    49 vy= -212992 ay=  -26624
     t= 27 pred=  3 left= 13  y=    49 vy= -212992 ay=  -26624
     t= 28 pred=  3 left= 12  y=    49 vy= -212992 ay=  -26624
     t= 29 pred=  3 left= 11  y=    49 vy= -212992 ay=  -26624
     t= 30 pred=  3 left= 10  y=    49 vy= -212992 ay=  -26624
     t= 31 pred=  3 left=  9  y=    49 vy= -212992 ay=  -26624
     t= 32 pred=  3 left=  8  y=    49 vy= -212992 ay=  -26624
     t= 33 pred=  3 left=  7  y=    49 vy= -212992 ay=  -26624
     t= 34 pred=  3 left=  6  y=    49 vy= -212992 ay=  -26624
     t= 35 pred=  3 left=  5  y=    49 vy= -212992 ay=  -26624
     t= 36 pred=  3 left=  4  y=    49 vy= -212992 ay=  -26624
     t= 37 pred=  3 left=  3  y=    49 vy= -212992 ay=  -26624
     t= 38 pred=  2 left=  2  y=    46 vy= -239616 ay=  -26624
     t= 39 pred=  1 left=  1  y=    42 vy= -266240 ay=  -26624
P2  landings=1  no_prediction_ticks=0
   err all : +0:34
   err NEAR (made within 20 ticks of the landing): +0:20
   err far  (made earlier, can still be invalidated): +0:14
   last descent, landed on tick 232:
     t=198 pred= 34 left= 34  y=    55 vy=  493568 ay=  -30720
     t=199 pred= 33 left= 33  y=    62 vy=  462848 ay=  -30720
     t=200 pred= 32 left= 32  y=    69 vy=  432128 ay=  -30720
     t=201 pred= 31 left= 31  y=    75 vy=  401408 ay=  -30720
     t=202 pred= 30 left= 30  y=    80 vy=  370688 ay=  -30720
     t=203 pred= 29 left= 29  y=    86 vy=  339968 ay=  -30720
     t=204 pred= 28 left= 28  y=    90 vy=  309248 ay=  -30720
     t=205 pred= 27 left= 27  y=    95 vy=  278528 ay=  -30720
     t=206 pred= 26 left= 26  y=    98 vy=  247808 ay=  -30720
     t=207 pred= 25 left= 25  y=   102 vy=  217088 ay=  -30720
     t=208 pred= 24 left= 24  y=   105 vy=  186368 ay=  -30720
     t=209 pred= 23 left= 23  y=   107 vy=  155648 ay=  -30720
     t=210 pred= 22 left= 22  y=   109 vy=  124928 ay=  -30720
     t=211 pred= 21 left= 21  y=   110 vy=   94208 ay=  -30720
     t=212 pred= 20 left= 20  y=   111 vy=   63488 ay=  -30720
     t=213 pred= 19 left= 19  y=   112 vy=   32768 ay=  -30720
     t=214 pred= 18 left= 18  y=   112 vy=    2048 ay=  -30720
     t=215 pred= 17 left= 17  y=   111 vy=  -28672 ay=  -30720
     t=216 pred= 16 left= 16  y=   110 vy=  -59392 ay=  -30720
     t=217 pred= 15 left= 15  y=   109 vy=  -90112 ay=  -30720
     t=218 pred= 14 left= 14  y=   107 vy= -120832 ay=  -30720
     t=219 pred= 13 left= 13  y=   105 vy= -151552 ay=  -30720
     t=220 pred= 12 left= 12  y=   102 vy= -182272 ay=  -30720
     t=221 pred= 11 left= 11  y=    99 vy= -212992 ay=  -30720
     t=222 pred= 10 left= 10  y=    95 vy= -243712 ay=  -30720
     t=223 pred=  9 left=  9  y=    91 vy= -274432 ay=  -30720
     t=224 pred=  8 left=  8  y=    86 vy= -305152 ay=  -30720
     t=225 pred=  7 left=  7  y=    81 vy= -335872 ay=  -30720
     t=226 pred=  6 left=  6  y=    76 vy= -366592 ay=  -30720
     t=227 pred=  5 left=  5  y=    70 vy= -397312 ay=  -30720
     t=228 pred=  4 left=  4  y=    63 vy= -428032 ay=  -30720
     t=229 pred=  3 left=  3  y=    56 vy= -458752 ay=  -30720
     t=230 pred=  2 left=  2  y=    49 vy= -489472 ay=  -30720
     t=231 pred=  1 left=  1  y=    41 vy= -520192 ay=  -30720
---- landing prediction ----
P1  landings=63  no_prediction_ticks=0
   err all : -22:39 -21:2 -20:2 -19:2 -18:2 -17:2 -16:2 -15:2 -14:2 -13:2 -12:2 -11:170 -10:20 -9:20 -8:20 -7:20 -6:20 -5:20 -4:20 -3:20 -2:20 -1:20 +0:979 +5:162 +16:225
   err NEAR (made within 20 ticks of the landing): -11:115 -10:20 -9:20 -8:20 -7:20 -6:20 -5:20 -4:20 -3:20 -2:20 -1:20 +0:720 +16:225
   err far  (made earlier, can still be invalidated): -22:39 -21:2 -20:2 -19:2 -18:2 -17:2 -16:2 -15:2 -14:2 -13:2 -12:2 -11:55 +0:259 +5:162
   last descent, landed on tick 101:
     t= 43 pred= 36 left= 58  y=    40 vy=  245760 ay=  -13312
     t= 44 pred= 35 left= 57  y=    43 vy=  232448 ay=  -13312
     t= 45 pred= 34 left= 56  y=    46 vy=  219136 ay=  -13312
     t= 46 pred= 33 left= 55  y=    50 vy=  205824 ay=  -13312
     t= 47 pred= 32 left= 54  y=    52 vy=  192512 ay=  -13312
     t= 48 pred= 31 left= 53  y=    55 vy=  179200 ay=  -13312
     t= 49 pred= 30 left= 52  y=    58 vy=  165888 ay=  -13312
     t= 50 pred= 29 left= 51  y=    60 vy=  152576 ay=  -13312
     t= 51 pred= 28 left= 50  y=    62 vy=  139264 ay=  -13312
     t= 52 pred= 27 left= 49  y=    64 vy=  125952 ay=  -13312
     t= 53 pred= 26 left= 48  y=    66 vy=  112640 ay=  -13312
     t= 54 pred= 25 left= 47  y=    67 vy=   99328 ay=  -13312
     t= 55 pred= 25 left= 46  y=    67 vy=   99328 ay=  -13312
     t= 56 pred= 25 left= 45  y=    67 vy=   99328 ay=  -13312
     t= 57 pred= 25 left= 44  y=    67 vy=   99328 ay=  -13312
     t= 58 pred= 25 left= 43  y=    67 vy=   99328 ay=  -13312
     t= 59 pred= 25 left= 42  y=    67 vy=   99328 ay=  -13312
     t= 60 pred= 25 left= 41  y=    67 vy=   99328 ay=  -13312
     t= 61 pred= 25 left= 40  y=    67 vy=   99328 ay=  -13312
     t= 62 pred= 25 left= 39  y=    67 vy=   99328 ay=  -13312
     t= 63 pred= 25 left= 38  y=    67 vy=   99328 ay=  -13312
     t= 64 pred= 25 left= 37  y=    67 vy=   99328 ay=  -13312
     t= 65 pred= 25 left= 36  y=    67 vy=   99328 ay=  -13312
     t= 66 pred= 24 left= 35  y=    69 vy=   86016 ay=  -13312
     t= 67 pred= 23 left= 34  y=    70 vy=   72704 ay=  -13312
     t= 68 pred= 22 left= 33  y=    71 vy=   59392 ay=  -13312
     t= 69 pred= 21 left= 32  y=    71 vy=   46080 ay=  -13312
     t= 70 pred= 20 left= 31  y=    72 vy=   32768 ay=  -13312
     t= 71 pred= 19 left= 30  y=    72 vy=   19456 ay=  -13312
     t= 72 pred= 18 left= 29  y=    72 vy=    6144 ay=  -13312
     t= 73 pred= 17 left= 28  y=    72 vy=   -7168 ay=  -13312
     t= 74 pred= 16 left= 27  y=    72 vy=  -20480 ay=  -13312
     t= 75 pred= 15 left= 26  y=    71 vy=  -33792 ay=  -13312
     t= 76 pred= 14 left= 25  y=    71 vy=  -47104 ay=  -13312
     t= 77 pred= 13 left= 24  y=    70 vy=  -60416 ay=  -13312
     t= 78 pred= 12 left= 23  y=    69 vy=  -73728 ay=  -13312
     t= 79 pred= 11 left= 22  y=    67 vy=  -87040 ay=  -13312
     t= 80 pred= 10 left= 21  y=    66 vy= -100352 ay=  -13312
     t= 81 pred=  9 left= 20  y=    64 vy= -113664 ay=  -13312
     t= 82 pred=  8 left= 19  y=    62 vy= -126976 ay=  -13312
P2  landings=1  no_prediction_ticks=0
   err all : +0:34
   err NEAR (made within 20 ticks of the landing): +0:20
   err far  (made earlier, can still be invalidated): +0:14
   last descent, landed on tick 232:
     t=198 pred= 34 left= 34  y=    55 vy=  493568 ay=  -30720
     t=199 pred= 33 left= 33  y=    62 vy=  462848 ay=  -30720
     t=200 pred= 32 left= 32  y=    69 vy=  432128 ay=  -30720
     t=201 pred= 31 left= 31  y=    75 vy=  401408 ay=  -30720
     t=202 pred= 30 left= 30  y=    80 vy=  370688 ay=  -30720
     t=203 pred= 29 left= 29  y=    86 vy=  339968 ay=  -30720
     t=204 pred= 28 left= 28  y=    90 vy=  309248 ay=  -30720
     t=205 pred= 27 left= 27  y=    95 vy=  278528 ay=  -30720
     t=206 pred= 26 left= 26  y=    98 vy=  247808 ay=  -30720
     t=207 pred= 25 left= 25  y=   102 vy=  217088 ay=  -30720
     t=208 pred= 24 left= 24  y=   105 vy=  186368 ay=  -30720
     t=209 pred= 23 left= 23  y=   107 vy=  155648 ay=  -30720
     t=210 pred= 22 left= 22  y=   109 vy=  124928 ay=  -30720
     t=211 pred= 21 left= 21  y=   110 vy=   94208 ay=  -30720
     t=212 pred= 20 left= 20  y=   111 vy=   63488 ay=  -30720
     t=213 pred= 19 left= 19  y=   112 vy=   32768 ay=  -30720
     t=214 pred= 18 left= 18  y=   112 vy=    2048 ay=  -30720
     t=215 pred= 17 left= 17  y=   111 vy=  -28672 ay=  -30720
     t=216 pred= 16 left= 16  y=   110 vy=  -59392 ay=  -30720
     t=217 pred= 15 left= 15  y=   109 vy=  -90112 ay=  -30720
     t=218 pred= 14 left= 14  y=   107 vy= -120832 ay=  -30720
     t=219 pred= 13 left= 13  y=   105 vy= -151552 ay=  -30720
     t=220 pred= 12 left= 12  y=   102 vy= -182272 ay=  -30720
     t=221 pred= 11 left= 11  y=    99 vy= -212992 ay=  -30720
     t=222 pred= 10 left= 10  y=    95 vy= -243712 ay=  -30720
     t=223 pred=  9 left=  9  y=    91 vy= -274432 ay=  -30720
     t=224 pred=  8 left=  8  y=    86 vy= -305152 ay=  -30720
     t=225 pred=  7 left=  7  y=    81 vy= -335872 ay=  -30720
     t=226 pred=  6 left=  6  y=    76 vy= -366592 ay=  -30720
     t=227 pred=  5 left=  5  y=    70 vy= -397312 ay=  -30720
     t=228 pred=  4 left=  4  y=    63 vy= -428032 ay=  -30720
     t=229 pred=  3 left=  3  y=    56 vy= -458752 ay=  -30720
     t=230 pred=  2 left=  2  y=    49 vy= -489472 ay=  -30720
     t=231 pred=  1 left=  1  y=    41 vy= -520192 ay=  -30720
---- landing prediction ----
P1  landings=64  no_prediction_ticks=0
   err all : -22:39 -21:2 -20:2 -19:2 -18:2 -17:2 -16:2 -15:2 -14:2 -13:2 -12:2 -11:178 -10:21 -9:21 -8:21 -7:21 -6:21 -5:21 -4:21 -3:21 -2:21 -1:21 +0:983 +5:171 +16:225
   err NEAR (made within 20 ticks of the landing): -11:121 -10:21 -9:21 -8:21 -7:21 -6:21 -5:21 -4:21 -3:21 -2:21 -1:21 +0:724 +16:225
   err far  (made earlier, can still be invalidated): -22:39 -21:2 -20:2 -19:2 -18:2 -17:2 -16:2 -15:2 -14:2 -13:2 -12:2 -11:57 +0:259 +5:171
   last descent, landed on tick 140:
     t=109 pred= 36 left= 31  y=    40 vy=  245760 ay=  -13312
     t=110 pred= 35 left= 30  y=    43 vy=  232448 ay=  -13312
     t=111 pred= 34 left= 29  y=    46 vy=  219136 ay=  -13312
     t=112 pred= 33 left= 28  y=    50 vy=  205824 ay=  -13312
     t=113 pred= 32 left= 27  y=    52 vy=  192512 ay=  -13312
     t=114 pred= 31 left= 26  y=    55 vy=  179200 ay=  -13312
     t=115 pred= 30 left= 25  y=    58 vy=  165888 ay=  -13312
     t=116 pred= 29 left= 24  y=    60 vy=  152576 ay=  -13312
     t=117 pred= 28 left= 23  y=    62 vy=  139264 ay=  -13312
     t=118 pred= 11 left= 22  y=    64 vy=       0 ay=  -26624
     t=119 pred= 10 left= 21  y=    64 vy=  -26624 ay=  -26624
     t=120 pred=  9 left= 20  y=    63 vy=  -53248 ay=  -26624
     t=121 pred=  8 left= 19  y=    62 vy=  -79872 ay=  -26624
     t=122 pred=  7 left= 18  y=    60 vy= -106496 ay=  -26624
     t=123 pred=  6 left= 17  y=    58 vy= -133120 ay=  -26624
     t=124 pred=  5 left= 16  y=    56 vy= -159744 ay=  -26624
     t=125 pred=  4 left= 15  y=    53 vy= -186368 ay=  -26624
     t=126 pred=  4 left= 14  y=    53 vy= -186368 ay=  -26624
     t=127 pred=  4 left= 13  y=    53 vy= -186368 ay=  -26624
     t=128 pred=  4 left= 12  y=    53 vy= -186368 ay=  -26624
     t=129 pred=  4 left= 11  y=    53 vy= -186368 ay=  -26624
     t=130 pred=  4 left= 10  y=    53 vy= -186368 ay=  -26624
     t=131 pred=  4 left=  9  y=    53 vy= -186368 ay=  -26624
     t=132 pred=  4 left=  8  y=    53 vy= -186368 ay=  -26624
     t=133 pred=  4 left=  7  y=    53 vy= -186368 ay=  -26624
     t=134 pred=  4 left=  6  y=    53 vy= -186368 ay=  -26624
     t=135 pred=  4 left=  5  y=    53 vy= -186368 ay=  -26624
     t=136 pred=  4 left=  4  y=    53 vy= -186368 ay=  -26624
     t=137 pred=  3 left=  3  y=    49 vy= -212992 ay=  -26624
     t=138 pred=  2 left=  2  y=    46 vy= -239616 ay=  -26624
     t=139 pred=  1 left=  1  y=    42 vy= -266240 ay=  -26624
P2  landings=1  no_prediction_ticks=0
   err all : +0:34
   err NEAR (made within 20 ticks of the landing): +0:20
   err far  (made earlier, can still be invalidated): +0:14
   last descent, landed on tick 232:
     t=198 pred= 34 left= 34  y=    55 vy=  493568 ay=  -30720
     t=199 pred= 33 left= 33  y=    62 vy=  462848 ay=  -30720
     t=200 pred= 32 left= 32  y=    69 vy=  432128 ay=  -30720
     t=201 pred= 31 left= 31  y=    75 vy=  401408 ay=  -30720
     t=202 pred= 30 left= 30  y=    80 vy=  370688 ay=  -30720
     t=203 pred= 29 left= 29  y=    86 vy=  339968 ay=  -30720
     t=204 pred= 28 left= 28  y=    90 vy=  309248 ay=  -30720
     t=205 pred= 27 left= 27  y=    95 vy=  278528 ay=  -30720
     t=206 pred= 26 left= 26  y=    98 vy=  247808 ay=  -30720
     t=207 pred= 25 left= 25  y=   102 vy=  217088 ay=  -30720
     t=208 pred= 24 left= 24  y=   105 vy=  186368 ay=  -30720
     t=209 pred= 23 left= 23  y=   107 vy=  155648 ay=  -30720
     t=210 pred= 22 left= 22  y=   109 vy=  124928 ay=  -30720
     t=211 pred= 21 left= 21  y=   110 vy=   94208 ay=  -30720
     t=212 pred= 20 left= 20  y=   111 vy=   63488 ay=  -30720
     t=213 pred= 19 left= 19  y=   112 vy=   32768 ay=  -30720
     t=214 pred= 18 left= 18  y=   112 vy=    2048 ay=  -30720
     t=215 pred= 17 left= 17  y=   111 vy=  -28672 ay=  -30720
     t=216 pred= 16 left= 16  y=   110 vy=  -59392 ay=  -30720
     t=217 pred= 15 left= 15  y=   109 vy=  -90112 ay=  -30720
     t=218 pred= 14 left= 14  y=   107 vy= -120832 ay=  -30720
     t=219 pred= 13 left= 13  y=   105 vy= -151552 ay=  -30720
     t=220 pred= 12 left= 12  y=   102 vy= -182272 ay=  -30720
     t=221 pred= 11 left= 11  y=    99 vy= -212992 ay=  -30720
     t=222 pred= 10 left= 10  y=    95 vy= -243712 ay=  -30720
     t=223 pred=  9 left=  9  y=    91 vy= -274432 ay=  -30720
     t=224 pred=  8 left=  8  y=    86 vy= -305152 ay=  -30720
     t=225 pred=  7 left=  7  y=    81 vy= -335872 ay=  -30720
     t=226 pred=  6 left=  6  y=    76 vy= -366592 ay=  -30720
     t=227 pred=  5 left=  5  y=    70 vy= -397312 ay=  -30720
     t=228 pred=  4 left=  4  y=    63 vy= -428032 ay=  -30720
     t=229 pred=  3 left=  3  y=    56 vy= -458752 ay=  -30720
     t=230 pred=  2 left=  2  y=    49 vy= -489472 ay=  -30720
     t=231 pred=  1 left=  1  y=    41 vy= -520192 ay=  -30720
---- landing prediction ----
P1  landings=65  no_prediction_ticks=0
   err all : -45:7 -38:1 -36:1 -34:1 -32:1 -30:1 -29:9 -28:1 -26:1 -24:1 -22:40 -21:2 -20:3 -19:2 -18:3 -17:2 -16:3 -15:2 -14:3 -13:2 -12:3 -11:178 -10:22 -9:22 -8:22 -7:22 -6:22 -5:22 -4:22 -3:22 -2:22 -1:22 +0:987 +5:171 +16:225
   err NEAR (made within 20 ticks of the landing): -16:1 -14:1 -12:1 -11:121 -10:22 -9:22 -8:22 -7:22 -6:22 -5:22 -4:22 -3:22 -2:22 -1:22 +0:728 +16:225
   err far  (made earlier, can still be invalidated): -45:7 -38:1 -36:1 -34:1 -32:1 -30:1 -29:9 -28:1 -26:1 -24:1 -22:40 -21:2 -20:3 -19:2 -18:3 -17:2 -16:2 -15:2 -14:2 -13:2 -12:2 -11:57 +0:259 +5:171
   last descent, landed on tick 210:
     t=145 pred= 36 left= 65  y=    40 vy=  245760 ay=  -13312
     t=146 pred= 35 left= 64  y=    43 vy=  232448 ay=  -13312
     t=147 pred= 34 left= 63  y=    46 vy=  219136 ay=  -13312
     t=148 pred= 33 left= 62  y=    50 vy=  205824 ay=  -13312
     t=149 pred= 32 left= 61  y=    52 vy=  192512 ay=  -13312
     t=150 pred= 31 left= 60  y=    55 vy=  179200 ay=  -13312
     t=151 pred= 30 left= 59  y=    58 vy=  165888 ay=  -13312
     t=152 pred= 29 left= 58  y=    60 vy=  152576 ay=  -13312
     t=153 pred= 28 left= 57  y=    62 vy=  139264 ay=  -13312
     t=154 pred= 11 left= 56  y=    64 vy=       0 ay=  -26624
     t=155 pred= 10 left= 55  y=    64 vy=  -26624 ay=  -26624
     t=156 pred=  9 left= 54  y=    63 vy=  -53248 ay=  -26624
     t=157 pred=  8 left= 53  y=    62 vy=  -79872 ay=  -26624
     t=158 pred=  7 left= 52  y=    60 vy= -106496 ay=  -26624
     t=159 pred=  6 left= 51  y=    58 vy= -133120 ay=  -26624
     t=160 pred=  5 left= 50  y=    56 vy= -159744 ay=  -26624
     t=168 pred=  4 left= 42  y=    53 vy= -186368 ay=  -26624
     t=170 pred=  4 left= 40  y=    53 vy= -186368 ay=  -26624
     t=172 pred=  4 left= 38  y=    53 vy= -186368 ay=  -26624
     t=174 pred=  4 left= 36  y=    53 vy= -186368 ay=  -26624
     t=176 pred=  4 left= 34  y=    53 vy= -186368 ay=  -26624
     t=178 pred=  4 left= 32  y=    53 vy= -186368 ay=  -26624
     t=180 pred=  4 left= 30  y=    53 vy= -186368 ay=  -26624
     t=182 pred=  4 left= 28  y=    53 vy= -186368 ay=  -26624
     t=184 pred=  4 left= 26  y=    53 vy= -186368 ay=  -26624
     t=186 pred=  4 left= 24  y=    53 vy= -186368 ay=  -26624
     t=188 pred=  4 left= 22  y=    53 vy= -186368 ay=  -26624
     t=190 pred=  4 left= 20  y=    53 vy= -186368 ay=  -26624
     t=192 pred=  4 left= 18  y=    53 vy= -186368 ay=  -26624
     t=194 pred=  4 left= 16  y=    53 vy= -186368 ay=  -26624
     t=196 pred=  4 left= 14  y=    53 vy= -186368 ay=  -26624
     t=197 pred=  4 left= 13  y=    53 vy= -186368 ay=  -26624
     t=198 pred=  4 left= 12  y=    53 vy= -186368 ay=  -26624
     t=199 pred=  4 left= 11  y=    53 vy= -186368 ay=  -26624
     t=200 pred=  4 left= 10  y=    53 vy= -186368 ay=  -26624
     t=201 pred=  4 left=  9  y=    53 vy= -186368 ay=  -26624
     t=202 pred=  4 left=  8  y=    53 vy= -186368 ay=  -26624
     t=203 pred=  4 left=  7  y=    53 vy= -186368 ay=  -26624
     t=204 pred=  4 left=  6  y=    53 vy= -186368 ay=  -26624
     t=205 pred=  4 left=  5  y=    53 vy= -186368 ay=  -26624
P2  landings=1  no_prediction_ticks=0
   err all : +0:34
   err NEAR (made within 20 ticks of the landing): +0:20
   err far  (made earlier, can still be invalidated): +0:14
   last descent, landed on tick 232:
     t=198 pred= 34 left= 34  y=    55 vy=  493568 ay=  -30720
     t=199 pred= 33 left= 33  y=    62 vy=  462848 ay=  -30720
     t=200 pred= 32 left= 32  y=    69 vy=  432128 ay=  -30720
     t=201 pred= 31 left= 31  y=    75 vy=  401408 ay=  -30720
     t=202 pred= 30 left= 30  y=    80 vy=  370688 ay=  -30720
     t=203 pred= 29 left= 29  y=    86 vy=  339968 ay=  -30720
     t=204 pred= 28 left= 28  y=    90 vy=  309248 ay=  -30720
     t=205 pred= 27 left= 27  y=    95 vy=  278528 ay=  -30720
     t=206 pred= 26 left= 26  y=    98 vy=  247808 ay=  -30720
     t=207 pred= 25 left= 25  y=   102 vy=  217088 ay=  -30720
     t=208 pred= 24 left= 24  y=   105 vy=  186368 ay=  -30720
     t=209 pred= 23 left= 23  y=   107 vy=  155648 ay=  -30720
     t=210 pred= 22 left= 22  y=   109 vy=  124928 ay=  -30720
     t=211 pred= 21 left= 21  y=   110 vy=   94208 ay=  -30720
     t=212 pred= 20 left= 20  y=   111 vy=   63488 ay=  -30720
     t=213 pred= 19 left= 19  y=   112 vy=   32768 ay=  -30720
     t=214 pred= 18 left= 18  y=   112 vy=    2048 ay=  -30720
     t=215 pred= 17 left= 17  y=   111 vy=  -28672 ay=  -30720
     t=216 pred= 16 left= 16  y=   110 vy=  -59392 ay=  -30720
     t=217 pred= 15 left= 15  y=   109 vy=  -90112 ay=  -30720
     t=218 pred= 14 left= 14  y=   107 vy= -120832 ay=  -30720
     t=219 pred= 13 left= 13  y=   105 vy= -151552 ay=  -30720
     t=220 pred= 12 left= 12  y=   102 vy= -182272 ay=  -30720
     t=221 pred= 11 left= 11  y=    99 vy= -212992 ay=  -30720
     t=222 pred= 10 left= 10  y=    95 vy= -243712 ay=  -30720
     t=223 pred=  9 left=  9  y=    91 vy= -274432 ay=  -30720
     t=224 pred=  8 left=  8  y=    86 vy= -305152 ay=  -30720
     t=225 pred=  7 left=  7  y=    81 vy= -335872 ay=  -30720
     t=226 pred=  6 left=  6  y=    76 vy= -366592 ay=  -30720
     t=227 pred=  5 left=  5  y=    70 vy= -397312 ay=  -30720
     t=228 pred=  4 left=  4  y=    63 vy= -428032 ay=  -30720
     t=229 pred=  3 left=  3  y=    56 vy= -458752 ay=  -30720
     t=230 pred=  2 left=  2  y=    49 vy= -489472 ay=  -30720
     t=231 pred=  1 left=  1  y=    41 vy= -520192 ay=  -30720
---- landing prediction ----
P1  landings=65  no_prediction_ticks=0
   err all : -45:7 -38:1 -36:1 -34:1 -32:1 -30:1 -29:9 -28:1 -26:1 -24:1 -22:40 -21:2 -20:3 -19:2 -18:3 -17:2 -16:3 -15:2 -14:3 -13:2 -12:3 -11:178 -10:22 -9:22 -8:22 -7:22 -6:22 -5:22 -4:22 -3:22 -2:22 -1:22 +0:987 +5:171 +16:225
   err NEAR (made within 20 ticks of the landing): -16:1 -14:1 -12:1 -11:121 -10:22 -9:22 -8:22 -7:22 -6:22 -5:22 -4:22 -3:22 -2:22 -1:22 +0:728 +16:225
   err far  (made earlier, can still be invalidated): -45:7 -38:1 -36:1 -34:1 -32:1 -30:1 -29:9 -28:1 -26:1 -24:1 -22:40 -21:2 -20:3 -19:2 -18:3 -17:2 -16:2 -15:2 -14:2 -13:2 -12:2 -11:57 +0:259 +5:171
   last descent, landed on tick 210:
     t=145 pred= 36 left= 65  y=    40 vy=  245760 ay=  -13312
     t=146 pred= 35 left= 64  y=    43 vy=  232448 ay=  -13312
     t=147 pred= 34 left= 63  y=    46 vy=  219136 ay=  -13312
     t=148 pred= 33 left= 62  y=    50 vy=  205824 ay=  -13312
     t=149 pred= 32 left= 61  y=    52 vy=  192512 ay=  -13312
     t=150 pred= 31 left= 60  y=    55 vy=  179200 ay=  -13312
     t=151 pred= 30 left= 59  y=    58 vy=  165888 ay=  -13312
     t=152 pred= 29 left= 58  y=    60 vy=  152576 ay=  -13312
     t=153 pred= 28 left= 57  y=    62 vy=  139264 ay=  -13312
     t=154 pred= 11 left= 56  y=    64 vy=       0 ay=  -26624
     t=155 pred= 10 left= 55  y=    64 vy=  -26624 ay=  -26624
     t=156 pred=  9 left= 54  y=    63 vy=  -53248 ay=  -26624
     t=157 pred=  8 left= 53  y=    62 vy=  -79872 ay=  -26624
     t=158 pred=  7 left= 52  y=    60 vy= -106496 ay=  -26624
     t=159 pred=  6 left= 51  y=    58 vy= -133120 ay=  -26624
     t=160 pred=  5 left= 50  y=    56 vy= -159744 ay=  -26624
     t=168 pred=  4 left= 42  y=    53 vy= -186368 ay=  -26624
     t=170 pred=  4 left= 40  y=    53 vy= -186368 ay=  -26624
     t=172 pred=  4 left= 38  y=    53 vy= -186368 ay=  -26624
     t=174 pred=  4 left= 36  y=    53 vy= -186368 ay=  -26624
     t=176 pred=  4 left= 34  y=    53 vy= -186368 ay=  -26624
     t=178 pred=  4 left= 32  y=    53 vy= -186368 ay=  -26624
     t=180 pred=  4 left= 30  y=    53 vy= -186368 ay=  -26624
     t=182 pred=  4 left= 28  y=    53 vy= -186368 ay=  -26624
     t=184 pred=  4 left= 26  y=    53 vy= -186368 ay=  -26624
     t=186 pred=  4 left= 24  y=    53 vy= -186368 ay=  -26624
     t=188 pred=  4 left= 22  y=    53 vy= -186368 ay=  -26624
     t=190 pred=  4 left= 20  y=    53 vy= -186368 ay=  -26624
     t=192 pred=  4 left= 18  y=    53 vy= -186368 ay=  -26624
     t=194 pred=  4 left= 16  y=    53 vy= -186368 ay=  -26624
     t=196 pred=  4 left= 14  y=    53 vy= -186368 ay=  -26624
     t=197 pred=  4 left= 13  y=    53 vy= -186368 ay=  -26624
     t=198 pred=  4 left= 12  y=    53 vy= -186368 ay=  -26624
     t=199 pred=  4 left= 11  y=    53 vy= -186368 ay=  -26624
     t=200 pred=  4 left= 10  y=    53 vy= -186368 ay=  -26624
     t=201 pred=  4 left=  9  y=    53 vy= -186368 ay=  -26624
     t=202 pred=  4 left=  8  y=    53 vy= -186368 ay=  -26624
     t=203 pred=  4 left=  7  y=    53 vy= -186368 ay=  -26624
     t=204 pred=  4 left=  6  y=    53 vy= -186368 ay=  -26624
     t=205 pred=  4 left=  5  y=    53 vy= -186368 ay=  -26624
P2  landings=2  no_prediction_ticks=0
   err all : -70:1 -68:1 -66:1 -64:1 -62:1 -60:1 -58:1 -56:1 -54:1 -52:1 -50:1 -48:1 -46:1 -44:1 -43:1 -42:1 -41:1 -40:1 -39:1 -38:1 -37:1 -36:1 -35:1 -34:1 -33:1 +0:67
   err NEAR (made within 20 ticks of the landing): +0:40
   err far  (made earlier, can still be invalidated): -70:1 -68:1 -66:1 -64:1 -62:1 -60:1 -58:1 -56:1 -54:1 -52:1 -50:1 -48:1 -46:1 -44:1 -43:1 -42:1 -41:1 -40:1 -39:1 -38:1 -37:1 -36:1 -35:1 -34:1 -33:1 +0:27
   last descent, landed on tick 241:
     t=170 pred=  1 left= 71  y=    40 vy= -550912 ay=  -30720
     t=172 pred=  1 left= 69  y=    40 vy= -550912 ay=  -30720
     t=174 pred=  1 left= 67  y=    40 vy= -550912 ay=  -30720
     t=176 pred=  1 left= 65  y=    40 vy= -550912 ay=  -30720
     t=178 pred=  1 left= 63  y=    40 vy= -550912 ay=  -30720
     t=180 pred=  1 left= 61  y=    40 vy= -550912 ay=  -30720
     t=182 pred=  1 left= 59  y=    40 vy= -550912 ay=  -30720
     t=184 pred=  1 left= 57  y=    40 vy= -550912 ay=  -30720
     t=186 pred=  1 left= 55  y=    40 vy= -550912 ay=  -30720
     t=188 pred=  1 left= 53  y=    40 vy= -550912 ay=  -30720
     t=190 pred=  1 left= 51  y=    40 vy= -550912 ay=  -30720
     t=192 pred=  1 left= 49  y=    40 vy= -550912 ay=  -30720
     t=194 pred=  1 left= 47  y=    40 vy= -550912 ay=  -30720
     t=196 pred=  1 left= 45  y=    40 vy= -550912 ay=  -30720
     t=197 pred=  1 left= 44  y=    40 vy= -550912 ay=  -30720
     t=198 pred=  1 left= 43  y=    40 vy= -550912 ay=  -30720
     t=199 pred=  1 left= 42  y=    40 vy= -550912 ay=  -30720
     t=200 pred=  1 left= 41  y=    40 vy= -550912 ay=  -30720
     t=201 pred=  1 left= 40  y=    40 vy= -550912 ay=  -30720
     t=202 pred=  1 left= 39  y=    40 vy= -550912 ay=  -30720
     t=203 pred=  1 left= 38  y=    40 vy= -550912 ay=  -30720
     t=204 pred=  1 left= 37  y=    40 vy= -550912 ay=  -30720
     t=205 pred=  1 left= 36  y=    40 vy= -550912 ay=  -30720
     t=206 pred=  1 left= 35  y=    40 vy= -550912 ay=  -30720
     t=207 pred=  1 left= 34  y=    40 vy= -550912 ay=  -30720
     t=208 pred= 33 left= 33  y=    47 vy=  493568 ay=  -30720
     t=209 pred= 32 left= 32  y=    54 vy=  462848 ay=  -30720
     t=210 pred= 31 left= 31  y=    61 vy=  432128 ay=  -30720
     t=211 pred= 30 left= 30  y=    67 vy=  401408 ay=  -30720
     t=212 pred= 29 left= 29  y=    72 vy=  370688 ay=  -30720
     t=213 pred= 28 left= 28  y=    78 vy=  339968 ay=  -30720
     t=214 pred= 27 left= 27  y=    82 vy=  309248 ay=  -30720
     t=215 pred= 26 left= 26  y=    87 vy=  278528 ay=  -30720
     t=216 pred= 25 left= 25  y=    90 vy=  247808 ay=  -30720
     t=217 pred= 24 left= 24  y=    94 vy=  217088 ay=  -30720
     t=218 pred= 23 left= 23  y=    97 vy=  186368 ay=  -30720
     t=219 pred= 22 left= 22  y=    99 vy=  155648 ay=  -30720
     t=220 pred= 21 left= 21  y=   101 vy=  124928 ay=  -30720
     t=221 pred= 20 left= 20  y=   102 vy=   94208 ay=  -30720
     t=222 pred= 19 left= 19  y=   103 vy=   63488 ay=  -30720
---- landing prediction ----
P1  landings=65  no_prediction_ticks=0
   err all : -45:7 -38:1 -36:1 -34:1 -32:1 -30:1 -29:9 -28:1 -26:1 -24:1 -22:40 -21:2 -20:3 -19:2 -18:3 -17:2 -16:3 -15:2 -14:3 -13:2 -12:3 -11:178 -10:22 -9:22 -8:22 -7:22 -6:22 -5:22 -4:22 -3:22 -2:22 -1:22 +0:987 +5:171 +16:225
   err NEAR (made within 20 ticks of the landing): -16:1 -14:1 -12:1 -11:121 -10:22 -9:22 -8:22 -7:22 -6:22 -5:22 -4:22 -3:22 -2:22 -1:22 +0:728 +16:225
   err far  (made earlier, can still be invalidated): -45:7 -38:1 -36:1 -34:1 -32:1 -30:1 -29:9 -28:1 -26:1 -24:1 -22:40 -21:2 -20:3 -19:2 -18:3 -17:2 -16:2 -15:2 -14:2 -13:2 -12:2 -11:57 +0:259 +5:171
   last descent, landed on tick 210:
     t=145 pred= 36 left= 65  y=    40 vy=  245760 ay=  -13312
     t=146 pred= 35 left= 64  y=    43 vy=  232448 ay=  -13312
     t=147 pred= 34 left= 63  y=    46 vy=  219136 ay=  -13312
     t=148 pred= 33 left= 62  y=    50 vy=  205824 ay=  -13312
     t=149 pred= 32 left= 61  y=    52 vy=  192512 ay=  -13312
     t=150 pred= 31 left= 60  y=    55 vy=  179200 ay=  -13312
     t=151 pred= 30 left= 59  y=    58 vy=  165888 ay=  -13312
     t=152 pred= 29 left= 58  y=    60 vy=  152576 ay=  -13312
     t=153 pred= 28 left= 57  y=    62 vy=  139264 ay=  -13312
     t=154 pred= 11 left= 56  y=    64 vy=       0 ay=  -26624
     t=155 pred= 10 left= 55  y=    64 vy=  -26624 ay=  -26624
     t=156 pred=  9 left= 54  y=    63 vy=  -53248 ay=  -26624
     t=157 pred=  8 left= 53  y=    62 vy=  -79872 ay=  -26624
     t=158 pred=  7 left= 52  y=    60 vy= -106496 ay=  -26624
     t=159 pred=  6 left= 51  y=    58 vy= -133120 ay=  -26624
     t=160 pred=  5 left= 50  y=    56 vy= -159744 ay=  -26624
     t=168 pred=  4 left= 42  y=    53 vy= -186368 ay=  -26624
     t=170 pred=  4 left= 40  y=    53 vy= -186368 ay=  -26624
     t=172 pred=  4 left= 38  y=    53 vy= -186368 ay=  -26624
     t=174 pred=  4 left= 36  y=    53 vy= -186368 ay=  -26624
     t=176 pred=  4 left= 34  y=    53 vy= -186368 ay=  -26624
     t=178 pred=  4 left= 32  y=    53 vy= -186368 ay=  -26624
     t=180 pred=  4 left= 30  y=    53 vy= -186368 ay=  -26624
     t=182 pred=  4 left= 28  y=    53 vy= -186368 ay=  -26624
     t=184 pred=  4 left= 26  y=    53 vy= -186368 ay=  -26624
     t=186 pred=  4 left= 24  y=    53 vy= -186368 ay=  -26624
     t=188 pred=  4 left= 22  y=    53 vy= -186368 ay=  -26624
     t=190 pred=  4 left= 20  y=    53 vy= -186368 ay=  -26624
     t=192 pred=  4 left= 18  y=    53 vy= -186368 ay=  -26624
     t=194 pred=  4 left= 16  y=    53 vy= -186368 ay=  -26624
     t=196 pred=  4 left= 14  y=    53 vy= -186368 ay=  -26624
     t=197 pred=  4 left= 13  y=    53 vy= -186368 ay=  -26624
     t=198 pred=  4 left= 12  y=    53 vy= -186368 ay=  -26624
     t=199 pred=  4 left= 11  y=    53 vy= -186368 ay=  -26624
     t=200 pred=  4 left= 10  y=    53 vy= -186368 ay=  -26624
     t=201 pred=  4 left=  9  y=    53 vy= -186368 ay=  -26624
     t=202 pred=  4 left=  8  y=    53 vy= -186368 ay=  -26624
     t=203 pred=  4 left=  7  y=    53 vy= -186368 ay=  -26624
     t=204 pred=  4 left=  6  y=    53 vy= -186368 ay=  -26624
     t=205 pred=  4 left=  5  y=    53 vy= -186368 ay=  -26624
P2  landings=3  no_prediction_ticks=0
   err all : -70:1 -68:1 -66:1 -64:1 -62:1 -60:1 -58:1 -56:1 -54:1 -52:1 -50:1 -48:1 -46:1 -44:1 -43:1 -42:1 -41:1 -40:1 -39:1 -38:1 -37:1 -36:1 -35:1 -34:1 -33:1 +0:78
   err NEAR (made within 20 ticks of the landing): +0:51
   err far  (made earlier, can still be invalidated): -70:1 -68:1 -66:1 -64:1 -62:1 -60:1 -58:1 -56:1 -54:1 -52:1 -50:1 -48:1 -46:1 -44:1 -43:1 -42:1 -41:1 -40:1 -39:1 -38:1 -37:1 -36:1 -35:1 -34:1 -33:1 +0:27
   last descent, landed on tick 9:
     t=254 pred= 11 left= 11  y=    40 vy=  135168 ay=  -24576
     t=255 pred= 10 left= 10  y=    41 vy=  110592 ay=  -24576
     t=  0 pred=  9 left=  9  y=    43 vy=   86016 ay=  -24576
     t=  1 pred=  8 left=  8  y=    44 vy=   61440 ay=  -24576
     t=  2 pred=  7 left=  7  y=    44 vy=   36864 ay=  -24576
     t=  3 pred=  6 left=  6  y=    44 vy=   12288 ay=  -24576
     t=  4 pred=  5 left=  5  y=    44 vy=  -12288 ay=  -24576
     t=  5 pred=  4 left=  4  y=    44 vy=  -36864 ay=  -24576
     t=  6 pred=  3 left=  3  y=    43 vy=  -61440 ay=  -24576
     t=  7 pred=  2 left=  2  y=    41 vy=  -86016 ay=  -24576
     t=  8 pred=  1 left=  1  y=    40 vy= -110592 ay=  -24576
---- landing prediction ----
P1  landings=66  no_prediction_ticks=0
   err all : -45:7 -38:1 -36:1 -34:1 -32:1 -30:1 -29:9 -28:1 -26:1 -24:1 -22:40 -21:2 -20:3 -19:2 -18:3 -17:2 -16:3 -15:2 -14:3 -13:2 -12:3 -11:187 -10:23 -9:23 -8:23 -7:23 -6:23 -5:23 -4:23 -3:23 -2:23 -1:23 +0:990 +5:180 +16:225
   err NEAR (made within 20 ticks of the landing): -16:1 -14:1 -12:1 -11:128 -10:23 -9:23 -8:23 -7:23 -6:23 -5:23 -4:23 -3:23 -2:23 -1:23 +0:731 +16:225
   err far  (made earlier, can still be invalidated): -45:7 -38:1 -36:1 -34:1 -32:1 -30:1 -29:9 -28:1 -26:1 -24:1 -22:40 -21:2 -20:3 -19:2 -18:3 -17:2 -16:2 -15:2 -14:2 -13:2 -12:2 -11:59 +0:259 +5:180
   last descent, landed on tick 85:
     t= 54 pred= 36 left= 31  y=    40 vy=  245760 ay=  -13312
     t= 55 pred= 35 left= 30  y=    43 vy=  232448 ay=  -13312
     t= 56 pred= 34 left= 29  y=    46 vy=  219136 ay=  -13312
     t= 57 pred= 33 left= 28  y=    50 vy=  205824 ay=  -13312
     t= 58 pred= 32 left= 27  y=    52 vy=  192512 ay=  -13312
     t= 59 pred= 31 left= 26  y=    55 vy=  179200 ay=  -13312
     t= 60 pred= 30 left= 25  y=    58 vy=  165888 ay=  -13312
     t= 61 pred= 29 left= 24  y=    60 vy=  152576 ay=  -13312
     t= 62 pred= 28 left= 23  y=    62 vy=  139264 ay=  -13312
     t= 63 pred= 11 left= 22  y=    64 vy=       0 ay=  -26624
     t= 64 pred= 10 left= 21  y=    64 vy=  -26624 ay=  -26624
     t= 65 pred=  9 left= 20  y=    63 vy=  -53248 ay=  -26624
     t= 66 pred=  8 left= 19  y=    62 vy=  -79872 ay=  -26624
     t= 67 pred=  7 left= 18  y=    60 vy= -106496 ay=  -26624
     t= 68 pred=  6 left= 17  y=    58 vy= -133120 ay=  -26624
     t= 69 pred=  5 left= 16  y=    56 vy= -159744 ay=  -26624
     t= 70 pred=  4 left= 15  y=    53 vy= -186368 ay=  -26624
     t= 71 pred=  3 left= 14  y=    49 vy= -212992 ay=  -26624
     t= 72 pred=  3 left= 13  y=    49 vy= -212992 ay=  -26624
     t= 73 pred=  3 left= 12  y=    49 vy= -212992 ay=  -26624
     t= 74 pred=  3 left= 11  y=    49 vy= -212992 ay=  -26624
     t= 75 pred=  3 left= 10  y=    49 vy= -212992 ay=  -26624
     t= 76 pred=  3 left=  9  y=    49 vy= -212992 ay=  -26624
     t= 77 pred=  3 left=  8  y=    49 vy= -212992 ay=  -26624
     t= 78 pred=  3 left=  7  y=    49 vy= -212992 ay=  -26624
     t= 79 pred=  3 left=  6  y=    49 vy= -212992 ay=  -26624
     t= 80 pred=  3 left=  5  y=    49 vy= -212992 ay=  -26624
     t= 81 pred=  3 left=  4  y=    49 vy= -212992 ay=  -26624
     t= 82 pred=  3 left=  3  y=    49 vy= -212992 ay=  -26624
     t= 83 pred=  2 left=  2  y=    46 vy= -239616 ay=  -26624
     t= 84 pred=  1 left=  1  y=    42 vy= -266240 ay=  -26624
P2  landings=3  no_prediction_ticks=0
   err all : -70:1 -68:1 -66:1 -64:1 -62:1 -60:1 -58:1 -56:1 -54:1 -52:1 -50:1 -48:1 -46:1 -44:1 -43:1 -42:1 -41:1 -40:1 -39:1 -38:1 -37:1 -36:1 -35:1 -34:1 -33:1 +0:78
   err NEAR (made within 20 ticks of the landing): +0:51
   err far  (made earlier, can still be invalidated): -70:1 -68:1 -66:1 -64:1 -62:1 -60:1 -58:1 -56:1 -54:1 -52:1 -50:1 -48:1 -46:1 -44:1 -43:1 -42:1 -41:1 -40:1 -39:1 -38:1 -37:1 -36:1 -35:1 -34:1 -33:1 +0:27
   last descent, landed on tick 9:
     t=254 pred= 11 left= 11  y=    40 vy=  135168 ay=  -24576
     t=255 pred= 10 left= 10  y=    41 vy=  110592 ay=  -24576
     t=  0 pred=  9 left=  9  y=    43 vy=   86016 ay=  -24576
     t=  1 pred=  8 left=  8  y=    44 vy=   61440 ay=  -24576
     t=  2 pred=  7 left=  7  y=    44 vy=   36864 ay=  -24576
     t=  3 pred=  6 left=  6  y=    44 vy=   12288 ay=  -24576
     t=  4 pred=  5 left=  5  y=    44 vy=  -12288 ay=  -24576
     t=  5 pred=  4 left=  4  y=    44 vy=  -36864 ay=  -24576
     t=  6 pred=  3 left=  3  y=    43 vy=  -61440 ay=  -24576
     t=  7 pred=  2 left=  2  y=    41 vy=  -86016 ay=  -24576
     t=  8 pred=  1 left=  1  y=    40 vy= -110592 ay=  -24576
---- landing prediction ----
P1  landings=67  no_prediction_ticks=0
   err all : -45:7 -38:1 -36:1 -34:1 -32:1 -30:1 -29:9 -28:1 -26:1 -24:1 -22:40 -21:2 -20:3 -19:2 -18:3 -17:2 -16:3 -15:2 -14:3 -13:2 -12:3 -11:197 -10:24 -9:24 -8:24 -7:24 -6:24 -5:24 -4:24 -3:24 -2:24 -1:24 +0:992 +5:189 +16:225
   err NEAR (made within 20 ticks of the landing): -16:1 -14:1 -12:1 -11:136 -10:24 -9:24 -8:24 -7:24 -6:24 -5:24 -4:24 -3:24 -2:24 -1:24 +0:733 +16:225
   err far  (made earlier, can still be invalidated): -45:7 -38:1 -36:1 -34:1 -32:1 -30:1 -29:9 -28:1 -26:1 -24:1 -22:40 -21:2 -20:3 -19:2 -18:3 -17:2 -16:2 -15:2 -14:2 -13:2 -12:2 -11:61 +0:259 +5:189
   last descent, landed on tick 120:
     t= 89 pred= 36 left= 31  y=    40 vy=  245760 ay=  -13312
     t= 90 pred= 35 left= 30  y=    43 vy=  232448 ay=  -13312
     t= 91 pred= 34 left= 29  y=    46 vy=  219136 ay=  -13312
     t= 92 pred= 33 left= 28  y=    50 vy=  205824 ay=  -13312
     t= 93 pred= 32 left= 27  y=    52 vy=  192512 ay=  -13312
     t= 94 pred= 31 left= 26  y=    55 vy=  179200 ay=  -13312
     t= 95 pred= 30 left= 25  y=    58 vy=  165888 ay=  -13312
     t= 96 pred= 29 left= 24  y=    60 vy=  152576 ay=  -13312
     t= 97 pred= 28 left= 23  y=    62 vy=  139264 ay=  -13312
     t= 98 pred= 11 left= 22  y=    64 vy=       0 ay=  -26624
     t= 99 pred= 10 left= 21  y=    64 vy=  -26624 ay=  -26624
     t=100 pred=  9 left= 20  y=    63 vy=  -53248 ay=  -26624
     t=101 pred=  8 left= 19  y=    62 vy=  -79872 ay=  -26624
     t=102 pred=  7 left= 18  y=    60 vy= -106496 ay=  -26624
     t=103 pred=  6 left= 17  y=    58 vy= -133120 ay=  -26624
     t=104 pred=  5 left= 16  y=    56 vy= -159744 ay=  -26624
     t=105 pred=  4 left= 15  y=    53 vy= -186368 ay=  -26624
     t=106 pred=  3 left= 14  y=    49 vy= -212992 ay=  -26624
     t=107 pred=  2 left= 13  y=    46 vy= -239616 ay=  -26624
     t=108 pred=  2 left= 12  y=    46 vy= -239616 ay=  -26624
     t=109 pred=  2 left= 11  y=    46 vy= -239616 ay=  -26624
     t=110 pred=  2 left= 10  y=    46 vy= -239616 ay=  -26624
     t=111 pred=  2 left=  9  y=    46 vy= -239616 ay=  -26624
     t=112 pred=  2 left=  8  y=    46 vy= -239616 ay=  -26624
     t=113 pred=  2 left=  7  y=    46 vy= -239616 ay=  -26624
     t=114 pred=  2 left=  6  y=    46 vy= -239616 ay=  -26624
     t=115 pred=  2 left=  5  y=    46 vy= -239616 ay=  -26624
     t=116 pred=  2 left=  4  y=    46 vy= -239616 ay=  -26624
     t=117 pred=  2 left=  3  y=    46 vy= -239616 ay=  -26624
     t=118 pred=  2 left=  2  y=    46 vy= -239616 ay=  -26624
     t=119 pred=  1 left=  1  y=    42 vy= -266240 ay=  -26624
P2  landings=3  no_prediction_ticks=0
   err all : -70:1 -68:1 -66:1 -64:1 -62:1 -60:1 -58:1 -56:1 -54:1 -52:1 -50:1 -48:1 -46:1 -44:1 -43:1 -42:1 -41:1 -40:1 -39:1 -38:1 -37:1 -36:1 -35:1 -34:1 -33:1 +0:78
   err NEAR (made within 20 ticks of the landing): +0:51
   err far  (made earlier, can still be invalidated): -70:1 -68:1 -66:1 -64:1 -62:1 -60:1 -58:1 -56:1 -54:1 -52:1 -50:1 -48:1 -46:1 -44:1 -43:1 -42:1 -41:1 -40:1 -39:1 -38:1 -37:1 -36:1 -35:1 -34:1 -33:1 +0:27
   last descent, landed on tick 9:
     t=254 pred= 11 left= 11  y=    40 vy=  135168 ay=  -24576
     t=255 pred= 10 left= 10  y=    41 vy=  110592 ay=  -24576
     t=  0 pred=  9 left=  9  y=    43 vy=   86016 ay=  -24576
     t=  1 pred=  8 left=  8  y=    44 vy=   61440 ay=  -24576
     t=  2 pred=  7 left=  7  y=    44 vy=   36864 ay=  -24576
     t=  3 pred=  6 left=  6  y=    44 vy=   12288 ay=  -24576
     t=  4 pred=  5 left=  5  y=    44 vy=  -12288 ay=  -24576
     t=  5 pred=  4 left=  4  y=    44 vy=  -36864 ay=  -24576
     t=  6 pred=  3 left=  3  y=    43 vy=  -61440 ay=  -24576
     t=  7 pred=  2 left=  2  y=    41 vy=  -86016 ay=  -24576
     t=  8 pred=  1 left=  1  y=    40 vy= -110592 ay=  -24576
---- landing prediction ----
P1  landings=68  no_prediction_ticks=0
   err all : -45:7 -38:1 -36:1 -34:1 -32:1 -30:1 -29:9 -28:1 -26:1 -24:1 -22:40 -21:2 -20:3 -19:2 -18:3 -17:2 -16:3 -15:2 -14:3 -13:2 -12:3 -11:197 -10:24 -9:24 -8:24 -7:24 -6:24 -5:24 -4:24 -3:24 -2:24 -1:24 +0:1001 +5:189 +11:9 +16:225
   err NEAR (made within 20 ticks of the landing): -16:1 -14:1 -12:1 -11:136 -10:24 -9:24 -8:24 -7:24 -6:24 -5:24 -4:24 -3:24 -2:24 -1:24 +0:742 +11:9 +16:225
   err far  (made earlier, can still be invalidated): -45:7 -38:1 -36:1 -34:1 -32:1 -30:1 -29:9 -28:1 -26:1 -24:1 -22:40 -21:2 -20:3 -19:2 -18:3 -17:2 -16:2 -15:2 -14:2 -13:2 -12:2 -11:61 +0:259 +5:189
   last descent, landed on tick 253:
     t=235 pred= 29 left= 18  y=    40 vy=  786432 ay=  -53248
     t=236 pred= 28 left= 17  y=    51 vy=  733184 ay=  -53248
     t=237 pred= 27 left= 16  y=    61 vy=  679936 ay=  -53248
     t=238 pred= 26 left= 15  y=    71 vy=  626688 ay=  -53248
     t=239 pred= 25 left= 14  y=    79 vy=  573440 ay=  -53248
     t=240 pred= 24 left= 13  y=    87 vy=  520192 ay=  -53248
     t=241 pred= 23 left= 12  y=    94 vy=  466944 ay=  -53248
     t=242 pred= 22 left= 11  y=   101 vy=  413696 ay=  -53248
     t=243 pred= 21 left= 10  y=   106 vy=  360448 ay=  -53248
     t=244 pred=  9 left=  9  y=   111 vy=       0 ay= -106496
     t=245 pred=  8 left=  8  y=   109 vy= -106496 ay= -106496
     t=246 pred=  7 left=  7  y=   106 vy= -212992 ay= -106496
     t=247 pred=  6 left=  6  y=   101 vy= -319488 ay= -106496
     t=248 pred=  5 left=  5  y=    95 vy= -425984 ay= -106496
     t=249 pred=  4 left=  4  y=    87 vy= -532480 ay= -106496
     t=250 pred=  3 left=  3  y=    77 vy= -638976 ay= -106496
     t=251 pred=  2 left=  2  y=    65 vy= -745472 ay= -106496
     t=252 pred=  1 left=  1  y=    52 vy= -851968 ay= -106496
P2  landings=3  no_prediction_ticks=0
   err all : -70:1 -68:1 -66:1 -64:1 -62:1 -60:1 -58:1 -56:1 -54:1 -52:1 -50:1 -48:1 -46:1 -44:1 -43:1 -42:1 -41:1 -40:1 -39:1 -38:1 -37:1 -36:1 -35:1 -34:1 -33:1 +0:78
   err NEAR (made within 20 ticks of the landing): +0:51
   err far  (made earlier, can still be invalidated): -70:1 -68:1 -66:1 -64:1 -62:1 -60:1 -58:1 -56:1 -54:1 -52:1 -50:1 -48:1 -46:1 -44:1 -43:1 -42:1 -41:1 -40:1 -39:1 -38:1 -37:1 -36:1 -35:1 -34:1 -33:1 +0:27
   last descent, landed on tick 9:
     t=254 pred= 11 left= 11  y=    40 vy=  135168 ay=  -24576
     t=255 pred= 10 left= 10  y=    41 vy=  110592 ay=  -24576
     t=  0 pred=  9 left=  9  y=    43 vy=   86016 ay=  -24576
     t=  1 pred=  8 left=  8  y=    44 vy=   61440 ay=  -24576
     t=  2 pred=  7 left=  7  y=    44 vy=   36864 ay=  -24576
     t=  3 pred=  6 left=  6  y=    44 vy=   12288 ay=  -24576
     t=  4 pred=  5 left=  5  y=    44 vy=  -12288 ay=  -24576
     t=  5 pred=  4 left=  4  y=    44 vy=  -36864 ay=  -24576
     t=  6 pred=  3 left=  3  y=    43 vy=  -61440 ay=  -24576
     t=  7 pred=  2 left=  2  y=    41 vy=  -86016 ay=  -24576
     t=  8 pred=  1 left=  1  y=    40 vy= -110592 ay=  -24576
---- landing prediction ----
P1  landings=69  no_prediction_ticks=0
   err all : -45:7 -38:1 -36:1 -34:1 -32:1 -30:1 -29:9 -28:1 -26:1 -24:1 -22:40 -21:2 -20:3 -19:2 -18:3 -17:2 -16:3 -15:2 -14:3 -13:2 -12:3 -11:197 -10:24 -9:24 -8:24 -7:24 -6:24 -5:24 -4:24 -3:24 -2:24 -1:24 +0:1010 +5:189 +11:18 +16:225
   err NEAR (made within 20 ticks of the landing): -16:1 -14:1 -12:1 -11:136 -10:24 -9:24 -8:24 -7:24 -6:24 -5:24 -4:24 -3:24 -2:24 -1:24 +0:751 +11:18 +16:225
   err far  (made earlier, can still be invalidated): -45:7 -38:1 -36:1 -34:1 -32:1 -30:1 -29:9 -28:1 -26:1 -24:1 -22:40 -21:2 -20:3 -19:2 -18:3 -17:2 -16:2 -15:2 -14:2 -13:2 -12:2 -11:61 +0:259 +5:189
   last descent, landed on tick 32:
     t= 14 pred= 29 left= 18  y=    40 vy=  786432 ay=  -53248
     t= 15 pred= 28 left= 17  y=    51 vy=  733184 ay=  -53248
     t= 16 pred= 27 left= 16  y=    61 vy=  679936 ay=  -53248
     t= 17 pred= 26 left= 15  y=    71 vy=  626688 ay=  -53248
     t= 18 pred= 25 left= 14  y=    79 vy=  573440 ay=  -53248
     t= 19 pred= 24 left= 13  y=    87 vy=  520192 ay=  -53248
     t= 20 pred= 23 left= 12  y=    94 vy=  466944 ay=  -53248
     t= 21 pred= 22 left= 11  y=   101 vy=  413696 ay=  -53248
     t= 22 pred= 21 left= 10  y=   106 vy=  360448 ay=  -53248
     t= 23 pred=  9 left=  9  y=   111 vy=       0 ay= -106496
     t= 24 pred=  8 left=  8  y=   109 vy= -106496 ay= -106496
     t= 25 pred=  7 left=  7  y=   106 vy= -212992 ay= -106496
     t= 26 pred=  6 left=  6  y=   101 vy= -319488 ay= -106496
     t= 27 pred=  5 left=  5  y=    95 vy= -425984 ay= -106496
     t= 28 pred=  4 left=  4  y=    87 vy= -532480 ay= -106496
     t= 29 pred=  3 left=  3  y=    77 vy= -638976 ay= -106496
     t= 30 pred=  2 left=  2  y=    65 vy= -745472 ay= -106496
     t= 31 pred=  1 left=  1  y=    52 vy= -851968 ay= -106496
P2  landings=3  no_prediction_ticks=0
   err all : -70:1 -68:1 -66:1 -64:1 -62:1 -60:1 -58:1 -56:1 -54:1 -52:1 -50:1 -48:1 -46:1 -44:1 -43:1 -42:1 -41:1 -40:1 -39:1 -38:1 -37:1 -36:1 -35:1 -34:1 -33:1 +0:78
   err NEAR (made within 20 ticks of the landing): +0:51
   err far  (made earlier, can still be invalidated): -70:1 -68:1 -66:1 -64:1 -62:1 -60:1 -58:1 -56:1 -54:1 -52:1 -50:1 -48:1 -46:1 -44:1 -43:1 -42:1 -41:1 -40:1 -39:1 -38:1 -37:1 -36:1 -35:1 -34:1 -33:1 +0:27
   last descent, landed on tick 9:
     t=254 pred= 11 left= 11  y=    40 vy=  135168 ay=  -24576
     t=255 pred= 10 left= 10  y=    41 vy=  110592 ay=  -24576
     t=  0 pred=  9 left=  9  y=    43 vy=   86016 ay=  -24576
     t=  1 pred=  8 left=  8  y=    44 vy=   61440 ay=  -24576
     t=  2 pred=  7 left=  7  y=    44 vy=   36864 ay=  -24576
     t=  3 pred=  6 left=  6  y=    44 vy=   12288 ay=  -24576
     t=  4 pred=  5 left=  5  y=    44 vy=  -12288 ay=  -24576
     t=  5 pred=  4 left=  4  y=    44 vy=  -36864 ay=  -24576
     t=  6 pred=  3 left=  3  y=    43 vy=  -61440 ay=  -24576
     t=  7 pred=  2 left=  2  y=    41 vy=  -86016 ay=  -24576
     t=  8 pred=  1 left=  1  y=    40 vy= -110592 ay=  -24576
---- landing prediction ----
P1  landings=70  no_prediction_ticks=0
   err all : -45:7 -38:1 -36:1 -34:1 -32:1 -30:1 -29:9 -28:1 -26:1 -24:1 -22:40 -21:2 -20:3 -19:2 -18:3 -17:2 -16:3 -15:2 -14:3 -13:2 -12:3 -11:197 -10:24 -9:24 -8:24 -7:24 -6:24 -5:24 -4:24 -3:24 -2:24 -1:24 +0:1019 +5:189 +11:27 +16:225
   err NEAR (made within 20 ticks of the landing): -16:1 -14:1 -12:1 -11:136 -10:24 -9:24 -8:24 -7:24 -6:24 -5:24 -4:24 -3:24 -2:24 -1:24 +0:760 +11:27 +16:225
   err far  (made earlier, can still be invalidated): -45:7 -38:1 -36:1 -34:1 -32:1 -30:1 -29:9 -28:1 -26:1 -24:1 -22:40 -21:2 -20:3 -19:2 -18:3 -17:2 -16:2 -15:2 -14:2 -13:2 -12:2 -11:61 +0:259 +5:189
   last descent, landed on tick 101:
     t= 83 pred= 29 left= 18  y=    40 vy=  786432 ay=  -53248
     t= 84 pred= 28 left= 17  y=    51 vy=  733184 ay=  -53248
     t= 85 pred= 27 left= 16  y=    61 vy=  679936 ay=  -53248
     t= 86 pred= 26 left= 15  y=    71 vy=  626688 ay=  -53248
     t= 87 pred= 25 left= 14  y=    79 vy=  573440 ay=  -53248
     t= 88 pred= 24 left= 13  y=    87 vy=  520192 ay=  -53248
     t= 89 pred= 23 left= 12  y=    94 vy=  466944 ay=  -53248
     t= 90 pred= 22 left= 11  y=   101 vy=  413696 ay=  -53248
     t= 91 pred= 21 left= 10  y=   106 vy=  360448 ay=  -53248
     t= 92 pred=  9 left=  9  y=   111 vy=       0 ay= -106496
     t= 93 pred=  8 left=  8  y=   109 vy= -106496 ay= -106496
     t= 94 pred=  7 left=  7  y=   106 vy= -212992 ay= -106496
     t= 95 pred=  6 left=  6  y=   101 vy= -319488 ay= -106496
     t= 96 pred=  5 left=  5  y=    95 vy= -425984 ay= -106496
     t= 97 pred=  4 left=  4  y=    87 vy= -532480 ay= -106496
     t= 98 pred=  3 left=  3  y=    77 vy= -638976 ay= -106496
     t= 99 pred=  2 left=  2  y=    65 vy= -745472 ay= -106496
     t=100 pred=  1 left=  1  y=    52 vy= -851968 ay= -106496
P2  landings=3  no_prediction_ticks=0
   err all : -70:1 -68:1 -66:1 -64:1 -62:1 -60:1 -58:1 -56:1 -54:1 -52:1 -50:1 -48:1 -46:1 -44:1 -43:1 -42:1 -41:1 -40:1 -39:1 -38:1 -37:1 -36:1 -35:1 -34:1 -33:1 +0:78
   err NEAR (made within 20 ticks of the landing): +0:51
   err far  (made earlier, can still be invalidated): -70:1 -68:1 -66:1 -64:1 -62:1 -60:1 -58:1 -56:1 -54:1 -52:1 -50:1 -48:1 -46:1 -44:1 -43:1 -42:1 -41:1 -40:1 -39:1 -38:1 -37:1 -36:1 -35:1 -34:1 -33:1 +0:27
   last descent, landed on tick 9:
     t=254 pred= 11 left= 11  y=    40 vy=  135168 ay=  -24576
     t=255 pred= 10 left= 10  y=    41 vy=  110592 ay=  -24576
     t=  0 pred=  9 left=  9  y=    43 vy=   86016 ay=  -24576
     t=  1 pred=  8 left=  8  y=    44 vy=   61440 ay=  -24576
     t=  2 pred=  7 left=  7  y=    44 vy=   36864 ay=  -24576
     t=  3 pred=  6 left=  6  y=    44 vy=   12288 ay=  -24576
     t=  4 pred=  5 left=  5  y=    44 vy=  -12288 ay=  -24576
     t=  5 pred=  4 left=  4  y=    44 vy=  -36864 ay=  -24576
     t=  6 pred=  3 left=  3  y=    43 vy=  -61440 ay=  -24576
     t=  7 pred=  2 left=  2  y=    41 vy=  -86016 ay=  -24576
     t=  8 pred=  1 left=  1  y=    40 vy= -110592 ay=  -24576
---- landing prediction ----
P1  landings=71  no_prediction_ticks=0
   err all : -45:7 -38:1 -36:1 -34:1 -32:1 -30:1 -29:9 -28:1 -26:1 -24:1 -22:40 -21:2 -20:3 -19:2 -18:3 -17:2 -16:3 -15:2 -14:3 -13:2 -12:3 -11:197 -10:24 -9:24 -8:24 -7:24 -6:24 -5:24 -4:24 -3:24 -2:24 -1:24 +0:1028 +5:189 +11:36 +16:225
   err NEAR (made within 20 ticks of the landing): -16:1 -14:1 -12:1 -11:136 -10:24 -9:24 -8:24 -7:24 -6:24 -5:24 -4:24 -3:24 -2:24 -1:24 +0:769 +11:36 +16:225
   err far  (made earlier, can still be invalidated): -45:7 -38:1 -36:1 -34:1 -32:1 -30:1 -29:9 -28:1 -26:1 -24:1 -22:40 -21:2 -20:3 -19:2 -18:3 -17:2 -16:2 -15:2 -14:2 -13:2 -12:2 -11:61 +0:259 +5:189
   last descent, landed on tick 131:
     t=113 pred= 29 left= 18  y=    40 vy=  786432 ay=  -53248
     t=114 pred= 28 left= 17  y=    51 vy=  733184 ay=  -53248
     t=115 pred= 27 left= 16  y=    61 vy=  679936 ay=  -53248
     t=116 pred= 26 left= 15  y=    71 vy=  626688 ay=  -53248
     t=117 pred= 25 left= 14  y=    79 vy=  573440 ay=  -53248
     t=118 pred= 24 left= 13  y=    87 vy=  520192 ay=  -53248
     t=119 pred= 23 left= 12  y=    94 vy=  466944 ay=  -53248
     t=120 pred= 22 left= 11  y=   101 vy=  413696 ay=  -53248
     t=121 pred= 21 left= 10  y=   106 vy=  360448 ay=  -53248
     t=122 pred=  9 left=  9  y=   111 vy=       0 ay= -106496
     t=123 pred=  8 left=  8  y=   109 vy= -106496 ay= -106496
     t=124 pred=  7 left=  7  y=   106 vy= -212992 ay= -106496
     t=125 pred=  6 left=  6  y=   101 vy= -319488 ay= -106496
     t=126 pred=  5 left=  5  y=    95 vy= -425984 ay= -106496
     t=127 pred=  4 left=  4  y=    87 vy= -532480 ay= -106496
     t=128 pred=  3 left=  3  y=    77 vy= -638976 ay= -106496
     t=129 pred=  2 left=  2  y=    65 vy= -745472 ay= -106496
     t=130 pred=  1 left=  1  y=    52 vy= -851968 ay= -106496
P2  landings=3  no_prediction_ticks=0
   err all : -70:1 -68:1 -66:1 -64:1 -62:1 -60:1 -58:1 -56:1 -54:1 -52:1 -50:1 -48:1 -46:1 -44:1 -43:1 -42:1 -41:1 -40:1 -39:1 -38:1 -37:1 -36:1 -35:1 -34:1 -33:1 +0:78
   err NEAR (made within 20 ticks of the landing): +0:51
   err far  (made earlier, can still be invalidated): -70:1 -68:1 -66:1 -64:1 -62:1 -60:1 -58:1 -56:1 -54:1 -52:1 -50:1 -48:1 -46:1 -44:1 -43:1 -42:1 -41:1 -40:1 -39:1 -38:1 -37:1 -36:1 -35:1 -34:1 -33:1 +0:27
   last descent, landed on tick 9:
     t=254 pred= 11 left= 11  y=    40 vy=  135168 ay=  -24576
     t=255 pred= 10 left= 10  y=    41 vy=  110592 ay=  -24576
     t=  0 pred=  9 left=  9  y=    43 vy=   86016 ay=  -24576
     t=  1 pred=  8 left=  8  y=    44 vy=   61440 ay=  -24576
     t=  2 pred=  7 left=  7  y=    44 vy=   36864 ay=  -24576
     t=  3 pred=  6 left=  6  y=    44 vy=   12288 ay=  -24576
     t=  4 pred=  5 left=  5  y=    44 vy=  -12288 ay=  -24576
     t=  5 pred=  4 left=  4  y=    44 vy=  -36864 ay=  -24576
     t=  6 pred=  3 left=  3  y=    43 vy=  -61440 ay=  -24576
     t=  7 pred=  2 left=  2  y=    41 vy=  -86016 ay=  -24576
     t=  8 pred=  1 left=  1  y=    40 vy= -110592 ay=  -24576
---- landing prediction ----
P1  landings=72  no_prediction_ticks=0
   err all : -45:7 -38:1 -36:1 -34:1 -32:1 -30:1 -29:9 -28:1 -26:1 -24:1 -22:40 -21:2 -20:3 -19:2 -18:3 -17:2 -16:3 -15:2 -14:3 -13:2 -12:3 -11:197 -10:24 -9:24 -8:24 -7:24 -6:24 -5:24 -4:24 -3:24 -2:24 -1:24 +0:1067 +5:189 +11:36 +16:225
   err NEAR (made within 20 ticks of the landing): -16:1 -14:1 -12:1 -11:136 -10:24 -9:24 -8:24 -7:24 -6:24 -5:24 -4:24 -3:24 -2:24 -1:24 +0:789 +11:36 +16:225
   err far  (made earlier, can still be invalidated): -45:7 -38:1 -36:1 -34:1 -32:1 -30:1 -29:9 -28:1 -26:1 -24:1 -22:40 -21:2 -20:3 -19:2 -18:3 -17:2 -16:2 -15:2 -14:2 -13:2 -12:2 -11:61 +0:278 +5:189
   last descent, landed on tick 179:
     t=140 pred= 39 left= 39  y=    40 vy=  630784 ay=  -32000
     t=141 pred= 38 left= 38  y=    49 vy=  598784 ay=  -32000
     t=142 pred= 37 left= 37  y=    57 vy=  566784 ay=  -32000
     t=143 pred= 36 left= 36  y=    65 vy=  534784 ay=  -32000
     t=144 pred= 35 left= 35  y=    73 vy=  502784 ay=  -32000
     t=145 pred= 34 left= 34  y=    80 vy=  470784 ay=  -32000
     t=146 pred= 33 left= 33  y=    87 vy=  438784 ay=  -32000
     t=147 pred= 32 left= 32  y=    93 vy=  406784 ay=  -32000
     t=148 pred= 31 left= 31  y=    99 vy=  374784 ay=  -32000
     t=149 pred= 30 left= 30  y=   104 vy=  342784 ay=  -32000
     t=150 pred= 29 left= 29  y=   109 vy=  310784 ay=  -32000
     t=151 pred= 28 left= 28  y=   113 vy=  278784 ay=  -32000
     t=152 pred= 27 left= 27  y=   117 vy=  246784 ay=  -32000
     t=153 pred= 26 left= 26  y=   120 vy=  214784 ay=  -32000
     t=154 pred= 25 left= 25  y=   123 vy=  182784 ay=  -32000
     t=155 pred= 24 left= 24  y=   125 vy=  150784 ay=  -32000
     t=156 pred= 23 left= 23  y=   127 vy=  118784 ay=  -32000
     t=157 pred= 22 left= 22  y=   128 vy=   86784 ay=  -32000
     t=158 pred= 21 left= 21  y=   129 vy=   54784 ay=  -32000
     t=159 pred= 20 left= 20  y=   130 vy=   22784 ay=  -32000
     t=160 pred= 19 left= 19  y=   129 vy=   -9216 ay=  -32000
     t=161 pred= 18 left= 18  y=   129 vy=  -41216 ay=  -32000
     t=162 pred= 17 left= 17  y=   128 vy=  -73216 ay=  -32000
     t=163 pred= 16 left= 16  y=   126 vy= -105216 ay=  -32000
     t=164 pred= 15 left= 15  y=   124 vy= -137216 ay=  -32000
     t=165 pred= 14 left= 14  y=   121 vy= -169216 ay=  -32000
     t=166 pred= 13 left= 13  y=   118 vy= -201216 ay=  -32000
     t=167 pred= 12 left= 12  y=   115 vy= -233216 ay=  -32000
     t=168 pred= 11 left= 11  y=   111 vy= -265216 ay=  -32000
     t=169 pred= 10 left= 10  y=   106 vy= -297216 ay=  -32000
     t=170 pred=  9 left=  9  y=   101 vy= -329216 ay=  -32000
     t=171 pred=  8 left=  8  y=    96 vy= -361216 ay=  -32000
     t=172 pred=  7 left=  7  y=    90 vy= -393216 ay=  -32000
     t=173 pred=  6 left=  6  y=    83 vy= -425216 ay=  -32000
     t=174 pred=  5 left=  5  y=    76 vy= -457216 ay=  -32000
     t=175 pred=  4 left=  4  y=    69 vy= -489216 ay=  -32000
     t=176 pred=  3 left=  3  y=    61 vy= -521216 ay=  -32000
     t=177 pred=  2 left=  2  y=    52 vy= -553216 ay=  -32000
     t=178 pred=  1 left=  1  y=    43 vy= -585216 ay=  -32000
P2  landings=3  no_prediction_ticks=0
   err all : -70:1 -68:1 -66:1 -64:1 -62:1 -60:1 -58:1 -56:1 -54:1 -52:1 -50:1 -48:1 -46:1 -44:1 -43:1 -42:1 -41:1 -40:1 -39:1 -38:1 -37:1 -36:1 -35:1 -34:1 -33:1 +0:78
   err NEAR (made within 20 ticks of the landing): +0:51
   err far  (made earlier, can still be invalidated): -70:1 -68:1 -66:1 -64:1 -62:1 -60:1 -58:1 -56:1 -54:1 -52:1 -50:1 -48:1 -46:1 -44:1 -43:1 -42:1 -41:1 -40:1 -39:1 -38:1 -37:1 -36:1 -35:1 -34:1 -33:1 +0:27
   last descent, landed on tick 9:
     t=254 pred= 11 left= 11  y=    40 vy=  135168 ay=  -24576
     t=255 pred= 10 left= 10  y=    41 vy=  110592 ay=  -24576
     t=  0 pred=  9 left=  9  y=    43 vy=   86016 ay=  -24576
     t=  1 pred=  8 left=  8  y=    44 vy=   61440 ay=  -24576
     t=  2 pred=  7 left=  7  y=    44 vy=   36864 ay=  -24576
     t=  3 pred=  6 left=  6  y=    44 vy=   12288 ay=  -24576
     t=  4 pred=  5 left=  5  y=    44 vy=  -12288 ay=  -24576
     t=  5 pred=  4 left=  4  y=    44 vy=  -36864 ay=  -24576
     t=  6 pred=  3 left=  3  y=    43 vy=  -61440 ay=  -24576
     t=  7 pred=  2 left=  2  y=    41 vy=  -86016 ay=  -24576
     t=  8 pred=  1 left=  1  y=    40 vy= -110592 ay=  -24576
---- landing prediction ----
P1  landings=73  no_prediction_ticks=0
   err all : -45:7 -38:1 -36:1 -34:1 -32:1 -30:1 -29:9 -28:1 -26:1 -24:1 -22:40 -21:2 -20:3 -19:2 -18:3 -17:2 -16:3 -15:2 -14:3 -13:2 -12:3 -11:197 -10:24 -9:24 -8:24 -7:24 -6:24 -5:24 -4:24 -3:24 -2:24 -1:24 +0:1076 +5:189 +11:45 +16:225
   err NEAR (made within 20 ticks of the landing): -16:1 -14:1 -12:1 -11:136 -10:24 -9:24 -8:24 -7:24 -6:24 -5:24 -4:24 -3:24 -2:24 -1:24 +0:798 +11:45 +16:225
   err far  (made earlier, can still be invalidated): -45:7 -38:1 -36:1 -34:1 -32:1 -30:1 -29:9 -28:1 -26:1 -24:1 -22:40 -21:2 -20:3 -19:2 -18:3 -17:2 -16:2 -15:2 -14:2 -13:2 -12:2 -11:61 +0:278 +5:189
   last descent, landed on tick 223:
     t=205 pred= 29 left= 18  y=    40 vy=  786432 ay=  -53248
     t=206 pred= 28 left= 17  y=    51 vy=  733184 ay=  -53248
     t=207 pred= 27 left= 16  y=    61 vy=  679936 ay=  -53248
     t=208 pred= 26 left= 15  y=    71 vy=  626688 ay=  -53248
     t=209 pred= 25 left= 14  y=    79 vy=  573440 ay=  -53248
     t=210 pred= 24 left= 13  y=    87 vy=  520192 ay=  -53248
     t=211 pred= 23 left= 12  y=    94 vy=  466944 ay=  -53248
     t=212 pred= 22 left= 11  y=   101 vy=  413696 ay=  -53248
     t=213 pred= 21 left= 10  y=   106 vy=  360448 ay=  -53248
     t=214 pred=  9 left=  9  y=   111 vy=       0 ay= -106496
     t=215 pred=  8 left=  8  y=   109 vy= -106496 ay= -106496
     t=216 pred=  7 left=  7  y=   106 vy= -212992 ay= -106496
     t=217 pred=  6 left=  6  y=   101 vy= -319488 ay= -106496
     t=218 pred=  5 left=  5  y=    95 vy= -425984 ay= -106496
     t=219 pred=  4 left=  4  y=    87 vy= -532480 ay= -106496
     t=220 pred=  3 left=  3  y=    77 vy= -638976 ay= -106496
     t=221 pred=  2 left=  2  y=    65 vy= -745472 ay= -106496
     t=222 pred=  1 left=  1  y=    52 vy= -851968 ay= -106496
P2  landings=3  no_prediction_ticks=0
   err all : -70:1 -68:1 -66:1 -64:1 -62:1 -60:1 -58:1 -56:1 -54:1 -52:1 -50:1 -48:1 -46:1 -44:1 -43:1 -42:1 -41:1 -40:1 -39:1 -38:1 -37:1 -36:1 -35:1 -34:1 -33:1 +0:78
   err NEAR (made within 20 ticks of the landing): +0:51
   err far  (made earlier, can still be invalidated): -70:1 -68:1 -66:1 -64:1 -62:1 -60:1 -58:1 -56:1 -54:1 -52:1 -50:1 -48:1 -46:1 -44:1 -43:1 -42:1 -41:1 -40:1 -39:1 -38:1 -37:1 -36:1 -35:1 -34:1 -33:1 +0:27
   last descent, landed on tick 9:
     t=254 pred= 11 left= 11  y=    40 vy=  135168 ay=  -24576
     t=255 pred= 10 left= 10  y=    41 vy=  110592 ay=  -24576
     t=  0 pred=  9 left=  9  y=    43 vy=   86016 ay=  -24576
     t=  1 pred=  8 left=  8  y=    44 vy=   61440 ay=  -24576
     t=  2 pred=  7 left=  7  y=    44 vy=   36864 ay=  -24576
     t=  3 pred=  6 left=  6  y=    44 vy=   12288 ay=  -24576
     t=  4 pred=  5 left=  5  y=    44 vy=  -12288 ay=  -24576
     t=  5 pred=  4 left=  4  y=    44 vy=  -36864 ay=  -24576
     t=  6 pred=  3 left=  3  y=    43 vy=  -61440 ay=  -24576
     t=  7 pred=  2 left=  2  y=    41 vy=  -86016 ay=  -24576
     t=  8 pred=  1 left=  1  y=    40 vy= -110592 ay=  -24576
---- landing prediction ----
P1  landings=74  no_prediction_ticks=0
   err all : -45:7 -38:1 -36:1 -34:1 -32:1 -30:1 -29:9 -28:1 -26:1 -24:1 -22:40 -21:2 -20:3 -19:2 -18:3 -17:2 -16:3 -15:2 -14:3 -13:2 -12:3 -11:197 -10:24 -9:24 -8:24 -7:24 -6:24 -5:24 -4:24 -3:24 -2:24 -1:24 +0:1085 +5:189 +11:54 +16:225
   err NEAR (made within 20 ticks of the landing): -16:1 -14:1 -12:1 -11:136 -10:24 -9:24 -8:24 -7:24 -6:24 -5:24 -4:24 -3:24 -2:24 -1:24 +0:807 +11:54 +16:225
   err far  (made earlier, can still be invalidated): -45:7 -38:1 -36:1 -34:1 -32:1 -30:1 -29:9 -28:1 -26:1 -24:1 -22:40 -21:2 -20:3 -19:2 -18:3 -17:2 -16:2 -15:2 -14:2 -13:2 -12:2 -11:61 +0:278 +5:189
   last descent, landed on tick 5:
     t=243 pred= 29 left= 18  y=    40 vy=  786432 ay=  -53248
     t=244 pred= 28 left= 17  y=    51 vy=  733184 ay=  -53248
     t=245 pred= 27 left= 16  y=    61 vy=  679936 ay=  -53248
     t=246 pred= 26 left= 15  y=    71 vy=  626688 ay=  -53248
     t=247 pred= 25 left= 14  y=    79 vy=  573440 ay=  -53248
     t=248 pred= 24 left= 13  y=    87 vy=  520192 ay=  -53248
     t=249 pred= 23 left= 12  y=    94 vy=  466944 ay=  -53248
     t=250 pred= 22 left= 11  y=   101 vy=  413696 ay=  -53248
     t=251 pred= 21 left= 10  y=   106 vy=  360448 ay=  -53248
     t=252 pred=  9 left=  9  y=   111 vy=       0 ay= -106496
     t=253 pred=  8 left=  8  y=   109 vy= -106496 ay= -106496
     t=254 pred=  7 left=  7  y=   106 vy= -212992 ay= -106496
     t=255 pred=  6 left=  6  y=   101 vy= -319488 ay= -106496
     t=  0 pred=  5 left=  5  y=    95 vy= -425984 ay= -106496
     t=  1 pred=  4 left=  4  y=    87 vy= -532480 ay= -106496
     t=  2 pred=  3 left=  3  y=    77 vy= -638976 ay= -106496
     t=  3 pred=  2 left=  2  y=    65 vy= -745472 ay= -106496
     t=  4 pred=  1 left=  1  y=    52 vy= -851968 ay= -106496
P2  landings=3  no_prediction_ticks=0
   err all : -70:1 -68:1 -66:1 -64:1 -62:1 -60:1 -58:1 -56:1 -54:1 -52:1 -50:1 -48:1 -46:1 -44:1 -43:1 -42:1 -41:1 -40:1 -39:1 -38:1 -37:1 -36:1 -35:1 -34:1 -33:1 +0:78
   err NEAR (made within 20 ticks of the landing): +0:51
   err far  (made earlier, can still be invalidated): -70:1 -68:1 -66:1 -64:1 -62:1 -60:1 -58:1 -56:1 -54:1 -52:1 -50:1 -48:1 -46:1 -44:1 -43:1 -42:1 -41:1 -40:1 -39:1 -38:1 -37:1 -36:1 -35:1 -34:1 -33:1 +0:27
   last descent, landed on tick 9:
     t=254 pred= 11 left= 11  y=    40 vy=  135168 ay=  -24576
     t=255 pred= 10 left= 10  y=    41 vy=  110592 ay=  -24576
     t=  0 pred=  9 left=  9  y=    43 vy=   86016 ay=  -24576
     t=  1 pred=  8 left=  8  y=    44 vy=   61440 ay=  -24576
     t=  2 pred=  7 left=  7  y=    44 vy=   36864 ay=  -24576
     t=  3 pred=  6 left=  6  y=    44 vy=   12288 ay=  -24576
     t=  4 pred=  5 left=  5  y=    44 vy=  -12288 ay=  -24576
     t=  5 pred=  4 left=  4  y=    44 vy=  -36864 ay=  -24576
     t=  6 pred=  3 left=  3  y=    43 vy=  -61440 ay=  -24576
     t=  7 pred=  2 left=  2  y=    41 vy=  -86016 ay=  -24576
     t=  8 pred=  1 left=  1  y=    40 vy= -110592 ay=  -24576
---- landing prediction ----
P1  landings=75  no_prediction_ticks=0
   err all : -45:7 -38:1 -36:1 -34:1 -32:1 -30:1 -29:9 -28:1 -26:1 -24:1 -22:40 -21:2 -20:3 -19:2 -18:3 -17:2 -16:3 -15:2 -14:3 -13:2 -12:3 -11:197 -10:24 -9:24 -8:24 -7:24 -6:24 -5:24 -4:24 -3:24 -2:24 -1:24 +0:1094 +5:189 +11:63 +16:225
   err NEAR (made within 20 ticks of the landing): -16:1 -14:1 -12:1 -11:136 -10:24 -9:24 -8:24 -7:24 -6:24 -5:24 -4:24 -3:24 -2:24 -1:24 +0:816 +11:63 +16:225
   err far  (made earlier, can still be invalidated): -45:7 -38:1 -36:1 -34:1 -32:1 -30:1 -29:9 -28:1 -26:1 -24:1 -22:40 -21:2 -20:3 -19:2 -18:3 -17:2 -16:2 -15:2 -14:2 -13:2 -12:2 -11:61 +0:278 +5:189
   last descent, landed on tick 40:
     t= 22 pred= 29 left= 18  y=    40 vy=  786432 ay=  -53248
     t= 23 pred= 28 left= 17  y=    51 vy=  733184 ay=  -53248
     t= 24 pred= 27 left= 16  y=    61 vy=  679936 ay=  -53248
     t= 25 pred= 26 left= 15  y=    71 vy=  626688 ay=  -53248
     t= 26 pred= 25 left= 14  y=    79 vy=  573440 ay=  -53248
     t= 27 pred= 24 left= 13  y=    87 vy=  520192 ay=  -53248
     t= 28 pred= 23 left= 12  y=    94 vy=  466944 ay=  -53248
     t= 29 pred= 22 left= 11  y=   101 vy=  413696 ay=  -53248
     t= 30 pred= 21 left= 10  y=   106 vy=  360448 ay=  -53248
     t= 31 pred=  9 left=  9  y=   111 vy=       0 ay= -106496
     t= 32 pred=  8 left=  8  y=   109 vy= -106496 ay= -106496
     t= 33 pred=  7 left=  7  y=   106 vy= -212992 ay= -106496
     t= 34 pred=  6 left=  6  y=   101 vy= -319488 ay= -106496
     t= 35 pred=  5 left=  5  y=    95 vy= -425984 ay= -106496
     t= 36 pred=  4 left=  4  y=    87 vy= -532480 ay= -106496
     t= 37 pred=  3 left=  3  y=    77 vy= -638976 ay= -106496
     t= 38 pred=  2 left=  2  y=    65 vy= -745472 ay= -106496
     t= 39 pred=  1 left=  1  y=    52 vy= -851968 ay= -106496
P2  landings=3  no_prediction_ticks=0
   err all : -70:1 -68:1 -66:1 -64:1 -62:1 -60:1 -58:1 -56:1 -54:1 -52:1 -50:1 -48:1 -46:1 -44:1 -43:1 -42:1 -41:1 -40:1 -39:1 -38:1 -37:1 -36:1 -35:1 -34:1 -33:1 +0:78
   err NEAR (made within 20 ticks of the landing): +0:51
   err far  (made earlier, can still be invalidated): -70:1 -68:1 -66:1 -64:1 -62:1 -60:1 -58:1 -56:1 -54:1 -52:1 -50:1 -48:1 -46:1 -44:1 -43:1 -42:1 -41:1 -40:1 -39:1 -38:1 -37:1 -36:1 -35:1 -34:1 -33:1 +0:27
   last descent, landed on tick 9:
     t=254 pred= 11 left= 11  y=    40 vy=  135168 ay=  -24576
     t=255 pred= 10 left= 10  y=    41 vy=  110592 ay=  -24576
     t=  0 pred=  9 left=  9  y=    43 vy=   86016 ay=  -24576
     t=  1 pred=  8 left=  8  y=    44 vy=   61440 ay=  -24576
     t=  2 pred=  7 left=  7  y=    44 vy=   36864 ay=  -24576
     t=  3 pred=  6 left=  6  y=    44 vy=   12288 ay=  -24576
     t=  4 pred=  5 left=  5  y=    44 vy=  -12288 ay=  -24576
     t=  5 pred=  4 left=  4  y=    44 vy=  -36864 ay=  -24576
     t=  6 pred=  3 left=  3  y=    43 vy=  -61440 ay=  -24576
     t=  7 pred=  2 left=  2  y=    41 vy=  -86016 ay=  -24576
     t=  8 pred=  1 left=  1  y=    40 vy= -110592 ay=  -24576
---- landing prediction ----
P1  landings=76  no_prediction_ticks=0
   err all : -45:7 -38:1 -36:1 -34:1 -32:1 -30:1 -29:9 -28:1 -26:1 -24:1 -22:40 -21:2 -20:3 -19:2 -18:3 -17:2 -16:3 -15:2 -14:3 -13:2 -12:3 -11:197 -10:24 -9:24 -8:24 -7:24 -6:24 -5:24 -4:24 -3:24 -2:24 -1:24 +0:1123 +5:189 +11:63 +16:225
   err NEAR (made within 20 ticks of the landing): -16:1 -14:1 -12:1 -11:136 -10:24 -9:24 -8:24 -7:24 -6:24 -5:24 -4:24 -3:24 -2:24 -1:24 +0:836 +11:63 +16:225
   err far  (made earlier, can still be invalidated): -45:7 -38:1 -36:1 -34:1 -32:1 -30:1 -29:9 -28:1 -26:1 -24:1 -22:40 -21:2 -20:3 -19:2 -18:3 -17:2 -16:2 -15:2 -14:2 -13:2 -12:2 -11:61 +0:287 +5:189
   last descent, landed on tick 82:
     t= 53 pred= 29 left= 29  y=    40 vy=  786432 ay=  -53248
     t= 54 pred= 28 left= 28  y=    51 vy=  733184 ay=  -53248
     t= 55 pred= 27 left= 27  y=    61 vy=  679936 ay=  -53248
     t= 56 pred= 26 left= 26  y=    71 vy=  626688 ay=  -53248
     t= 57 pred= 25 left= 25  y=    79 vy=  573440 ay=  -53248
     t= 58 pred= 24 left= 24  y=    87 vy=  520192 ay=  -53248
     t= 59 pred= 23 left= 23  y=    94 vy=  466944 ay=  -53248
     t= 60 pred= 22 left= 22  y=   101 vy=  413696 ay=  -53248
     t= 61 pred= 21 left= 21  y=   106 vy=  360448 ay=  -53248
     t= 62 pred= 20 left= 20  y=   111 vy=  307200 ay=  -53248
     t= 63 pred= 19 left= 19  y=   115 vy=  253952 ay=  -53248
     t= 64 pred= 18 left= 18  y=   118 vy=  200704 ay=  -53248
     t= 65 pred= 17 left= 17  y=   120 vy=  147456 ay=  -53248
     t= 66 pred= 16 left= 16  y=   122 vy=   94208 ay=  -53248
     t= 67 pred= 15 left= 15  y=   122 vy=   40960 ay=  -53248
     t= 68 pred= 14 left= 14  y=   122 vy=  -12288 ay=  -53248
     t= 69 pred= 13 left= 13  y=   121 vy=  -65536 ay=  -53248
     t= 70 pred= 12 left= 12  y=   119 vy= -118784 ay=  -53248
     t= 71 pred= 11 left= 11  y=   117 vy= -172032 ay=  -53248
     t= 72 pred= 10 left= 10  y=   113 vy= -225280 ay=  -53248
     t= 73 pred=  9 left=  9  y=   109 vy= -278528 ay=  -53248
     t= 74 pred=  8 left=  8  y=   104 vy= -331776 ay=  -53248
     t= 75 pred=  7 left=  7  y=    98 vy= -385024 ay=  -53248
     t= 76 pred=  6 left=  6  y=    91 vy= -438272 ay=  -53248
     t= 77 pred=  5 left=  5  y=    84 vy= -491520 ay=  -53248
     t= 78 pred=  4 left=  4  y=    75 vy= -544768 ay=  -53248
     t= 79 pred=  3 left=  3  y=    66 vy= -598016 ay=  -53248
     t= 80 pred=  2 left=  2  y=    56 vy= -651264 ay=  -53248
     t= 81 pred=  1 left=  1  y=    46 vy= -704512 ay=  -53248
P2  landings=3  no_prediction_ticks=0
   err all : -70:1 -68:1 -66:1 -64:1 -62:1 -60:1 -58:1 -56:1 -54:1 -52:1 -50:1 -48:1 -46:1 -44:1 -43:1 -42:1 -41:1 -40:1 -39:1 -38:1 -37:1 -36:1 -35:1 -34:1 -33:1 +0:78
   err NEAR (made within 20 ticks of the landing): +0:51
   err far  (made earlier, can still be invalidated): -70:1 -68:1 -66:1 -64:1 -62:1 -60:1 -58:1 -56:1 -54:1 -52:1 -50:1 -48:1 -46:1 -44:1 -43:1 -42:1 -41:1 -40:1 -39:1 -38:1 -37:1 -36:1 -35:1 -34:1 -33:1 +0:27
   last descent, landed on tick 9:
     t=254 pred= 11 left= 11  y=    40 vy=  135168 ay=  -24576
     t=255 pred= 10 left= 10  y=    41 vy=  110592 ay=  -24576
     t=  0 pred=  9 left=  9  y=    43 vy=   86016 ay=  -24576
     t=  1 pred=  8 left=  8  y=    44 vy=   61440 ay=  -24576
     t=  2 pred=  7 left=  7  y=    44 vy=   36864 ay=  -24576
     t=  3 pred=  6 left=  6  y=    44 vy=   12288 ay=  -24576
     t=  4 pred=  5 left=  5  y=    44 vy=  -12288 ay=  -24576
     t=  5 pred=  4 left=  4  y=    44 vy=  -36864 ay=  -24576
     t=  6 pred=  3 left=  3  y=    43 vy=  -61440 ay=  -24576
     t=  7 pred=  2 left=  2  y=    41 vy=  -86016 ay=  -24576
     t=  8 pred=  1 left=  1  y=    40 vy= -110592 ay=  -24576
---- landing prediction ----
P1  landings=77  no_prediction_ticks=0
   err all : -45:7 -38:1 -36:1 -34:1 -32:1 -30:1 -29:9 -28:1 -26:1 -24:1 -22:40 -21:2 -20:3 -19:2 -18:3 -17:2 -16:3 -15:2 -14:3 -13:2 -12:3 -11:197 -10:24 -9:24 -8:24 -7:24 -6:24 -5:24 -4:24 -3:24 -2:24 -1:24 +0:1161 +5:189 +11:63 +16:225
   err NEAR (made within 20 ticks of the landing): -16:1 -14:1 -12:1 -11:136 -10:24 -9:24 -8:24 -7:24 -6:24 -5:24 -4:24 -3:24 -2:24 -1:24 +0:856 +11:63 +16:225
   err far  (made earlier, can still be invalidated): -45:7 -38:1 -36:1 -34:1 -32:1 -30:1 -29:9 -28:1 -26:1 -24:1 -22:40 -21:2 -20:3 -19:2 -18:3 -17:2 -16:2 -15:2 -14:2 -13:2 -12:2 -11:61 +0:305 +5:189
   last descent, landed on tick 136:
     t= 98 pred= 38 left= 38  y=    40 vy=  622592 ay=  -32000
     t= 99 pred= 37 left= 37  y=    49 vy=  590592 ay=  -32000
     t=100 pred= 36 left= 36  y=    57 vy=  558592 ay=  -32000
     t=101 pred= 35 left= 35  y=    65 vy=  526592 ay=  -32000
     t=102 pred= 34 left= 34  y=    73 vy=  494592 ay=  -32000
     t=103 pred= 33 left= 33  y=    80 vy=  462592 ay=  -32000
     t=104 pred= 32 left= 32  y=    86 vy=  430592 ay=  -32000
     t=105 pred= 31 left= 31  y=    92 vy=  398592 ay=  -32000
     t=106 pred= 30 left= 30  y=    98 vy=  366592 ay=  -32000
     t=107 pred= 29 left= 29  y=   103 vy=  334592 ay=  -32000
     t=108 pred= 28 left= 28  y=   108 vy=  302592 ay=  -32000
     t=109 pred= 27 left= 27  y=   112 vy=  270592 ay=  -32000
     t=110 pred= 26 left= 26  y=   115 vy=  238592 ay=  -32000
     t=111 pred= 25 left= 25  y=   119 vy=  206592 ay=  -32000
     t=112 pred= 24 left= 24  y=   121 vy=  174592 ay=  -32000
     t=113 pred= 23 left= 23  y=   123 vy=  142592 ay=  -32000
     t=114 pred= 22 left= 22  y=   125 vy=  110592 ay=  -32000
     t=115 pred= 21 left= 21  y=   126 vy=   78592 ay=  -32000
     t=116 pred= 20 left= 20  y=   127 vy=   46592 ay=  -32000
     t=117 pred= 19 left= 19  y=   127 vy=   14592 ay=  -32000
     t=118 pred= 18 left= 18  y=   127 vy=  -17408 ay=  -32000
     t=119 pred= 17 left= 17  y=   126 vy=  -49408 ay=  -32000
     t=120 pred= 16 left= 16  y=   125 vy=  -81408 ay=  -32000
     t=121 pred= 15 left= 15  y=   123 vy= -113408 ay=  -32000
     t=122 pred= 14 left= 14  y=   121 vy= -145408 ay=  -32000
     t=123 pred= 13 left= 13  y=   118 vy= -177408 ay=  -32000
     t=124 pred= 12 left= 12  y=   115 vy= -209408 ay=  -32000
     t=125 pred= 11 left= 11  y=   111 vy= -241408 ay=  -32000
     t=126 pred= 10 left= 10  y=   107 vy= -273408 ay=  -32000
     t=127 pred=  9 left=  9  y=   103 vy= -305408 ay=  -32000
     t=128 pred=  8 left=  8  y=    97 vy= -337408 ay=  -32000
     t=129 pred=  7 left=  7  y=    92 vy= -369408 ay=  -32000
     t=130 pred=  6 left=  6  y=    86 vy= -401408 ay=  -32000
     t=131 pred=  5 left=  5  y=    79 vy= -433408 ay=  -32000
     t=132 pred=  4 left=  4  y=    72 vy= -465408 ay=  -32000
     t=133 pred=  3 left=  3  y=    64 vy= -497408 ay=  -32000
     t=134 pred=  2 left=  2  y=    56 vy= -529408 ay=  -32000
     t=135 pred=  1 left=  1  y=    48 vy= -561408 ay=  -32000
P2  landings=3  no_prediction_ticks=0
   err all : -70:1 -68:1 -66:1 -64:1 -62:1 -60:1 -58:1 -56:1 -54:1 -52:1 -50:1 -48:1 -46:1 -44:1 -43:1 -42:1 -41:1 -40:1 -39:1 -38:1 -37:1 -36:1 -35:1 -34:1 -33:1 +0:78
   err NEAR (made within 20 ticks of the landing): +0:51
   err far  (made earlier, can still be invalidated): -70:1 -68:1 -66:1 -64:1 -62:1 -60:1 -58:1 -56:1 -54:1 -52:1 -50:1 -48:1 -46:1 -44:1 -43:1 -42:1 -41:1 -40:1 -39:1 -38:1 -37:1 -36:1 -35:1 -34:1 -33:1 +0:27
   last descent, landed on tick 9:
     t=254 pred= 11 left= 11  y=    40 vy=  135168 ay=  -24576
     t=255 pred= 10 left= 10  y=    41 vy=  110592 ay=  -24576
     t=  0 pred=  9 left=  9  y=    43 vy=   86016 ay=  -24576
     t=  1 pred=  8 left=  8  y=    44 vy=   61440 ay=  -24576
     t=  2 pred=  7 left=  7  y=    44 vy=   36864 ay=  -24576
     t=  3 pred=  6 left=  6  y=    44 vy=   12288 ay=  -24576
     t=  4 pred=  5 left=  5  y=    44 vy=  -12288 ay=  -24576
     t=  5 pred=  4 left=  4  y=    44 vy=  -36864 ay=  -24576
     t=  6 pred=  3 left=  3  y=    43 vy=  -61440 ay=  -24576
     t=  7 pred=  2 left=  2  y=    41 vy=  -86016 ay=  -24576
     t=  8 pred=  1 left=  1  y=    40 vy= -110592 ay=  -24576
---- landing prediction ----
P1  landings=78  no_prediction_ticks=0
   err all : -45:7 -38:1 -36:1 -34:1 -32:1 -30:1 -29:9 -28:1 -26:1 -24:1 -22:40 -21:2 -20:3 -19:2 -18:3 -17:2 -16:3 -15:2 -14:3 -13:2 -12:3 -11:207 -10:25 -9:25 -8:25 -7:25 -6:25 -5:25 -4:25 -3:25 -2:25 -1:25 +0:1163 +5:198 +11:63 +16:225
   err NEAR (made within 20 ticks of the landing): -16:1 -14:1 -12:1 -11:144 -10:25 -9:25 -8:25 -7:25 -6:25 -5:25 -4:25 -3:25 -2:25 -1:25 +0:858 +11:63 +16:225
   err far  (made earlier, can still be invalidated): -45:7 -38:1 -36:1 -34:1 -32:1 -30:1 -29:9 -28:1 -26:1 -24:1 -22:40 -21:2 -20:3 -19:2 -18:3 -17:2 -16:2 -15:2 -14:2 -13:2 -12:2 -11:63 +0:305 +5:198
   last descent, landed on tick 173:
     t=142 pred= 36 left= 31  y=    40 vy=  245760 ay=  -13312
     t=143 pred= 35 left= 30  y=    43 vy=  232448 ay=  -13312
     t=144 pred= 34 left= 29  y=    46 vy=  219136 ay=  -13312
     t=145 pred= 33 left= 28  y=    50 vy=  205824 ay=  -13312
     t=146 pred= 32 left= 27  y=    52 vy=  192512 ay=  -13312
     t=147 pred= 31 left= 26  y=    55 vy=  179200 ay=  -13312
     t=148 pred= 30 left= 25  y=    58 vy=  165888 ay=  -13312
     t=149 pred= 29 left= 24  y=    60 vy=  152576 ay=  -13312
     t=150 pred= 28 left= 23  y=    62 vy=  139264 ay=  -13312
     t=151 pred= 11 left= 22  y=    64 vy=       0 ay=  -26624
     t=152 pred= 10 left= 21  y=    64 vy=  -26624 ay=  -26624
     t=153 pred=  9 left= 20  y=    63 vy=  -53248 ay=  -26624
     t=154 pred=  8 left= 19  y=    62 vy=  -79872 ay=  -26624
     t=155 pred=  7 left= 18  y=    60 vy= -106496 ay=  -26624
     t=156 pred=  6 left= 17  y=    58 vy= -133120 ay=  -26624
     t=157 pred=  5 left= 16  y=    56 vy= -159744 ay=  -26624
     t=158 pred=  4 left= 15  y=    53 vy= -186368 ay=  -26624
     t=159 pred=  3 left= 14  y=    49 vy= -212992 ay=  -26624
     t=160 pred=  2 left= 13  y=    46 vy= -239616 ay=  -26624
     t=161 pred=  2 left= 12  y=    46 vy= -239616 ay=  -26624
     t=162 pred=  2 left= 11  y=    46 vy= -239616 ay=  -26624
     t=163 pred=  2 left= 10  y=    46 vy= -239616 ay=  -26624
     t=164 pred=  2 left=  9  y=    46 vy= -239616 ay=  -26624
     t=165 pred=  2 left=  8  y=    46 vy= -239616 ay=  -26624
     t=166 pred=  2 left=  7  y=    46 vy= -239616 ay=  -26624
     t=167 pred=  2 left=  6  y=    46 vy= -239616 ay=  -26624
     t=168 pred=  2 left=  5  y=    46 vy= -239616 ay=  -26624
     t=169 pred=  2 left=  4  y=    46 vy= -239616 ay=  -26624
     t=170 pred=  2 left=  3  y=    46 vy= -239616 ay=  -26624
     t=171 pred=  2 left=  2  y=    46 vy= -239616 ay=  -26624
     t=172 pred=  1 left=  1  y=    42 vy= -266240 ay=  -26624
P2  landings=3  no_prediction_ticks=0
   err all : -70:1 -68:1 -66:1 -64:1 -62:1 -60:1 -58:1 -56:1 -54:1 -52:1 -50:1 -48:1 -46:1 -44:1 -43:1 -42:1 -41:1 -40:1 -39:1 -38:1 -37:1 -36:1 -35:1 -34:1 -33:1 +0:78
   err NEAR (made within 20 ticks of the landing): +0:51
   err far  (made earlier, can still be invalidated): -70:1 -68:1 -66:1 -64:1 -62:1 -60:1 -58:1 -56:1 -54:1 -52:1 -50:1 -48:1 -46:1 -44:1 -43:1 -42:1 -41:1 -40:1 -39:1 -38:1 -37:1 -36:1 -35:1 -34:1 -33:1 +0:27
   last descent, landed on tick 9:
     t=254 pred= 11 left= 11  y=    40 vy=  135168 ay=  -24576
     t=255 pred= 10 left= 10  y=    41 vy=  110592 ay=  -24576
     t=  0 pred=  9 left=  9  y=    43 vy=   86016 ay=  -24576
     t=  1 pred=  8 left=  8  y=    44 vy=   61440 ay=  -24576
     t=  2 pred=  7 left=  7  y=    44 vy=   36864 ay=  -24576
     t=  3 pred=  6 left=  6  y=    44 vy=   12288 ay=  -24576
     t=  4 pred=  5 left=  5  y=    44 vy=  -12288 ay=  -24576
     t=  5 pred=  4 left=  4  y=    44 vy=  -36864 ay=  -24576
     t=  6 pred=  3 left=  3  y=    43 vy=  -61440 ay=  -24576
     t=  7 pred=  2 left=  2  y=    41 vy=  -86016 ay=  -24576
     t=  8 pred=  1 left=  1  y=    40 vy= -110592 ay=  -24576
---- landing prediction ----
P1  landings=79  no_prediction_ticks=0
   err all : -45:7 -38:1 -36:1 -34:1 -32:1 -30:1 -29:9 -28:1 -26:1 -24:1 -22:40 -21:2 -20:3 -19:2 -18:3 -17:2 -16:3 -15:2 -14:3 -13:2 -12:3 -11:207 -10:25 -9:25 -8:25 -7:25 -6:25 -5:25 -4:25 -3:25 -2:25 -1:25 +0:1199 +5:198 +11:63 +16:225
   err NEAR (made within 20 ticks of the landing): -16:1 -14:1 -12:1 -11:144 -10:25 -9:25 -8:25 -7:25 -6:25 -5:25 -4:25 -3:25 -2:25 -1:25 +0:878 +11:63 +16:225
   err far  (made earlier, can still be invalidated): -45:7 -38:1 -36:1 -34:1 -32:1 -30:1 -29:9 -28:1 -26:1 -24:1 -22:40 -21:2 -20:3 -19:2 -18:3 -17:2 -16:2 -15:2 -14:2 -13:2 -12:2 -11:63 +0:321 +5:198
   last descent, landed on tick 221:
     t=185 pred= 36 left= 36  y=    40 vy=  245760 ay=  -13312
     t=186 pred= 35 left= 35  y=    43 vy=  232448 ay=  -13312
     t=187 pred= 34 left= 34  y=    46 vy=  219136 ay=  -13312
     t=188 pred= 33 left= 33  y=    50 vy=  205824 ay=  -13312
     t=189 pred= 32 left= 32  y=    52 vy=  192512 ay=  -13312
     t=190 pred= 31 left= 31  y=    55 vy=  179200 ay=  -13312
     t=191 pred= 30 left= 30  y=    58 vy=  165888 ay=  -13312
     t=192 pred= 29 left= 29  y=    60 vy=  152576 ay=  -13312
     t=193 pred= 28 left= 28  y=    62 vy=  139264 ay=  -13312
     t=194 pred= 27 left= 27  y=    64 vy=  125952 ay=  -13312
     t=195 pred= 26 left= 26  y=    66 vy=  112640 ay=  -13312
     t=196 pred= 25 left= 25  y=    67 vy=   99328 ay=  -13312
     t=197 pred= 24 left= 24  y=    69 vy=   86016 ay=  -13312
     t=198 pred= 23 left= 23  y=    70 vy=   72704 ay=  -13312
     t=199 pred= 22 left= 22  y=    71 vy=   59392 ay=  -13312
     t=200 pred= 21 left= 21  y=    71 vy=   46080 ay=  -13312
     t=201 pred= 20 left= 20  y=    72 vy=   32768 ay=  -13312
     t=202 pred= 19 left= 19  y=    72 vy=   19456 ay=  -13312
     t=203 pred= 18 left= 18  y=    72 vy=    6144 ay=  -13312
     t=204 pred= 17 left= 17  y=    72 vy=   -7168 ay=  -13312
     t=205 pred= 16 left= 16  y=    72 vy=  -20480 ay=  -13312
     t=206 pred= 15 left= 15  y=    71 vy=  -33792 ay=  -13312
     t=207 pred= 14 left= 14  y=    71 vy=  -47104 ay=  -13312
     t=208 pred= 13 left= 13  y=    70 vy=  -60416 ay=  -13312
     t=209 pred= 12 left= 12  y=    69 vy=  -73728 ay=  -13312
     t=210 pred= 11 left= 11  y=    67 vy=  -87040 ay=  -13312
     t=211 pred= 10 left= 10  y=    66 vy= -100352 ay=  -13312
     t=212 pred=  9 left=  9  y=    64 vy= -113664 ay=  -13312
     t=213 pred=  8 left=  8  y=    62 vy= -126976 ay=  -13312
     t=214 pred=  7 left=  7  y=    60 vy= -140288 ay=  -13312
     t=215 pred=  6 left=  6  y=    58 vy= -153600 ay=  -13312
     t=216 pred=  5 left=  5  y=    55 vy= -166912 ay=  -13312
     t=217 pred=  4 left=  4  y=    52 vy= -180224 ay=  -13312
     t=218 pred=  3 left=  3  y=    49 vy= -193536 ay=  -13312
     t=219 pred=  2 left=  2  y=    46 vy= -206848 ay=  -13312
     t=220 pred=  1 left=  1  y=    43 vy= -220160 ay=  -13312
P2  landings=3  no_prediction_ticks=0
   err all : -70:1 -68:1 -66:1 -64:1 -62:1 -60:1 -58:1 -56:1 -54:1 -52:1 -50:1 -48:1 -46:1 -44:1 -43:1 -42:1 -41:1 -40:1 -39:1 -38:1 -37:1 -36:1 -35:1 -34:1 -33:1 +0:78
   err NEAR (made within 20 ticks of the landing): +0:51
   err far  (made earlier, can still be invalidated): -70:1 -68:1 -66:1 -64:1 -62:1 -60:1 -58:1 -56:1 -54:1 -52:1 -50:1 -48:1 -46:1 -44:1 -43:1 -42:1 -41:1 -40:1 -39:1 -38:1 -37:1 -36:1 -35:1 -34:1 -33:1 +0:27
   last descent, landed on tick 9:
     t=254 pred= 11 left= 11  y=    40 vy=  135168 ay=  -24576
     t=255 pred= 10 left= 10  y=    41 vy=  110592 ay=  -24576
     t=  0 pred=  9 left=  9  y=    43 vy=   86016 ay=  -24576
     t=  1 pred=  8 left=  8  y=    44 vy=   61440 ay=  -24576
     t=  2 pred=  7 left=  7  y=    44 vy=   36864 ay=  -24576
     t=  3 pred=  6 left=  6  y=    44 vy=   12288 ay=  -24576
     t=  4 pred=  5 left=  5  y=    44 vy=  -12288 ay=  -24576
     t=  5 pred=  4 left=  4  y=    44 vy=  -36864 ay=  -24576
     t=  6 pred=  3 left=  3  y=    43 vy=  -61440 ay=  -24576
     t=  7 pred=  2 left=  2  y=    41 vy=  -86016 ay=  -24576
     t=  8 pred=  1 left=  1  y=    40 vy= -110592 ay=  -24576
---- landing prediction ----
P1  landings=80  no_prediction_ticks=0
   err all : -45:7 -38:1 -36:1 -34:1 -32:1 -30:1 -29:9 -28:1 -26:1 -24:1 -22:40 -21:2 -20:3 -19:2 -18:3 -17:2 -16:3 -15:2 -14:3 -13:2 -12:3 -11:207 -10:25 -9:25 -8:25 -7:25 -6:25 -5:25 -4:25 -3:25 -2:25 -1:25 +0:1237 +5:198 +11:63 +16:225
   err NEAR (made within 20 ticks of the landing): -16:1 -14:1 -12:1 -11:144 -10:25 -9:25 -8:25 -7:25 -6:25 -5:25 -4:25 -3:25 -2:25 -1:25 +0:898 +11:63 +16:225
   err far  (made earlier, can still be invalidated): -45:7 -38:1 -36:1 -34:1 -32:1 -30:1 -29:9 -28:1 -26:1 -24:1 -22:40 -21:2 -20:3 -19:2 -18:3 -17:2 -16:2 -15:2 -14:2 -13:2 -12:2 -11:63 +0:339 +5:198
   last descent, landed on tick 12:
     t=230 pred= 38 left= 38  y=    40 vy=  622592 ay=  -32000
     t=231 pred= 37 left= 37  y=    49 vy=  590592 ay=  -32000
     t=232 pred= 36 left= 36  y=    57 vy=  558592 ay=  -32000
     t=233 pred= 35 left= 35  y=    65 vy=  526592 ay=  -32000
     t=234 pred= 34 left= 34  y=    73 vy=  494592 ay=  -32000
     t=235 pred= 33 left= 33  y=    80 vy=  462592 ay=  -32000
     t=236 pred= 32 left= 32  y=    86 vy=  430592 ay=  -32000
     t=237 pred= 31 left= 31  y=    92 vy=  398592 ay=  -32000
     t=238 pred= 30 left= 30  y=    98 vy=  366592 ay=  -32000
     t=239 pred= 29 left= 29  y=   103 vy=  334592 ay=  -32000
     t=240 pred= 28 left= 28  y=   108 vy=  302592 ay=  -32000
     t=241 pred= 27 left= 27  y=   112 vy=  270592 ay=  -32000
     t=242 pred= 26 left= 26  y=   115 vy=  238592 ay=  -32000
     t=243 pred= 25 left= 25  y=   119 vy=  206592 ay=  -32000
     t=244 pred= 24 left= 24  y=   121 vy=  174592 ay=  -32000
     t=245 pred= 23 left= 23  y=   123 vy=  142592 ay=  -32000
     t=246 pred= 22 left= 22  y=   125 vy=  110592 ay=  -32000
     t=247 pred= 21 left= 21  y=   126 vy=   78592 ay=  -32000
     t=248 pred= 20 left= 20  y=   127 vy=   46592 ay=  -32000
     t=249 pred= 19 left= 19  y=   127 vy=   14592 ay=  -32000
     t=250 pred= 18 left= 18  y=   127 vy=  -17408 ay=  -32000
     t=251 pred= 17 left= 17  y=   126 vy=  -49408 ay=  -32000
     t=252 pred= 16 left= 16  y=   125 vy=  -81408 ay=  -32000
     t=253 pred= 15 left= 15  y=   123 vy= -113408 ay=  -32000
     t=254 pred= 14 left= 14  y=   121 vy= -145408 ay=  -32000
     t=255 pred= 13 left= 13  y=   118 vy= -177408 ay=  -32000
     t=  0 pred= 12 left= 12  y=   115 vy= -209408 ay=  -32000
     t=  1 pred= 11 left= 11  y=   111 vy= -241408 ay=  -32000
     t=  2 pred= 10 left= 10  y=   107 vy= -273408 ay=  -32000
     t=  3 pred=  9 left=  9  y=   103 vy= -305408 ay=  -32000
     t=  4 pred=  8 left=  8  y=    97 vy= -337408 ay=  -32000
     t=  5 pred=  7 left=  7  y=    92 vy= -369408 ay=  -32000
     t=  6 pred=  6 left=  6  y=    86 vy= -401408 ay=  -32000
     t=  7 pred=  5 left=  5  y=    79 vy= -433408 ay=  -32000
     t=  8 pred=  4 left=  4  y=    72 vy= -465408 ay=  -32000
     t=  9 pred=  3 left=  3  y=    64 vy= -497408 ay=  -32000
     t= 10 pred=  2 left=  2  y=    56 vy= -529408 ay=  -32000
     t= 11 pred=  1 left=  1  y=    48 vy= -561408 ay=  -32000
P2  landings=3  no_prediction_ticks=0
   err all : -70:1 -68:1 -66:1 -64:1 -62:1 -60:1 -58:1 -56:1 -54:1 -52:1 -50:1 -48:1 -46:1 -44:1 -43:1 -42:1 -41:1 -40:1 -39:1 -38:1 -37:1 -36:1 -35:1 -34:1 -33:1 +0:78
   err NEAR (made within 20 ticks of the landing): +0:51
   err far  (made earlier, can still be invalidated): -70:1 -68:1 -66:1 -64:1 -62:1 -60:1 -58:1 -56:1 -54:1 -52:1 -50:1 -48:1 -46:1 -44:1 -43:1 -42:1 -41:1 -40:1 -39:1 -38:1 -37:1 -36:1 -35:1 -34:1 -33:1 +0:27
   last descent, landed on tick 9:
     t=254 pred= 11 left= 11  y=    40 vy=  135168 ay=  -24576
     t=255 pred= 10 left= 10  y=    41 vy=  110592 ay=  -24576
     t=  0 pred=  9 left=  9  y=    43 vy=   86016 ay=  -24576
     t=  1 pred=  8 left=  8  y=    44 vy=   61440 ay=  -24576
     t=  2 pred=  7 left=  7  y=    44 vy=   36864 ay=  -24576
     t=  3 pred=  6 left=  6  y=    44 vy=   12288 ay=  -24576
     t=  4 pred=  5 left=  5  y=    44 vy=  -12288 ay=  -24576
     t=  5 pred=  4 left=  4  y=    44 vy=  -36864 ay=  -24576
     t=  6 pred=  3 left=  3  y=    43 vy=  -61440 ay=  -24576
     t=  7 pred=  2 left=  2  y=    41 vy=  -86016 ay=  -24576
     t=  8 pred=  1 left=  1  y=    40 vy= -110592 ay=  -24576
---- landing prediction ----
P1  landings=81  no_prediction_ticks=0
   err all : -45:7 -38:1 -36:1 -34:1 -32:1 -30:1 -29:9 -28:1 -26:1 -24:1 -22:40 -21:2 -20:3 -19:2 -18:3 -17:2 -16:3 -15:2 -14:3 -13:2 -12:3 -11:216 -10:26 -9:26 -8:26 -7:26 -6:26 -5:26 -4:26 -3:26 -2:26 -1:26 +0:1240 +5:207 +11:63 +16:225
   err NEAR (made within 20 ticks of the landing): -16:1 -14:1 -12:1 -11:151 -10:26 -9:26 -8:26 -7:26 -6:26 -5:26 -4:26 -3:26 -2:26 -1:26 +0:901 +11:63 +16:225
   err far  (made earlier, can still be invalidated): -45:7 -38:1 -36:1 -34:1 -32:1 -30:1 -29:9 -28:1 -26:1 -24:1 -22:40 -21:2 -20:3 -19:2 -18:3 -17:2 -16:2 -15:2 -14:2 -13:2 -12:2 -11:65 +0:339 +5:207
   last descent, landed on tick 52:
     t= 21 pred= 36 left= 31  y=    40 vy=  245760 ay=  -13312
     t= 22 pred= 35 left= 30  y=    43 vy=  232448 ay=  -13312
     t= 23 pred= 34 left= 29  y=    46 vy=  219136 ay=  -13312
     t= 24 pred= 33 left= 28  y=    50 vy=  205824 ay=  -13312
     t= 25 pred= 32 left= 27  y=    52 vy=  192512 ay=  -13312
     t= 26 pred= 31 left= 26  y=    55 vy=  179200 ay=  -13312
     t= 27 pred= 30 left= 25  y=    58 vy=  165888 ay=  -13312
     t= 28 pred= 29 left= 24  y=    60 vy=  152576 ay=  -13312
     t= 29 pred= 28 left= 23  y=    62 vy=  139264 ay=  -13312
     t= 30 pred= 11 left= 22  y=    64 vy=       0 ay=  -26624
     t= 31 pred= 10 left= 21  y=    64 vy=  -26624 ay=  -26624
     t= 32 pred=  9 left= 20  y=    63 vy=  -53248 ay=  -26624
     t= 33 pred=  8 left= 19  y=    62 vy=  -79872 ay=  -26624
     t= 34 pred=  7 left= 18  y=    60 vy= -106496 ay=  -26624
     t= 35 pred=  6 left= 17  y=    58 vy= -133120 ay=  -26624
     t= 36 pred=  5 left= 16  y=    56 vy= -159744 ay=  -26624
     t= 37 pred=  4 left= 15  y=    53 vy= -186368 ay=  -26624
     t= 38 pred=  3 left= 14  y=    49 vy= -212992 ay=  -26624
     t= 39 pred=  3 left= 13  y=    49 vy= -212992 ay=  -26624
     t= 40 pred=  3 left= 12  y=    49 vy= -212992 ay=  -26624
     t= 41 pred=  3 left= 11  y=    49 vy= -212992 ay=  -26624
     t= 42 pred=  3 left= 10  y=    49 vy= -212992 ay=  -26624
     t= 43 pred=  3 left=  9  y=    49 vy= -212992 ay=  -26624
     t= 44 pred=  3 left=  8  y=    49 vy= -212992 ay=  -26624
     t= 45 pred=  3 left=  7  y=    49 vy= -212992 ay=  -26624
     t= 46 pred=  3 left=  6  y=    49 vy= -212992 ay=  -26624
     t= 47 pred=  3 left=  5  y=    49 vy= -212992 ay=  -26624
     t= 48 pred=  3 left=  4  y=    49 vy= -212992 ay=  -26624
     t= 49 pred=  3 left=  3  y=    49 vy= -212992 ay=  -26624
     t= 50 pred=  2 left=  2  y=    46 vy= -239616 ay=  -26624
     t= 51 pred=  1 left=  1  y=    42 vy= -266240 ay=  -26624
P2  landings=3  no_prediction_ticks=0
   err all : -70:1 -68:1 -66:1 -64:1 -62:1 -60:1 -58:1 -56:1 -54:1 -52:1 -50:1 -48:1 -46:1 -44:1 -43:1 -42:1 -41:1 -40:1 -39:1 -38:1 -37:1 -36:1 -35:1 -34:1 -33:1 +0:78
   err NEAR (made within 20 ticks of the landing): +0:51
   err far  (made earlier, can still be invalidated): -70:1 -68:1 -66:1 -64:1 -62:1 -60:1 -58:1 -56:1 -54:1 -52:1 -50:1 -48:1 -46:1 -44:1 -43:1 -42:1 -41:1 -40:1 -39:1 -38:1 -37:1 -36:1 -35:1 -34:1 -33:1 +0:27
   last descent, landed on tick 9:
     t=254 pred= 11 left= 11  y=    40 vy=  135168 ay=  -24576
     t=255 pred= 10 left= 10  y=    41 vy=  110592 ay=  -24576
     t=  0 pred=  9 left=  9  y=    43 vy=   86016 ay=  -24576
     t=  1 pred=  8 left=  8  y=    44 vy=   61440 ay=  -24576
     t=  2 pred=  7 left=  7  y=    44 vy=   36864 ay=  -24576
     t=  3 pred=  6 left=  6  y=    44 vy=   12288 ay=  -24576
     t=  4 pred=  5 left=  5  y=    44 vy=  -12288 ay=  -24576
     t=  5 pred=  4 left=  4  y=    44 vy=  -36864 ay=  -24576
     t=  6 pred=  3 left=  3  y=    43 vy=  -61440 ay=  -24576
     t=  7 pred=  2 left=  2  y=    41 vy=  -86016 ay=  -24576
     t=  8 pred=  1 left=  1  y=    40 vy= -110592 ay=  -24576
---- landing prediction ----
P1  landings=82  no_prediction_ticks=0
   err all : -45:7 -38:1 -36:1 -34:1 -32:1 -30:1 -29:9 -28:1 -26:1 -24:1 -22:40 -21:2 -20:3 -19:2 -18:3 -17:2 -16:3 -15:2 -14:3 -13:2 -12:3 -11:222 -10:27 -9:27 -8:27 -7:27 -6:27 -5:27 -4:27 -3:27 -2:27 -1:27 +0:1246 +5:216 +11:63 +16:225
   err NEAR (made within 20 ticks of the landing): -16:1 -14:1 -12:1 -11:155 -10:27 -9:27 -8:27 -7:27 -6:27 -5:27 -4:27 -3:27 -2:27 -1:27 +0:907 +11:63 +16:225
   err far  (made earlier, can still be invalidated): -45:7 -38:1 -36:1 -34:1 -32:1 -30:1 -29:9 -28:1 -26:1 -24:1 -22:40 -21:2 -20:3 -19:2 -18:3 -17:2 -16:2 -15:2 -14:2 -13:2 -12:2 -11:67 +0:339 +5:216
   last descent, landed on tick 85:
     t= 54 pred= 36 left= 31  y=    40 vy=  245760 ay=  -13312
     t= 55 pred= 35 left= 30  y=    43 vy=  232448 ay=  -13312
     t= 56 pred= 34 left= 29  y=    46 vy=  219136 ay=  -13312
     t= 57 pred= 33 left= 28  y=    50 vy=  205824 ay=  -13312
     t= 58 pred= 32 left= 27  y=    52 vy=  192512 ay=  -13312
     t= 59 pred= 31 left= 26  y=    55 vy=  179200 ay=  -13312
     t= 60 pred= 30 left= 25  y=    58 vy=  165888 ay=  -13312
     t= 61 pred= 29 left= 24  y=    60 vy=  152576 ay=  -13312
     t= 62 pred= 28 left= 23  y=    62 vy=  139264 ay=  -13312
     t= 63 pred= 11 left= 22  y=    64 vy=       0 ay=  -26624
     t= 64 pred= 10 left= 21  y=    64 vy=  -26624 ay=  -26624
     t= 65 pred=  9 left= 20  y=    63 vy=  -53248 ay=  -26624
     t= 66 pred=  8 left= 19  y=    62 vy=  -79872 ay=  -26624
     t= 67 pred=  7 left= 18  y=    60 vy= -106496 ay=  -26624
     t= 68 pred=  6 left= 17  y=    58 vy= -133120 ay=  -26624
     t= 69 pred=  6 left= 16  y=    58 vy= -133120 ay=  -26624
     t= 70 pred=  6 left= 15  y=    58 vy= -133120 ay=  -26624
     t= 71 pred=  6 left= 14  y=    58 vy= -133120 ay=  -26624
     t= 72 pred=  6 left= 13  y=    58 vy= -133120 ay=  -26624
     t= 73 pred=  6 left= 12  y=    58 vy= -133120 ay=  -26624
     t= 74 pred=  6 left= 11  y=    58 vy= -133120 ay=  -26624
     t= 75 pred=  6 left= 10  y=    58 vy= -133120 ay=  -26624
     t= 76 pred=  6 left=  9  y=    58 vy= -133120 ay=  -26624
     t= 77 pred=  6 left=  8  y=    58 vy= -133120 ay=  -26624
     t= 78 pred=  6 left=  7  y=    58 vy= -133120 ay=  -26624
     t= 79 pred=  6 left=  6  y=    58 vy= -133120 ay=  -26624
     t= 80 pred=  5 left=  5  y=    56 vy= -159744 ay=  -26624
     t= 81 pred=  4 left=  4  y=    53 vy= -186368 ay=  -26624
     t= 82 pred=  3 left=  3  y=    49 vy= -212992 ay=  -26624
     t= 83 pred=  2 left=  2  y=    46 vy= -239616 ay=  -26624
     t= 84 pred=  1 left=  1  y=    42 vy= -266240 ay=  -26624
P2  landings=3  no_prediction_ticks=0
   err all : -70:1 -68:1 -66:1 -64:1 -62:1 -60:1 -58:1 -56:1 -54:1 -52:1 -50:1 -48:1 -46:1 -44:1 -43:1 -42:1 -41:1 -40:1 -39:1 -38:1 -37:1 -36:1 -35:1 -34:1 -33:1 +0:78
   err NEAR (made within 20 ticks of the landing): +0:51
   err far  (made earlier, can still be invalidated): -70:1 -68:1 -66:1 -64:1 -62:1 -60:1 -58:1 -56:1 -54:1 -52:1 -50:1 -48:1 -46:1 -44:1 -43:1 -42:1 -41:1 -40:1 -39:1 -38:1 -37:1 -36:1 -35:1 -34:1 -33:1 +0:27
   last descent, landed on tick 9:
     t=254 pred= 11 left= 11  y=    40 vy=  135168 ay=  -24576
     t=255 pred= 10 left= 10  y=    41 vy=  110592 ay=  -24576
     t=  0 pred=  9 left=  9  y=    43 vy=   86016 ay=  -24576
     t=  1 pred=  8 left=  8  y=    44 vy=   61440 ay=  -24576
     t=  2 pred=  7 left=  7  y=    44 vy=   36864 ay=  -24576
     t=  3 pred=  6 left=  6  y=    44 vy=   12288 ay=  -24576
     t=  4 pred=  5 left=  5  y=    44 vy=  -12288 ay=  -24576
     t=  5 pred=  4 left=  4  y=    44 vy=  -36864 ay=  -24576
     t=  6 pred=  3 left=  3  y=    43 vy=  -61440 ay=  -24576
     t=  7 pred=  2 left=  2  y=    41 vy=  -86016 ay=  -24576
     t=  8 pred=  1 left=  1  y=    40 vy= -110592 ay=  -24576
---- landing prediction ----
P1  landings=83  no_prediction_ticks=0
   err all : -45:7 -38:1 -36:1 -34:1 -32:1 -30:1 -29:9 -28:1 -26:1 -24:1 -22:40 -21:2 -20:3 -19:2 -18:3 -17:2 -16:3 -15:2 -14:3 -13:2 -12:3 -11:222 -10:27 -9:27 -8:27 -7:27 -6:27 -5:27 -4:27 -3:27 -2:27 -1:27 +0:1284 +5:216 +11:63 +16:225
   err NEAR (made within 20 ticks of the landing): -16:1 -14:1 -12:1 -11:155 -10:27 -9:27 -8:27 -7:27 -6:27 -5:27 -4:27 -3:27 -2:27 -1:27 +0:927 +11:63 +16:225
   err far  (made earlier, can still be invalidated): -45:7 -38:1 -36:1 -34:1 -32:1 -30:1 -29:9 -28:1 -26:1 -24:1 -22:40 -21:2 -20:3 -19:2 -18:3 -17:2 -16:2 -15:2 -14:2 -13:2 -12:2 -11:67 +0:357 +5:216
   last descent, landed on tick 138:
     t=100 pred= 38 left= 38  y=    40 vy=  622592 ay=  -32000
     t=101 pred= 37 left= 37  y=    49 vy=  590592 ay=  -32000
     t=102 pred= 36 left= 36  y=    57 vy=  558592 ay=  -32000
     t=103 pred= 35 left= 35  y=    65 vy=  526592 ay=  -32000
     t=104 pred= 34 left= 34  y=    73 vy=  494592 ay=  -32000
     t=105 pred= 33 left= 33  y=    80 vy=  462592 ay=  -32000
     t=106 pred= 32 left= 32  y=    86 vy=  430592 ay=  -32000
     t=107 pred= 31 left= 31  y=    92 vy=  398592 ay=  -32000
     t=108 pred= 30 left= 30  y=    98 vy=  366592 ay=  -32000
     t=109 pred= 29 left= 29  y=   103 vy=  334592 ay=  -32000
     t=110 pred= 28 left= 28  y=   108 vy=  302592 ay=  -32000
     t=111 pred= 27 left= 27  y=   112 vy=  270592 ay=  -32000
     t=112 pred= 26 left= 26  y=   115 vy=  238592 ay=  -32000
     t=113 pred= 25 left= 25  y=   119 vy=  206592 ay=  -32000
     t=114 pred= 24 left= 24  y=   121 vy=  174592 ay=  -32000
     t=115 pred= 23 left= 23  y=   123 vy=  142592 ay=  -32000
     t=116 pred= 22 left= 22  y=   125 vy=  110592 ay=  -32000
     t=117 pred= 21 left= 21  y=   126 vy=   78592 ay=  -32000
     t=118 pred= 20 left= 20  y=   127 vy=   46592 ay=  -32000
     t=119 pred= 19 left= 19  y=   127 vy=   14592 ay=  -32000
     t=120 pred= 18 left= 18  y=   127 vy=  -17408 ay=  -32000
     t=121 pred= 17 left= 17  y=   126 vy=  -49408 ay=  -32000
     t=122 pred= 16 left= 16  y=   125 vy=  -81408 ay=  -32000
     t=123 pred= 15 left= 15  y=   123 vy= -113408 ay=  -32000
     t=124 pred= 14 left= 14  y=   121 vy= -145408 ay=  -32000
     t=125 pred= 13 left= 13  y=   118 vy= -177408 ay=  -32000
     t=126 pred= 12 left= 12  y=   115 vy= -209408 ay=  -32000
     t=127 pred= 11 left= 11  y=   111 vy= -241408 ay=  -32000
     t=128 pred= 10 left= 10  y=   107 vy= -273408 ay=  -32000
     t=129 pred=  9 left=  9  y=   103 vy= -305408 ay=  -32000
     t=130 pred=  8 left=  8  y=    97 vy= -337408 ay=  -32000
     t=131 pred=  7 left=  7  y=    92 vy= -369408 ay=  -32000
     t=132 pred=  6 left=  6  y=    86 vy= -401408 ay=  -32000
     t=133 pred=  5 left=  5  y=    79 vy= -433408 ay=  -32000
     t=134 pred=  4 left=  4  y=    72 vy= -465408 ay=  -32000
     t=135 pred=  3 left=  3  y=    64 vy= -497408 ay=  -32000
     t=136 pred=  2 left=  2  y=    56 vy= -529408 ay=  -32000
     t=137 pred=  1 left=  1  y=    48 vy= -561408 ay=  -32000
P2  landings=3  no_prediction_ticks=0
   err all : -70:1 -68:1 -66:1 -64:1 -62:1 -60:1 -58:1 -56:1 -54:1 -52:1 -50:1 -48:1 -46:1 -44:1 -43:1 -42:1 -41:1 -40:1 -39:1 -38:1 -37:1 -36:1 -35:1 -34:1 -33:1 +0:78
   err NEAR (made within 20 ticks of the landing): +0:51
   err far  (made earlier, can still be invalidated): -70:1 -68:1 -66:1 -64:1 -62:1 -60:1 -58:1 -56:1 -54:1 -52:1 -50:1 -48:1 -46:1 -44:1 -43:1 -42:1 -41:1 -40:1 -39:1 -38:1 -37:1 -36:1 -35:1 -34:1 -33:1 +0:27
   last descent, landed on tick 9:
     t=254 pred= 11 left= 11  y=    40 vy=  135168 ay=  -24576
     t=255 pred= 10 left= 10  y=    41 vy=  110592 ay=  -24576
     t=  0 pred=  9 left=  9  y=    43 vy=   86016 ay=  -24576
     t=  1 pred=  8 left=  8  y=    44 vy=   61440 ay=  -24576
     t=  2 pred=  7 left=  7  y=    44 vy=   36864 ay=  -24576
     t=  3 pred=  6 left=  6  y=    44 vy=   12288 ay=  -24576
     t=  4 pred=  5 left=  5  y=    44 vy=  -12288 ay=  -24576
     t=  5 pred=  4 left=  4  y=    44 vy=  -36864 ay=  -24576
     t=  6 pred=  3 left=  3  y=    43 vy=  -61440 ay=  -24576
     t=  7 pred=  2 left=  2  y=    41 vy=  -86016 ay=  -24576
     t=  8 pred=  1 left=  1  y=    40 vy= -110592 ay=  -24576
---- landing prediction ----
P1  landings=84  no_prediction_ticks=0
   err all : -45:7 -38:1 -36:1 -34:1 -32:1 -30:1 -29:9 -28:1 -26:1 -24:1 -22:40 -21:2 -20:3 -19:2 -18:3 -17:2 -16:3 -15:2 -14:3 -13:2 -12:3 -11:231 -10:28 -9:28 -8:28 -7:28 -6:28 -5:28 -4:28 -3:28 -2:28 -1:28 +0:1287 +5:225 +11:63 +16:225
   err NEAR (made within 20 ticks of the landing): -16:1 -14:1 -12:1 -11:162 -10:28 -9:28 -8:28 -7:28 -6:28 -5:28 -4:28 -3:28 -2:28 -1:28 +0:930 +11:63 +16:225
   err far  (made earlier, can still be invalidated): -45:7 -38:1 -36:1 -34:1 -32:1 -30:1 -29:9 -28:1 -26:1 -24:1 -22:40 -21:2 -20:3 -19:2 -18:3 -17:2 -16:2 -15:2 -14:2 -13:2 -12:2 -11:69 +0:357 +5:225
   last descent, landed on tick 176:
     t=145 pred= 36 left= 31  y=    40 vy=  245760 ay=  -13312
     t=146 pred= 35 left= 30  y=    43 vy=  232448 ay=  -13312
     t=147 pred= 34 left= 29  y=    46 vy=  219136 ay=  -13312
     t=148 pred= 33 left= 28  y=    50 vy=  205824 ay=  -13312
     t=149 pred= 32 left= 27  y=    52 vy=  192512 ay=  -13312
     t=150 pred= 31 left= 26  y=    55 vy=  179200 ay=  -13312
     t=151 pred= 30 left= 25  y=    58 vy=  165888 ay=  -13312
     t=152 pred= 29 left= 24  y=    60 vy=  152576 ay=  -13312
     t=153 pred= 28 left= 23  y=    62 vy=  139264 ay=  -13312
     t=154 pred= 11 left= 22  y=    64 vy=       0 ay=  -26624
     t=155 pred= 10 left= 21  y=    64 vy=  -26624 ay=  -26624
     t=156 pred=  9 left= 20  y=    63 vy=  -53248 ay=  -26624
     t=157 pred=  8 left= 19  y=    62 vy=  -79872 ay=  -26624
     t=158 pred=  7 left= 18  y=    60 vy= -106496 ay=  -26624
     t=159 pred=  6 left= 17  y=    58 vy= -133120 ay=  -26624
     t=160 pred=  5 left= 16  y=    56 vy= -159744 ay=  -26624
     t=161 pred=  4 left= 15  y=    53 vy= -186368 ay=  -26624
     t=162 pred=  3 left= 14  y=    49 vy= -212992 ay=  -26624
     t=163 pred=  3 left= 13  y=    49 vy= -212992 ay=  -26624
     t=164 pred=  3 left= 12  y=    49 vy= -212992 ay=  -26624
     t=165 pred=  3 left= 11  y=    49 vy= -212992 ay=  -26624
     t=166 pred=  3 left= 10  y=    49 vy= -212992 ay=  -26624
     t=167 pred=  3 left=  9  y=    49 vy= -212992 ay=  -26624
     t=168 pred=  3 left=  8  y=    49 vy= -212992 ay=  -26624
     t=169 pred=  3 left=  7  y=    49 vy= -212992 ay=  -26624
     t=170 pred=  3 left=  6  y=    49 vy= -212992 ay=  -26624
     t=171 pred=  3 left=  5  y=    49 vy= -212992 ay=  -26624
     t=172 pred=  3 left=  4  y=    49 vy= -212992 ay=  -26624
     t=173 pred=  3 left=  3  y=    49 vy= -212992 ay=  -26624
     t=174 pred=  2 left=  2  y=    46 vy= -239616 ay=  -26624
     t=175 pred=  1 left=  1  y=    42 vy= -266240 ay=  -26624
P2  landings=3  no_prediction_ticks=0
   err all : -70:1 -68:1 -66:1 -64:1 -62:1 -60:1 -58:1 -56:1 -54:1 -52:1 -50:1 -48:1 -46:1 -44:1 -43:1 -42:1 -41:1 -40:1 -39:1 -38:1 -37:1 -36:1 -35:1 -34:1 -33:1 +0:78
   err NEAR (made within 20 ticks of the landing): +0:51
   err far  (made earlier, can still be invalidated): -70:1 -68:1 -66:1 -64:1 -62:1 -60:1 -58:1 -56:1 -54:1 -52:1 -50:1 -48:1 -46:1 -44:1 -43:1 -42:1 -41:1 -40:1 -39:1 -38:1 -37:1 -36:1 -35:1 -34:1 -33:1 +0:27
   last descent, landed on tick 9:
     t=254 pred= 11 left= 11  y=    40 vy=  135168 ay=  -24576
     t=255 pred= 10 left= 10  y=    41 vy=  110592 ay=  -24576
     t=  0 pred=  9 left=  9  y=    43 vy=   86016 ay=  -24576
     t=  1 pred=  8 left=  8  y=    44 vy=   61440 ay=  -24576
     t=  2 pred=  7 left=  7  y=    44 vy=   36864 ay=  -24576
     t=  3 pred=  6 left=  6  y=    44 vy=   12288 ay=  -24576
     t=  4 pred=  5 left=  5  y=    44 vy=  -12288 ay=  -24576
     t=  5 pred=  4 left=  4  y=    44 vy=  -36864 ay=  -24576
     t=  6 pred=  3 left=  3  y=    43 vy=  -61440 ay=  -24576
     t=  7 pred=  2 left=  2  y=    41 vy=  -86016 ay=  -24576
     t=  8 pred=  1 left=  1  y=    40 vy= -110592 ay=  -24576
---- landing prediction ----
P1  landings=85  no_prediction_ticks=0
   err all : -45:7 -38:1 -36:1 -34:1 -32:1 -30:1 -29:9 -28:1 -26:1 -24:1 -22:40 -21:2 -20:3 -19:2 -18:3 -17:2 -16:3 -15:2 -14:3 -13:2 -12:3 -11:239 -10:29 -9:29 -8:29 -7:29 -6:29 -5:29 -4:29 -3:29 -2:29 -1:29 +0:1291 +5:234 +11:63 +16:225
   err NEAR (made within 20 ticks of the landing): -16:1 -14:1 -12:1 -11:168 -10:29 -9:29 -8:29 -7:29 -6:29 -5:29 -4:29 -3:29 -2:29 -1:29 +0:934 +11:63 +16:225
   err far  (made earlier, can still be invalidated): -45:7 -38:1 -36:1 -34:1 -32:1 -30:1 -29:9 -28:1 -26:1 -24:1 -22:40 -21:2 -20:3 -19:2 -18:3 -17:2 -16:2 -15:2 -14:2 -13:2 -12:2 -11:71 +0:357 +5:234
   last descent, landed on tick 250:
     t=219 pred= 36 left= 31  y=    40 vy=  245760 ay=  -13312
     t=220 pred= 35 left= 30  y=    43 vy=  232448 ay=  -13312
     t=221 pred= 34 left= 29  y=    46 vy=  219136 ay=  -13312
     t=222 pred= 33 left= 28  y=    50 vy=  205824 ay=  -13312
     t=223 pred= 32 left= 27  y=    52 vy=  192512 ay=  -13312
     t=224 pred= 31 left= 26  y=    55 vy=  179200 ay=  -13312
     t=225 pred= 30 left= 25  y=    58 vy=  165888 ay=  -13312
     t=226 pred= 29 left= 24  y=    60 vy=  152576 ay=  -13312
     t=227 pred= 28 left= 23  y=    62 vy=  139264 ay=  -13312
     t=228 pred= 11 left= 22  y=    64 vy=       0 ay=  -26624
     t=229 pred= 10 left= 21  y=    64 vy=  -26624 ay=  -26624
     t=230 pred=  9 left= 20  y=    63 vy=  -53248 ay=  -26624
     t=231 pred=  8 left= 19  y=    62 vy=  -79872 ay=  -26624
     t=232 pred=  7 left= 18  y=    60 vy= -106496 ay=  -26624
     t=233 pred=  6 left= 17  y=    58 vy= -133120 ay=  -26624
     t=234 pred=  5 left= 16  y=    56 vy= -159744 ay=  -26624
     t=235 pred=  4 left= 15  y=    53 vy= -186368 ay=  -26624
     t=236 pred=  4 left= 14  y=    53 vy= -186368 ay=  -26624
     t=237 pred=  4 left= 13  y=    53 vy= -186368 ay=  -26624
     t=238 pred=  4 left= 12  y=    53 vy= -186368 ay=  -26624
     t=239 pred=  4 left= 11  y=    53 vy= -186368 ay=  -26624
     t=240 pred=  4 left= 10  y=    53 vy= -186368 ay=  -26624
     t=241 pred=  4 left=  9  y=    53 vy= -186368 ay=  -26624
     t=242 pred=  4 left=  8  y=    53 vy= -186368 ay=  -26624
     t=243 pred=  4 left=  7  y=    53 vy= -186368 ay=  -26624
     t=244 pred=  4 left=  6  y=    53 vy= -186368 ay=  -26624
     t=245 pred=  4 left=  5  y=    53 vy= -186368 ay=  -26624
     t=246 pred=  4 left=  4  y=    53 vy= -186368 ay=  -26624
     t=247 pred=  3 left=  3  y=    49 vy= -212992 ay=  -26624
     t=248 pred=  2 left=  2  y=    46 vy= -239616 ay=  -26624
     t=249 pred=  1 left=  1  y=    42 vy= -266240 ay=  -26624
P2  landings=3  no_prediction_ticks=0
   err all : -70:1 -68:1 -66:1 -64:1 -62:1 -60:1 -58:1 -56:1 -54:1 -52:1 -50:1 -48:1 -46:1 -44:1 -43:1 -42:1 -41:1 -40:1 -39:1 -38:1 -37:1 -36:1 -35:1 -34:1 -33:1 +0:78
   err NEAR (made within 20 ticks of the landing): +0:51
   err far  (made earlier, can still be invalidated): -70:1 -68:1 -66:1 -64:1 -62:1 -60:1 -58:1 -56:1 -54:1 -52:1 -50:1 -48:1 -46:1 -44:1 -43:1 -42:1 -41:1 -40:1 -39:1 -38:1 -37:1 -36:1 -35:1 -34:1 -33:1 +0:27
   last descent, landed on tick 9:
     t=254 pred= 11 left= 11  y=    40 vy=  135168 ay=  -24576
     t=255 pred= 10 left= 10  y=    41 vy=  110592 ay=  -24576
     t=  0 pred=  9 left=  9  y=    43 vy=   86016 ay=  -24576
     t=  1 pred=  8 left=  8  y=    44 vy=   61440 ay=  -24576
     t=  2 pred=  7 left=  7  y=    44 vy=   36864 ay=  -24576
     t=  3 pred=  6 left=  6  y=    44 vy=   12288 ay=  -24576
     t=  4 pred=  5 left=  5  y=    44 vy=  -12288 ay=  -24576
     t=  5 pred=  4 left=  4  y=    44 vy=  -36864 ay=  -24576
     t=  6 pred=  3 left=  3  y=    43 vy=  -61440 ay=  -24576
     t=  7 pred=  2 left=  2  y=    41 vy=  -86016 ay=  -24576
     t=  8 pred=  1 left=  1  y=    40 vy= -110592 ay=  -24576
---- landing prediction ----
P1  landings=86  no_prediction_ticks=0
   err all : -45:7 -38:1 -36:1 -34:1 -32:1 -30:1 -29:9 -28:1 -26:1 -24:1 -22:40 -21:2 -20:3 -19:2 -18:3 -17:2 -16:3 -15:2 -14:3 -13:2 -12:3 -11:245 -10:30 -9:30 -8:30 -7:30 -6:30 -5:30 -4:30 -3:30 -2:30 -1:30 +0:1297 +5:243 +11:63 +16:225
   err NEAR (made within 20 ticks of the landing): -16:1 -14:1 -12:1 -11:172 -10:30 -9:30 -8:30 -7:30 -6:30 -5:30 -4:30 -3:30 -2:30 -1:30 +0:940 +11:63 +16:225
   err far  (made earlier, can still be invalidated): -45:7 -38:1 -36:1 -34:1 -32:1 -30:1 -29:9 -28:1 -26:1 -24:1 -22:40 -21:2 -20:3 -19:2 -18:3 -17:2 -16:2 -15:2 -14:2 -13:2 -12:2 -11:73 +0:357 +5:243
   last descent, landed on tick 28:
     t=253 pred= 36 left= 31  y=    40 vy=  245760 ay=  -13312
     t=254 pred= 35 left= 30  y=    43 vy=  232448 ay=  -13312
     t=255 pred= 34 left= 29  y=    46 vy=  219136 ay=  -13312
     t=  0 pred= 33 left= 28  y=    50 vy=  205824 ay=  -13312
     t=  1 pred= 32 left= 27  y=    52 vy=  192512 ay=  -13312
     t=  2 pred= 31 left= 26  y=    55 vy=  179200 ay=  -13312
     t=  3 pred= 30 left= 25  y=    58 vy=  165888 ay=  -13312
     t=  4 pred= 29 left= 24  y=    60 vy=  152576 ay=  -13312
     t=  5 pred= 28 left= 23  y=    62 vy=  139264 ay=  -13312
     t=  6 pred= 11 left= 22  y=    64 vy=       0 ay=  -26624
     t=  7 pred= 10 left= 21  y=    64 vy=  -26624 ay=  -26624
     t=  8 pred=  9 left= 20  y=    63 vy=  -53248 ay=  -26624
     t=  9 pred=  8 left= 19  y=    62 vy=  -79872 ay=  -26624
     t= 10 pred=  7 left= 18  y=    60 vy= -106496 ay=  -26624
     t= 11 pred=  6 left= 17  y=    58 vy= -133120 ay=  -26624
     t= 12 pred=  6 left= 16  y=    58 vy= -133120 ay=  -26624
     t= 13 pred=  6 left= 15  y=    58 vy= -133120 ay=  -26624
     t= 14 pred=  6 left= 14  y=    58 vy= -133120 ay=  -26624
     t= 15 pred=  6 left= 13  y=    58 vy= -133120 ay=  -26624
     t= 16 pred=  6 left= 12  y=    58 vy= -133120 ay=  -26624
     t= 17 pred=  6 left= 11  y=    58 vy= -133120 ay=  -26624
     t= 18 pred=  6 left= 10  y=    58 vy= -133120 ay=  -26624
     t= 19 pred=  6 left=  9  y=    58 vy= -133120 ay=  -26624
     t= 20 pred=  6 left=  8  y=    58 vy= -133120 ay=  -26624
     t= 21 pred=  6 left=  7  y=    58 vy= -133120 ay=  -26624
     t= 22 pred=  6 left=  6  y=    58 vy= -133120 ay=  -26624
     t= 23 pred=  5 left=  5  y=    56 vy= -159744 ay=  -26624
     t= 24 pred=  4 left=  4  y=    53 vy= -186368 ay=  -26624
     t= 25 pred=  3 left=  3  y=    49 vy= -212992 ay=  -26624
     t= 26 pred=  2 left=  2  y=    46 vy= -239616 ay=  -26624
     t= 27 pred=  1 left=  1  y=    42 vy= -266240 ay=  -26624
P2  landings=3  no_prediction_ticks=0
   err all : -70:1 -68:1 -66:1 -64:1 -62:1 -60:1 -58:1 -56:1 -54:1 -52:1 -50:1 -48:1 -46:1 -44:1 -43:1 -42:1 -41:1 -40:1 -39:1 -38:1 -37:1 -36:1 -35:1 -34:1 -33:1 +0:78
   err NEAR (made within 20 ticks of the landing): +0:51
   err far  (made earlier, can still be invalidated): -70:1 -68:1 -66:1 -64:1 -62:1 -60:1 -58:1 -56:1 -54:1 -52:1 -50:1 -48:1 -46:1 -44:1 -43:1 -42:1 -41:1 -40:1 -39:1 -38:1 -37:1 -36:1 -35:1 -34:1 -33:1 +0:27
   last descent, landed on tick 9:
     t=254 pred= 11 left= 11  y=    40 vy=  135168 ay=  -24576
     t=255 pred= 10 left= 10  y=    41 vy=  110592 ay=  -24576
     t=  0 pred=  9 left=  9  y=    43 vy=   86016 ay=  -24576
     t=  1 pred=  8 left=  8  y=    44 vy=   61440 ay=  -24576
     t=  2 pred=  7 left=  7  y=    44 vy=   36864 ay=  -24576
     t=  3 pred=  6 left=  6  y=    44 vy=   12288 ay=  -24576
     t=  4 pred=  5 left=  5  y=    44 vy=  -12288 ay=  -24576
     t=  5 pred=  4 left=  4  y=    44 vy=  -36864 ay=  -24576
     t=  6 pred=  3 left=  3  y=    43 vy=  -61440 ay=  -24576
     t=  7 pred=  2 left=  2  y=    41 vy=  -86016 ay=  -24576
     t=  8 pred=  1 left=  1  y=    40 vy= -110592 ay=  -24576
---- landing prediction ----
P1  landings=87  no_prediction_ticks=0
   err all : -45:7 -38:1 -36:1 -34:1 -32:1 -30:1 -29:9 -28:1 -26:1 -24:1 -22:40 -21:2 -20:3 -19:2 -18:3 -17:2 -16:3 -15:2 -14:3 -13:2 -12:3 -11:245 -10:30 -9:30 -8:30 -7:30 -6:30 -5:30 -4:30 -3:30 -2:30 -1:30 +0:1335 +5:243 +11:63 +16:225
   err NEAR (made within 20 ticks of the landing): -16:1 -14:1 -12:1 -11:172 -10:30 -9:30 -8:30 -7:30 -6:30 -5:30 -4:30 -3:30 -2:30 -1:30 +0:960 +11:63 +16:225
   err far  (made earlier, can still be invalidated): -45:7 -38:1 -36:1 -34:1 -32:1 -30:1 -29:9 -28:1 -26:1 -24:1 -22:40 -21:2 -20:3 -19:2 -18:3 -17:2 -16:2 -15:2 -14:2 -13:2 -12:2 -11:73 +0:375 +5:243
   last descent, landed on tick 110:
     t= 72 pred= 38 left= 38  y=    40 vy=  622592 ay=  -32000
     t= 73 pred= 37 left= 37  y=    49 vy=  590592 ay=  -32000
     t= 74 pred= 36 left= 36  y=    57 vy=  558592 ay=  -32000
     t= 75 pred= 35 left= 35  y=    65 vy=  526592 ay=  -32000
     t= 76 pred= 34 left= 34  y=    73 vy=  494592 ay=  -32000
     t= 77 pred= 33 left= 33  y=    80 vy=  462592 ay=  -32000
     t= 78 pred= 32 left= 32  y=    86 vy=  430592 ay=  -32000
     t= 79 pred= 31 left= 31  y=    92 vy=  398592 ay=  -32000
     t= 80 pred= 30 left= 30  y=    98 vy=  366592 ay=  -32000
     t= 81 pred= 29 left= 29  y=   103 vy=  334592 ay=  -32000
     t= 82 pred= 28 left= 28  y=   108 vy=  302592 ay=  -32000
     t= 83 pred= 27 left= 27  y=   112 vy=  270592 ay=  -32000
     t= 84 pred= 26 left= 26  y=   115 vy=  238592 ay=  -32000
     t= 85 pred= 25 left= 25  y=   119 vy=  206592 ay=  -32000
     t= 86 pred= 24 left= 24  y=   121 vy=  174592 ay=  -32000
     t= 87 pred= 23 left= 23  y=   123 vy=  142592 ay=  -32000
     t= 88 pred= 22 left= 22  y=   125 vy=  110592 ay=  -32000
     t= 89 pred= 21 left= 21  y=   126 vy=   78592 ay=  -32000
     t= 90 pred= 20 left= 20  y=   127 vy=   46592 ay=  -32000
     t= 91 pred= 19 left= 19  y=   127 vy=   14592 ay=  -32000
     t= 92 pred= 18 left= 18  y=   127 vy=  -17408 ay=  -32000
     t= 93 pred= 17 left= 17  y=   126 vy=  -49408 ay=  -32000
     t= 94 pred= 16 left= 16  y=   125 vy=  -81408 ay=  -32000
     t= 95 pred= 15 left= 15  y=   123 vy= -113408 ay=  -32000
     t= 96 pred= 14 left= 14  y=   121 vy= -145408 ay=  -32000
     t= 97 pred= 13 left= 13  y=   118 vy= -177408 ay=  -32000
     t= 98 pred= 12 left= 12  y=   115 vy= -209408 ay=  -32000
     t= 99 pred= 11 left= 11  y=   111 vy= -241408 ay=  -32000
     t=100 pred= 10 left= 10  y=   107 vy= -273408 ay=  -32000
     t=101 pred=  9 left=  9  y=   103 vy= -305408 ay=  -32000
     t=102 pred=  8 left=  8  y=    97 vy= -337408 ay=  -32000
     t=103 pred=  7 left=  7  y=    92 vy= -369408 ay=  -32000
     t=104 pred=  6 left=  6  y=    86 vy= -401408 ay=  -32000
     t=105 pred=  5 left=  5  y=    79 vy= -433408 ay=  -32000
     t=106 pred=  4 left=  4  y=    72 vy= -465408 ay=  -32000
     t=107 pred=  3 left=  3  y=    64 vy= -497408 ay=  -32000
     t=108 pred=  2 left=  2  y=    56 vy= -529408 ay=  -32000
     t=109 pred=  1 left=  1  y=    48 vy= -561408 ay=  -32000
P2  landings=3  no_prediction_ticks=0
   err all : -70:1 -68:1 -66:1 -64:1 -62:1 -60:1 -58:1 -56:1 -54:1 -52:1 -50:1 -48:1 -46:1 -44:1 -43:1 -42:1 -41:1 -40:1 -39:1 -38:1 -37:1 -36:1 -35:1 -34:1 -33:1 +0:78
   err NEAR (made within 20 ticks of the landing): +0:51
   err far  (made earlier, can still be invalidated): -70:1 -68:1 -66:1 -64:1 -62:1 -60:1 -58:1 -56:1 -54:1 -52:1 -50:1 -48:1 -46:1 -44:1 -43:1 -42:1 -41:1 -40:1 -39:1 -38:1 -37:1 -36:1 -35:1 -34:1 -33:1 +0:27
   last descent, landed on tick 9:
     t=254 pred= 11 left= 11  y=    40 vy=  135168 ay=  -24576
     t=255 pred= 10 left= 10  y=    41 vy=  110592 ay=  -24576
     t=  0 pred=  9 left=  9  y=    43 vy=   86016 ay=  -24576
     t=  1 pred=  8 left=  8  y=    44 vy=   61440 ay=  -24576
     t=  2 pred=  7 left=  7  y=    44 vy=   36864 ay=  -24576
     t=  3 pred=  6 left=  6  y=    44 vy=   12288 ay=  -24576
     t=  4 pred=  5 left=  5  y=    44 vy=  -12288 ay=  -24576
     t=  5 pred=  4 left=  4  y=    44 vy=  -36864 ay=  -24576
     t=  6 pred=  3 left=  3  y=    43 vy=  -61440 ay=  -24576
     t=  7 pred=  2 left=  2  y=    41 vy=  -86016 ay=  -24576
     t=  8 pred=  1 left=  1  y=    40 vy= -110592 ay=  -24576
---- landing prediction ----
P1  landings=88  no_prediction_ticks=0
   err all : -45:7 -38:1 -36:1 -34:1 -32:1 -30:1 -29:9 -28:1 -26:1 -24:1 -22:64 -21:3 -20:4 -19:3 -18:4 -17:3 -16:4 -15:3 -14:4 -13:3 -12:4 -11:256 -10:31 -9:31 -8:31 -7:31 -6:31 -5:31 -4:31 -3:31 -2:31 -1:31 +0:1340 +5:243 +11:63 +16:225
   err NEAR (made within 20 ticks of the landing): -16:1 -14:1 -12:1 -11:177 -10:31 -9:31 -8:31 -7:31 -6:31 -5:31 -4:31 -3:31 -2:31 -1:31 +0:965 +11:63 +16:225
   err far  (made earlier, can still be invalidated): -45:7 -38:1 -36:1 -34:1 -32:1 -30:1 -29:9 -28:1 -26:1 -24:1 -22:64 -21:3 -20:4 -19:3 -18:4 -17:3 -16:3 -15:3 -14:3 -13:3 -12:3 -11:79 +0:375 +5:243
   last descent, landed on tick 192:
     t=132 pred= 38 left= 60  y=    40 vy=  614400 ay=  -32000
     t=133 pred= 37 left= 59  y=    48 vy=  582400 ay=  -32000
     t=134 pred= 36 left= 58  y=    57 vy=  550400 ay=  -32000
     t=135 pred= 35 left= 57  y=    65 vy=  518400 ay=  -32000
     t=136 pred= 34 left= 56  y=    72 vy=  486400 ay=  -32000
     t=137 pred= 33 left= 55  y=    79 vy=  454400 ay=  -32000
     t=138 pred= 32 left= 54  y=    85 vy=  422400 ay=  -32000
     t=139 pred= 31 left= 53  y=    91 vy=  390400 ay=  -32000
     t=140 pred= 30 left= 52  y=    97 vy=  358400 ay=  -32000
     t=141 pred= 29 left= 51  y=   102 vy=  326400 ay=  -32000
     t=142 pred= 28 left= 50  y=   106 vy=  294400 ay=  -32000
     t=143 pred= 27 left= 49  y=   110 vy=  262400 ay=  -32000
     t=144 pred= 26 left= 48  y=   114 vy=  230400 ay=  -32000
     t=145 pred= 25 left= 47  y=   117 vy=  198400 ay=  -32000
     t=146 pred= 24 left= 46  y=   119 vy=  166400 ay=  -32000
     t=147 pred= 23 left= 45  y=   122 vy=  134400 ay=  -32000
     t=148 pred= 22 left= 44  y=   123 vy=  102400 ay=  -32000
     t=149 pred= 21 left= 43  y=   124 vy=   70400 ay=  -32000
     t=150 pred= 20 left= 42  y=   125 vy=   38400 ay=  -32000
     t=151 pred= 19 left= 41  y=   125 vy=    6400 ay=  -32000
     t=152 pred= 18 left= 40  y=   124 vy=  -25600 ay=  -32000
     t=153 pred= 17 left= 39  y=   124 vy=  -57600 ay=  -32000
     t=154 pred= 16 left= 38  y=   122 vy=  -89600 ay=  -32000
     t=155 pred= 15 left= 37  y=   120 vy= -121600 ay=  -32000
     t=156 pred= 15 left= 36  y=   120 vy= -121600 ay=  -32000
     t=157 pred= 15 left= 35  y=   120 vy= -121600 ay=  -32000
     t=158 pred= 15 left= 34  y=   120 vy= -121600 ay=  -32000
     t=159 pred= 15 left= 33  y=   120 vy= -121600 ay=  -32000
     t=160 pred= 15 left= 32  y=   120 vy= -121600 ay=  -32000
     t=161 pred= 15 left= 31  y=   120 vy= -121600 ay=  -32000
     t=162 pred= 15 left= 30  y=   120 vy= -121600 ay=  -32000
     t=163 pred= 15 left= 29  y=   120 vy= -121600 ay=  -32000
     t=164 pred= 15 left= 28  y=   120 vy= -121600 ay=  -32000
     t=165 pred= 15 left= 27  y=   120 vy= -121600 ay=  -32000
     t=166 pred= 15 left= 26  y=   120 vy= -121600 ay=  -32000
     t=167 pred= 14 left= 25  y=   118 vy= -153600 ay=  -32000
     t=168 pred= 13 left= 24  y=   115 vy= -185600 ay=  -32000
     t=169 pred= 12 left= 23  y=   112 vy= -217600 ay=  -32000
     t=170 pred= 11 left= 22  y=   108 vy= -249600 ay=  -32000
     t=171 pred= 10 left= 21  y=   104 vy= -281600 ay=  -32000
P2  landings=3  no_prediction_ticks=0
   err all : -70:1 -68:1 -66:1 -64:1 -62:1 -60:1 -58:1 -56:1 -54:1 -52:1 -50:1 -48:1 -46:1 -44:1 -43:1 -42:1 -41:1 -40:1 -39:1 -38:1 -37:1 -36:1 -35:1 -34:1 -33:1 +0:78
   err NEAR (made within 20 ticks of the landing): +0:51
   err far  (made earlier, can still be invalidated): -70:1 -68:1 -66:1 -64:1 -62:1 -60:1 -58:1 -56:1 -54:1 -52:1 -50:1 -48:1 -46:1 -44:1 -43:1 -42:1 -41:1 -40:1 -39:1 -38:1 -37:1 -36:1 -35:1 -34:1 -33:1 +0:27
   last descent, landed on tick 9:
     t=254 pred= 11 left= 11  y=    40 vy=  135168 ay=  -24576
     t=255 pred= 10 left= 10  y=    41 vy=  110592 ay=  -24576
     t=  0 pred=  9 left=  9  y=    43 vy=   86016 ay=  -24576
     t=  1 pred=  8 left=  8  y=    44 vy=   61440 ay=  -24576
     t=  2 pred=  7 left=  7  y=    44 vy=   36864 ay=  -24576
     t=  3 pred=  6 left=  6  y=    44 vy=   12288 ay=  -24576
     t=  4 pred=  5 left=  5  y=    44 vy=  -12288 ay=  -24576
     t=  5 pred=  4 left=  4  y=    44 vy=  -36864 ay=  -24576
     t=  6 pred=  3 left=  3  y=    43 vy=  -61440 ay=  -24576
     t=  7 pred=  2 left=  2  y=    41 vy=  -86016 ay=  -24576
     t=  8 pred=  1 left=  1  y=    40 vy= -110592 ay=  -24576
---- landing prediction ----
P1  landings=89  no_prediction_ticks=0
   err all : -45:7 -38:1 -36:1 -34:1 -32:1 -30:1 -29:9 -28:1 -26:1 -24:1 -22:64 -21:3 -20:4 -19:3 -18:4 -17:3 -16:4 -15:3 -14:4 -13:3 -12:4 -11:263 -10:32 -9:32 -8:32 -7:32 -6:32 -5:32 -4:32 -3:32 -2:32 -1:32 +0:1345 +5:252 +11:63 +16:225
   err NEAR (made within 20 ticks of the landing): -16:1 -14:1 -12:1 -11:182 -10:32 -9:32 -8:32 -7:32 -6:32 -5:32 -4:32 -3:32 -2:32 -1:32 +0:970 +11:63 +16:225
   err far  (made earlier, can still be invalidated): -45:7 -38:1 -36:1 -34:1 -32:1 -30:1 -29:9 -28:1 -26:1 -24:1 -22:64 -21:3 -20:4 -19:3 -18:4 -17:3 -16:3 -15:3 -14:3 -13:3 -12:3 -11:81 +0:375 +5:252
   last descent, landed on tick 230:
     t=199 pred= 36 left= 31  y=    40 vy=  245760 ay=  -13312
     t=200 pred= 35 left= 30  y=    43 vy=  232448 ay=  -13312
     t=201 pred= 34 left= 29  y=    46 vy=  219136 ay=  -13312
     t=202 pred= 33 left= 28  y=    50 vy=  205824 ay=  -13312
     t=203 pred= 32 left= 27  y=    52 vy=  192512 ay=  -13312
     t=204 pred= 31 left= 26  y=    55 vy=  179200 ay=  -13312
     t=205 pred= 30 left= 25  y=    58 vy=  165888 ay=  -13312
     t=206 pred= 29 left= 24  y=    60 vy=  152576 ay=  -13312
     t=207 pred= 28 left= 23  y=    62 vy=  139264 ay=  -13312
     t=208 pred= 11 left= 22  y=    64 vy=       0 ay=  -26624
     t=209 pred= 10 left= 21  y=    64 vy=  -26624 ay=  -26624
     t=210 pred=  9 left= 20  y=    63 vy=  -53248 ay=  -26624
     t=211 pred=  8 left= 19  y=    62 vy=  -79872 ay=  -26624
     t=212 pred=  7 left= 18  y=    60 vy= -106496 ay=  -26624
     t=213 pred=  6 left= 17  y=    58 vy= -133120 ay=  -26624
     t=214 pred=  5 left= 16  y=    56 vy= -159744 ay=  -26624
     t=215 pred=  5 left= 15  y=    56 vy= -159744 ay=  -26624
     t=216 pred=  5 left= 14  y=    56 vy= -159744 ay=  -26624
     t=217 pred=  5 left= 13  y=    56 vy= -159744 ay=  -26624
     t=218 pred=  5 left= 12  y=    56 vy= -159744 ay=  -26624
     t=219 pred=  5 left= 11  y=    56 vy= -159744 ay=  -26624
     t=220 pred=  5 left= 10  y=    56 vy= -159744 ay=  -26624
     t=221 pred=  5 left=  9  y=    56 vy= -159744 ay=  -26624
     t=222 pred=  5 left=  8  y=    56 vy= -159744 ay=  -26624
     t=223 pred=  5 left=  7  y=    56 vy= -159744 ay=  -26624
     t=224 pred=  5 left=  6  y=    56 vy= -159744 ay=  -26624
     t=225 pred=  5 left=  5  y=    56 vy= -159744 ay=  -26624
     t=226 pred=  4 left=  4  y=    53 vy= -186368 ay=  -26624
     t=227 pred=  3 left=  3  y=    49 vy= -212992 ay=  -26624
     t=228 pred=  2 left=  2  y=    46 vy= -239616 ay=  -26624
     t=229 pred=  1 left=  1  y=    42 vy= -266240 ay=  -26624
P2  landings=3  no_prediction_ticks=0
   err all : -70:1 -68:1 -66:1 -64:1 -62:1 -60:1 -58:1 -56:1 -54:1 -52:1 -50:1 -48:1 -46:1 -44:1 -43:1 -42:1 -41:1 -40:1 -39:1 -38:1 -37:1 -36:1 -35:1 -34:1 -33:1 +0:78
   err NEAR (made within 20 ticks of the landing): +0:51
   err far  (made earlier, can still be invalidated): -70:1 -68:1 -66:1 -64:1 -62:1 -60:1 -58:1 -56:1 -54:1 -52:1 -50:1 -48:1 -46:1 -44:1 -43:1 -42:1 -41:1 -40:1 -39:1 -38:1 -37:1 -36:1 -35:1 -34:1 -33:1 +0:27
   last descent, landed on tick 9:
     t=254 pred= 11 left= 11  y=    40 vy=  135168 ay=  -24576
     t=255 pred= 10 left= 10  y=    41 vy=  110592 ay=  -24576
     t=  0 pred=  9 left=  9  y=    43 vy=   86016 ay=  -24576
     t=  1 pred=  8 left=  8  y=    44 vy=   61440 ay=  -24576
     t=  2 pred=  7 left=  7  y=    44 vy=   36864 ay=  -24576
     t=  3 pred=  6 left=  6  y=    44 vy=   12288 ay=  -24576
     t=  4 pred=  5 left=  5  y=    44 vy=  -12288 ay=  -24576
     t=  5 pred=  4 left=  4  y=    44 vy=  -36864 ay=  -24576
     t=  6 pred=  3 left=  3  y=    43 vy=  -61440 ay=  -24576
     t=  7 pred=  2 left=  2  y=    41 vy=  -86016 ay=  -24576
     t=  8 pred=  1 left=  1  y=    40 vy= -110592 ay=  -24576
---- landing prediction ----
P1  landings=90  no_prediction_ticks=0
   err all : -45:7 -38:1 -36:1 -34:1 -32:1 -30:1 -29:9 -28:1 -26:1 -24:1 -22:64 -21:3 -20:4 -19:3 -18:4 -17:3 -16:4 -15:3 -14:4 -13:3 -12:4 -11:272 -10:33 -9:33 -8:33 -7:33 -6:33 -5:33 -4:33 -3:33 -2:33 -1:33 +0:1348 +5:261 +11:63 +16:225
   err NEAR (made within 20 ticks of the landing): -16:1 -14:1 -12:1 -11:189 -10:33 -9:33 -8:33 -7:33 -6:33 -5:33 -4:33 -3:33 -2:33 -1:33 +0:973 +11:63 +16:225
   err far  (made earlier, can still be invalidated): -45:7 -38:1 -36:1 -34:1 -32:1 -30:1 -29:9 -28:1 -26:1 -24:1 -22:64 -21:3 -20:4 -19:3 -18:4 -17:3 -16:3 -15:3 -14:3 -13:3 -12:3 -11:83 +0:375 +5:261
   last descent, landed on tick 8:
     t=233 pred= 36 left= 31  y=    40 vy=  245760 ay=  -13312
     t=234 pred= 35 left= 30  y=    43 vy=  232448 ay=  -13312
     t=235 pred= 34 left= 29  y=    46 vy=  219136 ay=  -13312
     t=236 pred= 33 left= 28  y=    50 vy=  205824 ay=  -13312
     t=237 pred= 32 left= 27  y=    52 vy=  192512 ay=  -13312
     t=238 pred= 31 left= 26  y=    55 vy=  179200 ay=  -13312
     t=239 pred= 30 left= 25  y=    58 vy=  165888 ay=  -13312
     t=240 pred= 29 left= 24  y=    60 vy=  152576 ay=  -13312
     t=241 pred= 28 left= 23  y=    62 vy=  139264 ay=  -13312
     t=242 pred= 11 left= 22  y=    64 vy=       0 ay=  -26624
     t=243 pred= 10 left= 21  y=    64 vy=  -26624 ay=  -26624
     t=244 pred=  9 left= 20  y=    63 vy=  -53248 ay=  -26624
     t=245 pred=  8 left= 19  y=    62 vy=  -79872 ay=  -26624
     t=246 pred=  7 left= 18  y=    60 vy= -106496 ay=  -26624
     t=247 pred=  6 left= 17  y=    58 vy= -133120 ay=  -26624
     t=248 pred=  5 left= 16  y=    56 vy= -159744 ay=  -26624
     t=249 pred=  4 left= 15  y=    53 vy= -186368 ay=  -26624
     t=250 pred=  3 left= 14  y=    49 vy= -212992 ay=  -26624
     t=251 pred=  3 left= 13  y=    49 vy= -212992 ay=  -26624
     t=252 pred=  3 left= 12  y=    49 vy= -212992 ay=  -26624
     t=253 pred=  3 left= 11  y=    49 vy= -212992 ay=  -26624
     t=254 pred=  3 left= 10  y=    49 vy= -212992 ay=  -26624
     t=255 pred=  3 left=  9  y=    49 vy= -212992 ay=  -26624
     t=  0 pred=  3 left=  8  y=    49 vy= -212992 ay=  -26624
     t=  1 pred=  3 left=  7  y=    49 vy= -212992 ay=  -26624
     t=  2 pred=  3 left=  6  y=    49 vy= -212992 ay=  -26624
     t=  3 pred=  3 left=  5  y=    49 vy= -212992 ay=  -26624
     t=  4 pred=  3 left=  4  y=    49 vy= -212992 ay=  -26624
     t=  5 pred=  3 left=  3  y=    49 vy= -212992 ay=  -26624
     t=  6 pred=  2 left=  2  y=    46 vy= -239616 ay=  -26624
     t=  7 pred=  1 left=  1  y=    42 vy= -266240 ay=  -26624
P2  landings=3  no_prediction_ticks=0
   err all : -70:1 -68:1 -66:1 -64:1 -62:1 -60:1 -58:1 -56:1 -54:1 -52:1 -50:1 -48:1 -46:1 -44:1 -43:1 -42:1 -41:1 -40:1 -39:1 -38:1 -37:1 -36:1 -35:1 -34:1 -33:1 +0:78
   err NEAR (made within 20 ticks of the landing): +0:51
   err far  (made earlier, can still be invalidated): -70:1 -68:1 -66:1 -64:1 -62:1 -60:1 -58:1 -56:1 -54:1 -52:1 -50:1 -48:1 -46:1 -44:1 -43:1 -42:1 -41:1 -40:1 -39:1 -38:1 -37:1 -36:1 -35:1 -34:1 -33:1 +0:27
   last descent, landed on tick 9:
     t=254 pred= 11 left= 11  y=    40 vy=  135168 ay=  -24576
     t=255 pred= 10 left= 10  y=    41 vy=  110592 ay=  -24576
     t=  0 pred=  9 left=  9  y=    43 vy=   86016 ay=  -24576
     t=  1 pred=  8 left=  8  y=    44 vy=   61440 ay=  -24576
     t=  2 pred=  7 left=  7  y=    44 vy=   36864 ay=  -24576
     t=  3 pred=  6 left=  6  y=    44 vy=   12288 ay=  -24576
     t=  4 pred=  5 left=  5  y=    44 vy=  -12288 ay=  -24576
     t=  5 pred=  4 left=  4  y=    44 vy=  -36864 ay=  -24576
     t=  6 pred=  3 left=  3  y=    43 vy=  -61440 ay=  -24576
     t=  7 pred=  2 left=  2  y=    41 vy=  -86016 ay=  -24576
     t=  8 pred=  1 left=  1  y=    40 vy= -110592 ay=  -24576
---- landing prediction ----
P1  landings=91  no_prediction_ticks=0
   err all : -45:7 -38:1 -36:1 -34:1 -32:1 -30:1 -29:9 -28:1 -26:1 -24:1 -22:64 -21:3 -20:4 -19:3 -18:4 -17:3 -16:4 -15:3 -14:4 -13:3 -12:4 -11:272 -10:33 -9:33 -8:33 -7:33 -6:33 -5:33 -4:33 -3:33 -2:33 -1:33 +0:1387 +5:261 +11:63 +16:225
   err NEAR (made within 20 ticks of the landing): -16:1 -14:1 -12:1 -11:189 -10:33 -9:33 -8:33 -7:33 -6:33 -5:33 -4:33 -3:33 -2:33 -1:33 +0:993 +11:63 +16:225
   err far  (made earlier, can still be invalidated): -45:7 -38:1 -36:1 -34:1 -32:1 -30:1 -29:9 -28:1 -26:1 -24:1 -22:64 -21:3 -20:4 -19:3 -18:4 -17:3 -16:3 -15:3 -14:3 -13:3 -12:3 -11:83 +0:394 +5:261
   last descent, landed on tick 56:
     t= 17 pred= 39 left= 39  y=    40 vy=  630784 ay=  -32000
     t= 18 pred= 38 left= 38  y=    49 vy=  598784 ay=  -32000
     t= 19 pred= 37 left= 37  y=    57 vy=  566784 ay=  -32000
     t= 20 pred= 36 left= 36  y=    65 vy=  534784 ay=  -32000
     t= 21 pred= 35 left= 35  y=    73 vy=  502784 ay=  -32000
     t= 22 pred= 34 left= 34  y=    80 vy=  470784 ay=  -32000
     t= 23 pred= 33 left= 33  y=    87 vy=  438784 ay=  -32000
     t= 24 pred= 32 left= 32  y=    93 vy=  406784 ay=  -32000
     t= 25 pred= 31 left= 31  y=    99 vy=  374784 ay=  -32000
     t= 26 pred= 30 left= 30  y=   104 vy=  342784 ay=  -32000
     t= 27 pred= 29 left= 29  y=   109 vy=  310784 ay=  -32000
     t= 28 pred= 28 left= 28  y=   113 vy=  278784 ay=  -32000
     t= 29 pred= 27 left= 27  y=   117 vy=  246784 ay=  -32000
     t= 30 pred= 26 left= 26  y=   120 vy=  214784 ay=  -32000
     t= 31 pred= 25 left= 25  y=   123 vy=  182784 ay=  -32000
     t= 32 pred= 24 left= 24  y=   125 vy=  150784 ay=  -32000
     t= 33 pred= 23 left= 23  y=   127 vy=  118784 ay=  -32000
     t= 34 pred= 22 left= 22  y=   128 vy=   86784 ay=  -32000
     t= 35 pred= 21 left= 21  y=   129 vy=   54784 ay=  -32000
     t= 36 pred= 20 left= 20  y=   130 vy=   22784 ay=  -32000
     t= 37 pred= 19 left= 19  y=   129 vy=   -9216 ay=  -32000
     t= 38 pred= 18 left= 18  y=   129 vy=  -41216 ay=  -32000
     t= 39 pred= 17 left= 17  y=   128 vy=  -73216 ay=  -32000
     t= 40 pred= 16 left= 16  y=   126 vy= -105216 ay=  -32000
     t= 41 pred= 15 left= 15  y=   124 vy= -137216 ay=  -32000
     t= 42 pred= 14 left= 14  y=   121 vy= -169216 ay=  -32000
     t= 43 pred= 13 left= 13  y=   118 vy= -201216 ay=  -32000
     t= 44 pred= 12 left= 12  y=   115 vy= -233216 ay=  -32000
     t= 45 pred= 11 left= 11  y=   111 vy= -265216 ay=  -32000
     t= 46 pred= 10 left= 10  y=   106 vy= -297216 ay=  -32000
     t= 47 pred=  9 left=  9  y=   101 vy= -329216 ay=  -32000
     t= 48 pred=  8 left=  8  y=    96 vy= -361216 ay=  -32000
     t= 49 pred=  7 left=  7  y=    90 vy= -393216 ay=  -32000
     t= 50 pred=  6 left=  6  y=    83 vy= -425216 ay=  -32000
     t= 51 pred=  5 left=  5  y=    76 vy= -457216 ay=  -32000
     t= 52 pred=  4 left=  4  y=    69 vy= -489216 ay=  -32000
     t= 53 pred=  3 left=  3  y=    61 vy= -521216 ay=  -32000
     t= 54 pred=  2 left=  2  y=    52 vy= -553216 ay=  -32000
     t= 55 pred=  1 left=  1  y=    43 vy= -585216 ay=  -32000
P2  landings=3  no_prediction_ticks=0
   err all : -70:1 -68:1 -66:1 -64:1 -62:1 -60:1 -58:1 -56:1 -54:1 -52:1 -50:1 -48:1 -46:1 -44:1 -43:1 -42:1 -41:1 -40:1 -39:1 -38:1 -37:1 -36:1 -35:1 -34:1 -33:1 +0:78
   err NEAR (made within 20 ticks of the landing): +0:51
   err far  (made earlier, can still be invalidated): -70:1 -68:1 -66:1 -64:1 -62:1 -60:1 -58:1 -56:1 -54:1 -52:1 -50:1 -48:1 -46:1 -44:1 -43:1 -42:1 -41:1 -40:1 -39:1 -38:1 -37:1 -36:1 -35:1 -34:1 -33:1 +0:27
   last descent, landed on tick 9:
     t=254 pred= 11 left= 11  y=    40 vy=  135168 ay=  -24576
     t=255 pred= 10 left= 10  y=    41 vy=  110592 ay=  -24576
     t=  0 pred=  9 left=  9  y=    43 vy=   86016 ay=  -24576
     t=  1 pred=  8 left=  8  y=    44 vy=   61440 ay=  -24576
     t=  2 pred=  7 left=  7  y=    44 vy=   36864 ay=  -24576
     t=  3 pred=  6 left=  6  y=    44 vy=   12288 ay=  -24576
     t=  4 pred=  5 left=  5  y=    44 vy=  -12288 ay=  -24576
     t=  5 pred=  4 left=  4  y=    44 vy=  -36864 ay=  -24576
     t=  6 pred=  3 left=  3  y=    43 vy=  -61440 ay=  -24576
     t=  7 pred=  2 left=  2  y=    41 vy=  -86016 ay=  -24576
     t=  8 pred=  1 left=  1  y=    40 vy= -110592 ay=  -24576
---- landing prediction ----
P1  landings=92  no_prediction_ticks=0
   err all : -45:7 -38:1 -36:1 -34:1 -32:1 -30:1 -29:9 -28:1 -26:1 -24:1 -22:64 -21:3 -20:4 -19:3 -18:4 -17:3 -16:4 -15:3 -14:4 -13:3 -12:4 -11:272 -10:33 -9:33 -8:33 -7:33 -6:33 -5:33 -4:33 -3:33 -2:33 -1:33 +0:1398 +5:261 +11:63 +16:234
   err NEAR (made within 20 ticks of the landing): -16:1 -14:1 -12:1 -11:189 -10:33 -9:33 -8:33 -7:33 -6:33 -5:33 -4:33 -3:33 -2:33 -1:33 +0:1004 +11:63 +16:234
   err far  (made earlier, can still be invalidated): -45:7 -38:1 -36:1 -34:1 -32:1 -30:1 -29:9 -28:1 -26:1 -24:1 -22:64 -21:3 -20:4 -19:3 -18:4 -17:3 -16:3 -15:3 -14:3 -13:3 -12:3 -11:83 +0:394 +5:261
   last descent, landed on tick 87:
     t= 67 pred= 36 left= 20  y=    40 vy=  245760 ay=  -13312
     t= 68 pred= 35 left= 19  y=    43 vy=  232448 ay=  -13312
     t= 69 pred= 34 left= 18  y=    46 vy=  219136 ay=  -13312
     t= 70 pred= 33 left= 17  y=    50 vy=  205824 ay=  -13312
     t= 71 pred= 32 left= 16  y=    52 vy=  192512 ay=  -13312
     t= 72 pred= 31 left= 15  y=    55 vy=  179200 ay=  -13312
     t= 73 pred= 30 left= 14  y=    58 vy=  165888 ay=  -13312
     t= 74 pred= 29 left= 13  y=    60 vy=  152576 ay=  -13312
     t= 75 pred= 28 left= 12  y=    62 vy=  139264 ay=  -13312
     t= 76 pred= 11 left= 11  y=    64 vy=       0 ay=  -26624
     t= 77 pred= 10 left= 10  y=    64 vy=  -26624 ay=  -26624
     t= 78 pred=  9 left=  9  y=    63 vy=  -53248 ay=  -26624
     t= 79 pred=  8 left=  8  y=    62 vy=  -79872 ay=  -26624
     t= 80 pred=  7 left=  7  y=    60 vy= -106496 ay=  -26624
     t= 81 pred=  6 left=  6  y=    58 vy= -133120 ay=  -26624
     t= 82 pred=  5 left=  5  y=    56 vy= -159744 ay=  -26624
     t= 83 pred=  4 left=  4  y=    53 vy= -186368 ay=  -26624
     t= 84 pred=  3 left=  3  y=    49 vy= -212992 ay=  -26624
     t= 85 pred=  2 left=  2  y=    46 vy= -239616 ay=  -26624
     t= 86 pred=  1 left=  1  y=    42 vy= -266240 ay=  -26624
P2  landings=3  no_prediction_ticks=0
   err all : -70:1 -68:1 -66:1 -64:1 -62:1 -60:1 -58:1 -56:1 -54:1 -52:1 -50:1 -48:1 -46:1 -44:1 -43:1 -42:1 -41:1 -40:1 -39:1 -38:1 -37:1 -36:1 -35:1 -34:1 -33:1 +0:78
   err NEAR (made within 20 ticks of the landing): +0:51
   err far  (made earlier, can still be invalidated): -70:1 -68:1 -66:1 -64:1 -62:1 -60:1 -58:1 -56:1 -54:1 -52:1 -50:1 -48:1 -46:1 -44:1 -43:1 -42:1 -41:1 -40:1 -39:1 -38:1 -37:1 -36:1 -35:1 -34:1 -33:1 +0:27
   last descent, landed on tick 9:
     t=254 pred= 11 left= 11  y=    40 vy=  135168 ay=  -24576
     t=255 pred= 10 left= 10  y=    41 vy=  110592 ay=  -24576
     t=  0 pred=  9 left=  9  y=    43 vy=   86016 ay=  -24576
     t=  1 pred=  8 left=  8  y=    44 vy=   61440 ay=  -24576
     t=  2 pred=  7 left=  7  y=    44 vy=   36864 ay=  -24576
     t=  3 pred=  6 left=  6  y=    44 vy=   12288 ay=  -24576
     t=  4 pred=  5 left=  5  y=    44 vy=  -12288 ay=  -24576
     t=  5 pred=  4 left=  4  y=    44 vy=  -36864 ay=  -24576
     t=  6 pred=  3 left=  3  y=    43 vy=  -61440 ay=  -24576
     t=  7 pred=  2 left=  2  y=    41 vy=  -86016 ay=  -24576
     t=  8 pred=  1 left=  1  y=    40 vy= -110592 ay=  -24576
---- landing prediction ----
P1  landings=93  no_prediction_ticks=0
   err all : -45:7 -38:1 -36:1 -34:1 -32:1 -30:1 -29:9 -28:1 -26:1 -24:1 -22:64 -21:3 -20:4 -19:3 -18:4 -17:3 -16:4 -15:3 -14:4 -13:3 -12:4 -11:279 -10:34 -9:34 -8:34 -7:34 -6:34 -5:34 -4:34 -3:34 -2:34 -1:34 +0:1403 +5:270 +11:63 +16:234
   err NEAR (made within 20 ticks of the landing): -16:1 -14:1 -12:1 -11:194 -10:34 -9:34 -8:34 -7:34 -6:34 -5:34 -4:34 -3:34 -2:34 -1:34 +0:1009 +11:63 +16:234
   err far  (made earlier, can still be invalidated): -45:7 -38:1 -36:1 -34:1 -32:1 -30:1 -29:9 -28:1 -26:1 -24:1 -22:64 -21:3 -20:4 -19:3 -18:4 -17:3 -16:3 -15:3 -14:3 -13:3 -12:3 -11:85 +0:394 +5:270
   last descent, landed on tick 122:
     t= 91 pred= 36 left= 31  y=    40 vy=  245760 ay=  -13312
     t= 92 pred= 35 left= 30  y=    43 vy=  232448 ay=  -13312
     t= 93 pred= 34 left= 29  y=    46 vy=  219136 ay=  -13312
     t= 94 pred= 33 left= 28  y=    50 vy=  205824 ay=  -13312
     t= 95 pred= 32 left= 27  y=    52 vy=  192512 ay=  -13312
     t= 96 pred= 31 left= 26  y=    55 vy=  179200 ay=  -13312
     t= 97 pred= 30 left= 25  y=    58 vy=  165888 ay=  -13312
     t= 98 pred= 29 left= 24  y=    60 vy=  152576 ay=  -13312
     t= 99 pred= 28 left= 23  y=    62 vy=  139264 ay=  -13312
     t=100 pred= 11 left= 22  y=    64 vy=       0 ay=  -26624
     t=101 pred= 10 left= 21  y=    64 vy=  -26624 ay=  -26624
     t=102 pred=  9 left= 20  y=    63 vy=  -53248 ay=  -26624
     t=103 pred=  8 left= 19  y=    62 vy=  -79872 ay=  -26624
     t=104 pred=  7 left= 18  y=    60 vy= -106496 ay=  -26624
     t=105 pred=  6 left= 17  y=    58 vy= -133120 ay=  -26624
     t=106 pred=  5 left= 16  y=    56 vy= -159744 ay=  -26624
     t=107 pred=  5 left= 15  y=    56 vy= -159744 ay=  -26624
     t=108 pred=  5 left= 14  y=    56 vy= -159744 ay=  -26624
     t=109 pred=  5 left= 13  y=    56 vy= -159744 ay=  -26624
     t=110 pred=  5 left= 12  y=    56 vy= -159744 ay=  -26624
     t=111 pred=  5 left= 11  y=    56 vy= -159744 ay=  -26624
     t=112 pred=  5 left= 10  y=    56 vy= -159744 ay=  -26624
     t=113 pred=  5 left=  9  y=    56 vy= -159744 ay=  -26624
     t=114 pred=  5 left=  8  y=    56 vy= -159744 ay=  -26624
     t=115 pred=  5 left=  7  y=    56 vy= -159744 ay=  -26624
     t=116 pred=  5 left=  6  y=    56 vy= -159744 ay=  -26624
     t=117 pred=  5 left=  5  y=    56 vy= -159744 ay=  -26624
     t=118 pred=  4 left=  4  y=    53 vy= -186368 ay=  -26624
     t=119 pred=  3 left=  3  y=    49 vy= -212992 ay=  -26624
     t=120 pred=  2 left=  2  y=    46 vy= -239616 ay=  -26624
     t=121 pred=  1 left=  1  y=    42 vy= -266240 ay=  -26624
P2  landings=3  no_prediction_ticks=0
   err all : -70:1 -68:1 -66:1 -64:1 -62:1 -60:1 -58:1 -56:1 -54:1 -52:1 -50:1 -48:1 -46:1 -44:1 -43:1 -42:1 -41:1 -40:1 -39:1 -38:1 -37:1 -36:1 -35:1 -34:1 -33:1 +0:78
   err NEAR (made within 20 ticks of the landing): +0:51
   err far  (made earlier, can still be invalidated): -70:1 -68:1 -66:1 -64:1 -62:1 -60:1 -58:1 -56:1 -54:1 -52:1 -50:1 -48:1 -46:1 -44:1 -43:1 -42:1 -41:1 -40:1 -39:1 -38:1 -37:1 -36:1 -35:1 -34:1 -33:1 +0:27
   last descent, landed on tick 9:
     t=254 pred= 11 left= 11  y=    40 vy=  135168 ay=  -24576
     t=255 pred= 10 left= 10  y=    41 vy=  110592 ay=  -24576
     t=  0 pred=  9 left=  9  y=    43 vy=   86016 ay=  -24576
     t=  1 pred=  8 left=  8  y=    44 vy=   61440 ay=  -24576
     t=  2 pred=  7 left=  7  y=    44 vy=   36864 ay=  -24576
     t=  3 pred=  6 left=  6  y=    44 vy=   12288 ay=  -24576
     t=  4 pred=  5 left=  5  y=    44 vy=  -12288 ay=  -24576
     t=  5 pred=  4 left=  4  y=    44 vy=  -36864 ay=  -24576
     t=  6 pred=  3 left=  3  y=    43 vy=  -61440 ay=  -24576
     t=  7 pred=  2 left=  2  y=    41 vy=  -86016 ay=  -24576
     t=  8 pred=  1 left=  1  y=    40 vy= -110592 ay=  -24576
---- landing prediction ----
P1  landings=94  no_prediction_ticks=0
   err all : -56:14 -55:1 -54:1 -53:1 -52:1 -51:1 -50:1 -49:1 -48:1 -47:1 -46:1 -45:25 -38:2 -36:2 -34:2 -32:2 -30:2 -29:9 -28:2 -26:2 -24:2 -22:65 -21:3 -20:5 -19:3 -18:5 -17:3 -16:5 -15:3 -14:5 -13:3 -12:5 -11:279 -10:35 -9:35 -8:35 -7:35 -6:35 -5:35 -4:35 -3:35 -2:35 -1:35 +0:1408 +5:270 +11:63 +16:234
   err NEAR (made within 20 ticks of the landing): -16:1 -14:2 -12:2 -11:194 -10:35 -9:35 -8:35 -7:35 -6:35 -5:35 -4:35 -3:35 -2:35 -1:35 +0:1014 +11:63 +16:234
   err far  (made earlier, can still be invalidated): -56:14 -55:1 -54:1 -53:1 -52:1 -51:1 -50:1 -49:1 -48:1 -47:1 -46:1 -45:25 -38:2 -36:2 -34:2 -32:2 -30:2 -29:9 -28:2 -26:2 -24:2 -22:65 -21:3 -20:5 -19:3 -18:5 -17:3 -16:4 -15:3 -14:3 -13:3 -12:3 -11:85 +0:394 +5:270
   last descent, landed on tick 1:
     t=165 pred= 36 left= 92  y=    40 vy=  245760 ay=  -13312
     t=166 pred= 35 left= 91  y=    43 vy=  232448 ay=  -13312
     t=167 pred= 34 left= 90  y=    46 vy=  219136 ay=  -13312
     t=168 pred= 33 left= 89  y=    50 vy=  205824 ay=  -13312
     t=169 pred= 32 left= 88  y=    52 vy=  192512 ay=  -13312
     t=170 pred= 31 left= 87  y=    55 vy=  179200 ay=  -13312
     t=171 pred= 30 left= 86  y=    58 vy=  165888 ay=  -13312
     t=172 pred= 29 left= 85  y=    60 vy=  152576 ay=  -13312
     t=173 pred= 28 left= 84  y=    62 vy=  139264 ay=  -13312
     t=174 pred= 27 left= 83  y=    64 vy=  125952 ay=  -13312
     t=175 pred= 26 left= 82  y=    66 vy=  112640 ay=  -13312
     t=176 pred= 25 left= 81  y=    67 vy=   99328 ay=  -13312
     t=177 pred= 24 left= 80  y=    69 vy=   86016 ay=  -13312
     t=178 pred= 23 left= 79  y=    70 vy=   72704 ay=  -13312
     t=179 pred= 23 left= 78  y=    70 vy=   72704 ay=  -13312
     t=180 pred= 23 left= 77  y=    70 vy=   72704 ay=  -13312
     t=181 pred= 23 left= 76  y=    70 vy=   72704 ay=  -13312
     t=182 pred= 23 left= 75  y=    70 vy=   72704 ay=  -13312
     t=183 pred= 23 left= 74  y=    70 vy=   72704 ay=  -13312
     t=184 pred= 23 left= 73  y=    70 vy=   72704 ay=  -13312
     t=185 pred= 23 left= 72  y=    70 vy=   72704 ay=  -13312
     t=186 pred= 23 left= 71  y=    70 vy=   72704 ay=  -13312
     t=187 pred= 23 left= 70  y=    70 vy=   72704 ay=  -13312
     t=188 pred= 23 left= 69  y=    70 vy=   72704 ay=  -13312
     t=189 pred= 23 left= 68  y=    70 vy=   72704 ay=  -13312
     t=190 pred= 22 left= 67  y=    71 vy=   59392 ay=  -13312
     t=191 pred= 21 left= 66  y=    71 vy=   46080 ay=  -13312
     t=192 pred= 20 left= 65  y=    72 vy=   32768 ay=  -13312
     t=193 pred= 19 left= 64  y=    72 vy=   19456 ay=  -13312
     t=194 pred= 18 left= 63  y=    72 vy=    6144 ay=  -13312
     t=195 pred= 17 left= 62  y=    72 vy=   -7168 ay=  -13312
     t=196 pred= 16 left= 61  y=    72 vy=  -20480 ay=  -13312
     t=197 pred= 15 left= 60  y=    71 vy=  -33792 ay=  -13312
     t=198 pred= 14 left= 59  y=    71 vy=  -47104 ay=  -13312
     t=199 pred= 13 left= 58  y=    70 vy=  -60416 ay=  -13312
     t=200 pred= 12 left= 57  y=    69 vy=  -73728 ay=  -13312
     t=201 pred= 11 left= 56  y=    67 vy=  -87040 ay=  -13312
     t=202 pred= 10 left= 55  y=    66 vy= -100352 ay=  -13312
     t=203 pred=  9 left= 54  y=    64 vy= -113664 ay=  -13312
     t=204 pred=  8 left= 53  y=    62 vy= -126976 ay=  -13312
P2  landings=3  no_prediction_ticks=0
   err all : -70:1 -68:1 -66:1 -64:1 -62:1 -60:1 -58:1 -56:1 -54:1 -52:1 -50:1 -48:1 -46:1 -44:1 -43:1 -42:1 -41:1 -40:1 -39:1 -38:1 -37:1 -36:1 -35:1 -34:1 -33:1 +0:78
   err NEAR (made within 20 ticks of the landing): +0:51
   err far  (made earlier, can still be invalidated): -70:1 -68:1 -66:1 -64:1 -62:1 -60:1 -58:1 -56:1 -54:1 -52:1 -50:1 -48:1 -46:1 -44:1 -43:1 -42:1 -41:1 -40:1 -39:1 -38:1 -37:1 -36:1 -35:1 -34:1 -33:1 +0:27
   last descent, landed on tick 9:
     t=254 pred= 11 left= 11  y=    40 vy=  135168 ay=  -24576
     t=255 pred= 10 left= 10  y=    41 vy=  110592 ay=  -24576
     t=  0 pred=  9 left=  9  y=    43 vy=   86016 ay=  -24576
     t=  1 pred=  8 left=  8  y=    44 vy=   61440 ay=  -24576
     t=  2 pred=  7 left=  7  y=    44 vy=   36864 ay=  -24576
     t=  3 pred=  6 left=  6  y=    44 vy=   12288 ay=  -24576
     t=  4 pred=  5 left=  5  y=    44 vy=  -12288 ay=  -24576
     t=  5 pred=  4 left=  4  y=    44 vy=  -36864 ay=  -24576
     t=  6 pred=  3 left=  3  y=    43 vy=  -61440 ay=  -24576
     t=  7 pred=  2 left=  2  y=    41 vy=  -86016 ay=  -24576
     t=  8 pred=  1 left=  1  y=    40 vy= -110592 ay=  -24576
---- landing prediction ----
P1  landings=94  no_prediction_ticks=0
   err all : -56:14 -55:1 -54:1 -53:1 -52:1 -51:1 -50:1 -49:1 -48:1 -47:1 -46:1 -45:25 -38:2 -36:2 -34:2 -32:2 -30:2 -29:9 -28:2 -26:2 -24:2 -22:65 -21:3 -20:5 -19:3 -18:5 -17:3 -16:5 -15:3 -14:5 -13:3 -12:5 -11:279 -10:35 -9:35 -8:35 -7:35 -6:35 -5:35 -4:35 -3:35 -2:35 -1:35 +0:1408 +5:270 +11:63 +16:234
   err NEAR (made within 20 ticks of the landing): -16:1 -14:2 -12:2 -11:194 -10:35 -9:35 -8:35 -7:35 -6:35 -5:35 -4:35 -3:35 -2:35 -1:35 +0:1014 +11:63 +16:234
   err far  (made earlier, can still be invalidated): -56:14 -55:1 -54:1 -53:1 -52:1 -51:1 -50:1 -49:1 -48:1 -47:1 -46:1 -45:25 -38:2 -36:2 -34:2 -32:2 -30:2 -29:9 -28:2 -26:2 -24:2 -22:65 -21:3 -20:5 -19:3 -18:5 -17:3 -16:4 -15:3 -14:3 -13:3 -12:3 -11:85 +0:394 +5:270
   last descent, landed on tick 1:
     t=165 pred= 36 left= 92  y=    40 vy=  245760 ay=  -13312
     t=166 pred= 35 left= 91  y=    43 vy=  232448 ay=  -13312
     t=167 pred= 34 left= 90  y=    46 vy=  219136 ay=  -13312
     t=168 pred= 33 left= 89  y=    50 vy=  205824 ay=  -13312
     t=169 pred= 32 left= 88  y=    52 vy=  192512 ay=  -13312
     t=170 pred= 31 left= 87  y=    55 vy=  179200 ay=  -13312
     t=171 pred= 30 left= 86  y=    58 vy=  165888 ay=  -13312
     t=172 pred= 29 left= 85  y=    60 vy=  152576 ay=  -13312
     t=173 pred= 28 left= 84  y=    62 vy=  139264 ay=  -13312
     t=174 pred= 27 left= 83  y=    64 vy=  125952 ay=  -13312
     t=175 pred= 26 left= 82  y=    66 vy=  112640 ay=  -13312
     t=176 pred= 25 left= 81  y=    67 vy=   99328 ay=  -13312
     t=177 pred= 24 left= 80  y=    69 vy=   86016 ay=  -13312
     t=178 pred= 23 left= 79  y=    70 vy=   72704 ay=  -13312
     t=179 pred= 23 left= 78  y=    70 vy=   72704 ay=  -13312
     t=180 pred= 23 left= 77  y=    70 vy=   72704 ay=  -13312
     t=181 pred= 23 left= 76  y=    70 vy=   72704 ay=  -13312
     t=182 pred= 23 left= 75  y=    70 vy=   72704 ay=  -13312
     t=183 pred= 23 left= 74  y=    70 vy=   72704 ay=  -13312
     t=184 pred= 23 left= 73  y=    70 vy=   72704 ay=  -13312
     t=185 pred= 23 left= 72  y=    70 vy=   72704 ay=  -13312
     t=186 pred= 23 left= 71  y=    70 vy=   72704 ay=  -13312
     t=187 pred= 23 left= 70  y=    70 vy=   72704 ay=  -13312
     t=188 pred= 23 left= 69  y=    70 vy=   72704 ay=  -13312
     t=189 pred= 23 left= 68  y=    70 vy=   72704 ay=  -13312
     t=190 pred= 22 left= 67  y=    71 vy=   59392 ay=  -13312
     t=191 pred= 21 left= 66  y=    71 vy=   46080 ay=  -13312
     t=192 pred= 20 left= 65  y=    72 vy=   32768 ay=  -13312
     t=193 pred= 19 left= 64  y=    72 vy=   19456 ay=  -13312
     t=194 pred= 18 left= 63  y=    72 vy=    6144 ay=  -13312
     t=195 pred= 17 left= 62  y=    72 vy=   -7168 ay=  -13312
     t=196 pred= 16 left= 61  y=    72 vy=  -20480 ay=  -13312
     t=197 pred= 15 left= 60  y=    71 vy=  -33792 ay=  -13312
     t=198 pred= 14 left= 59  y=    71 vy=  -47104 ay=  -13312
     t=199 pred= 13 left= 58  y=    70 vy=  -60416 ay=  -13312
     t=200 pred= 12 left= 57  y=    69 vy=  -73728 ay=  -13312
     t=201 pred= 11 left= 56  y=    67 vy=  -87040 ay=  -13312
     t=202 pred= 10 left= 55  y=    66 vy= -100352 ay=  -13312
     t=203 pred=  9 left= 54  y=    64 vy= -113664 ay=  -13312
     t=204 pred=  8 left= 53  y=    62 vy= -126976 ay=  -13312
P2  landings=4  no_prediction_ticks=0
   err all : -70:2 -68:2 -66:2 -64:2 -62:2 -60:2 -58:2 -56:2 -54:2 -52:2 -50:2 -48:2 -46:2 -44:2 -43:2 -42:2 -41:2 -40:2 -39:2 -38:2 -37:2 -36:2 -35:2 -34:2 -33:2 +0:111
   err NEAR (made within 20 ticks of the landing): +0:71
   err far  (made earlier, can still be invalidated): -70:2 -68:2 -66:2 -64:2 -62:2 -60:2 -58:2 -56:2 -54:2 -52:2 -50:2 -48:2 -46:2 -44:2 -43:2 -42:2 -41:2 -40:2 -39:2 -38:2 -37:2 -36:2 -35:2 -34:2 -33:2 +0:40
   last descent, landed on tick 31:
     t=216 pred=  1 left= 71  y=    40 vy= -135168 ay=  -24576
     t=218 pred=  1 left= 69  y=    40 vy= -135168 ay=  -24576
     t=220 pred=  1 left= 67  y=    40 vy= -135168 ay=  -24576
     t=222 pred=  1 left= 65  y=    40 vy= -135168 ay=  -24576
     t=224 pred=  1 left= 63  y=    40 vy= -135168 ay=  -24576
     t=226 pred=  1 left= 61  y=    40 vy= -135168 ay=  -24576
     t=228 pred=  1 left= 59  y=    40 vy= -135168 ay=  -24576
     t=230 pred=  1 left= 57  y=    40 vy= -135168 ay=  -24576
     t=232 pred=  1 left= 55  y=    40 vy= -135168 ay=  -24576
     t=234 pred=  1 left= 53  y=    40 vy= -135168 ay=  -24576
     t=236 pred=  1 left= 51  y=    40 vy= -135168 ay=  -24576
     t=238 pred=  1 left= 49  y=    40 vy= -135168 ay=  -24576
     t=240 pred=  1 left= 47  y=    40 vy= -135168 ay=  -24576
     t=242 pred=  1 left= 45  y=    40 vy= -135168 ay=  -24576
     t=243 pred=  1 left= 44  y=    40 vy= -135168 ay=  -24576
     t=244 pred=  1 left= 43  y=    40 vy= -135168 ay=  -24576
     t=245 pred=  1 left= 42  y=    40 vy= -135168 ay=  -24576
     t=246 pred=  1 left= 41  y=    40 vy= -135168 ay=  -24576
     t=247 pred=  1 left= 40  y=    40 vy= -135168 ay=  -24576
     t=248 pred=  1 left= 39  y=    40 vy= -135168 ay=  -24576
     t=249 pred=  1 left= 38  y=    40 vy= -135168 ay=  -24576
     t=250 pred=  1 left= 37  y=    40 vy= -135168 ay=  -24576
     t=251 pred=  1 left= 36  y=    40 vy= -135168 ay=  -24576
     t=252 pred=  1 left= 35  y=    40 vy= -135168 ay=  -24576
     t=253 pred=  1 left= 34  y=    40 vy= -135168 ay=  -24576
     t=254 pred= 33 left= 33  y=    47 vy=  493568 ay=  -30720
     t=255 pred= 32 left= 32  y=    54 vy=  462848 ay=  -30720
     t=  0 pred= 31 left= 31  y=    61 vy=  432128 ay=  -30720
     t=  1 pred= 30 left= 30  y=    67 vy=  401408 ay=  -30720
     t=  2 pred= 29 left= 29  y=    72 vy=  370688 ay=  -30720
     t=  3 pred= 28 left= 28  y=    78 vy=  339968 ay=  -30720
     t=  4 pred= 27 left= 27  y=    82 vy=  309248 ay=  -30720
     t=  5 pred= 26 left= 26  y=    87 vy=  278528 ay=  -30720
     t=  6 pred= 25 left= 25  y=    90 vy=  247808 ay=  -30720
     t=  7 pred= 24 left= 24  y=    94 vy=  217088 ay=  -30720
     t=  8 pred= 23 left= 23  y=    97 vy=  186368 ay=  -30720
     t=  9 pred= 22 left= 22  y=    99 vy=  155648 ay=  -30720
     t= 10 pred= 21 left= 21  y=   101 vy=  124928 ay=  -30720
     t= 11 pred= 20 left= 20  y=   102 vy=   94208 ay=  -30720
     t= 12 pred= 19 left= 19  y=   103 vy=   63488 ay=  -30720
---- landing prediction ----
P1  landings=94  no_prediction_ticks=0
   err all : -56:14 -55:1 -54:1 -53:1 -52:1 -51:1 -50:1 -49:1 -48:1 -47:1 -46:1 -45:25 -38:2 -36:2 -34:2 -32:2 -30:2 -29:9 -28:2 -26:2 -24:2 -22:65 -21:3 -20:5 -19:3 -18:5 -17:3 -16:5 -15:3 -14:5 -13:3 -12:5 -11:279 -10:35 -9:35 -8:35 -7:35 -6:35 -5:35 -4:35 -3:35 -2:35 -1:35 +0:1408 +5:270 +11:63 +16:234
   err NEAR (made within 20 ticks of the landing): -16:1 -14:2 -12:2 -11:194 -10:35 -9:35 -8:35 -7:35 -6:35 -5:35 -4:35 -3:35 -2:35 -1:35 +0:1014 +11:63 +16:234
   err far  (made earlier, can still be invalidated): -56:14 -55:1 -54:1 -53:1 -52:1 -51:1 -50:1 -49:1 -48:1 -47:1 -46:1 -45:25 -38:2 -36:2 -34:2 -32:2 -30:2 -29:9 -28:2 -26:2 -24:2 -22:65 -21:3 -20:5 -19:3 -18:5 -17:3 -16:4 -15:3 -14:3 -13:3 -12:3 -11:85 +0:394 +5:270
   last descent, landed on tick 1:
     t=165 pred= 36 left= 92  y=    40 vy=  245760 ay=  -13312
     t=166 pred= 35 left= 91  y=    43 vy=  232448 ay=  -13312
     t=167 pred= 34 left= 90  y=    46 vy=  219136 ay=  -13312
     t=168 pred= 33 left= 89  y=    50 vy=  205824 ay=  -13312
     t=169 pred= 32 left= 88  y=    52 vy=  192512 ay=  -13312
     t=170 pred= 31 left= 87  y=    55 vy=  179200 ay=  -13312
     t=171 pred= 30 left= 86  y=    58 vy=  165888 ay=  -13312
     t=172 pred= 29 left= 85  y=    60 vy=  152576 ay=  -13312
     t=173 pred= 28 left= 84  y=    62 vy=  139264 ay=  -13312
     t=174 pred= 27 left= 83  y=    64 vy=  125952 ay=  -13312
     t=175 pred= 26 left= 82  y=    66 vy=  112640 ay=  -13312
     t=176 pred= 25 left= 81  y=    67 vy=   99328 ay=  -13312
     t=177 pred= 24 left= 80  y=    69 vy=   86016 ay=  -13312
     t=178 pred= 23 left= 79  y=    70 vy=   72704 ay=  -13312
     t=179 pred= 23 left= 78  y=    70 vy=   72704 ay=  -13312
     t=180 pred= 23 left= 77  y=    70 vy=   72704 ay=  -13312
     t=181 pred= 23 left= 76  y=    70 vy=   72704 ay=  -13312
     t=182 pred= 23 left= 75  y=    70 vy=   72704 ay=  -13312
     t=183 pred= 23 left= 74  y=    70 vy=   72704 ay=  -13312
     t=184 pred= 23 left= 73  y=    70 vy=   72704 ay=  -13312
     t=185 pred= 23 left= 72  y=    70 vy=   72704 ay=  -13312
     t=186 pred= 23 left= 71  y=    70 vy=   72704 ay=  -13312
     t=187 pred= 23 left= 70  y=    70 vy=   72704 ay=  -13312
     t=188 pred= 23 left= 69  y=    70 vy=   72704 ay=  -13312
     t=189 pred= 23 left= 68  y=    70 vy=   72704 ay=  -13312
     t=190 pred= 22 left= 67  y=    71 vy=   59392 ay=  -13312
     t=191 pred= 21 left= 66  y=    71 vy=   46080 ay=  -13312
     t=192 pred= 20 left= 65  y=    72 vy=   32768 ay=  -13312
     t=193 pred= 19 left= 64  y=    72 vy=   19456 ay=  -13312
     t=194 pred= 18 left= 63  y=    72 vy=    6144 ay=  -13312
     t=195 pred= 17 left= 62  y=    72 vy=   -7168 ay=  -13312
     t=196 pred= 16 left= 61  y=    72 vy=  -20480 ay=  -13312
     t=197 pred= 15 left= 60  y=    71 vy=  -33792 ay=  -13312
     t=198 pred= 14 left= 59  y=    71 vy=  -47104 ay=  -13312
     t=199 pred= 13 left= 58  y=    70 vy=  -60416 ay=  -13312
     t=200 pred= 12 left= 57  y=    69 vy=  -73728 ay=  -13312
     t=201 pred= 11 left= 56  y=    67 vy=  -87040 ay=  -13312
     t=202 pred= 10 left= 55  y=    66 vy= -100352 ay=  -13312
     t=203 pred=  9 left= 54  y=    64 vy= -113664 ay=  -13312
     t=204 pred=  8 left= 53  y=    62 vy= -126976 ay=  -13312
P2  landings=5  no_prediction_ticks=0
   err all : -70:2 -68:2 -66:2 -64:2 -62:2 -60:2 -58:2 -56:2 -54:2 -52:2 -50:2 -48:2 -46:2 -44:2 -43:2 -42:2 -41:2 -40:2 -39:2 -38:2 -37:2 -36:2 -35:2 -34:2 -33:2 +0:122
   err NEAR (made within 20 ticks of the landing): +0:82
   err far  (made earlier, can still be invalidated): -70:2 -68:2 -66:2 -64:2 -62:2 -60:2 -58:2 -56:2 -54:2 -52:2 -50:2 -48:2 -46:2 -44:2 -43:2 -42:2 -41:2 -40:2 -39:2 -38:2 -37:2 -36:2 -35:2 -34:2 -33:2 +0:40
   last descent, landed on tick 55:
     t= 44 pred= 11 left= 11  y=    40 vy=  135168 ay=  -24576
     t= 45 pred= 10 left= 10  y=    41 vy=  110592 ay=  -24576
     t= 46 pred=  9 left=  9  y=    43 vy=   86016 ay=  -24576
     t= 47 pred=  8 left=  8  y=    44 vy=   61440 ay=  -24576
     t= 48 pred=  7 left=  7  y=    44 vy=   36864 ay=  -24576
     t= 49 pred=  6 left=  6  y=    44 vy=   12288 ay=  -24576
     t= 50 pred=  5 left=  5  y=    44 vy=  -12288 ay=  -24576
     t= 51 pred=  4 left=  4  y=    44 vy=  -36864 ay=  -24576
     t= 52 pred=  3 left=  3  y=    43 vy=  -61440 ay=  -24576
     t= 53 pred=  2 left=  2  y=    41 vy=  -86016 ay=  -24576
     t= 54 pred=  1 left=  1  y=    40 vy= -110592 ay=  -24576
