---- landing prediction ----
P1  landings=1  no_prediction_ticks=0
   err all : -22:25 -21:1 -20:1 -19:1 -18:1 -17:1 -16:1 -15:1 -14:1 -13:1 -12:1 -11:11 -10:1 -9:1 -8:1 -7:1 -6:1 -5:1 -4:1 -3:1 -2:1 -1:1 +0:4
   err NEAR (made within 20 ticks of the landing): -11:6 -10:1 -9:1 -8:1 -7:1 -6:1 -5:1 -4:1 -3:1 -2:1 -1:1 +0:4
   err far  (made earlier, can still be invalidated): -22:25 -21:1 -20:1 -19:1 -18:1 -17:1 -16:1 -15:1 -14:1 -13:1 -12:1 -11:5
   NEAR + $5C seen at the time : -11:5 +0:15
   NEAR + every frozen tick    : -1:11 +0:9
   last descent, landed on tick 84:
     t= 24 pred= 38 left= 60  y=    40 vy=  622592 ay=  -32000
     t= 25 pred= 37 left= 59  y=    49 vy=  590592 ay=  -32000
     t= 26 pred= 36 left= 58  y=    57 vy=  558592 ay=  -32000
     t= 27 pred= 35 left= 57  y=    65 vy=  526592 ay=  -32000
     t= 28 pred= 34 left= 56  y=    73 vy=  494592 ay=  -32000
     t= 29 pred= 33 left= 55  y=    80 vy=  462592 ay=  -32000
     t= 30 pred= 32 left= 54  y=    86 vy=  430592 ay=  -32000
     t= 31 pred= 31 left= 53  y=    92 vy=  398592 ay=  -32000
     t= 32 pred= 30 left= 52  y=    98 vy=  366592 ay=  -32000
     t= 33 pred= 29 left= 51  y=   103 vy=  334592 ay=  -32000
     t= 34 pred= 28 left= 50  y=   108 vy=  302592 ay=  -32000
     t= 35 pred= 27 left= 49  y=   112 vy=  270592 ay=  -32000
     t= 36 pred= 26 left= 48  y=   115 vy=  238592 ay=  -32000
     t= 37 pred= 25 left= 47  y=   119 vy=  206592 ay=  -32000
     t= 38 pred= 24 left= 46  y=   121 vy=  174592 ay=  -32000
     t= 39 pred= 23 left= 45  y=   123 vy=  142592 ay=  -32000
     t= 40 pred= 22 left= 44  y=   125 vy=  110592 ay=  -32000
     t= 41 pred= 21 left= 43  y=   126 vy=   78592 ay=  -32000
     t= 42 pred= 20 left= 42  y=   127 vy=   46592 ay=  -32000
     t= 43 pred= 19 left= 41  y=   127 vy=   14592 ay=  -32000
     t= 44 pred= 18 left= 40  y=   127 vy=  -17408 ay=  -32000
     t= 45 pred= 17 left= 39  y=   126 vy=  -49408 ay=  -32000
     t= 46 pred= 16 left= 38  y=   125 vy=  -81408 ay=  -32000
     t= 47 pred= 15 left= 37  y=   123 vy= -113408 ay=  -32000
     t= 48 pred= 14 left= 36  y=   121 vy= -145408 ay=  -32000
     t= 49 pred= 14 left= 35  y=   121 vy= -145408 ay=  -32000
     t= 50 pred= 14 left= 34  y=   121 vy= -145408 ay=  -32000
     t= 51 pred= 14 left= 33  y=   121 vy= -145408 ay=  -32000
     t= 52 pred= 14 left= 32  y=   121 vy= -145408 ay=  -32000
     t= 53 pred= 14 left= 31  y=   121 vy= -145408 ay=  -32000
     t= 54 pred= 14 left= 30  y=   121 vy= -145408 ay=  -32000
     t= 55 pred= 14 left= 29  y=   121 vy= -145408 ay=  -32000
     t= 56 pred= 14 left= 28  y=   121 vy= -145408 ay=  -32000
     t= 57 pred= 14 left= 27  y=   121 vy= -145408 ay=  -32000
     t= 58 pred= 14 left= 26  y=   121 vy= -145408 ay=  -32000
     t= 59 pred= 14 left= 25  y=   121 vy= -145408 ay=  -32000
     t= 60 pred= 13 left= 24  y=   118 vy= -177408 ay=  -32000
     t= 61 pred= 12 left= 23  y=   115 vy= -209408 ay=  -32000
     t= 62 pred= 11 left= 22  y=   111 vy= -241408 ay=  -32000
     t= 63 pred= 10 left= 21  y=   107 vy= -273408 ay=  -32000
P2  landings=0  no_prediction_ticks=0
   err all : -
   err NEAR (made within 20 ticks of the landing): -
   err far  (made earlier, can still be invalidated): -
   NEAR + $5C seen at the time : -
   NEAR + every frozen tick    : -
---- landing prediction ----
P1  landings=2  no_prediction_ticks=0
   err all : -22:25 -21:1 -20:1 -19:1 -18:1 -17:1 -16:1 -15:1 -14:1 -13:1 -12:1 -11:20 -10:2 -9:2 -8:2 -7:2 -6:2 -5:2 -4:2 -3:2 -2:2 -1:2 +0:7 +5:9
   err NEAR (made within 20 ticks of the landing): -11:13 -10:2 -9:2 -8:2 -7:2 -6:2 -5:2 -4:2 -3:2 -2:2 -1:2 +0:7
   err far  (made earlier, can still be invalidated): -22:25 -21:1 -20:1 -19:1 -18:1 -17:1 -16:1 -15:1 -14:1 -13:1 -12:1 -11:7 +5:9
   NEAR + $5C seen at the time : -11:11 +0:29
   NEAR + every frozen tick    : -1:22 +0:18
   last descent, landed on tick 156:
     t=125 pred= 36 left= 31  y=    40 vy=  245760 ay=  -13312
     t=126 pred= 35 left= 30  y=    43 vy=  232448 ay=  -13312
     t=127 pred= 34 left= 29  y=    46 vy=  219136 ay=  -13312
     t=128 pred= 33 left= 28  y=    50 vy=  205824 ay=  -13312
     t=129 pred= 32 left= 27  y=    52 vy=  192512 ay=  -13312
     t=130 pred= 31 left= 26  y=    55 vy=  179200 ay=  -13312
     t=131 pred= 30 left= 25  y=    58 vy=  165888 ay=  -13312
     t=132 pred= 29 left= 24  y=    60 vy=  152576 ay=  -13312
     t=133 pred= 28 left= 23  y=    62 vy=  139264 ay=  -13312
     t=134 pred= 11 left= 22  y=    64 vy=       0 ay=  -26624
     t=135 pred= 10 left= 21  y=    64 vy=  -26624 ay=  -26624
     t=136 pred=  9 left= 20  y=    63 vy=  -53248 ay=  -26624
     t=137 pred=  8 left= 19  y=    62 vy=  -79872 ay=  -26624
     t=138 pred=  7 left= 18  y=    60 vy= -106496 ay=  -26624
     t=139 pred=  6 left= 17  y=    58 vy= -133120 ay=  -26624
     t=140 pred=  5 left= 16  y=    56 vy= -159744 ay=  -26624
     t=141 pred=  4 left= 15  y=    53 vy= -186368 ay=  -26624
     t=142 pred=  3 left= 14  y=    49 vy= -212992 ay=  -26624
     t=143 pred=  3 left= 13  y=    49 vy= -212992 ay=  -26624
     t=144 pred=  3 left= 12  y=    49 vy= -212992 ay=  -26624
     t=145 pred=  3 left= 11  y=    49 vy= -212992 ay=  -26624
     t=146 pred=  3 left= 10  y=    49 vy= -212992 ay=  -26624
     t=147 pred=  3 left=  9  y=    49 vy= -212992 ay=  -26624
     t=148 pred=  3 left=  8  y=    49 vy= -212992 ay=  -26624
     t=149 pred=  3 left=  7  y=    49 vy= -212992 ay=  -26624
     t=150 pred=  3 left=  6  y=    49 vy= -212992 ay=  -26624
     t=151 pred=  3 left=  5  y=    49 vy= -212992 ay=  -26624
     t=152 pred=  3 left=  4  y=    49 vy= -212992 ay=  -26624
     t=153 pred=  3 left=  3  y=    49 vy= -212992 ay=  -26624
     t=154 pred=  2 left=  2  y=    46 vy= -239616 ay=  -26624
     t=155 pred=  1 left=  1  y=    42 vy= -266240 ay=  -26624
P2  landings=0  no_prediction_ticks=0
   err all : -
   err NEAR (made within 20 ticks of the landing): -
   err far  (made earlier, can still be invalidated): -
   NEAR + $5C seen at the time : -
   NEAR + every frozen tick    : -
---- landing prediction ----
P1  landings=3  no_prediction_ticks=0
   err all : -22:25 -21:1 -20:1 -19:1 -18:1 -17:1 -16:1 -15:1 -14:1 -13:1 -12:1 -11:28 -10:3 -9:3 -8:3 -7:3 -6:3 -5:3 -4:3 -3:3 -2:3 -1:3 +0:11 +5:18
   err NEAR (made within 20 ticks of the landing): -11:19 -10:3 -9:3 -8:3 -7:3 -6:3 -5:3 -4:3 -3:3 -2:3 -1:3 +0:11
   err far  (made earlier, can still be invalidated): -22:25 -21:1 -20:1 -19:1 -18:1 -17:1 -16:1 -15:1 -14:1 -13:1 -12:1 -11:9 +5:18
   NEAR + $5C seen at the time : -11:16 +0:44
   NEAR + every frozen tick    : -1:33 +0:27
   last descent, landed on tick 189:
     t=158 pred= 36 left= 31  y=    40 vy=  245760 ay=  -13312
     t=159 pred= 35 left= 30  y=    43 vy=  232448 ay=  -13312
     t=160 pred= 34 left= 29  y=    46 vy=  219136 ay=  -13312
     t=161 pred= 33 left= 28  y=    50 vy=  205824 ay=  -13312
     t=162 pred= 32 left= 27  y=    52 vy=  192512 ay=  -13312
     t=163 pred= 31 left= 26  y=    55 vy=  179200 ay=  -13312
     t=164 pred= 30 left= 25  y=    58 vy=  165888 ay=  -13312
     t=165 pred= 29 left= 24  y=    60 vy=  152576 ay=  -13312
     t=166 pred= 28 left= 23  y=    62 vy=  139264 ay=  -13312
     t=167 pred= 11 left= 22  y=    64 vy=       0 ay=  -26624
     t=168 pred= 10 left= 21  y=    64 vy=  -26624 ay=  -26624
     t=169 pred=  9 left= 20  y=    63 vy=  -53248 ay=  -26624
     t=170 pred=  8 left= 19  y=    62 vy=  -79872 ay=  -26624
     t=171 pred=  7 left= 18  y=    60 vy= -106496 ay=  -26624
     t=172 pred=  6 left= 17  y=    58 vy= -133120 ay=  -26624
     t=173 pred=  5 left= 16  y=    56 vy= -159744 ay=  -26624
     t=174 pred=  4 left= 15  y=    53 vy= -186368 ay=  -26624
     t=175 pred=  4 left= 14  y=    53 vy= -186368 ay=  -26624
     t=176 pred=  4 left= 13  y=    53 vy= -186368 ay=  -26624
     t=177 pred=  4 left= 12  y=    53 vy= -186368 ay=  -26624
     t=178 pred=  4 left= 11  y=    53 vy= -186368 ay=  -26624
     t=179 pred=  4 left= 10  y=    53 vy= -186368 ay=  -26624
     t=180 pred=  4 left=  9  y=    53 vy= -186368 ay=  -26624
     t=181 pred=  4 left=  8  y=    53 vy= -186368 ay=  -26624
     t=182 pred=  4 left=  7  y=    53 vy= -186368 ay=  -26624
     t=183 pred=  4 left=  6  y=    53 vy= -186368 ay=  -26624
     t=184 pred=  4 left=  5  y=    53 vy= -186368 ay=  -26624
     t=185 pred=  4 left=  4  y=    53 vy= -186368 ay=  -26624
     t=186 pred=  3 left=  3  y=    49 vy= -212992 ay=  -26624
     t=187 pred=  2 left=  2  y=    46 vy= -239616 ay=  -26624
     t=188 pred=  1 left=  1  y=    42 vy= -266240 ay=  -26624
P2  landings=0  no_prediction_ticks=0
   err all : -
   err NEAR (made within 20 ticks of the landing): -
   err far  (made earlier, can still be invalidated): -
   NEAR + $5C seen at the time : -
   NEAR + every frozen tick    : -
---- landing prediction ----
P1  landings=4  no_prediction_ticks=0
   err all : -22:25 -21:1 -20:1 -19:1 -18:1 -17:1 -16:1 -15:1 -14:1 -13:1 -12:1 -11:34 -10:4 -9:4 -8:4 -7:4 -6:4 -5:4 -4:4 -3:4 -2:4 -1:4 +0:17 +5:27
   err NEAR (made within 20 ticks of the landing): -11:23 -10:4 -9:4 -8:4 -7:4 -6:4 -5:4 -4:4 -3:4 -2:4 -1:4 +0:17
   err far  (made earlier, can still be invalidated): -22:25 -21:1 -20:1 -19:1 -18:1 -17:1 -16:1 -15:1 -14:1 -13:1 -12:1 -11:11 +5:27
   NEAR + $5C seen at the time : -11:19 +0:61
   NEAR + every frozen tick    : -1:44 +0:36
   last descent, landed on tick 228:
     t=197 pred= 36 left= 31  y=    40 vy=  245760 ay=  -13312
     t=198 pred= 35 left= 30  y=    43 vy=  232448 ay=  -13312
     t=199 pred= 34 left= 29  y=    46 vy=  219136 ay=  -13312
     t=200 pred= 33 left= 28  y=    50 vy=  205824 ay=  -13312
     t=201 pred= 32 left= 27  y=    52 vy=  192512 ay=  -13312
     t=202 pred= 31 left= 26  y=    55 vy=  179200 ay=  -13312
     t=203 pred= 30 left= 25  y=    58 vy=  165888 ay=  -13312
     t=204 pred= 29 left= 24  y=    60 vy=  152576 ay=  -13312
     t=205 pred= 28 left= 23  y=    62 vy=  139264 ay=  -13312
     t=206 pred= 11 left= 22  y=    64 vy=       0 ay=  -26624
     t=207 pred= 10 left= 21  y=    64 vy=  -26624 ay=  -26624
     t=208 pred=  9 left= 20  y=    63 vy=  -53248 ay=  -26624
     t=209 pred=  8 left= 19  y=    62 vy=  -79872 ay=  -26624
     t=210 pred=  7 left= 18  y=    60 vy= -106496 ay=  -26624
     t=211 pred=  6 left= 17  y=    58 vy= -133120 ay=  -26624
     t=212 pred=  6 left= 16  y=    58 vy= -133120 ay=  -26624
     t=213 pred=  6 left= 15  y=    58 vy= -133120 ay=  -26624
     t=214 pred=  6 left= 14  y=    58 vy= -133120 ay=  -26624
     t=215 pred=  6 left= 13  y=    58 vy= -133120 ay=  -26624
     t=216 pred=  6 left= 12  y=    58 vy= -133120 ay=  -26624
     t=217 pred=  6 left= 11  y=    58 vy= -133120 ay=  -26624
     t=218 pred=  6 left= 10  y=    58 vy= -133120 ay=  -26624
     t=219 pred=  6 left=  9  y=    58 vy= -133120 ay=  -26624
     t=220 pred=  6 left=  8  y=    58 vy= -133120 ay=  -26624
     t=221 pred=  6 left=  7  y=    58 vy= -133120 ay=  -26624
     t=222 pred=  6 left=  6  y=    58 vy= -133120 ay=  -26624
     t=223 pred=  5 left=  5  y=    56 vy= -159744 ay=  -26624
     t=224 pred=  4 left=  4  y=    53 vy= -186368 ay=  -26624
     t=225 pred=  3 left=  3  y=    49 vy= -212992 ay=  -26624
     t=226 pred=  2 left=  2  y=    46 vy= -239616 ay=  -26624
     t=227 pred=  1 left=  1  y=    42 vy= -266240 ay=  -26624
P2  landings=0  no_prediction_ticks=0
   err all : -
   err NEAR (made within 20 ticks of the landing): -
   err far  (made earlier, can still be invalidated): -
   NEAR + $5C seen at the time : -
   NEAR + every frozen tick    : -
---- landing prediction ----
P1  landings=5  no_prediction_ticks=0
   err all : -22:42 -21:2 -20:2 -19:2 -18:2 -17:2 -16:2 -15:2 -14:2 -13:2 -12:2 -11:53 -10:5 -9:5 -8:5 -7:5 -6:5 -5:5 -4:5 -3:5 -2:5 -1:5 +0:19 +5:27
   err NEAR (made within 20 ticks of the landing): -11:31 -10:5 -9:5 -8:5 -7:5 -6:5 -5:5 -4:5 -3:5 -2:5 -1:5 +0:19
   err far  (made earlier, can still be invalidated): -22:42 -21:2 -20:2 -19:2 -18:2 -17:2 -16:2 -15:2 -14:2 -13:2 -12:2 -11:22 +5:27
   NEAR + $5C seen at the time : -11:26 +0:74
   NEAR + every frozen tick    : -1:55 +0:45
   last descent, landed on tick 99:
     t= 41 pred= 36 left= 58  y=    40 vy=  245760 ay=  -13312
     t= 42 pred= 35 left= 57  y=    43 vy=  232448 ay=  -13312
     t= 43 pred= 34 left= 56  y=    46 vy=  219136 ay=  -13312
     t= 44 pred= 33 left= 55  y=    50 vy=  205824 ay=  -13312
     t= 45 pred= 32 left= 54  y=    52 vy=  192512 ay=  -13312
     t= 46 pred= 31 left= 53  y=    55 vy=  179200 ay=  -13312
     t= 47 pred= 30 left= 52  y=    58 vy=  165888 ay=  -13312
     t= 48 pred= 29 left= 51  y=    60 vy=  152576 ay=  -13312
     t= 49 pred= 28 left= 50  y=    62 vy=  139264 ay=  -13312
     t= 50 pred= 27 left= 49  y=    64 vy=  125952 ay=  -13312
     t= 51 pred= 26 left= 48  y=    66 vy=  112640 ay=  -13312
     t= 52 pred= 25 left= 47  y=    67 vy=   99328 ay=  -13312
     t= 53 pred= 24 left= 46  y=    69 vy=   86016 ay=  -13312
     t= 54 pred= 23 left= 45  y=    70 vy=   72704 ay=  -13312
     t= 55 pred= 22 left= 44  y=    71 vy=   59392 ay=  -13312
     t= 56 pred= 21 left= 43  y=    71 vy=   46080 ay=  -13312
     t= 57 pred= 20 left= 42  y=    72 vy=   32768 ay=  -13312
     t= 58 pred= 20 left= 41  y=    72 vy=   32768 ay=  -13312
     t= 59 pred= 20 left= 40  y=    72 vy=   32768 ay=  -13312
     t= 60 pred= 20 left= 39  y=    72 vy=   32768 ay=  -13312
     t= 61 pred= 20 left= 38  y=    72 vy=   32768 ay=  -13312
     t= 62 pred= 20 left= 37  y=    72 vy=   32768 ay=  -13312
     t= 63 pred= 20 left= 36  y=    72 vy=   32768 ay=  -13312
     t= 64 pred= 20 left= 35  y=    72 vy=   32768 ay=  -13312
     t= 65 pred= 20 left= 34  y=    72 vy=   32768 ay=  -13312
     t= 66 pred= 20 left= 33  y=    72 vy=   32768 ay=  -13312
     t= 67 pred= 20 left= 32  y=    72 vy=   32768 ay=  -13312
     t= 68 pred= 20 left= 31  y=    72 vy=   32768 ay=  -13312
     t= 69 pred= 19 left= 30  y=    72 vy=   19456 ay=  -13312
     t= 70 pred= 18 left= 29  y=    72 vy=    6144 ay=  -13312
     t= 71 pred= 17 left= 28  y=    72 vy=   -7168 ay=  -13312
     t= 72 pred= 16 left= 27  y=    72 vy=  -20480 ay=  -13312
     t= 73 pred= 15 left= 26  y=    71 vy=  -33792 ay=  -13312
     t= 74 pred= 14 left= 25  y=    71 vy=  -47104 ay=  -13312
     t= 75 pred= 13 left= 24  y=    70 vy=  -60416 ay=  -13312
     t= 76 pred= 12 left= 23  y=    69 vy=  -73728 ay=  -13312
     t= 77 pred= 11 left= 22  y=    67 vy=  -87040 ay=  -13312
     t= 78 pred= 10 left= 21  y=    66 vy= -100352 ay=  -13312
     t= 79 pred=  9 left= 20  y=    64 vy= -113664 ay=  -13312
     t= 80 pred=  8 left= 19  y=    62 vy= -126976 ay=  -13312
P2  landings=0  no_prediction_ticks=0
   err all : -
   err NEAR (made within 20 ticks of the landing): -
   err far  (made earlier, can still be invalidated): -
   NEAR + $5C seen at the time : -
   NEAR + every frozen tick    : -
---- landing prediction ----
P1  landings=6  no_prediction_ticks=0
   err all : -22:57 -21:3 -20:3 -19:3 -18:3 -17:3 -16:3 -15:3 -14:3 -13:3 -12:3 -11:72 -10:6 -9:6 -8:6 -7:6 -6:6 -5:6 -4:6 -3:6 -2:6 -1:6 +0:23 +5:27
   err NEAR (made within 20 ticks of the landing): -11:37 -10:6 -9:6 -8:6 -7:6 -6:6 -5:6 -4:6 -3:6 -2:6 -1:6 +0:23
   err far  (made earlier, can still be invalidated): -22:57 -21:3 -20:3 -19:3 -18:3 -17:3 -16:3 -15:3 -14:3 -13:3 -12:3 -11:35 +5:27
   NEAR + $5C seen at the time : -11:31 +0:89
   NEAR + every frozen tick    : -1:66 +0:54
   last descent, landed on tick 205:
     t=147 pred= 36 left= 58  y=    40 vy=  245760 ay=  -13312
     t=148 pred= 35 left= 57  y=    43 vy=  232448 ay=  -13312
     t=149 pred= 34 left= 56  y=    46 vy=  219136 ay=  -13312
     t=150 pred= 33 left= 55  y=    50 vy=  205824 ay=  -13312
     t=151 pred= 32 left= 54  y=    52 vy=  192512 ay=  -13312
     t=152 pred= 31 left= 53  y=    55 vy=  179200 ay=  -13312
     t=153 pred= 30 left= 52  y=    58 vy=  165888 ay=  -13312
     t=154 pred= 29 left= 51  y=    60 vy=  152576 ay=  -13312
     t=155 pred= 28 left= 50  y=    62 vy=  139264 ay=  -13312
     t=156 pred= 27 left= 49  y=    64 vy=  125952 ay=  -13312
     t=157 pred= 26 left= 48  y=    66 vy=  112640 ay=  -13312
     t=158 pred= 25 left= 47  y=    67 vy=   99328 ay=  -13312
     t=159 pred= 24 left= 46  y=    69 vy=   86016 ay=  -13312
     t=160 pred= 23 left= 45  y=    70 vy=   72704 ay=  -13312
     t=161 pred= 22 left= 44  y=    71 vy=   59392 ay=  -13312
     t=162 pred= 22 left= 43  y=    71 vy=   59392 ay=  -13312
     t=163 pred= 22 left= 42  y=    71 vy=   59392 ay=  -13312
     t=164 pred= 22 left= 41  y=    71 vy=   59392 ay=  -13312
     t=165 pred= 22 left= 40  y=    71 vy=   59392 ay=  -13312
     t=166 pred= 22 left= 39  y=    71 vy=   59392 ay=  -13312
     t=167 pred= 22 left= 38  y=    71 vy=   59392 ay=  -13312
     t=168 pred= 22 left= 37  y=    71 vy=   59392 ay=  -13312
     t=169 pred= 22 left= 36  y=    71 vy=   59392 ay=  -13312
     t=170 pred= 22 left= 35  y=    71 vy=   59392 ay=  -13312
     t=171 pred= 22 left= 34  y=    71 vy=   59392 ay=  -13312
     t=172 pred= 22 left= 33  y=    71 vy=   59392 ay=  -13312
     t=173 pred= 21 left= 32  y=    71 vy=   46080 ay=  -13312
     t=174 pred= 20 left= 31  y=    72 vy=   32768 ay=  -13312
     t=175 pred= 19 left= 30  y=    72 vy=   19456 ay=  -13312
     t=176 pred= 18 left= 29  y=    72 vy=    6144 ay=  -13312
     t=177 pred= 17 left= 28  y=    72 vy=   -7168 ay=  -13312
     t=178 pred= 16 left= 27  y=    72 vy=  -20480 ay=  -13312
     t=179 pred= 15 left= 26  y=    71 vy=  -33792 ay=  -13312
     t=180 pred= 14 left= 25  y=    71 vy=  -47104 ay=  -13312
     t=181 pred= 13 left= 24  y=    70 vy=  -60416 ay=  -13312
     t=182 pred= 12 left= 23  y=    69 vy=  -73728 ay=  -13312
     t=183 pred= 11 left= 22  y=    67 vy=  -87040 ay=  -13312
     t=184 pred= 10 left= 21  y=    66 vy= -100352 ay=  -13312
     t=185 pred=  9 left= 20  y=    64 vy= -113664 ay=  -13312
     t=186 pred=  8 left= 19  y=    62 vy= -126976 ay=  -13312
P2  landings=0  no_prediction_ticks=0
   err all : -
   err NEAR (made within 20 ticks of the landing): -
   err far  (made earlier, can still be invalidated): -
   NEAR + $5C seen at the time : -
   NEAR + every frozen tick    : -
---- landing prediction ----
P1  landings=7  no_prediction_ticks=0
   err all : -22:57 -21:3 -20:3 -19:3 -18:3 -17:3 -16:3 -15:3 -14:3 -13:3 -12:3 -11:81 -10:7 -9:7 -8:7 -7:7 -6:7 -5:7 -4:7 -3:7 -2:7 -1:7 +0:26 +5:36
   err NEAR (made within 20 ticks of the landing): -11:44 -10:7 -9:7 -8:7 -7:7 -6:7 -5:7 -4:7 -3:7 -2:7 -1:7 +0:26
   err far  (made earlier, can still be invalidated): -22:57 -21:3 -20:3 -19:3 -18:3 -17:3 -16:3 -15:3 -14:3 -13:3 -12:3 -11:37 +5:36
   NEAR + $5C seen at the time : -11:37 +0:103
   NEAR + every frozen tick    : -1:77 +0:63
   last descent, landed on tick 25:
     t=250 pred= 36 left= 31  y=    40 vy=  245760 ay=  -13312
     t=251 pred= 35 left= 30  y=    43 vy=  232448 ay=  -13312
     t=252 pred= 34 left= 29  y=    46 vy=  219136 ay=  -13312
     t=253 pred= 33 left= 28  y=    50 vy=  205824 ay=  -13312
     t=254 pred= 32 left= 27  y=    52 vy=  192512 ay=  -13312
     t=255 pred= 31 left= 26  y=    55 vy=  179200 ay=  -13312
     t=  0 pred= 30 left= 25  y=    58 vy=  165888 ay=  -13312
     t=  1 pred= 29 left= 24  y=    60 vy=  152576 ay=  -13312
     t=  2 pred= 28 left= 23  y=    62 vy=  139264 ay=  -13312
     t=  3 pred= 11 left= 22  y=    64 vy=       0 ay=  -26624
     t=  4 pred= 10 left= 21  y=    64 vy=  -26624 ay=  -26624
     t=  5 pred=  9 left= 20  y=    63 vy=  -53248 ay=  -26624
     t=  6 pred=  8 left= 19  y=    62 vy=  -79872 ay=  -26624
     t=  7 pred=  7 left= 18  y=    60 vy= -106496 ay=  -26624
     t=  8 pred=  6 left= 17  y=    58 vy= -133120 ay=  -26624
     t=  9 pred=  5 left= 16  y=    56 vy= -159744 ay=  -26624
     t= 10 pred=  4 left= 15  y=    53 vy= -186368 ay=  -26624
     t= 11 pred=  3 left= 14  y=    49 vy= -212992 ay=  -26624
     t= 12 pred=  3 left= 13  y=    49 vy= -212992 ay=  -26624
     t= 13 pred=  3 left= 12  y=    49 vy= -212992 ay=  -26624
     t= 14 pred=  3 left= 11  y=    49 vy= -212992 ay=  -26624
     t= 15 pred=  3 left= 10  y=    49 vy= -212992 ay=  -26624
     t= 16 pred=  3 left=  9  y=    49 vy= -212992 ay=  -26624
     t= 17 pred=  3 left=  8  y=    49 vy= -212992 ay=  -26624
     t= 18 pred=  3 left=  7  y=    49 vy= -212992 ay=  -26624
     t= 19 pred=  3 left=  6  y=    49 vy= -212992 ay=  -26624
     t= 20 pred=  3 left=  5  y=    49 vy= -212992 ay=  -26624
     t= 21 pred=  3 left=  4  y=    49 vy= -212992 ay=  -26624
     t= 22 pred=  3 left=  3  y=    49 vy= -212992 ay=  -26624
     t= 23 pred=  2 left=  2  y=    46 vy= -239616 ay=  -26624
     t= 24 pred=  1 left=  1  y=    42 vy= -266240 ay=  -26624
P2  landings=0  no_prediction_ticks=0
   err all : -
   err NEAR (made within 20 ticks of the landing): -
   err far  (made earlier, can still be invalidated): -
   NEAR + $5C seen at the time : -
   NEAR + every frozen tick    : -
---- landing prediction ----
P1  landings=8  no_prediction_ticks=0
   err all : -22:57 -21:3 -20:3 -19:3 -18:3 -17:3 -16:3 -15:3 -14:3 -13:3 -12:3 -11:89 -10:8 -9:8 -8:8 -7:8 -6:8 -5:8 -4:8 -3:8 -2:8 -1:8 +0:30 +5:45
   err NEAR (made within 20 ticks of the landing): -11:50 -10:8 -9:8 -8:8 -7:8 -6:8 -5:8 -4:8 -3:8 -2:8 -1:8 +0:30
   err far  (made earlier, can still be invalidated): -22:57 -21:3 -20:3 -19:3 -18:3 -17:3 -16:3 -15:3 -14:3 -13:3 -12:3 -11:39 +5:45
   NEAR + $5C seen at the time : -11:42 +0:118
   NEAR + every frozen tick    : -1:88 +0:72
   last descent, landed on tick 62:
     t= 31 pred= 36 left= 31  y=    40 vy=  245760 ay=  -13312
     t= 32 pred= 35 left= 30  y=    43 vy=  232448 ay=  -13312
     t= 33 pred= 34 left= 29  y=    46 vy=  219136 ay=  -13312
     t= 34 pred= 33 left= 28  y=    50 vy=  205824 ay=  -13312
     t= 35 pred= 32 left= 27  y=    52 vy=  192512 ay=  -13312
     t= 36 pred= 31 left= 26  y=    55 vy=  179200 ay=  -13312
     t= 37 pred= 30 left= 25  y=    58 vy=  165888 ay=  -13312
     t= 38 pred= 29 left= 24  y=    60 vy=  152576 ay=  -13312
     t= 39 pred= 28 left= 23  y=    62 vy=  139264 ay=  -13312
     t= 40 pred= 11 left= 22  y=    64 vy=       0 ay=  -26624
     t= 41 pred= 10 left= 21  y=    64 vy=  -26624 ay=  -26624
     t= 42 pred=  9 left= 20  y=    63 vy=  -53248 ay=  -26624
     t= 43 pred=  8 left= 19  y=    62 vy=  -79872 ay=  -26624
     t= 44 pred=  7 left= 18  y=    60 vy= -106496 ay=  -26624
     t= 45 pred=  6 left= 17  y=    58 vy= -133120 ay=  -26624
     t= 46 pred=  5 left= 16  y=    56 vy= -159744 ay=  -26624
     t= 47 pred=  4 left= 15  y=    53 vy= -186368 ay=  -26624
     t= 48 pred=  4 left= 14  y=    53 vy= -186368 ay=  -26624
     t= 49 pred=  4 left= 13  y=    53 vy= -186368 ay=  -26624
     t= 50 pred=  4 left= 12  y=    53 vy= -186368 ay=  -26624
     t= 51 pred=  4 left= 11  y=    53 vy= -186368 ay=  -26624
     t= 52 pred=  4 left= 10  y=    53 vy= -186368 ay=  -26624
     t= 53 pred=  4 left=  9  y=    53 vy= -186368 ay=  -26624
     t= 54 pred=  4 left=  8  y=    53 vy= -186368 ay=  -26624
     t= 55 pred=  4 left=  7  y=    53 vy= -186368 ay=  -26624
     t= 56 pred=  4 left=  6  y=    53 vy= -186368 ay=  -26624
     t= 57 pred=  4 left=  5  y=    53 vy= -186368 ay=  -26624
     t= 58 pred=  4 left=  4  y=    53 vy= -186368 ay=  -26624
     t= 59 pred=  3 left=  3  y=    49 vy= -212992 ay=  -26624
     t= 60 pred=  2 left=  2  y=    46 vy= -239616 ay=  -26624
     t= 61 pred=  1 left=  1  y=    42 vy= -266240 ay=  -26624
P2  landings=0  no_prediction_ticks=0
   err all : -
   err NEAR (made within 20 ticks of the landing): -
   err far  (made earlier, can still be invalidated): -
   NEAR + $5C seen at the time : -
   NEAR + every frozen tick    : -
---- landing prediction ----
P1  landings=9  no_prediction_ticks=0
   err all : -22:57 -21:3 -20:3 -19:3 -18:3 -17:3 -16:3 -15:3 -14:3 -13:3 -12:3 -11:105 -10:9 -9:9 -8:9 -7:9 -6:9 -5:9 -4:9 -3:9 -2:9 -1:9 +0:51 +5:45
   err NEAR (made within 20 ticks of the landing): -11:50 -10:8 -9:8 -8:8 -7:8 -6:8 -5:8 -4:8 -3:8 -2:8 -1:8 +0:50
   err far  (made earlier, can still be invalidated): -22:57 -21:3 -20:3 -19:3 -18:3 -17:3 -16:3 -15:3 -14:3 -13:3 -12:3 -11:55 -10:1 -9:1 -8:1 -7:1 -6:1 -5:1 -4:1 -3:1 -2:1 -1:1 +0:1 +5:45
   NEAR + $5C seen at the time : -11:42 +0:138
   NEAR + every frozen tick    : -1:88 +0:92
   last descent, landed on tick 158:
     t=111 pred= 36 left= 47  y=    40 vy=  245760 ay=  -13312
     t=112 pred= 35 left= 46  y=    43 vy=  232448 ay=  -13312
     t=113 pred= 34 left= 45  y=    46 vy=  219136 ay=  -13312
     t=114 pred= 33 left= 44  y=    50 vy=  205824 ay=  -13312
     t=115 pred= 32 left= 43  y=    52 vy=  192512 ay=  -13312
     t=116 pred= 31 left= 42  y=    55 vy=  179200 ay=  -13312
     t=117 pred= 30 left= 41  y=    58 vy=  165888 ay=  -13312
     t=118 pred= 29 left= 40  y=    60 vy=  152576 ay=  -13312
     t=119 pred= 28 left= 39  y=    62 vy=  139264 ay=  -13312
     t=120 pred= 27 left= 38  y=    64 vy=  125952 ay=  -13312
     t=121 pred= 26 left= 37  y=    66 vy=  112640 ay=  -13312
     t=122 pred= 25 left= 36  y=    67 vy=   99328 ay=  -13312
     t=123 pred= 24 left= 35  y=    69 vy=   86016 ay=  -13312
     t=124 pred= 23 left= 34  y=    70 vy=   72704 ay=  -13312
     t=125 pred= 22 left= 33  y=    71 vy=   59392 ay=  -13312
     t=126 pred= 21 left= 32  y=    71 vy=   46080 ay=  -13312
     t=127 pred= 21 left= 31  y=    71 vy=   46080 ay=  -13312
     t=128 pred= 21 left= 30  y=    71 vy=   46080 ay=  -13312
     t=129 pred= 21 left= 29  y=    71 vy=   46080 ay=  -13312
     t=130 pred= 21 left= 28  y=    71 vy=   46080 ay=  -13312
     t=131 pred= 21 left= 27  y=    71 vy=   46080 ay=  -13312
     t=132 pred= 21 left= 26  y=    71 vy=   46080 ay=  -13312
     t=133 pred= 21 left= 25  y=    71 vy=   46080 ay=  -13312
     t=134 pred= 21 left= 24  y=    71 vy=   46080 ay=  -13312
     t=135 pred= 21 left= 23  y=    71 vy=   46080 ay=  -13312
     t=136 pred= 21 left= 22  y=    71 vy=   46080 ay=  -13312
     t=137 pred= 21 left= 21  y=    71 vy=   46080 ay=  -13312
     t=138 pred= 20 left= 20  y=    72 vy=   32768 ay=  -13312
     t=139 pred= 19 left= 19  y=    72 vy=   19456 ay=  -13312
     t=140 pred= 18 left= 18  y=    72 vy=    6144 ay=  -13312
     t=141 pred= 17 left= 17  y=    72 vy=   -7168 ay=  -13312
     t=142 pred= 16 left= 16  y=    72 vy=  -20480 ay=  -13312
     t=143 pred= 15 left= 15  y=    71 vy=  -33792 ay=  -13312
     t=144 pred= 14 left= 14  y=    71 vy=  -47104 ay=  -13312
     t=145 pred= 13 left= 13  y=    70 vy=  -60416 ay=  -13312
     t=146 pred= 12 left= 12  y=    69 vy=  -73728 ay=  -13312
     t=147 pred= 11 left= 11  y=    67 vy=  -87040 ay=  -13312
     t=148 pred= 10 left= 10  y=    66 vy= -100352 ay=  -13312
     t=149 pred=  9 left=  9  y=    64 vy= -113664 ay=  -13312
     t=150 pred=  8 left=  8  y=    62 vy= -126976 ay=  -13312
P2  landings=0  no_prediction_ticks=0
   err all : -
   err NEAR (made within 20 ticks of the landing): -
   err far  (made earlier, can still be invalidated): -
   NEAR + $5C seen at the time : -
   NEAR + every frozen tick    : -
---- landing prediction ----
P1  landings=10  no_prediction_ticks=0
   err all : -22:57 -21:3 -20:3 -19:3 -18:3 -17:3 -16:3 -15:3 -14:3 -13:3 -12:3 -11:114 -10:10 -9:10 -8:10 -7:10 -6:10 -5:10 -4:10 -3:10 -2:10 -1:10 +0:54 +5:54
   err NEAR (made within 20 ticks of the landing): -11:57 -10:9 -9:9 -8:9 -7:9 -6:9 -5:9 -4:9 -3:9 -2:9 -1:9 +0:53
   err far  (made earlier, can still be invalidated): -22:57 -21:3 -20:3 -19:3 -18:3 -17:3 -16:3 -15:3 -14:3 -13:3 -12:3 -11:57 -10:1 -9:1 -8:1 -7:1 -6:1 -5:1 -4:1 -3:1 -2:1 -1:1 +0:1 +5:54
   NEAR + $5C seen at the time : -11:48 +0:152
   NEAR + every frozen tick    : -1:99 +0:101
   last descent, landed on tick 229:
     t=198 pred= 36 left= 31  y=    40 vy=  245760 ay=  -13312
     t=199 pred= 35 left= 30  y=    43 vy=  232448 ay=  -13312
     t=200 pred= 34 left= 29  y=    46 vy=  219136 ay=  -13312
     t=201 pred= 33 left= 28  y=    50 vy=  205824 ay=  -13312
     t=202 pred= 32 left= 27  y=    52 vy=  192512 ay=  -13312
     t=203 pred= 31 left= 26  y=    55 vy=  179200 ay=  -13312
     t=204 pred= 30 left= 25  y=    58 vy=  165888 ay=  -13312
     t=205 pred= 29 left= 24  y=    60 vy=  152576 ay=  -13312
     t=206 pred= 28 left= 23  y=    62 vy=  139264 ay=  -13312
     t=207 pred= 11 left= 22  y=    64 vy=       0 ay=  -26624
     t=208 pred= 10 left= 21  y=    64 vy=  -26624 ay=  -26624
     t=209 pred=  9 left= 20  y=    63 vy=  -53248 ay=  -26624
     t=210 pred=  8 left= 19  y=    62 vy=  -79872 ay=  -26624
     t=211 pred=  7 left= 18  y=    60 vy= -106496 ay=  -26624
     t=212 pred=  6 left= 17  y=    58 vy= -133120 ay=  -26624
     t=213 pred=  5 left= 16  y=    56 vy= -159744 ay=  -26624
     t=214 pred=  4 left= 15  y=    53 vy= -186368 ay=  -26624
     t=215 pred=  3 left= 14  y=    49 vy= -212992 ay=  -26624
     t=216 pred=  3 left= 13  y=    49 vy= -212992 ay=  -26624
     t=217 pred=  3 left= 12  y=    49 vy= -212992 ay=  -26624
     t=218 pred=  3 left= 11  y=    49 vy= -212992 ay=  -26624
     t=219 pred=  3 left= 10  y=    49 vy= -212992 ay=  -26624
     t=220 pred=  3 left=  9  y=    49 vy= -212992 ay=  -26624
     t=221 pred=  3 left=  8  y=    49 vy= -212992 ay=  -26624
     t=222 pred=  3 left=  7  y=    49 vy= -212992 ay=  -26624
     t=223 pred=  3 left=  6  y=    49 vy= -212992 ay=  -26624
     t=224 pred=  3 left=  5  y=    49 vy= -212992 ay=  -26624
     t=225 pred=  3 left=  4  y=    49 vy= -212992 ay=  -26624
     t=226 pred=  3 left=  3  y=    49 vy= -212992 ay=  -26624
     t=227 pred=  2 left=  2  y=    46 vy= -239616 ay=  -26624
     t=228 pred=  1 left=  1  y=    42 vy= -266240 ay=  -26624
P2  landings=0  no_prediction_ticks=0
   err all : -
   err NEAR (made within 20 ticks of the landing): -
   err far  (made earlier, can still be invalidated): -
   NEAR + $5C seen at the time : -
   NEAR + every frozen tick    : -
---- landing prediction ----
P1  landings=11  no_prediction_ticks=0
   err all : -22:57 -21:3 -20:3 -19:3 -18:3 -17:3 -16:3 -15:3 -14:3 -13:3 -12:3 -11:122 -10:11 -9:11 -8:11 -7:11 -6:11 -5:11 -4:11 -3:11 -2:11 -1:11 +0:58 +5:63
   err NEAR (made within 20 ticks of the landing): -11:63 -10:10 -9:10 -8:10 -7:10 -6:10 -5:10 -4:10 -3:10 -2:10 -1:10 +0:57
   err far  (made earlier, can still be invalidated): -22:57 -21:3 -20:3 -19:3 -18:3 -17:3 -16:3 -15:3 -14:3 -13:3 -12:3 -11:59 -10:1 -9:1 -8:1 -7:1 -6:1 -5:1 -4:1 -3:1 -2:1 -1:1 +0:1 +5:63
   NEAR + $5C seen at the time : -11:53 +0:167
   NEAR + every frozen tick    : -1:110 +0:110
   last descent, landed on tick 10:
     t=235 pred= 36 left= 31  y=    40 vy=  245760 ay=  -13312
     t=236 pred= 35 left= 30  y=    43 vy=  232448 ay=  -13312
     t=237 pred= 34 left= 29  y=    46 vy=  219136 ay=  -13312
     t=238 pred= 33 left= 28  y=    50 vy=  205824 ay=  -13312
     t=239 pred= 32 left= 27  y=    52 vy=  192512 ay=  -13312
     t=240 pred= 31 left= 26  y=    55 vy=  179200 ay=  -13312
     t=241 pred= 30 left= 25  y=    58 vy=  165888 ay=  -13312
     t=242 pred= 29 left= 24  y=    60 vy=  152576 ay=  -13312
     t=243 pred= 28 left= 23  y=    62 vy=  139264 ay=  -13312
     t=244 pred= 11 left= 22  y=    64 vy=       0 ay=  -26624
     t=245 pred= 10 left= 21  y=    64 vy=  -26624 ay=  -26624
     t=246 pred=  9 left= 20  y=    63 vy=  -53248 ay=  -26624
     t=247 pred=  8 left= 19  y=    62 vy=  -79872 ay=  -26624
     t=248 pred=  7 left= 18  y=    60 vy= -106496 ay=  -26624
     t=249 pred=  6 left= 17  y=    58 vy= -133120 ay=  -26624
     t=250 pred=  5 left= 16  y=    56 vy= -159744 ay=  -26624
     t=251 pred=  4 left= 15  y=    53 vy= -186368 ay=  -26624
     t=252 pred=  4 left= 14  y=    53 vy= -186368 ay=  -26624
     t=253 pred=  4 left= 13  y=    53 vy= -186368 ay=  -26624
     t=254 pred=  4 left= 12  y=    53 vy= -186368 ay=  -26624
     t=255 pred=  4 left= 11  y=    53 vy= -186368 ay=  -26624
     t=  0 pred=  4 left= 10  y=    53 vy= -186368 ay=  -26624
     t=  1 pred=  4 left=  9  y=    53 vy= -186368 ay=  -26624
     t=  2 pred=  4 left=  8  y=    53 vy= -186368 ay=  -26624
     t=  3 pred=  4 left=  7  y=    53 vy= -186368 ay=  -26624
     t=  4 pred=  4 left=  6  y=    53 vy= -186368 ay=  -26624
     t=  5 pred=  4 left=  5  y=    53 vy= -186368 ay=  -26624
     t=  6 pred=  4 left=  4  y=    53 vy= -186368 ay=  -26624
     t=  7 pred=  3 left=  3  y=    49 vy= -212992 ay=  -26624
     t=  8 pred=  2 left=  2  y=    46 vy= -239616 ay=  -26624
     t=  9 pred=  1 left=  1  y=    42 vy= -266240 ay=  -26624
P2  landings=0  no_prediction_ticks=0
   err all : -
   err NEAR (made within 20 ticks of the landing): -
   err far  (made earlier, can still be invalidated): -
   NEAR + $5C seen at the time : -
   NEAR + every frozen tick    : -
---- landing prediction ----
P1  landings=12  no_prediction_ticks=0
   err all : -22:57 -21:3 -20:3 -19:3 -18:3 -17:3 -16:3 -15:3 -14:3 -13:3 -12:3 -11:122 -10:11 -9:11 -8:11 -7:11 -6:11 -5:11 -4:11 -3:11 -2:11 -1:11 +0:87 +5:63
   err NEAR (made within 20 ticks of the landing): -11:63 -10:10 -9:10 -8:10 -7:10 -6:10 -5:10 -4:10 -3:10 -2:10 -1:10 +0:77
   err far  (made earlier, can still be invalidated): -22:57 -21:3 -20:3 -19:3 -18:3 -17:3 -16:3 -15:3 -14:3 -13:3 -12:3 -11:59 -10:1 -9:1 -8:1 -7:1 -6:1 -5:1 -4:1 -3:1 -2:1 -1:1 +0:10 +5:63
   NEAR + $5C seen at the time : -11:53 +0:187
   NEAR + every frozen tick    : -1:110 +0:130
   last descent, landed on tick 83:
     t= 54 pred= 29 left= 29  y=    40 vy=  786432 ay=  -53248
     t= 55 pred= 28 left= 28  y=    51 vy=  733184 ay=  -53248
     t= 56 pred= 27 left= 27  y=    61 vy=  679936 ay=  -53248
     t= 57 pred= 26 left= 26  y=    71 vy=  626688 ay=  -53248
     t= 58 pred= 25 left= 25  y=    79 vy=  573440 ay=  -53248
     t= 59 pred= 24 left= 24  y=    87 vy=  520192 ay=  -53248
     t= 60 pred= 23 left= 23  y=    94 vy=  466944 ay=  -53248
     t= 61 pred= 22 left= 22  y=   101 vy=  413696 ay=  -53248
     t= 62 pred= 21 left= 21  y=   106 vy=  360448 ay=  -53248
     t= 63 pred= 20 left= 20  y=   111 vy=  307200 ay=  -53248
     t= 64 pred= 19 left= 19  y=   115 vy=  253952 ay=  -53248
     t= 65 pred= 18 left= 18  y=   118 vy=  200704 ay=  -53248
     t= 66 pred= 17 left= 17  y=   120 vy=  147456 ay=  -53248
     t= 67 pred= 16 left= 16  y=   122 vy=   94208 ay=  -53248
     t= 68 pred= 15 left= 15  y=   122 vy=   40960 ay=  -53248
     t= 69 pred= 14 left= 14  y=   122 vy=  -12288 ay=  -53248
     t= 70 pred= 13 left= 13  y=   121 vy=  -65536 ay=  -53248
     t= 71 pred= 12 left= 12  y=   119 vy= -118784 ay=  -53248
     t= 72 pred= 11 left= 11  y=   117 vy= -172032 ay=  -53248
     t= 73 pred= 10 left= 10  y=   113 vy= -225280 ay=  -53248
     t= 74 pred=  9 left=  9  y=   109 vy= -278528 ay=  -53248
     t= 75 pred=  8 left=  8  y=   104 vy= -331776 ay=  -53248
     t= 76 pred=  7 left=  7  y=    98 vy= -385024 ay=  -53248
     t= 77 pred=  6 left=  6  y=    91 vy= -438272 ay=  -53248
     t= 78 pred=  5 left=  5  y=    84 vy= -491520 ay=  -53248
     t= 79 pred=  4 left=  4  y=    75 vy= -544768 ay=  -53248
     t= 80 pred=  3 left=  3  y=    66 vy= -598016 ay=  -53248
     t= 81 pred=  2 left=  2  y=    56 vy= -651264 ay=  -53248
     t= 82 pred=  1 left=  1  y=    46 vy= -704512 ay=  -53248
P2  landings=0  no_prediction_ticks=0
   err all : -
   err NEAR (made within 20 ticks of the landing): -
   err far  (made earlier, can still be invalidated): -
   NEAR + $5C seen at the time : -
   NEAR + every frozen tick    : -
---- landing prediction ----
P1  landings=13  no_prediction_ticks=0
   err all : -22:57 -21:3 -20:3 -19:3 -18:3 -17:3 -16:3 -15:3 -14:3 -13:3 -12:3 -11:122 -10:11 -9:11 -8:11 -7:11 -6:11 -5:11 -4:11 -3:11 -2:11 -1:11 +0:98 +5:63 +16:9
   err NEAR (made within 20 ticks of the landing): -11:63 -10:10 -9:10 -8:10 -7:10 -6:10 -5:10 -4:10 -3:10 -2:10 -1:10 +0:88 +16:9
   err far  (made earlier, can still be invalidated): -22:57 -21:3 -20:3 -19:3 -18:3 -17:3 -16:3 -15:3 -14:3 -13:3 -12:3 -11:59 -10:1 -9:1 -8:1 -7:1 -6:1 -5:1 -4:1 -3:1 -2:1 -1:1 +0:10 +5:63
   NEAR + $5C seen at the time : -11:53 +0:198 +16:9
   NEAR + every frozen tick    : -1:110 +0:141 +16:9
   last descent, landed on tick 111:
     t= 91 pred= 36 left= 20  y=    40 vy=  245760 ay=  -13312
     t= 92 pred= 35 left= 19  y=    43 vy=  232448 ay=  -13312
     t= 93 pred= 34 left= 18  y=    46 vy=  219136 ay=  -13312
     t= 94 pred= 33 left= 17  y=    50 vy=  205824 ay=  -13312
     t= 95 pred= 32 left= 16  y=    52 vy=  192512 ay=  -13312
     t= 96 pred= 31 left= 15  y=    55 vy=  179200 ay=  -13312
     t= 97 pred= 30 left= 14  y=    58 vy=  165888 ay=  -13312
     t= 98 pred= 29 left= 13  y=    60 vy=  152576 ay=  -13312
     t= 99 pred= 28 left= 12  y=    62 vy=  139264 ay=  -13312
     t=100 pred= 11 left= 11  y=    64 vy=       0 ay=  -26624
     t=101 pred= 10 left= 10  y=    64 vy=  -26624 ay=  -26624
     t=102 pred=  9 left=  9  y=    63 vy=  -53248 ay=  -26624
     t=103 pred=  8 left=  8  y=    62 vy=  -79872 ay=  -26624
     t=104 pred=  7 left=  7  y=    60 vy= -106496 ay=  -26624
     t=105 pred=  6 left=  6  y=    58 vy= -133120 ay=  -26624
     t=106 pred=  5 left=  5  y=    56 vy= -159744 ay=  -26624
     t=107 pred=  4 left=  4  y=    53 vy= -186368 ay=  -26624
     t=108 pred=  3 left=  3  y=    49 vy= -212992 ay=  -26624
     t=109 pred=  2 left=  2  y=    46 vy= -239616 ay=  -26624
     t=110 pred=  1 left=  1  y=    42 vy= -266240 ay=  -26624
P2  landings=0  no_prediction_ticks=0
   err all : -
   err NEAR (made within 20 ticks of the landing): -
   err far  (made earlier, can still be invalidated): -
   NEAR + $5C seen at the time : -
   NEAR + every frozen tick    : -
---- landing prediction ----
P1  landings=14  no_prediction_ticks=0
   err all : -22:57 -21:3 -20:3 -19:3 -18:3 -17:3 -16:3 -15:3 -14:3 -13:3 -12:3 -11:122 -10:11 -9:11 -8:11 -7:11 -6:11 -5:11 -4:11 -3:11 -2:11 -1:11 +0:137 +5:63 +16:9
   err NEAR (made within 20 ticks of the landing): -11:63 -10:10 -9:10 -8:10 -7:10 -6:10 -5:10 -4:10 -3:10 -2:10 -1:10 +0:108 +16:9
   err far  (made earlier, can still be invalidated): -22:57 -21:3 -20:3 -19:3 -18:3 -17:3 -16:3 -15:3 -14:3 -13:3 -12:3 -11:59 -10:1 -9:1 -8:1 -7:1 -6:1 -5:1 -4:1 -3:1 -2:1 -1:1 +0:29 +5:63
   NEAR + $5C seen at the time : -11:53 +0:218 +16:9
   NEAR + every frozen tick    : -1:110 +0:161 +16:9
   last descent, landed on tick 163:
     t=124 pred= 39 left= 39  y=    40 vy=  630784 ay=  -32000
     t=125 pred= 38 left= 38  y=    49 vy=  598784 ay=  -32000
     t=126 pred= 37 left= 37  y=    57 vy=  566784 ay=  -32000
     t=127 pred= 36 left= 36  y=    65 vy=  534784 ay=  -32000
     t=128 pred= 35 left= 35  y=    73 vy=  502784 ay=  -32000
     t=129 pred= 34 left= 34  y=    80 vy=  470784 ay=  -32000
     t=130 pred= 33 left= 33  y=    87 vy=  438784 ay=  -32000
     t=131 pred= 32 left= 32  y=    93 vy=  406784 ay=  -32000
     t=132 pred= 31 left= 31  y=    99 vy=  374784 ay=  -32000
     t=133 pred= 30 left= 30  y=   104 vy=  342784 ay=  -32000
     t=134 pred= 29 left= 29  y=   109 vy=  310784 ay=  -32000
     t=135 pred= 28 left= 28  y=   113 vy=  278784 ay=  -32000
     t=136 pred= 27 left= 27  y=   117 vy=  246784 ay=  -32000
     t=137 pred= 26 left= 26  y=   120 vy=  214784 ay=  -32000
     t=138 pred= 25 left= 25  y=   123 vy=  182784 ay=  -32000
     t=139 pred= 24 left= 24  y=   125 vy=  150784 ay=  -32000
     t=140 pred= 23 left= 23  y=   127 vy=  118784 ay=  -32000
     t=141 pred= 22 left= 22  y=   128 vy=   86784 ay=  -32000
     t=142 pred= 21 left= 21  y=   129 vy=   54784 ay=  -32000
     t=143 pred= 20 left= 20  y=   130 vy=   22784 ay=  -32000
     t=144 pred= 19 left= 19  y=   129 vy=   -9216 ay=  -32000
     t=145 pred= 18 left= 18  y=   129 vy=  -41216 ay=  -32000
     t=146 pred= 17 left= 17  y=   128 vy=  -73216 ay=  -32000
     t=147 pred= 16 left= 16  y=   126 vy= -105216 ay=  -32000
     t=148 pred= 15 left= 15  y=   124 vy= -137216 ay=  -32000
     t=149 pred= 14 left= 14  y=   121 vy= -169216 ay=  -32000
     t=150 pred= 13 left= 13  y=   118 vy= -201216 ay=  -32000
     t=151 pred= 12 left= 12  y=   115 vy= -233216 ay=  -32000
     t=152 pred= 11 left= 11  y=   111 vy= -265216 ay=  -32000
     t=153 pred= 10 left= 10  y=   106 vy= -297216 ay=  -32000
     t=154 pred=  9 left=  9  y=   101 vy= -329216 ay=  -32000
     t=155 pred=  8 left=  8  y=    96 vy= -361216 ay=  -32000
     t=156 pred=  7 left=  7  y=    90 vy= -393216 ay=  -32000
     t=157 pred=  6 left=  6  y=    83 vy= -425216 ay=  -32000
     t=158 pred=  5 left=  5  y=    76 vy= -457216 ay=  -32000
     t=159 pred=  4 left=  4  y=    69 vy= -489216 ay=  -32000
     t=160 pred=  3 left=  3  y=    61 vy= -521216 ay=  -32000
     t=161 pred=  2 left=  2  y=    52 vy= -553216 ay=  -32000
     t=162 pred=  1 left=  1  y=    43 vy= -585216 ay=  -32000
P2  landings=0  no_prediction_ticks=0
   err all : -
   err NEAR (made within 20 ticks of the landing): -
   err far  (made earlier, can still be invalidated): -
   NEAR + $5C seen at the time : -
   NEAR + every frozen tick    : -
---- landing prediction ----
P1  landings=15  no_prediction_ticks=0
   err all : -22:57 -21:3 -20:3 -19:3 -18:3 -17:3 -16:3 -15:3 -14:3 -13:3 -12:3 -11:122 -10:11 -9:11 -8:11 -7:11 -6:11 -5:11 -4:11 -3:11 -2:11 -1:11 +0:166 +5:63 +16:9
   err NEAR (made within 20 ticks of the landing): -11:63 -10:10 -9:10 -8:10 -7:10 -6:10 -5:10 -4:10 -3:10 -2:10 -1:10 +0:128 +16:9
   err far  (made earlier, can still be invalidated): -22:57 -21:3 -20:3 -19:3 -18:3 -17:3 -16:3 -15:3 -14:3 -13:3 -12:3 -11:59 -10:1 -9:1 -8:1 -7:1 -6:1 -5:1 -4:1 -3:1 -2:1 -1:1 +0:38 +5:63
   NEAR + $5C seen at the time : -11:53 +0:238 +16:9
   NEAR + every frozen tick    : -1:110 +0:181 +16:9
   last descent, landed on tick 202:
     t=173 pred= 29 left= 29  y=    40 vy=  786432 ay=  -53248
     t=174 pred= 28 left= 28  y=    51 vy=  733184 ay=  -53248
     t=175 pred= 27 left= 27  y=    61 vy=  679936 ay=  -53248
     t=176 pred= 26 left= 26  y=    71 vy=  626688 ay=  -53248
     t=177 pred= 25 left= 25  y=    79 vy=  573440 ay=  -53248
     t=178 pred= 24 left= 24  y=    87 vy=  520192 ay=  -53248
     t=179 pred= 23 left= 23  y=    94 vy=  466944 ay=  -53248
     t=180 pred= 22 left= 22  y=   101 vy=  413696 ay=  -53248
     t=181 pred= 21 left= 21  y=   106 vy=  360448 ay=  -53248
     t=182 pred= 20 left= 20  y=   111 vy=  307200 ay=  -53248
     t=183 pred= 19 left= 19  y=   115 vy=  253952 ay=  -53248
     t=184 pred= 18 left= 18  y=   118 vy=  200704 ay=  -53248
     t=185 pred= 17 left= 17  y=   120 vy=  147456 ay=  -53248
     t=186 pred= 16 left= 16  y=   122 vy=   94208 ay=  -53248
     t=187 pred= 15 left= 15  y=   122 vy=   40960 ay=  -53248
     t=188 pred= 14 left= 14  y=   122 vy=  -12288 ay=  -53248
     t=189 pred= 13 left= 13  y=   121 vy=  -65536 ay=  -53248
     t=190 pred= 12 left= 12  y=   119 vy= -118784 ay=  -53248
     t=191 pred= 11 left= 11  y=   117 vy= -172032 ay=  -53248
     t=192 pred= 10 left= 10  y=   113 vy= -225280 ay=  -53248
     t=193 pred=  9 left=  9  y=   109 vy= -278528 ay=  -53248
     t=194 pred=  8 left=  8  y=   104 vy= -331776 ay=  -53248
     t=195 pred=  7 left=  7  y=    98 vy= -385024 ay=  -53248
     t=196 pred=  6 left=  6  y=    91 vy= -438272 ay=  -53248
     t=197 pred=  5 left=  5  y=    84 vy= -491520 ay=  -53248
     t=198 pred=  4 left=  4  y=    75 vy= -544768 ay=  -53248
     t=199 pred=  3 left=  3  y=    66 vy= -598016 ay=  -53248
     t=200 pred=  2 left=  2  y=    56 vy= -651264 ay=  -53248
     t=201 pred=  1 left=  1  y=    46 vy= -704512 ay=  -53248
P2  landings=0  no_prediction_ticks=0
   err all : -
   err NEAR (made within 20 ticks of the landing): -
   err far  (made earlier, can still be invalidated): -
   NEAR + $5C seen at the time : -
   NEAR + every frozen tick    : -
---- landing prediction ----
P1  landings=16  no_prediction_ticks=0
   err all : -22:57 -21:3 -20:3 -19:3 -18:3 -17:3 -16:3 -15:3 -14:3 -13:3 -12:3 -11:122 -10:11 -9:11 -8:11 -7:11 -6:11 -5:11 -4:11 -3:11 -2:11 -1:11 +0:177 +5:63 +16:18
   err NEAR (made within 20 ticks of the landing): -11:63 -10:10 -9:10 -8:10 -7:10 -6:10 -5:10 -4:10 -3:10 -2:10 -1:10 +0:139 +16:18
   err far  (made earlier, can still be invalidated): -22:57 -21:3 -20:3 -19:3 -18:3 -17:3 -16:3 -15:3 -14:3 -13:3 -12:3 -11:59 -10:1 -9:1 -8:1 -7:1 -6:1 -5:1 -4:1 -3:1 -2:1 -1:1 +0:38 +5:63
   NEAR + $5C seen at the time : -11:53 +0:249 +16:18
   NEAR + every frozen tick    : -1:110 +0:192 +16:18
   last descent, landed on tick 227:
     t=207 pred= 36 left= 20  y=    40 vy=  245760 ay=  -13312
     t=208 pred= 35 left= 19  y=    43 vy=  232448 ay=  -13312
     t=209 pred= 34 left= 18  y=    46 vy=  219136 ay=  -13312
     t=210 pred= 33 left= 17  y=    50 vy=  205824 ay=  -13312
     t=211 pred= 32 left= 16  y=    52 vy=  192512 ay=  -13312
     t=212 pred= 31 left= 15  y=    55 vy=  179200 ay=  -13312
     t=213 pred= 30 left= 14  y=    58 vy=  165888 ay=  -13312
     t=214 pred= 29 left= 13  y=    60 vy=  152576 ay=  -13312
     t=215 pred= 28 left= 12  y=    62 vy=  139264 ay=  -13312
     t=216 pred= 11 left= 11  y=    64 vy=       0 ay=  -26624
     t=217 pred= 10 left= 10  y=    64 vy=  -26624 ay=  -26624
     t=218 pred=  9 left=  9  y=    63 vy=  -53248 ay=  -26624
     t=219 pred=  8 left=  8  y=    62 vy=  -79872 ay=  -26624
     t=220 pred=  7 left=  7  y=    60 vy= -106496 ay=  -26624
     t=221 pred=  6 left=  6  y=    58 vy= -133120 ay=  -26624
     t=222 pred=  5 left=  5  y=    56 vy= -159744 ay=  -26624
     t=223 pred=  4 left=  4  y=    53 vy= -186368 ay=  -26624
     t=224 pred=  3 left=  3  y=    49 vy= -212992 ay=  -26624
     t=225 pred=  2 left=  2  y=    46 vy= -239616 ay=  -26624
     t=226 pred=  1 left=  1  y=    42 vy= -266240 ay=  -26624
P2  landings=0  no_prediction_ticks=0
   err all : -
   err NEAR (made within 20 ticks of the landing): -
   err far  (made earlier, can still be invalidated): -
   NEAR + $5C seen at the time : -
   NEAR + every frozen tick    : -
---- landing prediction ----
P1  landings=17  no_prediction_ticks=0
   err all : -22:57 -21:3 -20:3 -19:3 -18:3 -17:3 -16:3 -15:3 -14:3 -13:3 -12:3 -11:122 -10:11 -9:11 -8:11 -7:11 -6:11 -5:11 -4:11 -3:11 -2:11 -1:11 +0:188 +5:63 +16:27
   err NEAR (made within 20 ticks of the landing): -11:63 -10:10 -9:10 -8:10 -7:10 -6:10 -5:10 -4:10 -3:10 -2:10 -1:10 +0:150 +16:27
   err far  (made earlier, can still be invalidated): -22:57 -21:3 -20:3 -19:3 -18:3 -17:3 -16:3 -15:3 -14:3 -13:3 -12:3 -11:59 -10:1 -9:1 -8:1 -7:1 -6:1 -5:1 -4:1 -3:1 -2:1 -1:1 +0:38 +5:63
   NEAR + $5C seen at the time : -11:53 +0:260 +16:27
   NEAR + every frozen tick    : -1:110 +0:203 +16:27
   last descent, landed on tick 254:
     t=234 pred= 36 left= 20  y=    40 vy=  245760 ay=  -13312
     t=235 pred= 35 left= 19  y=    43 vy=  232448 ay=  -13312
     t=236 pred= 34 left= 18  y=    46 vy=  219136 ay=  -13312
     t=237 pred= 33 left= 17  y=    50 vy=  205824 ay=  -13312
     t=238 pred= 32 left= 16  y=    52 vy=  192512 ay=  -13312
     t=239 pred= 31 left= 15  y=    55 vy=  179200 ay=  -13312
     t=240 pred= 30 left= 14  y=    58 vy=  165888 ay=  -13312
     t=241 pred= 29 left= 13  y=    60 vy=  152576 ay=  -13312
     t=242 pred= 28 left= 12  y=    62 vy=  139264 ay=  -13312
     t=243 pred= 11 left= 11  y=    64 vy=       0 ay=  -26624
     t=244 pred= 10 left= 10  y=    64 vy=  -26624 ay=  -26624
     t=245 pred=  9 left=  9  y=    63 vy=  -53248 ay=  -26624
     t=246 pred=  8 left=  8  y=    62 vy=  -79872 ay=  -26624
     t=247 pred=  7 left=  7  y=    60 vy= -106496 ay=  -26624
     t=248 pred=  6 left=  6  y=    58 vy= -133120 ay=  -26624
     t=249 pred=  5 left=  5  y=    56 vy= -159744 ay=  -26624
     t=250 pred=  4 left=  4  y=    53 vy= -186368 ay=  -26624
     t=251 pred=  3 left=  3  y=    49 vy= -212992 ay=  -26624
     t=252 pred=  2 left=  2  y=    46 vy= -239616 ay=  -26624
     t=253 pred=  1 left=  1  y=    42 vy= -266240 ay=  -26624
P2  landings=0  no_prediction_ticks=0
   err all : -
   err NEAR (made within 20 ticks of the landing): -
   err far  (made earlier, can still be invalidated): -
   NEAR + $5C seen at the time : -
   NEAR + every frozen tick    : -
---- landing prediction ----
P1  landings=18  no_prediction_ticks=0
   err all : -22:57 -21:3 -20:3 -19:3 -18:3 -17:3 -16:3 -15:3 -14:3 -13:3 -12:3 -11:122 -10:11 -9:11 -8:11 -7:11 -6:11 -5:11 -4:11 -3:11 -2:11 -1:11 +0:227 +5:63 +16:27
   err NEAR (made within 20 ticks of the landing): -11:63 -10:10 -9:10 -8:10 -7:10 -6:10 -5:10 -4:10 -3:10 -2:10 -1:10 +0:170 +16:27
   err far  (made earlier, can still be invalidated): -22:57 -21:3 -20:3 -19:3 -18:3 -17:3 -16:3 -15:3 -14:3 -13:3 -12:3 -11:59 -10:1 -9:1 -8:1 -7:1 -6:1 -5:1 -4:1 -3:1 -2:1 -1:1 +0:57 +5:63
   NEAR + $5C seen at the time : -11:53 +0:280 +16:27
   NEAR + every frozen tick    : -1:110 +0:223 +16:27
   last descent, landed on tick 46:
     t=  7 pred= 39 left= 39  y=    40 vy=  630784 ay=  -32000
     t=  8 pred= 38 left= 38  y=    49 vy=  598784 ay=  -32000
     t=  9 pred= 37 left= 37  y=    57 vy=  566784 ay=  -32000
     t= 10 pred= 36 left= 36  y=    65 vy=  534784 ay=  -32000
     t= 11 pred= 35 left= 35  y=    73 vy=  502784 ay=  -32000
     t= 12 pred= 34 left= 34  y=    80 vy=  470784 ay=  -32000
     t= 13 pred= 33 left= 33  y=    87 vy=  438784 ay=  -32000
     t= 14 pred= 32 left= 32  y=    93 vy=  406784 ay=  -32000
     t= 15 pred= 31 left= 31  y=    99 vy=  374784 ay=  -32000
     t= 16 pred= 30 left= 30  y=   104 vy=  342784 ay=  -32000
     t= 17 pred= 29 left= 29  y=   109 vy=  310784 ay=  -32000
     t= 18 pred= 28 left= 28  y=   113 vy=  278784 ay=  -32000
     t= 19 pred= 27 left= 27  y=   117 vy=  246784 ay=  -32000
     t= 20 pred= 26 left= 26  y=   120 vy=  214784 ay=  -32000
     t= 21 pred= 25 left= 25  y=   123 vy=  182784 ay=  -32000
     t= 22 pred= 24 left= 24  y=   125 vy=  150784 ay=  -32000
     t= 23 pred= 23 left= 23  y=   127 vy=  118784 ay=  -32000
     t= 24 pred= 22 left= 22  y=   128 vy=   86784 ay=  -32000
     t= 25 pred= 21 left= 21  y=   129 vy=   54784 ay=  -32000
     t= 26 pred= 20 left= 20  y=   130 vy=   22784 ay=  -32000
     t= 27 pred= 19 left= 19  y=   129 vy=   -9216 ay=  -32000
     t= 28 pred= 18 left= 18  y=   129 vy=  -41216 ay=  -32000
     t= 29 pred= 17 left= 17  y=   128 vy=  -73216 ay=  -32000
     t= 30 pred= 16 left= 16  y=   126 vy= -105216 ay=  -32000
     t= 31 pred= 15 left= 15  y=   124 vy= -137216 ay=  -32000
     t= 32 pred= 14 left= 14  y=   121 vy= -169216 ay=  -32000
     t= 33 pred= 13 left= 13  y=   118 vy= -201216 ay=  -32000
     t= 34 pred= 12 left= 12  y=   115 vy= -233216 ay=  -32000
     t= 35 pred= 11 left= 11  y=   111 vy= -265216 ay=  -32000
     t= 36 pred= 10 left= 10  y=   106 vy= -297216 ay=  -32000
     t= 37 pred=  9 left=  9  y=   101 vy= -329216 ay=  -32000
     t= 38 pred=  8 left=  8  y=    96 vy= -361216 ay=  -32000
     t= 39 pred=  7 left=  7  y=    90 vy= -393216 ay=  -32000
     t= 40 pred=  6 left=  6  y=    83 vy= -425216 ay=  -32000
     t= 41 pred=  5 left=  5  y=    76 vy= -457216 ay=  -32000
     t= 42 pred=  4 left=  4  y=    69 vy= -489216 ay=  -32000
     t= 43 pred=  3 left=  3  y=    61 vy= -521216 ay=  -32000
     t= 44 pred=  2 left=  2  y=    52 vy= -553216 ay=  -32000
     t= 45 pred=  1 left=  1  y=    43 vy= -585216 ay=  -32000
P2  landings=0  no_prediction_ticks=0
   err all : -
   err NEAR (made within 20 ticks of the landing): -
   err far  (made earlier, can still be invalidated): -
   NEAR + $5C seen at the time : -
   NEAR + every frozen tick    : -
---- landing prediction ----
P1  landings=19  no_prediction_ticks=0
   err all : -22:57 -21:3 -20:3 -19:3 -18:3 -17:3 -16:3 -15:3 -14:3 -13:3 -12:3 -11:122 -10:11 -9:11 -8:11 -7:11 -6:11 -5:11 -4:11 -3:11 -2:11 -1:11 +0:238 +5:63 +16:36
   err NEAR (made within 20 ticks of the landing): -11:63 -10:10 -9:10 -8:10 -7:10 -6:10 -5:10 -4:10 -3:10 -2:10 -1:10 +0:181 +16:36
   err far  (made earlier, can still be invalidated): -22:57 -21:3 -20:3 -19:3 -18:3 -17:3 -16:3 -15:3 -14:3 -13:3 -12:3 -11:59 -10:1 -9:1 -8:1 -7:1 -6:1 -5:1 -4:1 -3:1 -2:1 -1:1 +0:57 +5:63
   NEAR + $5C seen at the time : -11:53 +0:291 +16:36
   NEAR + every frozen tick    : -1:110 +0:234 +16:36
   last descent, landed on tick 97:
     t= 77 pred= 36 left= 20  y=    40 vy=  245760 ay=  -13312
     t= 78 pred= 35 left= 19  y=    43 vy=  232448 ay=  -13312
     t= 79 pred= 34 left= 18  y=    46 vy=  219136 ay=  -13312
     t= 80 pred= 33 left= 17  y=    50 vy=  205824 ay=  -13312
     t= 81 pred= 32 left= 16  y=    52 vy=  192512 ay=  -13312
     t= 82 pred= 31 left= 15  y=    55 vy=  179200 ay=  -13312
     t= 83 pred= 30 left= 14  y=    58 vy=  165888 ay=  -13312
     t= 84 pred= 29 left= 13  y=    60 vy=  152576 ay=  -13312
     t= 85 pred= 28 left= 12  y=    62 vy=  139264 ay=  -13312
     t= 86 pred= 11 left= 11  y=    64 vy=       0 ay=  -26624
     t= 87 pred= 10 left= 10  y=    64 vy=  -26624 ay=  -26624
     t= 88 pred=  9 left=  9  y=    63 vy=  -53248 ay=  -26624
     t= 89 pred=  8 left=  8  y=    62 vy=  -79872 ay=  -26624
     t= 90 pred=  7 left=  7  y=    60 vy= -106496 ay=  -26624
     t= 91 pred=  6 left=  6  y=    58 vy= -133120 ay=  -26624
     t= 92 pred=  5 left=  5  y=    56 vy= -159744 ay=  -26624
     t= 93 pred=  4 left=  4  y=    53 vy= -186368 ay=  -26624
     t= 94 pred=  3 left=  3  y=    49 vy= -212992 ay=  -26624
     t= 95 pred=  2 left=  2  y=    46 vy= -239616 ay=  -26624
     t= 96 pred=  1 left=  1  y=    42 vy= -266240 ay=  -26624
P2  landings=0  no_prediction_ticks=0
   err all : -
   err NEAR (made within 20 ticks of the landing): -
   err far  (made earlier, can still be invalidated): -
   NEAR + $5C seen at the time : -
   NEAR + every frozen tick    : -
---- landing prediction ----
P1  landings=20  no_prediction_ticks=0
   err all : -22:57 -21:3 -20:3 -19:3 -18:3 -17:3 -16:3 -15:3 -14:3 -13:3 -12:3 -11:122 -10:11 -9:11 -8:11 -7:11 -6:11 -5:11 -4:11 -3:11 -2:11 -1:11 +0:277 +5:63 +16:36
   err NEAR (made within 20 ticks of the landing): -11:63 -10:10 -9:10 -8:10 -7:10 -6:10 -5:10 -4:10 -3:10 -2:10 -1:10 +0:201 +16:36
   err far  (made earlier, can still be invalidated): -22:57 -21:3 -20:3 -19:3 -18:3 -17:3 -16:3 -15:3 -14:3 -13:3 -12:3 -11:59 -10:1 -9:1 -8:1 -7:1 -6:1 -5:1 -4:1 -3:1 -2:1 -1:1 +0:76 +5:63
   NEAR + $5C seen at the time : -11:53 +0:311 +16:36
   NEAR + every frozen tick    : -1:110 +0:254 +16:36
   last descent, landed on tick 165:
     t=126 pred= 39 left= 39  y=    40 vy=  630784 ay=  -32000
     t=127 pred= 38 left= 38  y=    49 vy=  598784 ay=  -32000
     t=128 pred= 37 left= 37  y=    57 vy=  566784 ay=  -32000
     t=129 pred= 36 left= 36  y=    65 vy=  534784 ay=  -32000
     t=130 pred= 35 left= 35  y=    73 vy=  502784 ay=  -32000
     t=131 pred= 34 left= 34  y=    80 vy=  470784 ay=  -32000
     t=132 pred= 33 left= 33  y=    87 vy=  438784 ay=  -32000
     t=133 pred= 32 left= 32  y=    93 vy=  406784 ay=  -32000
     t=134 pred= 31 left= 31  y=    99 vy=  374784 ay=  -32000
     t=135 pred= 30 left= 30  y=   104 vy=  342784 ay=  -32000
     t=136 pred= 29 left= 29  y=   109 vy=  310784 ay=  -32000
     t=137 pred= 28 left= 28  y=   113 vy=  278784 ay=  -32000
     t=138 pred= 27 left= 27  y=   117 vy=  246784 ay=  -32000
     t=139 pred= 26 left= 26  y=   120 vy=  214784 ay=  -32000
     t=140 pred= 25 left= 25  y=   123 vy=  182784 ay=  -32000
     t=141 pred= 24 left= 24  y=   125 vy=  150784 ay=  -32000
     t=142 pred= 23 left= 23  y=   127 vy=  118784 ay=  -32000
     t=143 pred= 22 left= 22  y=   128 vy=   86784 ay=  -32000
     t=144 pred= 21 left= 21  y=   129 vy=   54784 ay=  -32000
     t=145 pred= 20 left= 20  y=   130 vy=   22784 ay=  -32000
     t=146 pred= 19 left= 19  y=   129 vy=   -9216 ay=  -32000
     t=147 pred= 18 left= 18  y=   129 vy=  -41216 ay=  -32000
     t=148 pred= 17 left= 17  y=   128 vy=  -73216 ay=  -32000
     t=149 pred= 16 left= 16  y=   126 vy= -105216 ay=  -32000
     t=150 pred= 15 left= 15  y=   124 vy= -137216 ay=  -32000
     t=151 pred= 14 left= 14  y=   121 vy= -169216 ay=  -32000
     t=152 pred= 13 left= 13  y=   118 vy= -201216 ay=  -32000
     t=153 pred= 12 left= 12  y=   115 vy= -233216 ay=  -32000
     t=154 pred= 11 left= 11  y=   111 vy= -265216 ay=  -32000
     t=155 pred= 10 left= 10  y=   106 vy= -297216 ay=  -32000
     t=156 pred=  9 left=  9  y=   101 vy= -329216 ay=  -32000
     t=157 pred=  8 left=  8  y=    96 vy= -361216 ay=  -32000
     t=158 pred=  7 left=  7  y=    90 vy= -393216 ay=  -32000
     t=159 pred=  6 left=  6  y=    83 vy= -425216 ay=  -32000
     t=160 pred=  5 left=  5  y=    76 vy= -457216 ay=  -32000
     t=161 pred=  4 left=  4  y=    69 vy= -489216 ay=  -32000
     t=162 pred=  3 left=  3  y=    61 vy= -521216 ay=  -32000
     t=163 pred=  2 left=  2  y=    52 vy= -553216 ay=  -32000
     t=164 pred=  1 left=  1  y=    43 vy= -585216 ay=  -32000
P2  landings=0  no_prediction_ticks=0
   err all : -
   err NEAR (made within 20 ticks of the landing): -
   err far  (made earlier, can still be invalidated): -
   NEAR + $5C seen at the time : -
   NEAR + every frozen tick    : -
---- landing prediction ----
P1  landings=21  no_prediction_ticks=0
   err all : -22:57 -21:3 -20:3 -19:3 -18:3 -17:3 -16:3 -15:3 -14:3 -13:3 -12:3 -11:122 -10:11 -9:11 -8:11 -7:11 -6:11 -5:11 -4:11 -3:11 -2:11 -1:11 +0:288 +5:63 +16:45
   err NEAR (made within 20 ticks of the landing): -11:63 -10:10 -9:10 -8:10 -7:10 -6:10 -5:10 -4:10 -3:10 -2:10 -1:10 +0:212 +16:45
   err far  (made earlier, can still be invalidated): -22:57 -21:3 -20:3 -19:3 -18:3 -17:3 -16:3 -15:3 -14:3 -13:3 -12:3 -11:59 -10:1 -9:1 -8:1 -7:1 -6:1 -5:1 -4:1 -3:1 -2:1 -1:1 +0:76 +5:63
   NEAR + $5C seen at the time : -11:53 +0:322 +16:45
   NEAR + every frozen tick    : -1:110 +0:265 +16:45
   last descent, landed on tick 211:
     t=191 pred= 36 left= 20  y=    40 vy=  245760 ay=  -13312
     t=192 pred= 35 left= 19  y=    43 vy=  232448 ay=  -13312
     t=193 pred= 34 left= 18  y=    46 vy=  219136 ay=  -13312
     t=194 pred= 33 left= 17  y=    50 vy=  205824 ay=  -13312
     t=195 pred= 32 left= 16  y=    52 vy=  192512 ay=  -13312
     t=196 pred= 31 left= 15  y=    55 vy=  179200 ay=  -13312
     t=197 pred= 30 left= 14  y=    58 vy=  165888 ay=  -13312
     t=198 pred= 29 left= 13  y=    60 vy=  152576 ay=  -13312
     t=199 pred= 28 left= 12  y=    62 vy=  139264 ay=  -13312
     t=200 pred= 11 left= 11  y=    64 vy=       0 ay=  -26624
     t=201 pred= 10 left= 10  y=    64 vy=  -26624 ay=  -26624
     t=202 pred=  9 left=  9  y=    63 vy=  -53248 ay=  -26624
     t=203 pred=  8 left=  8  y=    62 vy=  -79872 ay=  -26624
     t=204 pred=  7 left=  7  y=    60 vy= -106496 ay=  -26624
     t=205 pred=  6 left=  6  y=    58 vy= -133120 ay=  -26624
     t=206 pred=  5 left=  5  y=    56 vy= -159744 ay=  -26624
     t=207 pred=  4 left=  4  y=    53 vy= -186368 ay=  -26624
     t=208 pred=  3 left=  3  y=    49 vy= -212992 ay=  -26624
     t=209 pred=  2 left=  2  y=    46 vy= -239616 ay=  -26624
     t=210 pred=  1 left=  1  y=    42 vy= -266240 ay=  -26624
P2  landings=0  no_prediction_ticks=0
   err all : -
   err NEAR (made within 20 ticks of the landing): -
   err far  (made earlier, can still be invalidated): -
   NEAR + $5C seen at the time : -
   NEAR + every frozen tick    : -
---- landing prediction ----
P1  landings=22  no_prediction_ticks=0
   err all : -22:57 -21:3 -20:3 -19:3 -18:3 -17:3 -16:3 -15:3 -14:3 -13:3 -12:3 -11:122 -10:11 -9:11 -8:11 -7:11 -6:11 -5:11 -4:11 -3:11 -2:11 -1:11 +0:327 +5:63 +16:45
   err NEAR (made within 20 ticks of the landing): -11:63 -10:10 -9:10 -8:10 -7:10 -6:10 -5:10 -4:10 -3:10 -2:10 -1:10 +0:232 +16:45
   err far  (made earlier, can still be invalidated): -22:57 -21:3 -20:3 -19:3 -18:3 -17:3 -16:3 -15:3 -14:3 -13:3 -12:3 -11:59 -10:1 -9:1 -8:1 -7:1 -6:1 -5:1 -4:1 -3:1 -2:1 -1:1 +0:95 +5:63
   NEAR + $5C seen at the time : -11:53 +0:342 +16:45
   NEAR + every frozen tick    : -1:110 +0:285 +16:45
   last descent, landed on tick 24:
     t=241 pred= 39 left= 39  y=    40 vy=  630784 ay=  -32000
     t=242 pred= 38 left= 38  y=    49 vy=  598784 ay=  -32000
     t=243 pred= 37 left= 37  y=    57 vy=  566784 ay=  -32000
     t=244 pred= 36 left= 36  y=    65 vy=  534784 ay=  -32000
     t=245 pred= 35 left= 35  y=    73 vy=  502784 ay=  -32000
     t=246 pred= 34 left= 34  y=    80 vy=  470784 ay=  -32000
     t=247 pred= 33 left= 33  y=    87 vy=  438784 ay=  -32000
     t=248 pred= 32 left= 32  y=    93 vy=  406784 ay=  -32000
     t=249 pred= 31 left= 31  y=    99 vy=  374784 ay=  -32000
     t=250 pred= 30 left= 30  y=   104 vy=  342784 ay=  -32000
     t=251 pred= 29 left= 29  y=   109 vy=  310784 ay=  -32000
     t=252 pred= 28 left= 28  y=   113 vy=  278784 ay=  -32000
     t=253 pred= 27 left= 27  y=   117 vy=  246784 ay=  -32000
     t=254 pred= 26 left= 26  y=   120 vy=  214784 ay=  -32000
     t=255 pred= 25 left= 25  y=   123 vy=  182784 ay=  -32000
     t=  0 pred= 24 left= 24  y=   125 vy=  150784 ay=  -32000
     t=  1 pred= 23 left= 23  y=   127 vy=  118784 ay=  -32000
     t=  2 pred= 22 left= 22  y=   128 vy=   86784 ay=  -32000
     t=  3 pred= 21 left= 21  y=   129 vy=   54784 ay=  -32000
     t=  4 pred= 20 left= 20  y=   130 vy=   22784 ay=  -32000
     t=  5 pred= 19 left= 19  y=   129 vy=   -9216 ay=  -32000
     t=  6 pred= 18 left= 18  y=   129 vy=  -41216 ay=  -32000
     t=  7 pred= 17 left= 17  y=   128 vy=  -73216 ay=  -32000
     t=  8 pred= 16 left= 16  y=   126 vy= -105216 ay=  -32000
     t=  9 pred= 15 left= 15  y=   124 vy= -137216 ay=  -32000
     t= 10 pred= 14 left= 14  y=   121 vy= -169216 ay=  -32000
     t= 11 pred= 13 left= 13  y=   118 vy= -201216 ay=  -32000
     t= 12 pred= 12 left= 12  y=   115 vy= -233216 ay=  -32000
     t= 13 pred= 11 left= 11  y=   111 vy= -265216 ay=  -32000
     t= 14 pred= 10 left= 10  y=   106 vy= -297216 ay=  -32000
     t= 15 pred=  9 left=  9  y=   101 vy= -329216 ay=  -32000
     t= 16 pred=  8 left=  8  y=    96 vy= -361216 ay=  -32000
     t= 17 pred=  7 left=  7  y=    90 vy= -393216 ay=  -32000
     t= 18 pred=  6 left=  6  y=    83 vy= -425216 ay=  -32000
     t= 19 pred=  5 left=  5  y=    76 vy= -457216 ay=  -32000
     t= 20 pred=  4 left=  4  y=    69 vy= -489216 ay=  -32000
     t= 21 pred=  3 left=  3  y=    61 vy= -521216 ay=  -32000
     t= 22 pred=  2 left=  2  y=    52 vy= -553216 ay=  -32000
     t= 23 pred=  1 left=  1  y=    43 vy= -585216 ay=  -32000
P2  landings=0  no_prediction_ticks=0
   err all : -
   err NEAR (made within 20 ticks of the landing): -
   err far  (made earlier, can still be invalidated): -
   NEAR + $5C seen at the time : -
   NEAR + every frozen tick    : -
---- landing prediction ----
P1  landings=23  no_prediction_ticks=0
   err all : -22:57 -21:3 -20:3 -19:3 -18:3 -17:3 -16:3 -15:3 -14:3 -13:3 -12:3 -11:122 -10:11 -9:11 -8:11 -7:11 -6:11 -5:11 -4:11 -3:11 -2:11 -1:11 +0:338 +5:63 +16:54
   err NEAR (made within 20 ticks of the landing): -11:63 -10:10 -9:10 -8:10 -7:10 -6:10 -5:10 -4:10 -3:10 -2:10 -1:10 +0:243 +16:54
   err far  (made earlier, can still be invalidated): -22:57 -21:3 -20:3 -19:3 -18:3 -17:3 -16:3 -15:3 -14:3 -13:3 -12:3 -11:59 -10:1 -9:1 -8:1 -7:1 -6:1 -5:1 -4:1 -3:1 -2:1 -1:1 +0:95 +5:63
   NEAR + $5C seen at the time : -11:53 +0:353 +16:54
   NEAR + every frozen tick    : -1:110 +0:296 +16:54
   last descent, landed on tick 61:
     t= 41 pred= 36 left= 20  y=    40 vy=  245760 ay=  -13312
     t= 42 pred= 35 left= 19  y=    43 vy=  232448 ay=  -13312
     t= 43 pred= 34 left= 18  y=    46 vy=  219136 ay=  -13312
     t= 44 pred= 33 left= 17  y=    50 vy=  205824 ay=  -13312
     t= 45 pred= 32 left= 16  y=    52 vy=  192512 ay=  -13312
     t= 46 pred= 31 left= 15  y=    55 vy=  179200 ay=  -13312
     t= 47 pred= 30 left= 14  y=    58 vy=  165888 ay=  -13312
     t= 48 pred= 29 left= 13  y=    60 vy=  152576 ay=  -13312
     t= 49 pred= 28 left= 12  y=    62 vy=  139264 ay=  -13312
     t= 50 pred= 11 left= 11  y=    64 vy=       0 ay=  -26624
     t= 51 pred= 10 left= 10  y=    64 vy=  -26624 ay=  -26624
     t= 52 pred=  9 left=  9  y=    63 vy=  -53248 ay=  -26624
     t= 53 pred=  8 left=  8  y=    62 vy=  -79872 ay=  -26624
     t= 54 pred=  7 left=  7  y=    60 vy= -106496 ay=  -26624
     t= 55 pred=  6 left=  6  y=    58 vy= -133120 ay=  -26624
     t= 56 pred=  5 left=  5  y=    56 vy= -159744 ay=  -26624
     t= 57 pred=  4 left=  4  y=    53 vy= -186368 ay=  -26624
     t= 58 pred=  3 left=  3  y=    49 vy= -212992 ay=  -26624
     t= 59 pred=  2 left=  2  y=    46 vy= -239616 ay=  -26624
     t= 60 pred=  1 left=  1  y=    42 vy= -266240 ay=  -26624
P2  landings=0  no_prediction_ticks=0
   err all : -
   err NEAR (made within 20 ticks of the landing): -
   err far  (made earlier, can still be invalidated): -
   NEAR + $5C seen at the time : -
   NEAR + every frozen tick    : -
---- landing prediction ----
P1  landings=24  no_prediction_ticks=0
   err all : -22:57 -21:3 -20:3 -19:3 -18:3 -17:3 -16:3 -15:3 -14:3 -13:3 -12:3 -11:122 -10:11 -9:11 -8:11 -7:11 -6:11 -5:11 -4:11 -3:11 -2:11 -1:11 +0:349 +5:63 +16:63
   err NEAR (made within 20 ticks of the landing): -11:63 -10:10 -9:10 -8:10 -7:10 -6:10 -5:10 -4:10 -3:10 -2:10 -1:10 +0:254 +16:63
   err far  (made earlier, can still be invalidated): -22:57 -21:3 -20:3 -19:3 -18:3 -17:3 -16:3 -15:3 -14:3 -13:3 -12:3 -11:59 -10:1 -9:1 -8:1 -7:1 -6:1 -5:1 -4:1 -3:1 -2:1 -1:1 +0:95 +5:63
   NEAR + $5C seen at the time : -11:53 +0:364 +16:63
   NEAR + every frozen tick    : -1:110 +0:307 +16:63
   last descent, landed on tick 82:
     t= 62 pred= 36 left= 20  y=    40 vy=  245760 ay=  -13312
     t= 63 pred= 35 left= 19  y=    43 vy=  232448 ay=  -13312
     t= 64 pred= 34 left= 18  y=    46 vy=  219136 ay=  -13312
     t= 65 pred= 33 left= 17  y=    50 vy=  205824 ay=  -13312
     t= 66 pred= 32 left= 16  y=    52 vy=  192512 ay=  -13312
     t= 67 pred= 31 left= 15  y=    55 vy=  179200 ay=  -13312
     t= 68 pred= 30 left= 14  y=    58 vy=  165888 ay=  -13312
     t= 69 pred= 29 left= 13  y=    60 vy=  152576 ay=  -13312
     t= 70 pred= 28 left= 12  y=    62 vy=  139264 ay=  -13312
     t= 71 pred= 11 left= 11  y=    64 vy=       0 ay=  -26624
     t= 72 pred= 10 left= 10  y=    64 vy=  -26624 ay=  -26624
     t= 73 pred=  9 left=  9  y=    63 vy=  -53248 ay=  -26624
     t= 74 pred=  8 left=  8  y=    62 vy=  -79872 ay=  -26624
     t= 75 pred=  7 left=  7  y=    60 vy= -106496 ay=  -26624
     t= 76 pred=  6 left=  6  y=    58 vy= -133120 ay=  -26624
     t= 77 pred=  5 left=  5  y=    56 vy= -159744 ay=  -26624
     t= 78 pred=  4 left=  4  y=    53 vy= -186368 ay=  -26624
     t= 79 pred=  3 left=  3  y=    49 vy= -212992 ay=  -26624
     t= 80 pred=  2 left=  2  y=    46 vy= -239616 ay=  -26624
     t= 81 pred=  1 left=  1  y=    42 vy= -266240 ay=  -26624
P2  landings=0  no_prediction_ticks=0
   err all : -
   err NEAR (made within 20 ticks of the landing): -
   err far  (made earlier, can still be invalidated): -
   NEAR + $5C seen at the time : -
   NEAR + every frozen tick    : -
---- landing prediction ----
P1  landings=25  no_prediction_ticks=0
   err all : -22:57 -21:3 -20:3 -19:3 -18:3 -17:3 -16:3 -15:3 -14:3 -13:3 -12:3 -11:122 -10:11 -9:11 -8:11 -7:11 -6:11 -5:11 -4:11 -3:11 -2:11 -1:11 +0:388 +5:63 +16:63
   err NEAR (made within 20 ticks of the landing): -11:63 -10:10 -9:10 -8:10 -7:10 -6:10 -5:10 -4:10 -3:10 -2:10 -1:10 +0:274 +16:63
   err far  (made earlier, can still be invalidated): -22:57 -21:3 -20:3 -19:3 -18:3 -17:3 -16:3 -15:3 -14:3 -13:3 -12:3 -11:59 -10:1 -9:1 -8:1 -7:1 -6:1 -5:1 -4:1 -3:1 -2:1 -1:1 +0:114 +5:63
   NEAR + $5C seen at the time : -11:53 +0:384 +16:63
   NEAR + every frozen tick    : -1:110 +0:327 +16:63
   last descent, landed on tick 130:
     t= 91 pred= 39 left= 39  y=    40 vy=  630784 ay=  -32000
     t= 92 pred= 38 left= 38  y=    49 vy=  598784 ay=  -32000
     t= 93 pred= 37 left= 37  y=    57 vy=  566784 ay=  -32000
     t= 94 pred= 36 left= 36  y=    65 vy=  534784 ay=  -32000
     t= 95 pred= 35 left= 35  y=    73 vy=  502784 ay=  -32000
     t= 96 pred= 34 left= 34  y=    80 vy=  470784 ay=  -32000
     t= 97 pred= 33 left= 33  y=    87 vy=  438784 ay=  -32000
     t= 98 pred= 32 left= 32  y=    93 vy=  406784 ay=  -32000
     t= 99 pred= 31 left= 31  y=    99 vy=  374784 ay=  -32000
     t=100 pred= 30 left= 30  y=   104 vy=  342784 ay=  -32000
     t=101 pred= 29 left= 29  y=   109 vy=  310784 ay=  -32000
     t=102 pred= 28 left= 28  y=   113 vy=  278784 ay=  -32000
     t=103 pred= 27 left= 27  y=   117 vy=  246784 ay=  -32000
     t=104 pred= 26 left= 26  y=   120 vy=  214784 ay=  -32000
     t=105 pred= 25 left= 25  y=   123 vy=  182784 ay=  -32000
     t=106 pred= 24 left= 24  y=   125 vy=  150784 ay=  -32000
     t=107 pred= 23 left= 23  y=   127 vy=  118784 ay=  -32000
     t=108 pred= 22 left= 22  y=   128 vy=   86784 ay=  -32000
     t=109 pred= 21 left= 21  y=   129 vy=   54784 ay=  -32000
     t=110 pred= 20 left= 20  y=   130 vy=   22784 ay=  -32000
     t=111 pred= 19 left= 19  y=   129 vy=   -9216 ay=  -32000
     t=112 pred= 18 left= 18  y=   129 vy=  -41216 ay=  -32000
     t=113 pred= 17 left= 17  y=   128 vy=  -73216 ay=  -32000
     t=114 pred= 16 left= 16  y=   126 vy= -105216 ay=  -32000
     t=115 pred= 15 left= 15  y=   124 vy= -137216 ay=  -32000
     t=116 pred= 14 left= 14  y=   121 vy= -169216 ay=  -32000
     t=117 pred= 13 left= 13  y=   118 vy= -201216 ay=  -32000
     t=118 pred= 12 left= 12  y=   115 vy= -233216 ay=  -32000
     t=119 pred= 11 left= 11  y=   111 vy= -265216 ay=  -32000
     t=120 pred= 10 left= 10  y=   106 vy= -297216 ay=  -32000
     t=121 pred=  9 left=  9  y=   101 vy= -329216 ay=  -32000
     t=122 pred=  8 left=  8  y=    96 vy= -361216 ay=  -32000
     t=123 pred=  7 left=  7  y=    90 vy= -393216 ay=  -32000
     t=124 pred=  6 left=  6  y=    83 vy= -425216 ay=  -32000
     t=125 pred=  5 left=  5  y=    76 vy= -457216 ay=  -32000
     t=126 pred=  4 left=  4  y=    69 vy= -489216 ay=  -32000
     t=127 pred=  3 left=  3  y=    61 vy= -521216 ay=  -32000
     t=128 pred=  2 left=  2  y=    52 vy= -553216 ay=  -32000
     t=129 pred=  1 left=  1  y=    43 vy= -585216 ay=  -32000
P2  landings=0  no_prediction_ticks=0
   err all : -
   err NEAR (made within 20 ticks of the landing): -
   err far  (made earlier, can still be invalidated): -
   NEAR + $5C seen at the time : -
   NEAR + every frozen tick    : -
---- landing prediction ----
P1  landings=26  no_prediction_ticks=0
   err all : -22:57 -21:3 -20:3 -19:3 -18:3 -17:3 -16:3 -15:3 -14:3 -13:3 -12:3 -11:122 -10:11 -9:11 -8:11 -7:11 -6:11 -5:11 -4:11 -3:11 -2:11 -1:11 +0:427 +5:63 +16:63
   err NEAR (made within 20 ticks of the landing): -11:63 -10:10 -9:10 -8:10 -7:10 -6:10 -5:10 -4:10 -3:10 -2:10 -1:10 +0:294 +16:63
   err far  (made earlier, can still be invalidated): -22:57 -21:3 -20:3 -19:3 -18:3 -17:3 -16:3 -15:3 -14:3 -13:3 -12:3 -11:59 -10:1 -9:1 -8:1 -7:1 -6:1 -5:1 -4:1 -3:1 -2:1 -1:1 +0:133 +5:63
   NEAR + $5C seen at the time : -11:53 +0:404 +16:63
   NEAR + every frozen tick    : -1:110 +0:347 +16:63
   last descent, landed on tick 178:
     t=139 pred= 39 left= 39  y=    40 vy=  630784 ay=  -32000
     t=140 pred= 38 left= 38  y=    49 vy=  598784 ay=  -32000
     t=141 pred= 37 left= 37  y=    57 vy=  566784 ay=  -32000
     t=142 pred= 36 left= 36  y=    65 vy=  534784 ay=  -32000
     t=143 pred= 35 left= 35  y=    73 vy=  502784 ay=  -32000
     t=144 pred= 34 left= 34  y=    80 vy=  470784 ay=  -32000
     t=145 pred= 33 left= 33  y=    87 vy=  438784 ay=  -32000
     t=146 pred= 32 left= 32  y=    93 vy=  406784 ay=  -32000
     t=147 pred= 31 left= 31  y=    99 vy=  374784 ay=  -32000
     t=148 pred= 30 left= 30  y=   104 vy=  342784 ay=  -32000
     t=149 pred= 29 left= 29  y=   109 vy=  310784 ay=  -32000
     t=150 pred= 28 left= 28  y=   113 vy=  278784 ay=  -32000
     t=151 pred= 27 left= 27  y=   117 vy=  246784 ay=  -32000
     t=152 pred= 26 left= 26  y=   120 vy=  214784 ay=  -32000
     t=153 pred= 25 left= 25  y=   123 vy=  182784 ay=  -32000
     t=154 pred= 24 left= 24  y=   125 vy=  150784 ay=  -32000
     t=155 pred= 23 left= 23  y=   127 vy=  118784 ay=  -32000
     t=156 pred= 22 left= 22  y=   128 vy=   86784 ay=  -32000
     t=157 pred= 21 left= 21  y=   129 vy=   54784 ay=  -32000
     t=158 pred= 20 left= 20  y=   130 vy=   22784 ay=  -32000
     t=159 pred= 19 left= 19  y=   129 vy=   -9216 ay=  -32000
     t=160 pred= 18 left= 18  y=   129 vy=  -41216 ay=  -32000
     t=161 pred= 17 left= 17  y=   128 vy=  -73216 ay=  -32000
     t=162 pred= 16 left= 16  y=   126 vy= -105216 ay=  -32000
     t=163 pred= 15 left= 15  y=   124 vy= -137216 ay=  -32000
     t=164 pred= 14 left= 14  y=   121 vy= -169216 ay=  -32000
     t=165 pred= 13 left= 13  y=   118 vy= -201216 ay=  -32000
     t=166 pred= 12 left= 12  y=   115 vy= -233216 ay=  -32000
     t=167 pred= 11 left= 11  y=   111 vy= -265216 ay=  -32000
     t=168 pred= 10 left= 10  y=   106 vy= -297216 ay=  -32000
     t=169 pred=  9 left=  9  y=   101 vy= -329216 ay=  -32000
     t=170 pred=  8 left=  8  y=    96 vy= -361216 ay=  -32000
     t=171 pred=  7 left=  7  y=    90 vy= -393216 ay=  -32000
     t=172 pred=  6 left=  6  y=    83 vy= -425216 ay=  -32000
     t=173 pred=  5 left=  5  y=    76 vy= -457216 ay=  -32000
     t=174 pred=  4 left=  4  y=    69 vy= -489216 ay=  -32000
     t=175 pred=  3 left=  3  y=    61 vy= -521216 ay=  -32000
     t=176 pred=  2 left=  2  y=    52 vy= -553216 ay=  -32000
     t=177 pred=  1 left=  1  y=    43 vy= -585216 ay=  -32000
P2  landings=0  no_prediction_ticks=0
   err all : -
   err NEAR (made within 20 ticks of the landing): -
   err far  (made earlier, can still be invalidated): -
   NEAR + $5C seen at the time : -
   NEAR + every frozen tick    : -
---- landing prediction ----
P1  landings=27  no_prediction_ticks=0
   err all : -22:57 -21:3 -20:3 -19:3 -18:3 -17:3 -16:3 -15:3 -14:3 -13:3 -12:3 -11:122 -10:11 -9:11 -8:11 -7:11 -6:11 -5:11 -4:11 -3:11 -2:11 -1:11 +0:438 +5:63 +16:72
   err NEAR (made within 20 ticks of the landing): -11:63 -10:10 -9:10 -8:10 -7:10 -6:10 -5:10 -4:10 -3:10 -2:10 -1:10 +0:305 +16:72
   err far  (made earlier, can still be invalidated): -22:57 -21:3 -20:3 -19:3 -18:3 -17:3 -16:3 -15:3 -14:3 -13:3 -12:3 -11:59 -10:1 -9:1 -8:1 -7:1 -6:1 -5:1 -4:1 -3:1 -2:1 -1:1 +0:133 +5:63
   NEAR + $5C seen at the time : -11:53 +0:415 +16:72
   NEAR + every frozen tick    : -1:110 +0:358 +16:72
   last descent, landed on tick 203:
     t=183 pred= 36 left= 20  y=    40 vy=  245760 ay=  -13312
     t=184 pred= 35 left= 19  y=    43 vy=  232448 ay=  -13312
     t=185 pred= 34 left= 18  y=    46 vy=  219136 ay=  -13312
     t=186 pred= 33 left= 17  y=    50 vy=  205824 ay=  -13312
     t=187 pred= 32 left= 16  y=    52 vy=  192512 ay=  -13312
     t=188 pred= 31 left= 15  y=    55 vy=  179200 ay=  -13312
     t=189 pred= 30 left= 14  y=    58 vy=  165888 ay=  -13312
     t=190 pred= 29 left= 13  y=    60 vy=  152576 ay=  -13312
     t=191 pred= 28 left= 12  y=    62 vy=  139264 ay=  -13312
     t=192 pred= 11 left= 11  y=    64 vy=       0 ay=  -26624
     t=193 pred= 10 left= 10  y=    64 vy=  -26624 ay=  -26624
     t=194 pred=  9 left=  9  y=    63 vy=  -53248 ay=  -26624
     t=195 pred=  8 left=  8  y=    62 vy=  -79872 ay=  -26624
     t=196 pred=  7 left=  7  y=    60 vy= -106496 ay=  -26624
     t=197 pred=  6 left=  6  y=    58 vy= -133120 ay=  -26624
     t=198 pred=  5 left=  5  y=    56 vy= -159744 ay=  -26624
     t=199 pred=  4 left=  4  y=    53 vy= -186368 ay=  -26624
     t=200 pred=  3 left=  3  y=    49 vy= -212992 ay=  -26624
     t=201 pred=  2 left=  2  y=    46 vy= -239616 ay=  -26624
     t=202 pred=  1 left=  1  y=    42 vy= -266240 ay=  -26624
P2  landings=0  no_prediction_ticks=0
   err all : -
   err NEAR (made within 20 ticks of the landing): -
   err far  (made earlier, can still be invalidated): -
   NEAR + $5C seen at the time : -
   NEAR + every frozen tick    : -
---- landing prediction ----
P1  landings=28  no_prediction_ticks=0
   err all : -22:57 -21:3 -20:3 -19:3 -18:3 -17:3 -16:3 -15:3 -14:3 -13:3 -12:3 -11:122 -10:11 -9:11 -8:11 -7:11 -6:11 -5:11 -4:11 -3:11 -2:11 -1:11 +0:477 +5:63 +16:72
   err NEAR (made within 20 ticks of the landing): -11:63 -10:10 -9:10 -8:10 -7:10 -6:10 -5:10 -4:10 -3:10 -2:10 -1:10 +0:325 +16:72
   err far  (made earlier, can still be invalidated): -22:57 -21:3 -20:3 -19:3 -18:3 -17:3 -16:3 -15:3 -14:3 -13:3 -12:3 -11:59 -10:1 -9:1 -8:1 -7:1 -6:1 -5:1 -4:1 -3:1 -2:1 -1:1 +0:152 +5:63
   NEAR + $5C seen at the time : -11:53 +0:435 +16:72
   NEAR + every frozen tick    : -1:110 +0:378 +16:72
   last descent, landed on tick 12:
     t=229 pred= 39 left= 39  y=    40 vy=  630784 ay=  -32000
     t=230 pred= 38 left= 38  y=    49 vy=  598784 ay=  -32000
     t=231 pred= 37 left= 37  y=    57 vy=  566784 ay=  -32000
     t=232 pred= 36 left= 36  y=    65 vy=  534784 ay=  -32000
     t=233 pred= 35 left= 35  y=    73 vy=  502784 ay=  -32000
     t=234 pred= 34 left= 34  y=    80 vy=  470784 ay=  -32000
     t=235 pred= 33 left= 33  y=    87 vy=  438784 ay=  -32000
     t=236 pred= 32 left= 32  y=    93 vy=  406784 ay=  -32000
     t=237 pred= 31 left= 31  y=    99 vy=  374784 ay=  -32000
     t=238 pred= 30 left= 30  y=   104 vy=  342784 ay=  -32000
     t=239 pred= 29 left= 29  y=   109 vy=  310784 ay=  -32000
     t=240 pred= 28 left= 28  y=   113 vy=  278784 ay=  -32000
     t=241 pred= 27 left= 27  y=   117 vy=  246784 ay=  -32000
     t=242 pred= 26 left= 26  y=   120 vy=  214784 ay=  -32000
     t=243 pred= 25 left= 25  y=   123 vy=  182784 ay=  -32000
     t=244 pred= 24 left= 24  y=   125 vy=  150784 ay=  -32000
     t=245 pred= 23 left= 23  y=   127 vy=  118784 ay=  -32000
     t=246 pred= 22 left= 22  y=   128 vy=   86784 ay=  -32000
     t=247 pred= 21 left= 21  y=   129 vy=   54784 ay=  -32000
     t=248 pred= 20 left= 20  y=   130 vy=   22784 ay=  -32000
     t=249 pred= 19 left= 19  y=   129 vy=   -9216 ay=  -32000
     t=250 pred= 18 left= 18  y=   129 vy=  -41216 ay=  -32000
     t=251 pred= 17 left= 17  y=   128 vy=  -73216 ay=  -32000
     t=252 pred= 16 left= 16  y=   126 vy= -105216 ay=  -32000
     t=253 pred= 15 left= 15  y=   124 vy= -137216 ay=  -32000
     t=254 pred= 14 left= 14  y=   121 vy= -169216 ay=  -32000
     t=255 pred= 13 left= 13  y=   118 vy= -201216 ay=  -32000
     t=  0 pred= 12 left= 12  y=   115 vy= -233216 ay=  -32000
     t=  1 pred= 11 left= 11  y=   111 vy= -265216 ay=  -32000
     t=  2 pred= 10 left= 10  y=   106 vy= -297216 ay=  -32000
     t=  3 pred=  9 left=  9  y=   101 vy= -329216 ay=  -32000
     t=  4 pred=  8 left=  8  y=    96 vy= -361216 ay=  -32000
     t=  5 pred=  7 left=  7  y=    90 vy= -393216 ay=  -32000
     t=  6 pred=  6 left=  6  y=    83 vy= -425216 ay=  -32000
     t=  7 pred=  5 left=  5  y=    76 vy= -457216 ay=  -32000
     t=  8 pred=  4 left=  4  y=    69 vy= -489216 ay=  -32000
     t=  9 pred=  3 left=  3  y=    61 vy= -521216 ay=  -32000
     t= 10 pred=  2 left=  2  y=    52 vy= -553216 ay=  -32000
     t= 11 pred=  1 left=  1  y=    43 vy= -585216 ay=  -32000
P2  landings=0  no_prediction_ticks=0
   err all : -
   err NEAR (made within 20 ticks of the landing): -
   err far  (made earlier, can still be invalidated): -
   NEAR + $5C seen at the time : -
   NEAR + every frozen tick    : -
---- landing prediction ----
P1  landings=29  no_prediction_ticks=0
   err all : -22:57 -21:3 -20:3 -19:3 -18:3 -17:3 -16:3 -15:3 -14:3 -13:3 -12:3 -11:122 -10:11 -9:11 -8:11 -7:11 -6:11 -5:11 -4:11 -3:11 -2:11 -1:11 +0:488 +5:63 +16:81
   err NEAR (made within 20 ticks of the landing): -11:63 -10:10 -9:10 -8:10 -7:10 -6:10 -5:10 -4:10 -3:10 -2:10 -1:10 +0:336 +16:81
   err far  (made earlier, can still be invalidated): -22:57 -21:3 -20:3 -19:3 -18:3 -17:3 -16:3 -15:3 -14:3 -13:3 -12:3 -11:59 -10:1 -9:1 -8:1 -7:1 -6:1 -5:1 -4:1 -3:1 -2:1 -1:1 +0:152 +5:63
   NEAR + $5C seen at the time : -11:53 +0:446 +16:81
   NEAR + every frozen tick    : -1:110 +0:389 +16:81
   last descent, landed on tick 43:
     t= 23 pred= 36 left= 20  y=    40 vy=  245760 ay=  -13312
     t= 24 pred= 35 left= 19  y=    43 vy=  232448 ay=  -13312
     t= 25 pred= 34 left= 18  y=    46 vy=  219136 ay=  -13312
     t= 26 pred= 33 left= 17  y=    50 vy=  205824 ay=  -13312
     t= 27 pred= 32 left= 16  y=    52 vy=  192512 ay=  -13312
     t= 28 pred= 31 left= 15  y=    55 vy=  179200 ay=  -13312
     t= 29 pred= 30 left= 14  y=    58 vy=  165888 ay=  -13312
     t= 30 pred= 29 left= 13  y=    60 vy=  152576 ay=  -13312
     t= 31 pred= 28 left= 12  y=    62 vy=  139264 ay=  -13312
     t= 32 pred= 11 left= 11  y=    64 vy=       0 ay=  -26624
     t= 33 pred= 10 left= 10  y=    64 vy=  -26624 ay=  -26624
     t= 34 pred=  9 left=  9  y=    63 vy=  -53248 ay=  -26624
     t= 35 pred=  8 left=  8  y=    62 vy=  -79872 ay=  -26624
     t= 36 pred=  7 left=  7  y=    60 vy= -106496 ay=  -26624
     t= 37 pred=  6 left=  6  y=    58 vy= -133120 ay=  -26624
     t= 38 pred=  5 left=  5  y=    56 vy= -159744 ay=  -26624
     t= 39 pred=  4 left=  4  y=    53 vy= -186368 ay=  -26624
     t= 40 pred=  3 left=  3  y=    49 vy= -212992 ay=  -26624
     t= 41 pred=  2 left=  2  y=    46 vy= -239616 ay=  -26624
     t= 42 pred=  1 left=  1  y=    42 vy= -266240 ay=  -26624
P2  landings=0  no_prediction_ticks=0
   err all : -
   err NEAR (made within 20 ticks of the landing): -
   err far  (made earlier, can still be invalidated): -
   NEAR + $5C seen at the time : -
   NEAR + every frozen tick    : -
---- landing prediction ----
P1  landings=30  no_prediction_ticks=0
   err all : -22:57 -21:3 -20:3 -19:3 -18:3 -17:3 -16:3 -15:3 -14:3 -13:3 -12:3 -11:133 -10:12 -9:12 -8:12 -7:12 -6:12 -5:12 -4:12 -3:12 -2:12 -1:12 +0:489 +5:72 +16:81
   err NEAR (made within 20 ticks of the landing): -11:72 -10:11 -9:11 -8:11 -7:11 -6:11 -5:11 -4:11 -3:11 -2:11 -1:11 +0:337 +16:81
   err far  (made earlier, can still be invalidated): -22:57 -21:3 -20:3 -19:3 -18:3 -17:3 -16:3 -15:3 -14:3 -13:3 -12:3 -11:61 -10:1 -9:1 -8:1 -7:1 -6:1 -5:1 -4:1 -3:1 -2:1 -1:1 +0:152 +5:72
   NEAR + $5C seen at the time : -11:61 +0:458 +16:81
   NEAR + every frozen tick    : -1:121 +0:398 +16:81
   last descent, landed on tick 78:
     t= 47 pred= 36 left= 31  y=    40 vy=  245760 ay=  -13312
     t= 48 pred= 35 left= 30  y=    43 vy=  232448 ay=  -13312
     t= 49 pred= 34 left= 29  y=    46 vy=  219136 ay=  -13312
     t= 50 pred= 33 left= 28  y=    50 vy=  205824 ay=  -13312
     t= 51 pred= 32 left= 27  y=    52 vy=  192512 ay=  -13312
     t= 52 pred= 31 left= 26  y=    55 vy=  179200 ay=  -13312
     t= 53 pred= 30 left= 25  y=    58 vy=  165888 ay=  -13312
     t= 54 pred= 29 left= 24  y=    60 vy=  152576 ay=  -13312
     t= 55 pred= 28 left= 23  y=    62 vy=  139264 ay=  -13312
     t= 56 pred= 11 left= 22  y=    64 vy=       0 ay=  -26624
     t= 57 pred= 10 left= 21  y=    64 vy=  -26624 ay=  -26624
     t= 58 pred=  9 left= 20  y=    63 vy=  -53248 ay=  -26624
     t= 59 pred=  8 left= 19  y=    62 vy=  -79872 ay=  -26624
     t= 60 pred=  7 left= 18  y=    60 vy= -106496 ay=  -26624
     t= 61 pred=  6 left= 17  y=    58 vy= -133120 ay=  -26624
     t= 62 pred=  5 left= 16  y=    56 vy= -159744 ay=  -26624
     t= 63 pred=  4 left= 15  y=    53 vy= -186368 ay=  -26624
     t= 64 pred=  3 left= 14  y=    49 vy= -212992 ay=  -26624
     t= 65 pred=  2 left= 13  y=    46 vy= -239616 ay=  -26624
     t= 66 pred=  1 left= 12  y=    42 vy= -266240 ay=  -26624
     t= 67 pred=  1 left= 11  y=    42 vy= -266240 ay=  -26624
     t= 68 pred=  1 left= 10  y=    42 vy= -266240 ay=  -26624
     t= 69 pred=  1 left=  9  y=    42 vy= -266240 ay=  -26624
     t= 70 pred=  1 left=  8  y=    42 vy= -266240 ay=  -26624
     t= 71 pred=  1 left=  7  y=    42 vy= -266240 ay=  -26624
     t= 72 pred=  1 left=  6  y=    42 vy= -266240 ay=  -26624
     t= 73 pred=  1 left=  5  y=    42 vy= -266240 ay=  -26624
     t= 74 pred=  1 left=  4  y=    42 vy= -266240 ay=  -26624
     t= 75 pred=  1 left=  3  y=    42 vy= -266240 ay=  -26624
     t= 76 pred=  1 left=  2  y=    42 vy= -266240 ay=  -26624
     t= 77 pred=  1 left=  1  y=    42 vy= -266240 ay=  -26624
P2  landings=0  no_prediction_ticks=12
   err all : -
   err NEAR (made within 20 ticks of the landing): -
   err far  (made earlier, can still be invalidated): -
   NEAR + $5C seen at the time : -
   NEAR + every frozen tick    : -
---- landing prediction ----
P1  landings=30  no_prediction_ticks=0
   err all : -22:57 -21:3 -20:3 -19:3 -18:3 -17:3 -16:3 -15:3 -14:3 -13:3 -12:3 -11:133 -10:12 -9:12 -8:12 -7:12 -6:12 -5:12 -4:12 -3:12 -2:12 -1:12 +0:489 +5:72 +16:81
   err NEAR (made within 20 ticks of the landing): -11:72 -10:11 -9:11 -8:11 -7:11 -6:11 -5:11 -4:11 -3:11 -2:11 -1:11 +0:337 +16:81
   err far  (made earlier, can still be invalidated): -22:57 -21:3 -20:3 -19:3 -18:3 -17:3 -16:3 -15:3 -14:3 -13:3 -12:3 -11:61 -10:1 -9:1 -8:1 -7:1 -6:1 -5:1 -4:1 -3:1 -2:1 -1:1 +0:152 +5:72
   NEAR + $5C seen at the time : -11:61 +0:458 +16:81
   NEAR + every frozen tick    : -1:121 +0:398 +16:81
   last descent, landed on tick 78:
     t= 47 pred= 36 left= 31  y=    40 vy=  245760 ay=  -13312
     t= 48 pred= 35 left= 30  y=    43 vy=  232448 ay=  -13312
     t= 49 pred= 34 left= 29  y=    46 vy=  219136 ay=  -13312
     t= 50 pred= 33 left= 28  y=    50 vy=  205824 ay=  -13312
     t= 51 pred= 32 left= 27  y=    52 vy=  192512 ay=  -13312
     t= 52 pred= 31 left= 26  y=    55 vy=  179200 ay=  -13312
     t= 53 pred= 30 left= 25  y=    58 vy=  165888 ay=  -13312
     t= 54 pred= 29 left= 24  y=    60 vy=  152576 ay=  -13312
     t= 55 pred= 28 left= 23  y=    62 vy=  139264 ay=  -13312
     t= 56 pred= 11 left= 22  y=    64 vy=       0 ay=  -26624
     t= 57 pred= 10 left= 21  y=    64 vy=  -26624 ay=  -26624
     t= 58 pred=  9 left= 20  y=    63 vy=  -53248 ay=  -26624
     t= 59 pred=  8 left= 19  y=    62 vy=  -79872 ay=  -26624
     t= 60 pred=  7 left= 18  y=    60 vy= -106496 ay=  -26624
     t= 61 pred=  6 left= 17  y=    58 vy= -133120 ay=  -26624
     t= 62 pred=  5 left= 16  y=    56 vy= -159744 ay=  -26624
     t= 63 pred=  4 left= 15  y=    53 vy= -186368 ay=  -26624
     t= 64 pred=  3 left= 14  y=    49 vy= -212992 ay=  -26624
     t= 65 pred=  2 left= 13  y=    46 vy= -239616 ay=  -26624
     t= 66 pred=  1 left= 12  y=    42 vy= -266240 ay=  -26624
     t= 67 pred=  1 left= 11  y=    42 vy= -266240 ay=  -26624
     t= 68 pred=  1 left= 10  y=    42 vy= -266240 ay=  -26624
     t= 69 pred=  1 left=  9  y=    42 vy= -266240 ay=  -26624
     t= 70 pred=  1 left=  8  y=    42 vy= -266240 ay=  -26624
     t= 71 pred=  1 left=  7  y=    42 vy= -266240 ay=  -26624
     t= 72 pred=  1 left=  6  y=    42 vy= -266240 ay=  -26624
     t= 73 pred=  1 left=  5  y=    42 vy= -266240 ay=  -26624
     t= 74 pred=  1 left=  4  y=    42 vy= -266240 ay=  -26624
     t= 75 pred=  1 left=  3  y=    42 vy= -266240 ay=  -26624
     t= 76 pred=  1 left=  2  y=    42 vy= -266240 ay=  -26624
     t= 77 pred=  1 left=  1  y=    42 vy= -266240 ay=  -26624
P2  landings=1  no_prediction_ticks=12
   err all : -
   err NEAR (made within 20 ticks of the landing): -
   err far  (made earlier, can still be invalidated): -
   NEAR + $5C seen at the time : -
   NEAR + every frozen tick    : -
   last descent, landed on tick 79:
     t= 67 pred= -1 left= 12  y=    40 vy=       0 ay=       0
     t= 68 pred= -1 left= 11  y=    40 vy=       0 ay=       0
     t= 69 pred= -1 left= 10  y=    40 vy=       0 ay=       0
     t= 70 pred= -1 left=  9  y=    40 vy=       0 ay=       0
     t= 71 pred= -1 left=  8  y=    40 vy=       0 ay=       0
     t= 72 pred= -1 left=  7  y=    40 vy=       0 ay=       0
     t= 73 pred= -1 left=  6  y=    40 vy=       0 ay=       0
     t= 74 pred= -1 left=  5  y=    40 vy=       0 ay=       0
     t= 75 pred= -1 left=  4  y=    40 vy=       0 ay=       0
     t= 76 pred= -1 left=  3  y=    40 vy=       0 ay=       0
     t= 77 pred= -1 left=  2  y=    40 vy=       0 ay=       0
     t= 78 pred= -1 left=  1  y=    40 vy=       0 ay=       0
---- landing prediction ----
P1  landings=30  no_prediction_ticks=0
   err all : -22:57 -21:3 -20:3 -19:3 -18:3 -17:3 -16:3 -15:3 -14:3 -13:3 -12:3 -11:133 -10:12 -9:12 -8:12 -7:12 -6:12 -5:12 -4:12 -3:12 -2:12 -1:12 +0:489 +5:72 +16:81
   err NEAR (made within 20 ticks of the landing): -11:72 -10:11 -9:11 -8:11 -7:11 -6:11 -5:11 -4:11 -3:11 -2:11 -1:11 +0:337 +16:81
   err far  (made earlier, can still be invalidated): -22:57 -21:3 -20:3 -19:3 -18:3 -17:3 -16:3 -15:3 -14:3 -13:3 -12:3 -11:61 -10:1 -9:1 -8:1 -7:1 -6:1 -5:1 -4:1 -3:1 -2:1 -1:1 +0:152 +5:72
   NEAR + $5C seen at the time : -11:61 +0:458 +16:81
   NEAR + every frozen tick    : -1:121 +0:398 +16:81
   last descent, landed on tick 78:
     t= 47 pred= 36 left= 31  y=    40 vy=  245760 ay=  -13312
     t= 48 pred= 35 left= 30  y=    43 vy=  232448 ay=  -13312
     t= 49 pred= 34 left= 29  y=    46 vy=  219136 ay=  -13312
     t= 50 pred= 33 left= 28  y=    50 vy=  205824 ay=  -13312
     t= 51 pred= 32 left= 27  y=    52 vy=  192512 ay=  -13312
     t= 52 pred= 31 left= 26  y=    55 vy=  179200 ay=  -13312
     t= 53 pred= 30 left= 25  y=    58 vy=  165888 ay=  -13312
     t= 54 pred= 29 left= 24  y=    60 vy=  152576 ay=  -13312
     t= 55 pred= 28 left= 23  y=    62 vy=  139264 ay=  -13312
     t= 56 pred= 11 left= 22  y=    64 vy=       0 ay=  -26624
     t= 57 pred= 10 left= 21  y=    64 vy=  -26624 ay=  -26624
     t= 58 pred=  9 left= 20  y=    63 vy=  -53248 ay=  -26624
     t= 59 pred=  8 left= 19  y=    62 vy=  -79872 ay=  -26624
     t= 60 pred=  7 left= 18  y=    60 vy= -106496 ay=  -26624
     t= 61 pred=  6 left= 17  y=    58 vy= -133120 ay=  -26624
     t= 62 pred=  5 left= 16  y=    56 vy= -159744 ay=  -26624
     t= 63 pred=  4 left= 15  y=    53 vy= -186368 ay=  -26624
     t= 64 pred=  3 left= 14  y=    49 vy= -212992 ay=  -26624
     t= 65 pred=  2 left= 13  y=    46 vy= -239616 ay=  -26624
     t= 66 pred=  1 left= 12  y=    42 vy= -266240 ay=  -26624
     t= 67 pred=  1 left= 11  y=    42 vy= -266240 ay=  -26624
     t= 68 pred=  1 left= 10  y=    42 vy= -266240 ay=  -26624
     t= 69 pred=  1 left=  9  y=    42 vy= -266240 ay=  -26624
     t= 70 pred=  1 left=  8  y=    42 vy= -266240 ay=  -26624
     t= 71 pred=  1 left=  7  y=    42 vy= -266240 ay=  -26624
     t= 72 pred=  1 left=  6  y=    42 vy= -266240 ay=  -26624
     t= 73 pred=  1 left=  5  y=    42 vy= -266240 ay=  -26624
     t= 74 pred=  1 left=  4  y=    42 vy= -266240 ay=  -26624
     t= 75 pred=  1 left=  3  y=    42 vy= -266240 ay=  -26624
     t= 76 pred=  1 left=  2  y=    42 vy= -266240 ay=  -26624
     t= 77 pred=  1 left=  1  y=    42 vy= -266240 ay=  -26624
P2  landings=2  no_prediction_ticks=12
   err all : +0:11
   err NEAR (made within 20 ticks of the landing): +0:11
   err far  (made earlier, can still be invalidated): -
   NEAR + $5C seen at the time : +0:11
   NEAR + every frozen tick    : +0:11
   last descent, landed on tick 103:
     t= 92 pred= 11 left= 11  y=    40 vy=  135168 ay=  -24576
     t= 93 pred= 10 left= 10  y=    42 vy=  110592 ay=  -24576
     t= 94 pred=  9 left=  9  y=    43 vy=   86016 ay=  -24576
     t= 95 pred=  8 left=  8  y=    44 vy=   61440 ay=  -24576
     t= 96 pred=  7 left=  7  y=    45 vy=   36864 ay=  -24576
     t= 97 pred=  6 left=  6  y=    45 vy=   12288 ay=  -24576
     t= 98 pred=  5 left=  5  y=    45 vy=  -12288 ay=  -24576
     t= 99 pred=  4 left=  4  y=    44 vy=  -36864 ay=  -24576
     t=100 pred=  3 left=  3  y=    43 vy=  -61440 ay=  -24576
     t=101 pred=  2 left=  2  y=    42 vy=  -86016 ay=  -24576
     t=102 pred=  1 left=  1  y=    40 vy= -110592 ay=  -24576
---- landing prediction ----
P1  landings=31  no_prediction_ticks=0
   err all : -22:57 -21:3 -20:3 -19:3 -18:3 -17:3 -16:3 -15:3 -14:3 -13:3 -12:3 -11:133 -10:12 -9:12 -8:12 -7:12 -6:12 -5:12 -4:12 -3:12 -2:12 -1:12 +0:528 +5:72 +16:81
   err NEAR (made within 20 ticks of the landing): -11:72 -10:11 -9:11 -8:11 -7:11 -6:11 -5:11 -4:11 -3:11 -2:11 -1:11 +0:357 +16:81
   err far  (made earlier, can still be invalidated): -22:57 -21:3 -20:3 -19:3 -18:3 -17:3 -16:3 -15:3 -14:3 -13:3 -12:3 -11:61 -10:1 -9:1 -8:1 -7:1 -6:1 -5:1 -4:1 -3:1 -2:1 -1:1 +0:171 +5:72
   NEAR + $5C seen at the time : -11:61 +0:478 +16:81
   NEAR + every frozen tick    : -1:121 +0:418 +16:81
   last descent, landed on tick 126:
     t= 87 pred= 39 left= 39  y=    40 vy=  630784 ay=  -32000
     t= 88 pred= 38 left= 38  y=    49 vy=  598784 ay=  -32000
     t= 89 pred= 37 left= 37  y=    57 vy=  566784 ay=  -32000
     t= 90 pred= 36 left= 36  y=    65 vy=  534784 ay=  -32000
     t= 91 pred= 35 left= 35  y=    73 vy=  502784 ay=  -32000
     t= 92 pred= 34 left= 34  y=    80 vy=  470784 ay=  -32000
     t= 93 pred= 33 left= 33  y=    87 vy=  438784 ay=  -32000
     t= 94 pred= 32 left= 32  y=    93 vy=  406784 ay=  -32000
     t= 95 pred= 31 left= 31  y=    99 vy=  374784 ay=  -32000
     t= 96 pred= 30 left= 30  y=   104 vy=  342784 ay=  -32000
     t= 97 pred= 29 left= 29  y=   109 vy=  310784 ay=  -32000
     t= 98 pred= 28 left= 28  y=   113 vy=  278784 ay=  -32000
     t= 99 pred= 27 left= 27  y=   117 vy=  246784 ay=  -32000
     t=100 pred= 26 left= 26  y=   120 vy=  214784 ay=  -32000
     t=101 pred= 25 left= 25  y=   123 vy=  182784 ay=  -32000
     t=102 pred= 24 left= 24  y=   125 vy=  150784 ay=  -32000
     t=103 pred= 23 left= 23  y=   127 vy=  118784 ay=  -32000
     t=104 pred= 22 left= 22  y=   128 vy=   86784 ay=  -32000
     t=105 pred= 21 left= 21  y=   129 vy=   54784 ay=  -32000
     t=106 pred= 20 left= 20  y=   130 vy=   22784 ay=  -32000
     t=107 pred= 19 left= 19  y=   129 vy=   -9216 ay=  -32000
     t=108 pred= 18 left= 18  y=   129 vy=  -41216 ay=  -32000
     t=109 pred= 17 left= 17  y=   128 vy=  -73216 ay=  -32000
     t=110 pred= 16 left= 16  y=   126 vy= -105216 ay=  -32000
     t=111 pred= 15 left= 15  y=   124 vy= -137216 ay=  -32000
     t=112 pred= 14 left= 14  y=   121 vy= -169216 ay=  -32000
     t=113 pred= 13 left= 13  y=   118 vy= -201216 ay=  -32000
     t=114 pred= 12 left= 12  y=   115 vy= -233216 ay=  -32000
     t=115 pred= 11 left= 11  y=   111 vy= -265216 ay=  -32000
     t=116 pred= 10 left= 10  y=   106 vy= -297216 ay=  -32000
     t=117 pred=  9 left=  9  y=   101 vy= -329216 ay=  -32000
     t=118 pred=  8 left=  8  y=    96 vy= -361216 ay=  -32000
     t=119 pred=  7 left=  7  y=    90 vy= -393216 ay=  -32000
     t=120 pred=  6 left=  6  y=    83 vy= -425216 ay=  -32000
     t=121 pred=  5 left=  5  y=    76 vy= -457216 ay=  -32000
     t=122 pred=  4 left=  4  y=    69 vy= -489216 ay=  -32000
     t=123 pred=  3 left=  3  y=    61 vy= -521216 ay=  -32000
     t=124 pred=  2 left=  2  y=    52 vy= -553216 ay=  -32000
     t=125 pred=  1 left=  1  y=    43 vy= -585216 ay=  -32000
P2  landings=2  no_prediction_ticks=12
   err all : +0:11
   err NEAR (made within 20 ticks of the landing): +0:11
   err far  (made earlier, can still be invalidated): -
   NEAR + $5C seen at the time : +0:11
   NEAR + every frozen tick    : +0:11
   last descent, landed on tick 103:
     t= 92 pred= 11 left= 11  y=    40 vy=  135168 ay=  -24576
     t= 93 pred= 10 left= 10  y=    42 vy=  110592 ay=  -24576
     t= 94 pred=  9 left=  9  y=    43 vy=   86016 ay=  -24576
     t= 95 pred=  8 left=  8  y=    44 vy=   61440 ay=  -24576
     t= 96 pred=  7 left=  7  y=    45 vy=   36864 ay=  -24576
     t= 97 pred=  6 left=  6  y=    45 vy=   12288 ay=  -24576
     t= 98 pred=  5 left=  5  y=    45 vy=  -12288 ay=  -24576
     t= 99 pred=  4 left=  4  y=    44 vy=  -36864 ay=  -24576
     t=100 pred=  3 left=  3  y=    43 vy=  -61440 ay=  -24576
     t=101 pred=  2 left=  2  y=    42 vy=  -86016 ay=  -24576
     t=102 pred=  1 left=  1  y=    40 vy= -110592 ay=  -24576
---- landing prediction ----
P1  landings=32  no_prediction_ticks=0
   err all : -22:57 -21:3 -20:3 -19:3 -18:3 -17:3 -16:3 -15:3 -14:3 -13:3 -12:3 -11:133 -10:12 -9:12 -8:12 -7:12 -6:12 -5:12 -4:12 -3:12 -2:12 -1:12 +0:557 +5:72 +16:81
   err NEAR (made within 20 ticks of the landing): -11:72 -10:11 -9:11 -8:11 -7:11 -6:11 -5:11 -4:11 -3:11 -2:11 -1:11 +0:377 +16:81
   err far  (made earlier, can still be invalidated): -22:57 -21:3 -20:3 -19:3 -18:3 -17:3 -16:3 -15:3 -14:3 -13:3 -12:3 -11:61 -10:1 -9:1 -8:1 -7:1 -6:1 -5:1 -4:1 -3:1 -2:1 -1:1 +0:180 +5:72
   NEAR + $5C seen at the time : -11:61 +0:498 +16:81
   NEAR + every frozen tick    : -1:121 +0:438 +16:81
   last descent, landed on tick 175:
     t=146 pred= 29 left= 29  y=    40 vy=  786432 ay=  -53248
     t=147 pred= 28 left= 28  y=    51 vy=  733184 ay=  -53248
     t=148 pred= 27 left= 27  y=    61 vy=  679936 ay=  -53248
     t=149 pred= 26 left= 26  y=    71 vy=  626688 ay=  -53248
     t=150 pred= 25 left= 25  y=    79 vy=  573440 ay=  -53248
     t=151 pred= 24 left= 24  y=    87 vy=  520192 ay=  -53248
     t=152 pred= 23 left= 23  y=    94 vy=  466944 ay=  -53248
     t=153 pred= 22 left= 22  y=   101 vy=  413696 ay=  -53248
     t=154 pred= 21 left= 21  y=   106 vy=  360448 ay=  -53248
     t=155 pred= 20 left= 20  y=   111 vy=  307200 ay=  -53248
     t=156 pred= 19 left= 19  y=   115 vy=  253952 ay=  -53248
     t=157 pred= 18 left= 18  y=   118 vy=  200704 ay=  -53248
     t=158 pred= 17 left= 17  y=   120 vy=  147456 ay=  -53248
     t=159 pred= 16 left= 16  y=   122 vy=   94208 ay=  -53248
     t=160 pred= 15 left= 15  y=   122 vy=   40960 ay=  -53248
     t=161 pred= 14 left= 14  y=   122 vy=  -12288 ay=  -53248
     t=162 pred= 13 left= 13  y=   121 vy=  -65536 ay=  -53248
     t=163 pred= 12 left= 12  y=   119 vy= -118784 ay=  -53248
     t=164 pred= 11 left= 11  y=   117 vy= -172032 ay=  -53248
     t=165 pred= 10 left= 10  y=   113 vy= -225280 ay=  -53248
     t=166 pred=  9 left=  9  y=   109 vy= -278528 ay=  -53248
     t=167 pred=  8 left=  8  y=   104 vy= -331776 ay=  -53248
     t=168 pred=  7 left=  7  y=    98 vy= -385024 ay=  -53248
     t=169 pred=  6 left=  6  y=    91 vy= -438272 ay=  -53248
     t=170 pred=  5 left=  5  y=    84 vy= -491520 ay=  -53248
     t=171 pred=  4 left=  4  y=    75 vy= -544768 ay=  -53248
     t=172 pred=  3 left=  3  y=    66 vy= -598016 ay=  -53248
     t=173 pred=  2 left=  2  y=    56 vy= -651264 ay=  -53248
     t=174 pred=  1 left=  1  y=    46 vy= -704512 ay=  -53248
P2  landings=2  no_prediction_ticks=12
   err all : +0:11
   err NEAR (made within 20 ticks of the landing): +0:11
   err far  (made earlier, can still be invalidated): -
   NEAR + $5C seen at the time : +0:11
   NEAR + every frozen tick    : +0:11
   last descent, landed on tick 103:
     t= 92 pred= 11 left= 11  y=    40 vy=  135168 ay=  -24576
     t= 93 pred= 10 left= 10  y=    42 vy=  110592 ay=  -24576
     t= 94 pred=  9 left=  9  y=    43 vy=   86016 ay=  -24576
     t= 95 pred=  8 left=  8  y=    44 vy=   61440 ay=  -24576
     t= 96 pred=  7 left=  7  y=    45 vy=   36864 ay=  -24576
     t= 97 pred=  6 left=  6  y=    45 vy=   12288 ay=  -24576
     t= 98 pred=  5 left=  5  y=    45 vy=  -12288 ay=  -24576
     t= 99 pred=  4 left=  4  y=    44 vy=  -36864 ay=  -24576
     t=100 pred=  3 left=  3  y=    43 vy=  -61440 ay=  -24576
     t=101 pred=  2 left=  2  y=    42 vy=  -86016 ay=  -24576
     t=102 pred=  1 left=  1  y=    40 vy= -110592 ay=  -24576
---- landing prediction ----
P1  landings=33  no_prediction_ticks=0
   err all : -22:57 -21:3 -20:3 -19:3 -18:3 -17:3 -16:3 -15:3 -14:3 -13:3 -12:3 -11:133 -10:12 -9:12 -8:12 -7:12 -6:12 -5:12 -4:12 -3:12 -2:12 -1:12 +0:568 +5:72 +16:90
   err NEAR (made within 20 ticks of the landing): -11:72 -10:11 -9:11 -8:11 -7:11 -6:11 -5:11 -4:11 -3:11 -2:11 -1:11 +0:388 +16:90
   err far  (made earlier, can still be invalidated): -22:57 -21:3 -20:3 -19:3 -18:3 -17:3 -16:3 -15:3 -14:3 -13:3 -12:3 -11:61 -10:1 -9:1 -8:1 -7:1 -6:1 -5:1 -4:1 -3:1 -2:1 -1:1 +0:180 +5:72
   NEAR + $5C seen at the time : -11:61 +0:509 +16:90
   NEAR + every frozen tick    : -1:121 +0:449 +16:90
   last descent, landed on tick 198:
     t=178 pred= 36 left= 20  y=    40 vy=  245760 ay=  -13312
     t=179 pred= 35 left= 19  y=    43 vy=  232448 ay=  -13312
     t=180 pred= 34 left= 18  y=    46 vy=  219136 ay=  -13312
     t=181 pred= 33 left= 17  y=    50 vy=  205824 ay=  -13312
     t=182 pred= 32 left= 16  y=    52 vy=  192512 ay=  -13312
     t=183 pred= 31 left= 15  y=    55 vy=  179200 ay=  -13312
     t=184 pred= 30 left= 14  y=    58 vy=  165888 ay=  -13312
     t=185 pred= 29 left= 13  y=    60 vy=  152576 ay=  -13312
     t=186 pred= 28 left= 12  y=    62 vy=  139264 ay=  -13312
     t=187 pred= 11 left= 11  y=    64 vy=       0 ay=  -26624
     t=188 pred= 10 left= 10  y=    64 vy=  -26624 ay=  -26624
     t=189 pred=  9 left=  9  y=    63 vy=  -53248 ay=  -26624
     t=190 pred=  8 left=  8  y=    62 vy=  -79872 ay=  -26624
     t=191 pred=  7 left=  7  y=    60 vy= -106496 ay=  -26624
     t=192 pred=  6 left=  6  y=    58 vy= -133120 ay=  -26624
     t=193 pred=  5 left=  5  y=    56 vy= -159744 ay=  -26624
     t=194 pred=  4 left=  4  y=    53 vy= -186368 ay=  -26624
     t=195 pred=  3 left=  3  y=    49 vy= -212992 ay=  -26624
     t=196 pred=  2 left=  2  y=    46 vy= -239616 ay=  -26624
     t=197 pred=  1 left=  1  y=    42 vy= -266240 ay=  -26624
P2  landings=2  no_prediction_ticks=12
   err all : +0:11
   err NEAR (made within 20 ticks of the landing): +0:11
   err far  (made earlier, can still be invalidated): -
   NEAR + $5C seen at the time : +0:11
   NEAR + every frozen tick    : +0:11
   last descent, landed on tick 103:
     t= 92 pred= 11 left= 11  y=    40 vy=  135168 ay=  -24576
     t= 93 pred= 10 left= 10  y=    42 vy=  110592 ay=  -24576
     t= 94 pred=  9 left=  9  y=    43 vy=   86016 ay=  -24576
     t= 95 pred=  8 left=  8  y=    44 vy=   61440 ay=  -24576
     t= 96 pred=  7 left=  7  y=    45 vy=   36864 ay=  -24576
     t= 97 pred=  6 left=  6  y=    45 vy=   12288 ay=  -24576
     t= 98 pred=  5 left=  5  y=    45 vy=  -12288 ay=  -24576
     t= 99 pred=  4 left=  4  y=    44 vy=  -36864 ay=  -24576
     t=100 pred=  3 left=  3  y=    43 vy=  -61440 ay=  -24576
     t=101 pred=  2 left=  2  y=    42 vy=  -86016 ay=  -24576
     t=102 pred=  1 left=  1  y=    40 vy= -110592 ay=  -24576
---- landing prediction ----
P1  landings=34  no_prediction_ticks=0
   err all : -22:57 -21:3 -20:3 -19:3 -18:3 -17:3 -16:3 -15:3 -14:3 -13:3 -12:3 -11:142 -10:13 -9:13 -8:13 -7:13 -6:13 -5:13 -4:13 -3:13 -2:13 -1:13 +0:571 +5:81 +16:90
   err NEAR (made within 20 ticks of the landing): -11:79 -10:12 -9:12 -8:12 -7:12 -6:12 -5:12 -4:12 -3:12 -2:12 -1:12 +0:391 +16:90
   err far  (made earlier, can still be invalidated): -22:57 -21:3 -20:3 -19:3 -18:3 -17:3 -16:3 -15:3 -14:3 -13:3 -12:3 -11:63 -10:1 -9:1 -8:1 -7:1 -6:1 -5:1 -4:1 -3:1 -2:1 -1:1 +0:180 +5:81
   NEAR + $5C seen at the time : -11:67 +0:523 +16:90
   NEAR + every frozen tick    : -1:132 +0:458 +16:90
   last descent, landed on tick 45:
     t= 14 pred= 36 left= 31  y=    40 vy=  245760 ay=  -13312
     t= 15 pred= 35 left= 30  y=    43 vy=  232448 ay=  -13312
     t= 16 pred= 34 left= 29  y=    46 vy=  219136 ay=  -13312
     t= 17 pred= 33 left= 28  y=    50 vy=  205824 ay=  -13312
     t= 18 pred= 32 left= 27  y=    52 vy=  192512 ay=  -13312
     t= 19 pred= 31 left= 26  y=    55 vy=  179200 ay=  -13312
     t= 20 pred= 30 left= 25  y=    58 vy=  165888 ay=  -13312
     t= 21 pred= 29 left= 24  y=    60 vy=  152576 ay=  -13312
     t= 22 pred= 28 left= 23  y=    62 vy=  139264 ay=  -13312
     t= 23 pred= 11 left= 22  y=    64 vy=       0 ay=  -26624
     t= 24 pred= 10 left= 21  y=    64 vy=  -26624 ay=  -26624
     t= 25 pred=  9 left= 20  y=    63 vy=  -53248 ay=  -26624
     t= 26 pred=  8 left= 19  y=    62 vy=  -79872 ay=  -26624
     t= 27 pred=  7 left= 18  y=    60 vy= -106496 ay=  -26624
     t= 28 pred=  6 left= 17  y=    58 vy= -133120 ay=  -26624
     t= 29 pred=  5 left= 16  y=    56 vy= -159744 ay=  -26624
     t= 30 pred=  4 left= 15  y=    53 vy= -186368 ay=  -26624
     t= 31 pred=  3 left= 14  y=    49 vy= -212992 ay=  -26624
     t= 32 pred=  3 left= 13  y=    49 vy= -212992 ay=  -26624
     t= 33 pred=  3 left= 12  y=    49 vy= -212992 ay=  -26624
     t= 34 pred=  3 left= 11  y=    49 vy= -212992 ay=  -26624
     t= 35 pred=  3 left= 10  y=    49 vy= -212992 ay=  -26624
     t= 36 pred=  3 left=  9  y=    49 vy= -212992 ay=  -26624
     t= 37 pred=  3 left=  8  y=    49 vy= -212992 ay=  -26624
     t= 38 pred=  3 left=  7  y=    49 vy= -212992 ay=  -26624
     t= 39 pred=  3 left=  6  y=    49 vy= -212992 ay=  -26624
     t= 40 pred=  3 left=  5  y=    49 vy= -212992 ay=  -26624
     t= 41 pred=  3 left=  4  y=    49 vy= -212992 ay=  -26624
     t= 42 pred=  3 left=  3  y=    49 vy= -212992 ay=  -26624
     t= 43 pred=  2 left=  2  y=    46 vy= -239616 ay=  -26624
     t= 44 pred=  1 left=  1  y=    42 vy= -266240 ay=  -26624
P2  landings=2  no_prediction_ticks=12
   err all : +0:11
   err NEAR (made within 20 ticks of the landing): +0:11
   err far  (made earlier, can still be invalidated): -
   NEAR + $5C seen at the time : +0:11
   NEAR + every frozen tick    : +0:11
   last descent, landed on tick 103:
     t= 92 pred= 11 left= 11  y=    40 vy=  135168 ay=  -24576
     t= 93 pred= 10 left= 10  y=    42 vy=  110592 ay=  -24576
     t= 94 pred=  9 left=  9  y=    43 vy=   86016 ay=  -24576
     t= 95 pred=  8 left=  8  y=    44 vy=   61440 ay=  -24576
     t= 96 pred=  7 left=  7  y=    45 vy=   36864 ay=  -24576
     t= 97 pred=  6 left=  6  y=    45 vy=   12288 ay=  -24576
     t= 98 pred=  5 left=  5  y=    45 vy=  -12288 ay=  -24576
     t= 99 pred=  4 left=  4  y=    44 vy=  -36864 ay=  -24576
     t=100 pred=  3 left=  3  y=    43 vy=  -61440 ay=  -24576
     t=101 pred=  2 left=  2  y=    42 vy=  -86016 ay=  -24576
     t=102 pred=  1 left=  1  y=    40 vy= -110592 ay=  -24576
---- landing prediction ----
P1  landings=35  no_prediction_ticks=0
   err all : -22:57 -21:3 -20:3 -19:3 -18:3 -17:3 -16:3 -15:3 -14:3 -13:3 -12:3 -11:150 -10:14 -9:14 -8:14 -7:14 -6:14 -5:14 -4:14 -3:14 -2:14 -1:14 +0:575 +5:90 +16:90
   err NEAR (made within 20 ticks of the landing): -11:85 -10:13 -9:13 -8:13 -7:13 -6:13 -5:13 -4:13 -3:13 -2:13 -1:13 +0:395 +16:90
   err far  (made earlier, can still be invalidated): -22:57 -21:3 -20:3 -19:3 -18:3 -17:3 -16:3 -15:3 -14:3 -13:3 -12:3 -11:65 -10:1 -9:1 -8:1 -7:1 -6:1 -5:1 -4:1 -3:1 -2:1 -1:1 +0:180 +5:90
   NEAR + $5C seen at the time : -11:72 +0:538 +16:90
   NEAR + every frozen tick    : -1:143 +0:467 +16:90
   last descent, landed on tick 81:
     t= 50 pred= 36 left= 31  y=    40 vy=  245760 ay=  -13312
     t= 51 pred= 35 left= 30  y=    43 vy=  232448 ay=  -13312
     t= 52 pred= 34 left= 29  y=    46 vy=  219136 ay=  -13312
     t= 53 pred= 33 left= 28  y=    50 vy=  205824 ay=  -13312
     t= 54 pred= 32 left= 27  y=    52 vy=  192512 ay=  -13312
     t= 55 pred= 31 left= 26  y=    55 vy=  179200 ay=  -13312
     t= 56 pred= 30 left= 25  y=    58 vy=  165888 ay=  -13312
     t= 57 pred= 29 left= 24  y=    60 vy=  152576 ay=  -13312
     t= 58 pred= 28 left= 23  y=    62 vy=  139264 ay=  -13312
     t= 59 pred= 11 left= 22  y=    64 vy=       0 ay=  -26624
     t= 60 pred= 10 left= 21  y=    64 vy=  -26624 ay=  -26624
     t= 61 pred=  9 left= 20  y=    63 vy=  -53248 ay=  -26624
     t= 62 pred=  8 left= 19  y=    62 vy=  -79872 ay=  -26624
     t= 63 pred=  7 left= 18  y=    60 vy= -106496 ay=  -26624
     t= 64 pred=  6 left= 17  y=    58 vy= -133120 ay=  -26624
     t= 65 pred=  5 left= 16  y=    56 vy= -159744 ay=  -26624
     t= 66 pred=  4 left= 15  y=    53 vy= -186368 ay=  -26624
     t= 67 pred=  4 left= 14  y=    53 vy= -186368 ay=  -26624
     t= 68 pred=  4 left= 13  y=    53 vy= -186368 ay=  -26624
     t= 69 pred=  4 left= 12  y=    53 vy= -186368 ay=  -26624
     t= 70 pred=  4 left= 11  y=    53 vy= -186368 ay=  -26624
     t= 71 pred=  4 left= 10  y=    53 vy= -186368 ay=  -26624
     t= 72 pred=  4 left=  9  y=    53 vy= -186368 ay=  -26624
     t= 73 pred=  4 left=  8  y=    53 vy= -186368 ay=  -26624
     t= 74 pred=  4 left=  7  y=    53 vy= -186368 ay=  -26624
     t= 75 pred=  4 left=  6  y=    53 vy= -186368 ay=  -26624
     t= 76 pred=  4 left=  5  y=    53 vy= -186368 ay=  -26624
     t= 77 pred=  4 left=  4  y=    53 vy= -186368 ay=  -26624
     t= 78 pred=  3 left=  3  y=    49 vy= -212992 ay=  -26624
     t= 79 pred=  2 left=  2  y=    46 vy= -239616 ay=  -26624
     t= 80 pred=  1 left=  1  y=    42 vy= -266240 ay=  -26624
P2  landings=2  no_prediction_ticks=12
   err all : +0:11
   err NEAR (made within 20 ticks of the landing): +0:11
   err far  (made earlier, can still be invalidated): -
   NEAR + $5C seen at the time : +0:11
   NEAR + every frozen tick    : +0:11
   last descent, landed on tick 103:
     t= 92 pred= 11 left= 11  y=    40 vy=  135168 ay=  -24576
     t= 93 pred= 10 left= 10  y=    42 vy=  110592 ay=  -24576
     t= 94 pred=  9 left=  9  y=    43 vy=   86016 ay=  -24576
     t= 95 pred=  8 left=  8  y=    44 vy=   61440 ay=  -24576
     t= 96 pred=  7 left=  7  y=    45 vy=   36864 ay=  -24576
     t= 97 pred=  6 left=  6  y=    45 vy=   12288 ay=  -24576
     t= 98 pred=  5 left=  5  y=    45 vy=  -12288 ay=  -24576
     t= 99 pred=  4 left=  4  y=    44 vy=  -36864 ay=  -24576
     t=100 pred=  3 left=  3  y=    43 vy=  -61440 ay=  -24576
     t=101 pred=  2 left=  2  y=    42 vy=  -86016 ay=  -24576
     t=102 pred=  1 left=  1  y=    40 vy= -110592 ay=  -24576
---- landing prediction ----
P1  landings=36  no_prediction_ticks=0
   err all : -22:57 -21:3 -20:3 -19:3 -18:3 -17:3 -16:3 -15:3 -14:3 -13:3 -12:3 -11:158 -10:15 -9:15 -8:15 -7:15 -6:15 -5:15 -4:15 -3:15 -2:15 -1:15 +0:579 +5:99 +16:90
   err NEAR (made within 20 ticks of the landing): -11:91 -10:14 -9:14 -8:14 -7:14 -6:14 -5:14 -4:14 -3:14 -2:14 -1:14 +0:399 +16:90
   err far  (made earlier, can still be invalidated): -22:57 -21:3 -20:3 -19:3 -18:3 -17:3 -16:3 -15:3 -14:3 -13:3 -12:3 -11:67 -10:1 -9:1 -8:1 -7:1 -6:1 -5:1 -4:1 -3:1 -2:1 -1:1 +0:180 +5:99
   NEAR + $5C seen at the time : -11:77 +0:553 +16:90
   NEAR + every frozen tick    : -1:154 +0:476 +16:90
   last descent, landed on tick 245:
     t=214 pred= 36 left= 31  y=    40 vy=  245760 ay=  -13312
     t=215 pred= 35 left= 30  y=    43 vy=  232448 ay=  -13312
     t=216 pred= 34 left= 29  y=    46 vy=  219136 ay=  -13312
     t=217 pred= 33 left= 28  y=    50 vy=  205824 ay=  -13312
     t=218 pred= 32 left= 27  y=    52 vy=  192512 ay=  -13312
     t=219 pred= 31 left= 26  y=    55 vy=  179200 ay=  -13312
     t=220 pred= 30 left= 25  y=    58 vy=  165888 ay=  -13312
     t=221 pred= 29 left= 24  y=    60 vy=  152576 ay=  -13312
     t=222 pred= 28 left= 23  y=    62 vy=  139264 ay=  -13312
     t=223 pred= 11 left= 22  y=    64 vy=       0 ay=  -26624
     t=224 pred= 10 left= 21  y=    64 vy=  -26624 ay=  -26624
     t=225 pred=  9 left= 20  y=    63 vy=  -53248 ay=  -26624
     t=226 pred=  8 left= 19  y=    62 vy=  -79872 ay=  -26624
     t=227 pred=  7 left= 18  y=    60 vy= -106496 ay=  -26624
     t=228 pred=  6 left= 17  y=    58 vy= -133120 ay=  -26624
     t=229 pred=  5 left= 16  y=    56 vy= -159744 ay=  -26624
     t=230 pred=  4 left= 15  y=    53 vy= -186368 ay=  -26624
     t=231 pred=  4 left= 14  y=    53 vy= -186368 ay=  -26624
     t=232 pred=  4 left= 13  y=    53 vy= -186368 ay=  -26624
     t=233 pred=  4 left= 12  y=    53 vy= -186368 ay=  -26624
     t=234 pred=  4 left= 11  y=    53 vy= -186368 ay=  -26624
     t=235 pred=  4 left= 10  y=    53 vy= -186368 ay=  -26624
     t=236 pred=  4 left=  9  y=    53 vy= -186368 ay=  -26624
     t=237 pred=  4 left=  8  y=    53 vy= -186368 ay=  -26624
     t=238 pred=  4 left=  7  y=    53 vy= -186368 ay=  -26624
     t=239 pred=  4 left=  6  y=    53 vy= -186368 ay=  -26624
     t=240 pred=  4 left=  5  y=    53 vy= -186368 ay=  -26624
     t=241 pred=  4 left=  4  y=    53 vy= -186368 ay=  -26624
     t=242 pred=  3 left=  3  y=    49 vy= -212992 ay=  -26624
     t=243 pred=  2 left=  2  y=    46 vy= -239616 ay=  -26624
     t=244 pred=  1 left=  1  y=    42 vy= -266240 ay=  -26624
P2  landings=2  no_prediction_ticks=12
   err all : +0:11
   err NEAR (made within 20 ticks of the landing): +0:11
   err far  (made earlier, can still be invalidated): -
   NEAR + $5C seen at the time : +0:11
   NEAR + every frozen tick    : +0:11
   last descent, landed on tick 103:
     t= 92 pred= 11 left= 11  y=    40 vy=  135168 ay=  -24576
     t= 93 pred= 10 left= 10  y=    42 vy=  110592 ay=  -24576
     t= 94 pred=  9 left=  9  y=    43 vy=   86016 ay=  -24576
     t= 95 pred=  8 left=  8  y=    44 vy=   61440 ay=  -24576
     t= 96 pred=  7 left=  7  y=    45 vy=   36864 ay=  -24576
     t= 97 pred=  6 left=  6  y=    45 vy=   12288 ay=  -24576
     t= 98 pred=  5 left=  5  y=    45 vy=  -12288 ay=  -24576
     t= 99 pred=  4 left=  4  y=    44 vy=  -36864 ay=  -24576
     t=100 pred=  3 left=  3  y=    43 vy=  -61440 ay=  -24576
     t=101 pred=  2 left=  2  y=    42 vy=  -86016 ay=  -24576
     t=102 pred=  1 left=  1  y=    40 vy= -110592 ay=  -24576
---- landing prediction ----
P1  landings=37  no_prediction_ticks=0
   err all : -22:57 -21:3 -20:3 -19:3 -18:3 -17:3 -16:3 -15:3 -14:3 -13:3 -12:3 -11:190 -10:16 -9:16 -8:16 -7:16 -6:16 -5:16 -4:16 -3:16 -2:16 -1:16 +0:586 +5:99 +16:90
   err NEAR (made within 20 ticks of the landing): -11:94 -10:15 -9:15 -8:15 -7:15 -6:15 -5:15 -4:15 -3:15 -2:15 -1:15 +0:406 +16:90
   err far  (made earlier, can still be invalidated): -22:57 -21:3 -20:3 -19:3 -18:3 -17:3 -16:3 -15:3 -14:3 -13:3 -12:3 -11:96 -10:1 -9:1 -8:1 -7:1 -6:1 -5:1 -4:1 -3:1 -2:1 -1:1 +0:180 +5:99
   NEAR + $5C seen at the time : -11:79 +0:571 +16:90
   NEAR + every frozen tick    : -1:165 +0:485 +16:90
   last descent, landed on tick 47:
     t=254 pred= 38 left= 49  y=    40 vy=  614400 ay=  -32000
     t=255 pred= 37 left= 48  y=    48 vy=  582400 ay=  -32000
     t=  0 pred= 36 left= 47  y=    57 vy=  550400 ay=  -32000
     t=  1 pred= 35 left= 46  y=    65 vy=  518400 ay=  -32000
     t=  2 pred= 34 left= 45  y=    72 vy=  486400 ay=  -32000
     t=  3 pred= 33 left= 44  y=    79 vy=  454400 ay=  -32000
     t=  4 pred= 32 left= 43  y=    85 vy=  422400 ay=  -32000
     t=  5 pred= 31 left= 42  y=    91 vy=  390400 ay=  -32000
     t=  6 pred= 30 left= 41  y=    97 vy=  358400 ay=  -32000
     t=  7 pred= 29 left= 40  y=   102 vy=  326400 ay=  -32000
     t=  8 pred= 28 left= 39  y=   106 vy=  294400 ay=  -32000
     t=  9 pred= 27 left= 38  y=   110 vy=  262400 ay=  -32000
     t= 10 pred= 26 left= 37  y=   114 vy=  230400 ay=  -32000
     t= 11 pred= 25 left= 36  y=   117 vy=  198400 ay=  -32000
     t= 12 pred= 24 left= 35  y=   119 vy=  166400 ay=  -32000
     t= 13 pred= 23 left= 34  y=   122 vy=  134400 ay=  -32000
     t= 14 pred= 22 left= 33  y=   123 vy=  102400 ay=  -32000
     t= 15 pred= 21 left= 32  y=   124 vy=   70400 ay=  -32000
     t= 16 pred= 20 left= 31  y=   125 vy=   38400 ay=  -32000
     t= 17 pred= 19 left= 30  y=   125 vy=    6400 ay=  -32000
     t= 18 pred= 18 left= 29  y=   124 vy=  -25600 ay=  -32000
     t= 19 pred= 17 left= 28  y=   124 vy=  -57600 ay=  -32000
     t= 20 pred= 16 left= 27  y=   122 vy=  -89600 ay=  -32000
     t= 21 pred= 15 left= 26  y=   120 vy= -121600 ay=  -32000
     t= 22 pred= 14 left= 25  y=   118 vy= -153600 ay=  -32000
     t= 23 pred= 13 left= 24  y=   115 vy= -185600 ay=  -32000
     t= 24 pred= 12 left= 23  y=   112 vy= -217600 ay=  -32000
     t= 25 pred= 11 left= 22  y=   108 vy= -249600 ay=  -32000
     t= 26 pred= 10 left= 21  y=   104 vy= -281600 ay=  -32000
     t= 27 pred=  9 left= 20  y=    99 vy= -313600 ay=  -32000
     t= 28 pred=  8 left= 19  y=    94 vy= -345600 ay=  -32000
     t= 29 pred=  7 left= 18  y=    88 vy= -377600 ay=  -32000
     t= 30 pred=  7 left= 17  y=    88 vy= -377600 ay=  -32000
     t= 31 pred=  7 left= 16  y=    88 vy= -377600 ay=  -32000
     t= 32 pred=  7 left= 15  y=    88 vy= -377600 ay=  -32000
     t= 33 pred=  7 left= 14  y=    88 vy= -377600 ay=  -32000
     t= 34 pred=  7 left= 13  y=    88 vy= -377600 ay=  -32000
     t= 35 pred=  7 left= 12  y=    88 vy= -377600 ay=  -32000
     t= 36 pred=  7 left= 11  y=    88 vy= -377600 ay=  -32000
     t= 37 pred=  7 left= 10  y=    88 vy= -377600 ay=  -32000
P2  landings=2  no_prediction_ticks=12
   err all : +0:11
   err NEAR (made within 20 ticks of the landing): +0:11
   err far  (made earlier, can still be invalidated): -
   NEAR + $5C seen at the time : +0:11
   NEAR + every frozen tick    : +0:11
   last descent, landed on tick 103:
     t= 92 pred= 11 left= 11  y=    40 vy=  135168 ay=  -24576
     t= 93 pred= 10 left= 10  y=    42 vy=  110592 ay=  -24576
     t= 94 pred=  9 left=  9  y=    43 vy=   86016 ay=  -24576
     t= 95 pred=  8 left=  8  y=    44 vy=   61440 ay=  -24576
     t= 96 pred=  7 left=  7  y=    45 vy=   36864 ay=  -24576
     t= 97 pred=  6 left=  6  y=    45 vy=   12288 ay=  -24576
     t= 98 pred=  5 left=  5  y=    45 vy=  -12288 ay=  -24576
     t= 99 pred=  4 left=  4  y=    44 vy=  -36864 ay=  -24576
     t=100 pred=  3 left=  3  y=    43 vy=  -61440 ay=  -24576
     t=101 pred=  2 left=  2  y=    42 vy=  -86016 ay=  -24576
     t=102 pred=  1 left=  1  y=    40 vy= -110592 ay=  -24576
---- landing prediction ----
P1  landings=38  no_prediction_ticks=0
   err all : -22:85 -21:4 -20:4 -19:4 -18:4 -17:4 -16:4 -15:4 -14:4 -13:4 -12:4 -11:198 -10:17 -9:17 -8:17 -7:17 -6:17 -5:17 -4:17 -3:17 -2:17 -1:17 +0:590 +5:99 +16:90
   err NEAR (made within 20 ticks of the landing): -11:100 -10:16 -9:16 -8:16 -7:16 -6:16 -5:16 -4:16 -3:16 -2:16 -1:16 +0:410 +16:90
   err far  (made earlier, can still be invalidated): -22:85 -21:4 -20:4 -19:4 -18:4 -17:4 -16:4 -15:4 -14:4 -13:4 -12:4 -11:98 -10:1 -9:1 -8:1 -7:1 -6:1 -5:1 -4:1 -3:1 -2:1 -1:1 +0:180 +5:99
   NEAR + $5C seen at the time : -11:84 +0:586 +16:90
   NEAR + every frozen tick    : -1:176 +0:494 +16:90
   last descent, landed on tick 152:
     t= 92 pred= 38 left= 60  y=    40 vy=  614400 ay=  -32000
     t= 93 pred= 37 left= 59  y=    48 vy=  582400 ay=  -32000
     t= 94 pred= 36 left= 58  y=    57 vy=  550400 ay=  -32000
     t= 95 pred= 35 left= 57  y=    65 vy=  518400 ay=  -32000
     t= 96 pred= 34 left= 56  y=    72 vy=  486400 ay=  -32000
     t= 97 pred= 33 left= 55  y=    79 vy=  454400 ay=  -32000
     t= 98 pred= 32 left= 54  y=    85 vy=  422400 ay=  -32000
     t= 99 pred= 31 left= 53  y=    91 vy=  390400 ay=  -32000
     t=100 pred= 30 left= 52  y=    97 vy=  358400 ay=  -32000
     t=101 pred= 29 left= 51  y=   102 vy=  326400 ay=  -32000
     t=102 pred= 28 left= 50  y=   106 vy=  294400 ay=  -32000
     t=103 pred= 27 left= 49  y=   110 vy=  262400 ay=  -32000
     t=104 pred= 26 left= 48  y=   114 vy=  230400 ay=  -32000
     t=105 pred= 25 left= 47  y=   117 vy=  198400 ay=  -32000
     t=106 pred= 24 left= 46  y=   119 vy=  166400 ay=  -32000
     t=107 pred= 23 left= 45  y=   122 vy=  134400 ay=  -32000
     t=108 pred= 22 left= 44  y=   123 vy=  102400 ay=  -32000
     t=109 pred= 21 left= 43  y=   124 vy=   70400 ay=  -32000
     t=110 pred= 20 left= 42  y=   125 vy=   38400 ay=  -32000
     t=111 pred= 19 left= 41  y=   125 vy=    6400 ay=  -32000
     t=112 pred= 18 left= 40  y=   124 vy=  -25600 ay=  -32000
     t=113 pred= 17 left= 39  y=   124 vy=  -57600 ay=  -32000
     t=114 pred= 16 left= 38  y=   122 vy=  -89600 ay=  -32000
     t=115 pred= 15 left= 37  y=   120 vy= -121600 ay=  -32000
     t=116 pred= 14 left= 36  y=   118 vy= -153600 ay=  -32000
     t=117 pred= 13 left= 35  y=   115 vy= -185600 ay=  -32000
     t=118 pred= 12 left= 34  y=   112 vy= -217600 ay=  -32000
     t=119 pred= 11 left= 33  y=   108 vy= -249600 ay=  -32000
     t=120 pred= 11 left= 32  y=   108 vy= -249600 ay=  -32000
     t=121 pred= 11 left= 31  y=   108 vy= -249600 ay=  -32000
     t=122 pred= 11 left= 30  y=   108 vy= -249600 ay=  -32000
     t=123 pred= 11 left= 29  y=   108 vy= -249600 ay=  -32000
     t=124 pred= 11 left= 28  y=   108 vy= -249600 ay=  -32000
     t=125 pred= 11 left= 27  y=   108 vy= -249600 ay=  -32000
     t=126 pred= 11 left= 26  y=   108 vy= -249600 ay=  -32000
     t=127 pred= 11 left= 25  y=   108 vy= -249600 ay=  -32000
     t=128 pred= 11 left= 24  y=   108 vy= -249600 ay=  -32000
     t=129 pred= 11 left= 23  y=   108 vy= -249600 ay=  -32000
     t=130 pred= 11 left= 22  y=   108 vy= -249600 ay=  -32000
     t=131 pred= 10 left= 21  y=   104 vy= -281600 ay=  -32000
P2  landings=2  no_prediction_ticks=12
   err all : +0:11
   err NEAR (made within 20 ticks of the landing): +0:11
   err far  (made earlier, can still be invalidated): -
   NEAR + $5C seen at the time : +0:11
   NEAR + every frozen tick    : +0:11
   last descent, landed on tick 103:
     t= 92 pred= 11 left= 11  y=    40 vy=  135168 ay=  -24576
     t= 93 pred= 10 left= 10  y=    42 vy=  110592 ay=  -24576
     t= 94 pred=  9 left=  9  y=    43 vy=   86016 ay=  -24576
     t= 95 pred=  8 left=  8  y=    44 vy=   61440 ay=  -24576
     t= 96 pred=  7 left=  7  y=    45 vy=   36864 ay=  -24576
     t= 97 pred=  6 left=  6  y=    45 vy=   12288 ay=  -24576
     t= 98 pred=  5 left=  5  y=    45 vy=  -12288 ay=  -24576
     t= 99 pred=  4 left=  4  y=    44 vy=  -36864 ay=  -24576
     t=100 pred=  3 left=  3  y=    43 vy=  -61440 ay=  -24576
     t=101 pred=  2 left=  2  y=    42 vy=  -86016 ay=  -24576
     t=102 pred=  1 left=  1  y=    40 vy= -110592 ay=  -24576
---- landing prediction ----
P1  landings=39  no_prediction_ticks=0
   err all : -22:110 -21:5 -20:5 -19:5 -18:5 -17:5 -16:5 -15:5 -14:5 -13:5 -12:5 -11:209 -10:18 -9:18 -8:18 -7:18 -6:18 -5:18 -4:18 -3:18 -2:18 -1:18 +0:594 +5:99 +16:90
   err NEAR (made within 20 ticks of the landing): -11:106 -10:17 -9:17 -8:17 -7:17 -6:17 -5:17 -4:17 -3:17 -2:17 -1:17 +0:414 +16:90
   err far  (made earlier, can still be invalidated): -22:110 -21:5 -20:5 -19:5 -18:5 -17:5 -16:5 -15:5 -14:5 -13:5 -12:5 -11:103 -10:1 -9:1 -8:1 -7:1 -6:1 -5:1 -4:1 -3:1 -2:1 -1:1 +0:180 +5:99
   NEAR + $5C seen at the time : -11:89 +0:601 +16:90
   NEAR + every frozen tick    : -1:187 +0:503 +16:90
   last descent, landed on tick 234:
     t=174 pred= 38 left= 60  y=    40 vy=  614400 ay=  -32000
     t=175 pred= 37 left= 59  y=    48 vy=  582400 ay=  -32000
     t=176 pred= 36 left= 58  y=    57 vy=  550400 ay=  -32000
     t=177 pred= 35 left= 57  y=    65 vy=  518400 ay=  -32000
     t=178 pred= 34 left= 56  y=    72 vy=  486400 ay=  -32000
     t=179 pred= 33 left= 55  y=    79 vy=  454400 ay=  -32000
     t=180 pred= 32 left= 54  y=    85 vy=  422400 ay=  -32000
     t=181 pred= 31 left= 53  y=    91 vy=  390400 ay=  -32000
     t=182 pred= 30 left= 52  y=    97 vy=  358400 ay=  -32000
     t=183 pred= 29 left= 51  y=   102 vy=  326400 ay=  -32000
     t=184 pred= 28 left= 50  y=   106 vy=  294400 ay=  -32000
     t=185 pred= 27 left= 49  y=   110 vy=  262400 ay=  -32000
     t=186 pred= 26 left= 48  y=   114 vy=  230400 ay=  -32000
     t=187 pred= 25 left= 47  y=   117 vy=  198400 ay=  -32000
     t=188 pred= 24 left= 46  y=   119 vy=  166400 ay=  -32000
     t=189 pred= 23 left= 45  y=   122 vy=  134400 ay=  -32000
     t=190 pred= 22 left= 44  y=   123 vy=  102400 ay=  -32000
     t=191 pred= 21 left= 43  y=   124 vy=   70400 ay=  -32000
     t=192 pred= 20 left= 42  y=   125 vy=   38400 ay=  -32000
     t=193 pred= 19 left= 41  y=   125 vy=    6400 ay=  -32000
     t=194 pred= 18 left= 40  y=   124 vy=  -25600 ay=  -32000
     t=195 pred= 17 left= 39  y=   124 vy=  -57600 ay=  -32000
     t=196 pred= 16 left= 38  y=   122 vy=  -89600 ay=  -32000
     t=197 pred= 15 left= 37  y=   120 vy= -121600 ay=  -32000
     t=198 pred= 14 left= 36  y=   118 vy= -153600 ay=  -32000
     t=199 pred= 14 left= 35  y=   118 vy= -153600 ay=  -32000
     t=200 pred= 14 left= 34  y=   118 vy= -153600 ay=  -32000
     t=201 pred= 14 left= 33  y=   118 vy= -153600 ay=  -32000
     t=202 pred= 14 left= 32  y=   118 vy= -153600 ay=  -32000
     t=203 pred= 14 left= 31  y=   118 vy= -153600 ay=  -32000
     t=204 pred= 14 left= 30  y=   118 vy= -153600 ay=  -32000
     t=205 pred= 14 left= 29  y=   118 vy= -153600 ay=  -32000
     t=206 pred= 14 left= 28  y=   118 vy= -153600 ay=  -32000
     t=207 pred= 14 left= 27  y=   118 vy= -153600 ay=  -32000
     t=208 pred= 14 left= 26  y=   118 vy= -153600 ay=  -32000
     t=209 pred= 14 left= 25  y=   118 vy= -153600 ay=  -32000
     t=210 pred= 13 left= 24  y=   115 vy= -185600 ay=  -32000
     t=211 pred= 12 left= 23  y=   112 vy= -217600 ay=  -32000
     t=212 pred= 11 left= 22  y=   108 vy= -249600 ay=  -32000
     t=213 pred= 10 left= 21  y=   104 vy= -281600 ay=  -32000
P2  landings=2  no_prediction_ticks=12
   err all : +0:11
   err NEAR (made within 20 ticks of the landing): +0:11
   err far  (made earlier, can still be invalidated): -
   NEAR + $5C seen at the time : +0:11
   NEAR + every frozen tick    : +0:11
   last descent, landed on tick 103:
     t= 92 pred= 11 left= 11  y=    40 vy=  135168 ay=  -24576
     t= 93 pred= 10 left= 10  y=    42 vy=  110592 ay=  -24576
     t= 94 pred=  9 left=  9  y=    43 vy=   86016 ay=  -24576
     t= 95 pred=  8 left=  8  y=    44 vy=   61440 ay=  -24576
     t= 96 pred=  7 left=  7  y=    45 vy=   36864 ay=  -24576
     t= 97 pred=  6 left=  6  y=    45 vy=   12288 ay=  -24576
     t= 98 pred=  5 left=  5  y=    45 vy=  -12288 ay=  -24576
     t= 99 pred=  4 left=  4  y=    44 vy=  -36864 ay=  -24576
     t=100 pred=  3 left=  3  y=    43 vy=  -61440 ay=  -24576
     t=101 pred=  2 left=  2  y=    42 vy=  -86016 ay=  -24576
     t=102 pred=  1 left=  1  y=    40 vy= -110592 ay=  -24576
---- landing prediction ----
P1  landings=40  no_prediction_ticks=0
   err all : -22:110 -21:5 -20:5 -19:5 -18:5 -17:5 -16:5 -15:5 -14:5 -13:5 -12:5 -11:209 -10:18 -9:18 -8:18 -7:18 -6:18 -5:18 -4:18 -3:18 -2:18 -1:18 +0:623 +5:99 +16:90
   err NEAR (made within 20 ticks of the landing): -11:106 -10:17 -9:17 -8:17 -7:17 -6:17 -5:17 -4:17 -3:17 -2:17 -1:17 +0:434 +16:90
   err far  (made earlier, can still be invalidated): -22:110 -21:5 -20:5 -19:5 -18:5 -17:5 -16:5 -15:5 -14:5 -13:5 -12:5 -11:103 -10:1 -9:1 -8:1 -7:1 -6:1 -5:1 -4:1 -3:1 -2:1 -1:1 +0:189 +5:99
   NEAR + $5C seen at the time : -11:89 +0:621 +16:90
   NEAR + every frozen tick    : -1:187 +0:523 +16:90
   last descent, landed on tick 36:
     t=  7 pred= 29 left= 29  y=    40 vy=  786432 ay=  -53248
     t=  8 pred= 28 left= 28  y=    51 vy=  733184 ay=  -53248
     t=  9 pred= 27 left= 27  y=    61 vy=  679936 ay=  -53248
     t= 10 pred= 26 left= 26  y=    71 vy=  626688 ay=  -53248
     t= 11 pred= 25 left= 25  y=    79 vy=  573440 ay=  -53248
     t= 12 pred= 24 left= 24  y=    87 vy=  520192 ay=  -53248
     t= 13 pred= 23 left= 23  y=    94 vy=  466944 ay=  -53248
     t= 14 pred= 22 left= 22  y=   101 vy=  413696 ay=  -53248
     t= 15 pred= 21 left= 21  y=   106 vy=  360448 ay=  -53248
     t= 16 pred= 20 left= 20  y=   111 vy=  307200 ay=  -53248
     t= 17 pred= 19 left= 19  y=   115 vy=  253952 ay=  -53248
     t= 18 pred= 18 left= 18  y=   118 vy=  200704 ay=  -53248
     t= 19 pred= 17 left= 17  y=   120 vy=  147456 ay=  -53248
     t= 20 pred= 16 left= 16  y=   122 vy=   94208 ay=  -53248
     t= 21 pred= 15 left= 15  y=   122 vy=   40960 ay=  -53248
     t= 22 pred= 14 left= 14  y=   122 vy=  -12288 ay=  -53248
     t= 23 pred= 13 left= 13  y=   121 vy=  -65536 ay=  -53248
     t= 24 pred= 12 left= 12  y=   119 vy= -118784 ay=  -53248
     t= 25 pred= 11 left= 11  y=   117 vy= -172032 ay=  -53248
     t= 26 pred= 10 left= 10  y=   113 vy= -225280 ay=  -53248
     t= 27 pred=  9 left=  9  y=   109 vy= -278528 ay=  -53248
     t= 28 pred=  8 left=  8  y=   104 vy= -331776 ay=  -53248
     t= 29 pred=  7 left=  7  y=    98 vy= -385024 ay=  -53248
     t= 30 pred=  6 left=  6  y=    91 vy= -438272 ay=  -53248
     t= 31 pred=  5 left=  5  y=    84 vy= -491520 ay=  -53248
     t= 32 pred=  4 left=  4  y=    75 vy= -544768 ay=  -53248
     t= 33 pred=  3 left=  3  y=    66 vy= -598016 ay=  -53248
     t= 34 pred=  2 left=  2  y=    56 vy= -651264 ay=  -53248
     t= 35 pred=  1 left=  1  y=    46 vy= -704512 ay=  -53248
P2  landings=2  no_prediction_ticks=12
   err all : +0:11
   err NEAR (made within 20 ticks of the landing): +0:11
   err far  (made earlier, can still be invalidated): -
   NEAR + $5C seen at the time : +0:11
   NEAR + every frozen tick    : +0:11
   last descent, landed on tick 103:
     t= 92 pred= 11 left= 11  y=    40 vy=  135168 ay=  -24576
     t= 93 pred= 10 left= 10  y=    42 vy=  110592 ay=  -24576
     t= 94 pred=  9 left=  9  y=    43 vy=   86016 ay=  -24576
     t= 95 pred=  8 left=  8  y=    44 vy=   61440 ay=  -24576
     t= 96 pred=  7 left=  7  y=    45 vy=   36864 ay=  -24576
     t= 97 pred=  6 left=  6  y=    45 vy=   12288 ay=  -24576
     t= 98 pred=  5 left=  5  y=    45 vy=  -12288 ay=  -24576
     t= 99 pred=  4 left=  4  y=    44 vy=  -36864 ay=  -24576
     t=100 pred=  3 left=  3  y=    43 vy=  -61440 ay=  -24576
     t=101 pred=  2 left=  2  y=    42 vy=  -86016 ay=  -24576
     t=102 pred=  1 left=  1  y=    40 vy= -110592 ay=  -24576
---- landing prediction ----
P1  landings=41  no_prediction_ticks=0
   err all : -22:110 -21:5 -20:5 -19:5 -18:5 -17:5 -16:5 -15:5 -14:5 -13:5 -12:5 -11:209 -10:18 -9:18 -8:18 -7:18 -6:18 -5:18 -4:18 -3:18 -2:18 -1:18 +0:652 +5:99 +16:90
   err NEAR (made within 20 ticks of the landing): -11:106 -10:17 -9:17 -8:17 -7:17 -6:17 -5:17 -4:17 -3:17 -2:17 -1:17 +0:454 +16:90
   err far  (made earlier, can still be invalidated): -22:110 -21:5 -20:5 -19:5 -18:5 -17:5 -16:5 -15:5 -14:5 -13:5 -12:5 -11:103 -10:1 -9:1 -8:1 -7:1 -6:1 -5:1 -4:1 -3:1 -2:1 -1:1 +0:198 +5:99
   NEAR + $5C seen at the time : -11:89 +0:641 +16:90
   NEAR + every frozen tick    : -1:187 +0:543 +16:90
   last descent, landed on tick 71:
     t= 42 pred= 29 left= 29  y=    40 vy=  786432 ay=  -53248
     t= 43 pred= 28 left= 28  y=    51 vy=  733184 ay=  -53248
     t= 44 pred= 27 left= 27  y=    61 vy=  679936 ay=  -53248
     t= 45 pred= 26 left= 26  y=    71 vy=  626688 ay=  -53248
     t= 46 pred= 25 left= 25  y=    79 vy=  573440 ay=  -53248
     t= 47 pred= 24 left= 24  y=    87 vy=  520192 ay=  -53248
     t= 48 pred= 23 left= 23  y=    94 vy=  466944 ay=  -53248
     t= 49 pred= 22 left= 22  y=   101 vy=  413696 ay=  -53248
     t= 50 pred= 21 left= 21  y=   106 vy=  360448 ay=  -53248
     t= 51 pred= 20 left= 20  y=   111 vy=  307200 ay=  -53248
     t= 52 pred= 19 left= 19  y=   115 vy=  253952 ay=  -53248
     t= 53 pred= 18 left= 18  y=   118 vy=  200704 ay=  -53248
     t= 54 pred= 17 left= 17  y=   120 vy=  147456 ay=  -53248
     t= 55 pred= 16 left= 16  y=   122 vy=   94208 ay=  -53248
     t= 56 pred= 15 left= 15  y=   122 vy=   40960 ay=  -53248
     t= 57 pred= 14 left= 14  y=   122 vy=  -12288 ay=  -53248
     t= 58 pred= 13 left= 13  y=   121 vy=  -65536 ay=  -53248
     t= 59 pred= 12 left= 12  y=   119 vy= -118784 ay=  -53248
     t= 60 pred= 11 left= 11  y=   117 vy= -172032 ay=  -53248
     t= 61 pred= 10 left= 10  y=   113 vy= -225280 ay=  -53248
     t= 62 pred=  9 left=  9  y=   109 vy= -278528 ay=  -53248
     t= 63 pred=  8 left=  8  y=   104 vy= -331776 ay=  -53248
     t= 64 pred=  7 left=  7  y=    98 vy= -385024 ay=  -53248
     t= 65 pred=  6 left=  6  y=    91 vy= -438272 ay=  -53248
     t= 66 pred=  5 left=  5  y=    84 vy= -491520 ay=  -53248
     t= 67 pred=  4 left=  4  y=    75 vy= -544768 ay=  -53248
     t= 68 pred=  3 left=  3  y=    66 vy= -598016 ay=  -53248
     t= 69 pred=  2 left=  2  y=    56 vy= -651264 ay=  -53248
     t= 70 pred=  1 left=  1  y=    46 vy= -704512 ay=  -53248
P2  landings=2  no_prediction_ticks=12
   err all : +0:11
   err NEAR (made within 20 ticks of the landing): +0:11
   err far  (made earlier, can still be invalidated): -
   NEAR + $5C seen at the time : +0:11
   NEAR + every frozen tick    : +0:11
   last descent, landed on tick 103:
     t= 92 pred= 11 left= 11  y=    40 vy=  135168 ay=  -24576
     t= 93 pred= 10 left= 10  y=    42 vy=  110592 ay=  -24576
     t= 94 pred=  9 left=  9  y=    43 vy=   86016 ay=  -24576
     t= 95 pred=  8 left=  8  y=    44 vy=   61440 ay=  -24576
     t= 96 pred=  7 left=  7  y=    45 vy=   36864 ay=  -24576
     t= 97 pred=  6 left=  6  y=    45 vy=   12288 ay=  -24576
     t= 98 pred=  5 left=  5  y=    45 vy=  -12288 ay=  -24576
     t= 99 pred=  4 left=  4  y=    44 vy=  -36864 ay=  -24576
     t=100 pred=  3 left=  3  y=    43 vy=  -61440 ay=  -24576
     t=101 pred=  2 left=  2  y=    42 vy=  -86016 ay=  -24576
     t=102 pred=  1 left=  1  y=    40 vy= -110592 ay=  -24576
---- landing prediction ----
P1  landings=42  no_prediction_ticks=0
   err all : -22:110 -21:5 -20:5 -19:5 -18:5 -17:5 -16:5 -15:5 -14:5 -13:5 -12:5 -11:209 -10:18 -9:18 -8:18 -7:18 -6:18 -5:18 -4:18 -3:18 -2:18 -1:18 +0:663 +5:99 +16:99
   err NEAR (made within 20 ticks of the landing): -11:106 -10:17 -9:17 -8:17 -7:17 -6:17 -5:17 -4:17 -3:17 -2:17 -1:17 +0:465 +16:99
   err far  (made earlier, can still be invalidated): -22:110 -21:5 -20:5 -19:5 -18:5 -17:5 -16:5 -15:5 -14:5 -13:5 -12:5 -11:103 -10:1 -9:1 -8:1 -7:1 -6:1 -5:1 -4:1 -3:1 -2:1 -1:1 +0:198 +5:99
   NEAR + $5C seen at the time : -11:89 +0:652 +16:99
   NEAR + every frozen tick    : -1:187 +0:554 +16:99
   last descent, landed on tick 94:
     t= 74 pred= 36 left= 20  y=    40 vy=  245760 ay=  -13312
     t= 75 pred= 35 left= 19  y=    43 vy=  232448 ay=  -13312
     t= 76 pred= 34 left= 18  y=    46 vy=  219136 ay=  -13312
     t= 77 pred= 33 left= 17  y=    50 vy=  205824 ay=  -13312
     t= 78 pred= 32 left= 16  y=    52 vy=  192512 ay=  -13312
     t= 79 pred= 31 left= 15  y=    55 vy=  179200 ay=  -13312
     t= 80 pred= 30 left= 14  y=    58 vy=  165888 ay=  -13312
     t= 81 pred= 29 left= 13  y=    60 vy=  152576 ay=  -13312
     t= 82 pred= 28 left= 12  y=    62 vy=  139264 ay=  -13312
     t= 83 pred= 11 left= 11  y=    64 vy=       0 ay=  -26624
     t= 84 pred= 10 left= 10  y=    64 vy=  -26624 ay=  -26624
     t= 85 pred=  9 left=  9  y=    63 vy=  -53248 ay=  -26624
     t= 86 pred=  8 left=  8  y=    62 vy=  -79872 ay=  -26624
     t= 87 pred=  7 left=  7  y=    60 vy= -106496 ay=  -26624
     t= 88 pred=  6 left=  6  y=    58 vy= -133120 ay=  -26624
     t= 89 pred=  5 left=  5  y=    56 vy= -159744 ay=  -26624
     t= 90 pred=  4 left=  4  y=    53 vy= -186368 ay=  -26624
     t= 91 pred=  3 left=  3  y=    49 vy= -212992 ay=  -26624
     t= 92 pred=  2 left=  2  y=    46 vy= -239616 ay=  -26624
     t= 93 pred=  1 left=  1  y=    42 vy= -266240 ay=  -26624
P2  landings=2  no_prediction_ticks=12
   err all : +0:11
   err NEAR (made within 20 ticks of the landing): +0:11
   err far  (made earlier, can still be invalidated): -
   NEAR + $5C seen at the time : +0:11
   NEAR + every frozen tick    : +0:11
   last descent, landed on tick 103:
     t= 92 pred= 11 left= 11  y=    40 vy=  135168 ay=  -24576
     t= 93 pred= 10 left= 10  y=    42 vy=  110592 ay=  -24576
     t= 94 pred=  9 left=  9  y=    43 vy=   86016 ay=  -24576
     t= 95 pred=  8 left=  8  y=    44 vy=   61440 ay=  -24576
     t= 96 pred=  7 left=  7  y=    45 vy=   36864 ay=  -24576
     t= 97 pred=  6 left=  6  y=    45 vy=   12288 ay=  -24576
     t= 98 pred=  5 left=  5  y=    45 vy=  -12288 ay=  -24576
     t= 99 pred=  4 left=  4  y=    44 vy=  -36864 ay=  -24576
     t=100 pred=  3 left=  3  y=    43 vy=  -61440 ay=  -24576
     t=101 pred=  2 left=  2  y=    42 vy=  -86016 ay=  -24576
     t=102 pred=  1 left=  1  y=    40 vy= -110592 ay=  -24576
---- landing prediction ----
P1  landings=43  no_prediction_ticks=0
   err all : -22:110 -21:5 -20:5 -19:5 -18:5 -17:5 -16:5 -15:5 -14:5 -13:5 -12:5 -11:209 -10:18 -9:18 -8:18 -7:18 -6:18 -5:18 -4:18 -3:18 -2:18 -1:18 +0:674 +5:99 +16:108
   err NEAR (made within 20 ticks of the landing): -11:106 -10:17 -9:17 -8:17 -7:17 -6:17 -5:17 -4:17 -3:17 -2:17 -1:17 +0:476 +16:108
   err far  (made earlier, can still be invalidated): -22:110 -21:5 -20:5 -19:5 -18:5 -17:5 -16:5 -15:5 -14:5 -13:5 -12:5 -11:103 -10:1 -9:1 -8:1 -7:1 -6:1 -5:1 -4:1 -3:1 -2:1 -1:1 +0:198 +5:99
   NEAR + $5C seen at the time : -11:89 +0:663 +16:108
   NEAR + every frozen tick    : -1:187 +0:565 +16:108
   last descent, landed on tick 197:
     t=177 pred= 36 left= 20  y=    40 vy=  245760 ay=  -13312
     t=178 pred= 35 left= 19  y=    43 vy=  232448 ay=  -13312
     t=179 pred= 34 left= 18  y=    46 vy=  219136 ay=  -13312
     t=180 pred= 33 left= 17  y=    50 vy=  205824 ay=  -13312
     t=181 pred= 32 left= 16  y=    52 vy=  192512 ay=  -13312
     t=182 pred= 31 left= 15  y=    55 vy=  179200 ay=  -13312
     t=183 pred= 30 left= 14  y=    58 vy=  165888 ay=  -13312
     t=184 pred= 29 left= 13  y=    60 vy=  152576 ay=  -13312
     t=185 pred= 28 left= 12  y=    62 vy=  139264 ay=  -13312
     t=186 pred= 11 left= 11  y=    64 vy=       0 ay=  -26624
     t=187 pred= 10 left= 10  y=    64 vy=  -26624 ay=  -26624
     t=188 pred=  9 left=  9  y=    63 vy=  -53248 ay=  -26624
     t=189 pred=  8 left=  8  y=    62 vy=  -79872 ay=  -26624
     t=190 pred=  7 left=  7  y=    60 vy= -106496 ay=  -26624
     t=191 pred=  6 left=  6  y=    58 vy= -133120 ay=  -26624
     t=192 pred=  5 left=  5  y=    56 vy= -159744 ay=  -26624
     t=193 pred=  4 left=  4  y=    53 vy= -186368 ay=  -26624
     t=194 pred=  3 left=  3  y=    49 vy= -212992 ay=  -26624
     t=195 pred=  2 left=  2  y=    46 vy= -239616 ay=  -26624
     t=196 pred=  1 left=  1  y=    42 vy= -266240 ay=  -26624
P2  landings=2  no_prediction_ticks=12
   err all : +0:11
   err NEAR (made within 20 ticks of the landing): +0:11
   err far  (made earlier, can still be invalidated): -
   NEAR + $5C seen at the time : +0:11
   NEAR + every frozen tick    : +0:11
   last descent, landed on tick 103:
     t= 92 pred= 11 left= 11  y=    40 vy=  135168 ay=  -24576
     t= 93 pred= 10 left= 10  y=    42 vy=  110592 ay=  -24576
     t= 94 pred=  9 left=  9  y=    43 vy=   86016 ay=  -24576
     t= 95 pred=  8 left=  8  y=    44 vy=   61440 ay=  -24576
     t= 96 pred=  7 left=  7  y=    45 vy=   36864 ay=  -24576
     t= 97 pred=  6 left=  6  y=    45 vy=   12288 ay=  -24576
     t= 98 pred=  5 left=  5  y=    45 vy=  -12288 ay=  -24576
     t= 99 pred=  4 left=  4  y=    44 vy=  -36864 ay=  -24576
     t=100 pred=  3 left=  3  y=    43 vy=  -61440 ay=  -24576
     t=101 pred=  2 left=  2  y=    42 vy=  -86016 ay=  -24576
     t=102 pred=  1 left=  1  y=    40 vy= -110592 ay=  -24576
---- landing prediction ----
P1  landings=44  no_prediction_ticks=0
   err all : -22:110 -21:5 -20:5 -19:5 -18:5 -17:5 -16:5 -15:5 -14:5 -13:5 -12:5 -11:209 -10:18 -9:18 -8:18 -7:18 -6:18 -5:18 -4:18 -3:18 -2:18 -1:18 +0:685 +5:99 +16:117
   err NEAR (made within 20 ticks of the landing): -11:106 -10:17 -9:17 -8:17 -7:17 -6:17 -5:17 -4:17 -3:17 -2:17 -1:17 +0:487 +16:117
   err far  (made earlier, can still be invalidated): -22:110 -21:5 -20:5 -19:5 -18:5 -17:5 -16:5 -15:5 -14:5 -13:5 -12:5 -11:103 -10:1 -9:1 -8:1 -7:1 -6:1 -5:1 -4:1 -3:1 -2:1 -1:1 +0:198 +5:99
   NEAR + $5C seen at the time : -11:89 +0:674 +16:117
   NEAR + every frozen tick    : -1:187 +0:576 +16:117
   last descent, landed on tick 218:
     t=198 pred= 36 left= 20  y=    40 vy=  245760 ay=  -13312
     t=199 pred= 35 left= 19  y=    43 vy=  232448 ay=  -13312
     t=200 pred= 34 left= 18  y=    46 vy=  219136 ay=  -13312
     t=201 pred= 33 left= 17  y=    50 vy=  205824 ay=  -13312
     t=202 pred= 32 left= 16  y=    52 vy=  192512 ay=  -13312
     t=203 pred= 31 left= 15  y=    55 vy=  179200 ay=  -13312
     t=204 pred= 30 left= 14  y=    58 vy=  165888 ay=  -13312
     t=205 pred= 29 left= 13  y=    60 vy=  152576 ay=  -13312
     t=206 pred= 28 left= 12  y=    62 vy=  139264 ay=  -13312
     t=207 pred= 11 left= 11  y=    64 vy=       0 ay=  -26624
     t=208 pred= 10 left= 10  y=    64 vy=  -26624 ay=  -26624
     t=209 pred=  9 left=  9  y=    63 vy=  -53248 ay=  -26624
     t=210 pred=  8 left=  8  y=    62 vy=  -79872 ay=  -26624
     t=211 pred=  7 left=  7  y=    60 vy= -106496 ay=  -26624
     t=212 pred=  6 left=  6  y=    58 vy= -133120 ay=  -26624
     t=213 pred=  5 left=  5  y=    56 vy= -159744 ay=  -26624
     t=214 pred=  4 left=  4  y=    53 vy= -186368 ay=  -26624
     t=215 pred=  3 left=  3  y=    49 vy= -212992 ay=  -26624
     t=216 pred=  2 left=  2  y=    46 vy= -239616 ay=  -26624
     t=217 pred=  1 left=  1  y=    42 vy= -266240 ay=  -26624
P2  landings=2  no_prediction_ticks=12
   err all : +0:11
   err NEAR (made within 20 ticks of the landing): +0:11
   err far  (made earlier, can still be invalidated): -
   NEAR + $5C seen at the time : +0:11
   NEAR + every frozen tick    : +0:11
   last descent, landed on tick 103:
     t= 92 pred= 11 left= 11  y=    40 vy=  135168 ay=  -24576
     t= 93 pred= 10 left= 10  y=    42 vy=  110592 ay=  -24576
     t= 94 pred=  9 left=  9  y=    43 vy=   86016 ay=  -24576
     t= 95 pred=  8 left=  8  y=    44 vy=   61440 ay=  -24576
     t= 96 pred=  7 left=  7  y=    45 vy=   36864 ay=  -24576
     t= 97 pred=  6 left=  6  y=    45 vy=   12288 ay=  -24576
     t= 98 pred=  5 left=  5  y=    45 vy=  -12288 ay=  -24576
     t= 99 pred=  4 left=  4  y=    44 vy=  -36864 ay=  -24576
     t=100 pred=  3 left=  3  y=    43 vy=  -61440 ay=  -24576
     t=101 pred=  2 left=  2  y=    42 vy=  -86016 ay=  -24576
     t=102 pred=  1 left=  1  y=    40 vy= -110592 ay=  -24576
---- landing prediction ----
P1  landings=45  no_prediction_ticks=0
   err all : -22:110 -21:5 -20:5 -19:5 -18:5 -17:5 -16:5 -15:5 -14:5 -13:5 -12:5 -11:209 -10:18 -9:18 -8:18 -7:18 -6:18 -5:18 -4:18 -3:18 -2:18 -1:18 +0:724 +5:99 +16:117
   err NEAR (made within 20 ticks of the landing): -11:106 -10:17 -9:17 -8:17 -7:17 -6:17 -5:17 -4:17 -3:17 -2:17 -1:17 +0:507 +16:117
   err far  (made earlier, can still be invalidated): -22:110 -21:5 -20:5 -19:5 -18:5 -17:5 -16:5 -15:5 -14:5 -13:5 -12:5 -11:103 -10:1 -9:1 -8:1 -7:1 -6:1 -5:1 -4:1 -3:1 -2:1 -1:1 +0:217 +5:99
   NEAR + $5C seen at the time : -11:89 +0:694 +16:117
   NEAR + every frozen tick    : -1:187 +0:596 +16:117
   last descent, landed on tick 13:
     t=230 pred= 39 left= 39  y=    40 vy=  630784 ay=  -32000
     t=231 pred= 38 left= 38  y=    49 vy=  598784 ay=  -32000
     t=232 pred= 37 left= 37  y=    57 vy=  566784 ay=  -32000
     t=233 pred= 36 left= 36  y=    65 vy=  534784 ay=  -32000
     t=234 pred= 35 left= 35  y=    73 vy=  502784 ay=  -32000
     t=235 pred= 34 left= 34  y=    80 vy=  470784 ay=  -32000
     t=236 pred= 33 left= 33  y=    87 vy=  438784 ay=  -32000
     t=237 pred= 32 left= 32  y=    93 vy=  406784 ay=  -32000
     t=238 pred= 31 left= 31  y=    99 vy=  374784 ay=  -32000
     t=239 pred= 30 left= 30  y=   104 vy=  342784 ay=  -32000
     t=240 pred= 29 left= 29  y=   109 vy=  310784 ay=  -32000
     t=241 pred= 28 left= 28  y=   113 vy=  278784 ay=  -32000
     t=242 pred= 27 left= 27  y=   117 vy=  246784 ay=  -32000
     t=243 pred= 26 left= 26  y=   120 vy=  214784 ay=  -32000
     t=244 pred= 25 left= 25  y=   123 vy=  182784 ay=  -32000
     t=245 pred= 24 left= 24  y=   125 vy=  150784 ay=  -32000
     t=246 pred= 23 left= 23  y=   127 vy=  118784 ay=  -32000
     t=247 pred= 22 left= 22  y=   128 vy=   86784 ay=  -32000
     t=248 pred= 21 left= 21  y=   129 vy=   54784 ay=  -32000
     t=249 pred= 20 left= 20  y=   130 vy=   22784 ay=  -32000
     t=250 pred= 19 left= 19  y=   129 vy=   -9216 ay=  -32000
     t=251 pred= 18 left= 18  y=   129 vy=  -41216 ay=  -32000
     t=252 pred= 17 left= 17  y=   128 vy=  -73216 ay=  -32000
     t=253 pred= 16 left= 16  y=   126 vy= -105216 ay=  -32000
     t=254 pred= 15 left= 15  y=   124 vy= -137216 ay=  -32000
     t=255 pred= 14 left= 14  y=   121 vy= -169216 ay=  -32000
     t=  0 pred= 13 left= 13  y=   118 vy= -201216 ay=  -32000
     t=  1 pred= 12 left= 12  y=   115 vy= -233216 ay=  -32000
     t=  2 pred= 11 left= 11  y=   111 vy= -265216 ay=  -32000
     t=  3 pred= 10 left= 10  y=   106 vy= -297216 ay=  -32000
     t=  4 pred=  9 left=  9  y=   101 vy= -329216 ay=  -32000
     t=  5 pred=  8 left=  8  y=    96 vy= -361216 ay=  -32000
     t=  6 pred=  7 left=  7  y=    90 vy= -393216 ay=  -32000
     t=  7 pred=  6 left=  6  y=    83 vy= -425216 ay=  -32000
     t=  8 pred=  5 left=  5  y=    76 vy= -457216 ay=  -32000
     t=  9 pred=  4 left=  4  y=    69 vy= -489216 ay=  -32000
     t= 10 pred=  3 left=  3  y=    61 vy= -521216 ay=  -32000
     t= 11 pred=  2 left=  2  y=    52 vy= -553216 ay=  -32000
     t= 12 pred=  1 left=  1  y=    43 vy= -585216 ay=  -32000
P2  landings=2  no_prediction_ticks=12
   err all : +0:11
   err NEAR (made within 20 ticks of the landing): +0:11
   err far  (made earlier, can still be invalidated): -
   NEAR + $5C seen at the time : +0:11
   NEAR + every frozen tick    : +0:11
   last descent, landed on tick 103:
     t= 92 pred= 11 left= 11  y=    40 vy=  135168 ay=  -24576
     t= 93 pred= 10 left= 10  y=    42 vy=  110592 ay=  -24576
     t= 94 pred=  9 left=  9  y=    43 vy=   86016 ay=  -24576
     t= 95 pred=  8 left=  8  y=    44 vy=   61440 ay=  -24576
     t= 96 pred=  7 left=  7  y=    45 vy=   36864 ay=  -24576
     t= 97 pred=  6 left=  6  y=    45 vy=   12288 ay=  -24576
     t= 98 pred=  5 left=  5  y=    45 vy=  -12288 ay=  -24576
     t= 99 pred=  4 left=  4  y=    44 vy=  -36864 ay=  -24576
     t=100 pred=  3 left=  3  y=    43 vy=  -61440 ay=  -24576
     t=101 pred=  2 left=  2  y=    42 vy=  -86016 ay=  -24576
     t=102 pred=  1 left=  1  y=    40 vy= -110592 ay=  -24576
---- landing prediction ----
P1  landings=46  no_prediction_ticks=0
   err all : -22:110 -21:5 -20:5 -19:5 -18:5 -17:5 -16:5 -15:5 -14:5 -13:5 -12:5 -11:209 -10:18 -9:18 -8:18 -7:18 -6:18 -5:18 -4:18 -3:18 -2:18 -1:18 +0:753 +5:99 +16:117
   err NEAR (made within 20 ticks of the landing): -11:106 -10:17 -9:17 -8:17 -7:17 -6:17 -5:17 -4:17 -3:17 -2:17 -1:17 +0:527 +16:117
   err far  (made earlier, can still be invalidated): -22:110 -21:5 -20:5 -19:5 -18:5 -17:5 -16:5 -15:5 -14:5 -13:5 -12:5 -11:103 -10:1 -9:1 -8:1 -7:1 -6:1 -5:1 -4:1 -3:1 -2:1 -1:1 +0:226 +5:99
   NEAR + $5C seen at the time : -11:89 +0:714 +16:117
   NEAR + every frozen tick    : -1:187 +0:616 +16:117
   last descent, landed on tick 63:
     t= 34 pred= 29 left= 29  y=    40 vy=  786432 ay=  -53248
     t= 35 pred= 28 left= 28  y=    51 vy=  733184 ay=  -53248
     t= 36 pred= 27 left= 27  y=    61 vy=  679936 ay=  -53248
     t= 37 pred= 26 left= 26  y=    71 vy=  626688 ay=  -53248
     t= 38 pred= 25 left= 25  y=    79 vy=  573440 ay=  -53248
     t= 39 pred= 24 left= 24  y=    87 vy=  520192 ay=  -53248
     t= 40 pred= 23 left= 23  y=    94 vy=  466944 ay=  -53248
     t= 41 pred= 22 left= 22  y=   101 vy=  413696 ay=  -53248
     t= 42 pred= 21 left= 21  y=   106 vy=  360448 ay=  -53248
     t= 43 pred= 20 left= 20  y=   111 vy=  307200 ay=  -53248
     t= 44 pred= 19 left= 19  y=   115 vy=  253952 ay=  -53248
     t= 45 pred= 18 left= 18  y=   118 vy=  200704 ay=  -53248
     t= 46 pred= 17 left= 17  y=   120 vy=  147456 ay=  -53248
     t= 47 pred= 16 left= 16  y=   122 vy=   94208 ay=  -53248
     t= 48 pred= 15 left= 15  y=   122 vy=   40960 ay=  -53248
     t= 49 pred= 14 left= 14  y=   122 vy=  -12288 ay=  -53248
     t= 50 pred= 13 left= 13  y=   121 vy=  -65536 ay=  -53248
     t= 51 pred= 12 left= 12  y=   119 vy= -118784 ay=  -53248
     t= 52 pred= 11 left= 11  y=   117 vy= -172032 ay=  -53248
     t= 53 pred= 10 left= 10  y=   113 vy= -225280 ay=  -53248
     t= 54 pred=  9 left=  9  y=   109 vy= -278528 ay=  -53248
     t= 55 pred=  8 left=  8  y=   104 vy= -331776 ay=  -53248
     t= 56 pred=  7 left=  7  y=    98 vy= -385024 ay=  -53248
     t= 57 pred=  6 left=  6  y=    91 vy= -438272 ay=  -53248
     t= 58 pred=  5 left=  5  y=    84 vy= -491520 ay=  -53248
     t= 59 pred=  4 left=  4  y=    75 vy= -544768 ay=  -53248
     t= 60 pred=  3 left=  3  y=    66 vy= -598016 ay=  -53248
     t= 61 pred=  2 left=  2  y=    56 vy= -651264 ay=  -53248
     t= 62 pred=  1 left=  1  y=    46 vy= -704512 ay=  -53248
P2  landings=2  no_prediction_ticks=12
   err all : +0:11
   err NEAR (made within 20 ticks of the landing): +0:11
   err far  (made earlier, can still be invalidated): -
   NEAR + $5C seen at the time : +0:11
   NEAR + every frozen tick    : +0:11
   last descent, landed on tick 103:
     t= 92 pred= 11 left= 11  y=    40 vy=  135168 ay=  -24576
     t= 93 pred= 10 left= 10  y=    42 vy=  110592 ay=  -24576
     t= 94 pred=  9 left=  9  y=    43 vy=   86016 ay=  -24576
     t= 95 pred=  8 left=  8  y=    44 vy=   61440 ay=  -24576
     t= 96 pred=  7 left=  7  y=    45 vy=   36864 ay=  -24576
     t= 97 pred=  6 left=  6  y=    45 vy=   12288 ay=  -24576
     t= 98 pred=  5 left=  5  y=    45 vy=  -12288 ay=  -24576
     t= 99 pred=  4 left=  4  y=    44 vy=  -36864 ay=  -24576
     t=100 pred=  3 left=  3  y=    43 vy=  -61440 ay=  -24576
     t=101 pred=  2 left=  2  y=    42 vy=  -86016 ay=  -24576
     t=102 pred=  1 left=  1  y=    40 vy= -110592 ay=  -24576
---- landing prediction ----
P1  landings=47  no_prediction_ticks=0
   err all : -22:110 -21:5 -20:5 -19:5 -18:5 -17:5 -16:5 -15:5 -14:5 -13:5 -12:5 -11:209 -10:18 -9:18 -8:18 -7:18 -6:18 -5:18 -4:18 -3:18 -2:18 -1:18 +0:762 +5:99 +11:9 +16:117
   err NEAR (made within 20 ticks of the landing): -11:106 -10:17 -9:17 -8:17 -7:17 -6:17 -5:17 -4:17 -3:17 -2:17 -1:17 +0:536 +11:9 +16:117
   err far  (made earlier, can still be invalidated): -22:110 -21:5 -20:5 -19:5 -18:5 -17:5 -16:5 -15:5 -14:5 -13:5 -12:5 -11:103 -10:1 -9:1 -8:1 -7:1 -6:1 -5:1 -4:1 -3:1 -2:1 -1:1 +0:226 +5:99
   NEAR + $5C seen at the time : -11:89 +0:723 +11:9 +16:117
   NEAR + every frozen tick    : -1:187 +0:625 +11:9 +16:117
   last descent, landed on tick 117:
     t= 99 pred= 29 left= 18  y=    40 vy=  786432 ay=  -53248
     t=100 pred= 28 left= 17  y=    51 vy=  733184 ay=  -53248
     t=101 pred= 27 left= 16  y=    61 vy=  679936 ay=  -53248
     t=102 pred= 26 left= 15  y=    71 vy=  626688 ay=  -53248
     t=103 pred= 25 left= 14  y=    79 vy=  573440 ay=  -53248
     t=104 pred= 24 left= 13  y=    87 vy=  520192 ay=  -53248
     t=105 pred= 23 left= 12  y=    94 vy=  466944 ay=  -53248
     t=106 pred= 22 left= 11  y=   101 vy=  413696 ay=  -53248
     t=107 pred= 21 left= 10  y=   106 vy=  360448 ay=  -53248
     t=108 pred=  9 left=  9  y=   111 vy=       0 ay= -106496
     t=109 pred=  8 left=  8  y=   109 vy= -106496 ay= -106496
     t=110 pred=  7 left=  7  y=   106 vy= -212992 ay= -106496
     t=111 pred=  6 left=  6  y=   101 vy= -319488 ay= -106496
     t=112 pred=  5 left=  5  y=    95 vy= -425984 ay= -106496
     t=113 pred=  4 left=  4  y=    87 vy= -532480 ay= -106496
     t=114 pred=  3 left=  3  y=    77 vy= -638976 ay= -106496
     t=115 pred=  2 left=  2  y=    65 vy= -745472 ay= -106496
     t=116 pred=  1 left=  1  y=    52 vy= -851968 ay= -106496
P2  landings=2  no_prediction_ticks=12
   err all : +0:11
   err NEAR (made within 20 ticks of the landing): +0:11
   err far  (made earlier, can still be invalidated): -
   NEAR + $5C seen at the time : +0:11
   NEAR + every frozen tick    : +0:11
   last descent, landed on tick 103:
     t= 92 pred= 11 left= 11  y=    40 vy=  135168 ay=  -24576
     t= 93 pred= 10 left= 10  y=    42 vy=  110592 ay=  -24576
     t= 94 pred=  9 left=  9  y=    43 vy=   86016 ay=  -24576
     t= 95 pred=  8 left=  8  y=    44 vy=   61440 ay=  -24576
     t= 96 pred=  7 left=  7  y=    45 vy=   36864 ay=  -24576
     t= 97 pred=  6 left=  6  y=    45 vy=   12288 ay=  -24576
     t= 98 pred=  5 left=  5  y=    45 vy=  -12288 ay=  -24576
     t= 99 pred=  4 left=  4  y=    44 vy=  -36864 ay=  -24576
     t=100 pred=  3 left=  3  y=    43 vy=  -61440 ay=  -24576
     t=101 pred=  2 left=  2  y=    42 vy=  -86016 ay=  -24576
     t=102 pred=  1 left=  1  y=    40 vy= -110592 ay=  -24576
---- landing prediction ----
P1  landings=48  no_prediction_ticks=0
   err all : -22:110 -21:5 -20:5 -19:5 -18:5 -17:5 -16:5 -15:5 -14:5 -13:5 -12:5 -11:209 -10:18 -9:18 -8:18 -7:18 -6:18 -5:18 -4:18 -3:18 -2:18 -1:18 +0:791 +5:99 +11:9 +16:117
   err NEAR (made within 20 ticks of the landing): -11:106 -10:17 -9:17 -8:17 -7:17 -6:17 -5:17 -4:17 -3:17 -2:17 -1:17 +0:556 +11:9 +16:117
   err far  (made earlier, can still be invalidated): -22:110 -21:5 -20:5 -19:5 -18:5 -17:5 -16:5 -15:5 -14:5 -13:5 -12:5 -11:103 -10:1 -9:1 -8:1 -7:1 -6:1 -5:1 -4:1 -3:1 -2:1 -1:1 +0:235 +5:99
   NEAR + $5C seen at the time : -11:89 +0:743 +11:9 +16:117
   NEAR + every frozen tick    : -1:187 +0:645 +11:9 +16:117
   last descent, landed on tick 191:
     t=162 pred= 29 left= 29  y=    40 vy=  786432 ay=  -53248
     t=163 pred= 28 left= 28  y=    51 vy=  733184 ay=  -53248
     t=164 pred= 27 left= 27  y=    61 vy=  679936 ay=  -53248
     t=165 pred= 26 left= 26  y=    71 vy=  626688 ay=  -53248
     t=166 pred= 25 left= 25  y=    79 vy=  573440 ay=  -53248
     t=167 pred= 24 left= 24  y=    87 vy=  520192 ay=  -53248
     t=168 pred= 23 left= 23  y=    94 vy=  466944 ay=  -53248
     t=169 pred= 22 left= 22  y=   101 vy=  413696 ay=  -53248
     t=170 pred= 21 left= 21  y=   106 vy=  360448 ay=  -53248
     t=171 pred= 20 left= 20  y=   111 vy=  307200 ay=  -53248
     t=172 pred= 19 left= 19  y=   115 vy=  253952 ay=  -53248
     t=173 pred= 18 left= 18  y=   118 vy=  200704 ay=  -53248
     t=174 pred= 17 left= 17  y=   120 vy=  147456 ay=  -53248
     t=175 pred= 16 left= 16  y=   122 vy=   94208 ay=  -53248
     t=176 pred= 15 left= 15  y=   122 vy=   40960 ay=  -53248
     t=177 pred= 14 left= 14  y=   122 vy=  -12288 ay=  -53248
     t=178 pred= 13 left= 13  y=   121 vy=  -65536 ay=  -53248
     t=179 pred= 12 left= 12  y=   119 vy= -118784 ay=  -53248
     t=180 pred= 11 left= 11  y=   117 vy= -172032 ay=  -53248
     t=181 pred= 10 left= 10  y=   113 vy= -225280 ay=  -53248
     t=182 pred=  9 left=  9  y=   109 vy= -278528 ay=  -53248
     t=183 pred=  8 left=  8  y=   104 vy= -331776 ay=  -53248
     t=184 pred=  7 left=  7  y=    98 vy= -385024 ay=  -53248
     t=185 pred=  6 left=  6  y=    91 vy= -438272 ay=  -53248
     t=186 pred=  5 left=  5  y=    84 vy= -491520 ay=  -53248
     t=187 pred=  4 left=  4  y=    75 vy= -544768 ay=  -53248
     t=188 pred=  3 left=  3  y=    66 vy= -598016 ay=  -53248
     t=189 pred=  2 left=  2  y=    56 vy= -651264 ay=  -53248
     t=190 pred=  1 left=  1  y=    46 vy= -704512 ay=  -53248
P2  landings=2  no_prediction_ticks=12
   err all : +0:11
   err NEAR (made within 20 ticks of the landing): +0:11
   err far  (made earlier, can still be invalidated): -
   NEAR + $5C seen at the time : +0:11
   NEAR + every frozen tick    : +0:11
   last descent, landed on tick 103:
     t= 92 pred= 11 left= 11  y=    40 vy=  135168 ay=  -24576
     t= 93 pred= 10 left= 10  y=    42 vy=  110592 ay=  -24576
     t= 94 pred=  9 left=  9  y=    43 vy=   86016 ay=  -24576
     t= 95 pred=  8 left=  8  y=    44 vy=   61440 ay=  -24576
     t= 96 pred=  7 left=  7  y=    45 vy=   36864 ay=  -24576
     t= 97 pred=  6 left=  6  y=    45 vy=   12288 ay=  -24576
     t= 98 pred=  5 left=  5  y=    45 vy=  -12288 ay=  -24576
     t= 99 pred=  4 left=  4  y=    44 vy=  -36864 ay=  -24576
     t=100 pred=  3 left=  3  y=    43 vy=  -61440 ay=  -24576
     t=101 pred=  2 left=  2  y=    42 vy=  -86016 ay=  -24576
     t=102 pred=  1 left=  1  y=    40 vy= -110592 ay=  -24576
---- landing prediction ----
P1  landings=49  no_prediction_ticks=0
   err all : -22:110 -21:5 -20:5 -19:5 -18:5 -17:5 -16:5 -15:5 -14:5 -13:5 -12:5 -11:209 -10:18 -9:18 -8:18 -7:18 -6:18 -5:18 -4:18 -3:18 -2:18 -1:18 +0:820 +5:99 +11:9 +16:117
   err NEAR (made within 20 ticks of the landing): -11:106 -10:17 -9:17 -8:17 -7:17 -6:17 -5:17 -4:17 -3:17 -2:17 -1:17 +0:576 +11:9 +16:117
   err far  (made earlier, can still be invalidated): -22:110 -21:5 -20:5 -19:5 -18:5 -17:5 -16:5 -15:5 -14:5 -13:5 -12:5 -11:103 -10:1 -9:1 -8:1 -7:1 -6:1 -5:1 -4:1 -3:1 -2:1 -1:1 +0:244 +5:99
   NEAR + $5C seen at the time : -11:89 +0:763 +11:9 +16:117
   NEAR + every frozen tick    : -1:187 +0:665 +11:9 +16:117
   last descent, landed on tick 7:
     t=234 pred= 29 left= 29  y=    40 vy=  786432 ay=  -53248
     t=235 pred= 28 left= 28  y=    51 vy=  733184 ay=  -53248
     t=236 pred= 27 left= 27  y=    61 vy=  679936 ay=  -53248
     t=237 pred= 26 left= 26  y=    71 vy=  626688 ay=  -53248
     t=238 pred= 25 left= 25  y=    79 vy=  573440 ay=  -53248
     t=239 pred= 24 left= 24  y=    87 vy=  520192 ay=  -53248
     t=240 pred= 23 left= 23  y=    94 vy=  466944 ay=  -53248
     t=241 pred= 22 left= 22  y=   101 vy=  413696 ay=  -53248
     t=242 pred= 21 left= 21  y=   106 vy=  360448 ay=  -53248
     t=243 pred= 20 left= 20  y=   111 vy=  307200 ay=  -53248
     t=244 pred= 19 left= 19  y=   115 vy=  253952 ay=  -53248
     t=245 pred= 18 left= 18  y=   118 vy=  200704 ay=  -53248
     t=246 pred= 17 left= 17  y=   120 vy=  147456 ay=  -53248
     t=247 pred= 16 left= 16  y=   122 vy=   94208 ay=  -53248
     t=248 pred= 15 left= 15  y=   122 vy=   40960 ay=  -53248
     t=249 pred= 14 left= 14  y=   122 vy=  -12288 ay=  -53248
     t=250 pred= 13 left= 13  y=   121 vy=  -65536 ay=  -53248
     t=251 pred= 12 left= 12  y=   119 vy= -118784 ay=  -53248
     t=252 pred= 11 left= 11  y=   117 vy= -172032 ay=  -53248
     t=253 pred= 10 left= 10  y=   113 vy= -225280 ay=  -53248
     t=254 pred=  9 left=  9  y=   109 vy= -278528 ay=  -53248
     t=255 pred=  8 left=  8  y=   104 vy= -331776 ay=  -53248
     t=  0 pred=  7 left=  7  y=    98 vy= -385024 ay=  -53248
     t=  1 pred=  6 left=  6  y=    91 vy= -438272 ay=  -53248
     t=  2 pred=  5 left=  5  y=    84 vy= -491520 ay=  -53248
     t=  3 pred=  4 left=  4  y=    75 vy= -544768 ay=  -53248
     t=  4 pred=  3 left=  3  y=    66 vy= -598016 ay=  -53248
     t=  5 pred=  2 left=  2  y=    56 vy= -651264 ay=  -53248
     t=  6 pred=  1 left=  1  y=    46 vy= -704512 ay=  -53248
P2  landings=2  no_prediction_ticks=12
   err all : +0:11
   err NEAR (made within 20 ticks of the landing): +0:11
   err far  (made earlier, can still be invalidated): -
   NEAR + $5C seen at the time : +0:11
   NEAR + every frozen tick    : +0:11
   last descent, landed on tick 103:
     t= 92 pred= 11 left= 11  y=    40 vy=  135168 ay=  -24576
     t= 93 pred= 10 left= 10  y=    42 vy=  110592 ay=  -24576
     t= 94 pred=  9 left=  9  y=    43 vy=   86016 ay=  -24576
     t= 95 pred=  8 left=  8  y=    44 vy=   61440 ay=  -24576
     t= 96 pred=  7 left=  7  y=    45 vy=   36864 ay=  -24576
     t= 97 pred=  6 left=  6  y=    45 vy=   12288 ay=  -24576
     t= 98 pred=  5 left=  5  y=    45 vy=  -12288 ay=  -24576
     t= 99 pred=  4 left=  4  y=    44 vy=  -36864 ay=  -24576
     t=100 pred=  3 left=  3  y=    43 vy=  -61440 ay=  -24576
     t=101 pred=  2 left=  2  y=    42 vy=  -86016 ay=  -24576
     t=102 pred=  1 left=  1  y=    40 vy= -110592 ay=  -24576
---- landing prediction ----
P1  landings=50  no_prediction_ticks=0
   err all : -22:110 -21:5 -20:5 -19:5 -18:5 -17:5 -16:5 -15:5 -14:5 -13:5 -12:5 -11:209 -10:18 -9:18 -8:18 -7:18 -6:18 -5:18 -4:18 -3:18 -2:18 -1:18 +0:829 +5:99 +11:18 +16:117
   err NEAR (made within 20 ticks of the landing): -11:106 -10:17 -9:17 -8:17 -7:17 -6:17 -5:17 -4:17 -3:17 -2:17 -1:17 +0:585 +11:18 +16:117
   err far  (made earlier, can still be invalidated): -22:110 -21:5 -20:5 -19:5 -18:5 -17:5 -16:5 -15:5 -14:5 -13:5 -12:5 -11:103 -10:1 -9:1 -8:1 -7:1 -6:1 -5:1 -4:1 -3:1 -2:1 -1:1 +0:244 +5:99
   NEAR + $5C seen at the time : -11:89 +0:772 +11:18 +16:117
   NEAR + every frozen tick    : -1:187 +0:674 +11:18 +16:117
   last descent, landed on tick 141:
     t=123 pred= 29 left= 18  y=    40 vy=  786432 ay=  -53248
     t=124 pred= 28 left= 17  y=    51 vy=  733184 ay=  -53248
     t=125 pred= 27 left= 16  y=    61 vy=  679936 ay=  -53248
     t=126 pred= 26 left= 15  y=    71 vy=  626688 ay=  -53248
     t=127 pred= 25 left= 14  y=    79 vy=  573440 ay=  -53248
     t=128 pred= 24 left= 13  y=    87 vy=  520192 ay=  -53248
     t=129 pred= 23 left= 12  y=    94 vy=  466944 ay=  -53248
     t=130 pred= 22 left= 11  y=   101 vy=  413696 ay=  -53248
     t=131 pred= 21 left= 10  y=   106 vy=  360448 ay=  -53248
     t=132 pred=  9 left=  9  y=   111 vy=       0 ay= -106496
     t=133 pred=  8 left=  8  y=   109 vy= -106496 ay= -106496
     t=134 pred=  7 left=  7  y=   106 vy= -212992 ay= -106496
     t=135 pred=  6 left=  6  y=   101 vy= -319488 ay= -106496
     t=136 pred=  5 left=  5  y=    95 vy= -425984 ay= -106496
     t=137 pred=  4 left=  4  y=    87 vy= -532480 ay= -106496
     t=138 pred=  3 left=  3  y=    77 vy= -638976 ay= -106496
     t=139 pred=  2 left=  2  y=    65 vy= -745472 ay= -106496
     t=140 pred=  1 left=  1  y=    52 vy= -851968 ay= -106496
P2  landings=2  no_prediction_ticks=12
   err all : +0:11
   err NEAR (made within 20 ticks of the landing): +0:11
   err far  (made earlier, can still be invalidated): -
   NEAR + $5C seen at the time : +0:11
   NEAR + every frozen tick    : +0:11
   last descent, landed on tick 103:
     t= 92 pred= 11 left= 11  y=    40 vy=  135168 ay=  -24576
     t= 93 pred= 10 left= 10  y=    42 vy=  110592 ay=  -24576
     t= 94 pred=  9 left=  9  y=    43 vy=   86016 ay=  -24576
     t= 95 pred=  8 left=  8  y=    44 vy=   61440 ay=  -24576
     t= 96 pred=  7 left=  7  y=    45 vy=   36864 ay=  -24576
     t= 97 pred=  6 left=  6  y=    45 vy=   12288 ay=  -24576
     t= 98 pred=  5 left=  5  y=    45 vy=  -12288 ay=  -24576
     t= 99 pred=  4 left=  4  y=    44 vy=  -36864 ay=  -24576
     t=100 pred=  3 left=  3  y=    43 vy=  -61440 ay=  -24576
     t=101 pred=  2 left=  2  y=    42 vy=  -86016 ay=  -24576
     t=102 pred=  1 left=  1  y=    40 vy= -110592 ay=  -24576
---- landing prediction ----
P1  landings=51  no_prediction_ticks=0
   err all : -22:110 -21:5 -20:5 -19:5 -18:5 -17:5 -16:5 -15:5 -14:5 -13:5 -12:5 -11:209 -10:18 -9:18 -8:18 -7:18 -6:18 -5:18 -4:18 -3:18 -2:18 -1:18 +0:838 +5:99 +11:27 +16:117
   err NEAR (made within 20 ticks of the landing): -11:106 -10:17 -9:17 -8:17 -7:17 -6:17 -5:17 -4:17 -3:17 -2:17 -1:17 +0:594 +11:27 +16:117
   err far  (made earlier, can still be invalidated): -22:110 -21:5 -20:5 -19:5 -18:5 -17:5 -16:5 -15:5 -14:5 -13:5 -12:5 -11:103 -10:1 -9:1 -8:1 -7:1 -6:1 -5:1 -4:1 -3:1 -2:1 -1:1 +0:244 +5:99
   NEAR + $5C seen at the time : -11:89 +0:781 +11:27 +16:117
   NEAR + every frozen tick    : -1:187 +0:683 +11:27 +16:117
   last descent, landed on tick 209:
     t=191 pred= 29 left= 18  y=    40 vy=  786432 ay=  -53248
     t=192 pred= 28 left= 17  y=    51 vy=  733184 ay=  -53248
     t=193 pred= 27 left= 16  y=    61 vy=  679936 ay=  -53248
     t=194 pred= 26 left= 15  y=    71 vy=  626688 ay=  -53248
     t=195 pred= 25 left= 14  y=    79 vy=  573440 ay=  -53248
     t=196 pred= 24 left= 13  y=    87 vy=  520192 ay=  -53248
     t=197 pred= 23 left= 12  y=    94 vy=  466944 ay=  -53248
     t=198 pred= 22 left= 11  y=   101 vy=  413696 ay=  -53248
     t=199 pred= 21 left= 10  y=   106 vy=  360448 ay=  -53248
     t=200 pred=  9 left=  9  y=   111 vy=       0 ay= -106496
     t=201 pred=  8 left=  8  y=   109 vy= -106496 ay= -106496
     t=202 pred=  7 left=  7  y=   106 vy= -212992 ay= -106496
     t=203 pred=  6 left=  6  y=   101 vy= -319488 ay= -106496
     t=204 pred=  5 left=  5  y=    95 vy= -425984 ay= -106496
     t=205 pred=  4 left=  4  y=    87 vy= -532480 ay= -106496
     t=206 pred=  3 left=  3  y=    77 vy= -638976 ay= -106496
     t=207 pred=  2 left=  2  y=    65 vy= -745472 ay= -106496
     t=208 pred=  1 left=  1  y=    52 vy= -851968 ay= -106496
P2  landings=2  no_prediction_ticks=12
   err all : +0:11
   err NEAR (made within 20 ticks of the landing): +0:11
   err far  (made earlier, can still be invalidated): -
   NEAR + $5C seen at the time : +0:11
   NEAR + every frozen tick    : +0:11
   last descent, landed on tick 103:
     t= 92 pred= 11 left= 11  y=    40 vy=  135168 ay=  -24576
     t= 93 pred= 10 left= 10  y=    42 vy=  110592 ay=  -24576
     t= 94 pred=  9 left=  9  y=    43 vy=   86016 ay=  -24576
     t= 95 pred=  8 left=  8  y=    44 vy=   61440 ay=  -24576
     t= 96 pred=  7 left=  7  y=    45 vy=   36864 ay=  -24576
     t= 97 pred=  6 left=  6  y=    45 vy=   12288 ay=  -24576
     t= 98 pred=  5 left=  5  y=    45 vy=  -12288 ay=  -24576
     t= 99 pred=  4 left=  4  y=    44 vy=  -36864 ay=  -24576
     t=100 pred=  3 left=  3  y=    43 vy=  -61440 ay=  -24576
     t=101 pred=  2 left=  2  y=    42 vy=  -86016 ay=  -24576
     t=102 pred=  1 left=  1  y=    40 vy= -110592 ay=  -24576
---- landing prediction ----
P1  landings=52  no_prediction_ticks=0
   err all : -22:110 -21:5 -20:5 -19:5 -18:5 -17:5 -16:5 -15:5 -14:5 -13:5 -12:5 -11:209 -10:18 -9:18 -8:18 -7:18 -6:18 -5:18 -4:18 -3:18 -2:18 -1:18 +0:847 +5:99 +11:36 +16:117
   err NEAR (made within 20 ticks of the landing): -11:106 -10:17 -9:17 -8:17 -7:17 -6:17 -5:17 -4:17 -3:17 -2:17 -1:17 +0:603 +11:36 +16:117
   err far  (made earlier, can still be invalidated): -22:110 -21:5 -20:5 -19:5 -18:5 -17:5 -16:5 -15:5 -14:5 -13:5 -12:5 -11:103 -10:1 -9:1 -8:1 -7:1 -6:1 -5:1 -4:1 -3:1 -2:1 -1:1 +0:244 +5:99
   NEAR + $5C seen at the time : -11:89 +0:790 +11:36 +16:117
   NEAR + every frozen tick    : -1:187 +0:692 +11:36 +16:117
   last descent, landed on tick 20:
     t=  2 pred= 29 left= 18  y=    40 vy=  786432 ay=  -53248
     t=  3 pred= 28 left= 17  y=    51 vy=  733184 ay=  -53248
     t=  4 pred= 27 left= 16  y=    61 vy=  679936 ay=  -53248
     t=  5 pred= 26 left= 15  y=    71 vy=  626688 ay=  -53248
     t=  6 pred= 25 left= 14  y=    79 vy=  573440 ay=  -53248
     t=  7 pred= 24 left= 13  y=    87 vy=  520192 ay=  -53248
     t=  8 pred= 23 left= 12  y=    94 vy=  466944 ay=  -53248
     t=  9 pred= 22 left= 11  y=   101 vy=  413696 ay=  -53248
     t= 10 pred= 21 left= 10  y=   106 vy=  360448 ay=  -53248
     t= 11 pred=  9 left=  9  y=   111 vy=       0 ay= -106496
     t= 12 pred=  8 left=  8  y=   109 vy= -106496 ay= -106496
     t= 13 pred=  7 left=  7  y=   106 vy= -212992 ay= -106496
     t= 14 pred=  6 left=  6  y=   101 vy= -319488 ay= -106496
     t= 15 pred=  5 left=  5  y=    95 vy= -425984 ay= -106496
     t= 16 pred=  4 left=  4  y=    87 vy= -532480 ay= -106496
     t= 17 pred=  3 left=  3  y=    77 vy= -638976 ay= -106496
     t= 18 pred=  2 left=  2  y=    65 vy= -745472 ay= -106496
     t= 19 pred=  1 left=  1  y=    52 vy= -851968 ay= -106496
P2  landings=2  no_prediction_ticks=12
   err all : +0:11
   err NEAR (made within 20 ticks of the landing): +0:11
   err far  (made earlier, can still be invalidated): -
   NEAR + $5C seen at the time : +0:11
   NEAR + every frozen tick    : +0:11
   last descent, landed on tick 103:
     t= 92 pred= 11 left= 11  y=    40 vy=  135168 ay=  -24576
     t= 93 pred= 10 left= 10  y=    42 vy=  110592 ay=  -24576
     t= 94 pred=  9 left=  9  y=    43 vy=   86016 ay=  -24576
     t= 95 pred=  8 left=  8  y=    44 vy=   61440 ay=  -24576
     t= 96 pred=  7 left=  7  y=    45 vy=   36864 ay=  -24576
     t= 97 pred=  6 left=  6  y=    45 vy=   12288 ay=  -24576
     t= 98 pred=  5 left=  5  y=    45 vy=  -12288 ay=  -24576
     t= 99 pred=  4 left=  4  y=    44 vy=  -36864 ay=  -24576
     t=100 pred=  3 left=  3  y=    43 vy=  -61440 ay=  -24576
     t=101 pred=  2 left=  2  y=    42 vy=  -86016 ay=  -24576
     t=102 pred=  1 left=  1  y=    40 vy= -110592 ay=  -24576
---- landing prediction ----
P1  landings=53  no_prediction_ticks=0
   err all : -22:110 -21:5 -20:5 -19:5 -18:5 -17:5 -16:5 -15:5 -14:5 -13:5 -12:5 -11:209 -10:18 -9:18 -8:18 -7:18 -6:18 -5:18 -4:18 -3:18 -2:18 -1:18 +0:856 +5:99 +11:45 +16:117
   err NEAR (made within 20 ticks of the landing): -11:106 -10:17 -9:17 -8:17 -7:17 -6:17 -5:17 -4:17 -3:17 -2:17 -1:17 +0:612 +11:45 +16:117
   err far  (made earlier, can still be invalidated): -22:110 -21:5 -20:5 -19:5 -18:5 -17:5 -16:5 -15:5 -14:5 -13:5 -12:5 -11:103 -10:1 -9:1 -8:1 -7:1 -6:1 -5:1 -4:1 -3:1 -2:1 -1:1 +0:244 +5:99
   NEAR + $5C seen at the time : -11:89 +0:799 +11:45 +16:117
   NEAR + every frozen tick    : -1:187 +0:701 +11:45 +16:117
   last descent, landed on tick 61:
     t= 43 pred= 29 left= 18  y=    40 vy=  786432 ay=  -53248
     t= 44 pred= 28 left= 17  y=    51 vy=  733184 ay=  -53248
     t= 45 pred= 27 left= 16  y=    61 vy=  679936 ay=  -53248
     t= 46 pred= 26 left= 15  y=    71 vy=  626688 ay=  -53248
     t= 47 pred= 25 left= 14  y=    79 vy=  573440 ay=  -53248
     t= 48 pred= 24 left= 13  y=    87 vy=  520192 ay=  -53248
     t= 49 pred= 23 left= 12  y=    94 vy=  466944 ay=  -53248
     t= 50 pred= 22 left= 11  y=   101 vy=  413696 ay=  -53248
     t= 51 pred= 21 left= 10  y=   106 vy=  360448 ay=  -53248
     t= 52 pred=  9 left=  9  y=   111 vy=       0 ay= -106496
     t= 53 pred=  8 left=  8  y=   109 vy= -106496 ay= -106496
     t= 54 pred=  7 left=  7  y=   106 vy= -212992 ay= -106496
     t= 55 pred=  6 left=  6  y=   101 vy= -319488 ay= -106496
     t= 56 pred=  5 left=  5  y=    95 vy= -425984 ay= -106496
     t= 57 pred=  4 left=  4  y=    87 vy= -532480 ay= -106496
     t= 58 pred=  3 left=  3  y=    77 vy= -638976 ay= -106496
     t= 59 pred=  2 left=  2  y=    65 vy= -745472 ay= -106496
     t= 60 pred=  1 left=  1  y=    52 vy= -851968 ay= -106496
P2  landings=2  no_prediction_ticks=12
   err all : +0:11
   err NEAR (made within 20 ticks of the landing): +0:11
   err far  (made earlier, can still be invalidated): -
   NEAR + $5C seen at the time : +0:11
   NEAR + every frozen tick    : +0:11
   last descent, landed on tick 103:
     t= 92 pred= 11 left= 11  y=    40 vy=  135168 ay=  -24576
     t= 93 pred= 10 left= 10  y=    42 vy=  110592 ay=  -24576
     t= 94 pred=  9 left=  9  y=    43 vy=   86016 ay=  -24576
     t= 95 pred=  8 left=  8  y=    44 vy=   61440 ay=  -24576
     t= 96 pred=  7 left=  7  y=    45 vy=   36864 ay=  -24576
     t= 97 pred=  6 left=  6  y=    45 vy=   12288 ay=  -24576
     t= 98 pred=  5 left=  5  y=    45 vy=  -12288 ay=  -24576
     t= 99 pred=  4 left=  4  y=    44 vy=  -36864 ay=  -24576
     t=100 pred=  3 left=  3  y=    43 vy=  -61440 ay=  -24576
     t=101 pred=  2 left=  2  y=    42 vy=  -86016 ay=  -24576
     t=102 pred=  1 left=  1  y=    40 vy= -110592 ay=  -24576
---- landing prediction ----
P1  landings=54  no_prediction_ticks=0
   err all : -22:110 -21:5 -20:5 -19:5 -18:5 -17:5 -16:5 -15:5 -14:5 -13:5 -12:5 -11:209 -10:18 -9:18 -8:18 -7:18 -6:18 -5:18 -4:18 -3:18 -2:18 -1:18 +0:865 +5:99 +11:54 +16:117
   err NEAR (made within 20 ticks of the landing): -11:106 -10:17 -9:17 -8:17 -7:17 -6:17 -5:17 -4:17 -3:17 -2:17 -1:17 +0:621 +11:54 +16:117
   err far  (made earlier, can still be invalidated): -22:110 -21:5 -20:5 -19:5 -18:5 -17:5 -16:5 -15:5 -14:5 -13:5 -12:5 -11:103 -10:1 -9:1 -8:1 -7:1 -6:1 -5:1 -4:1 -3:1 -2:1 -1:1 +0:244 +5:99
   NEAR + $5C seen at the time : -11:89 +0:808 +11:54 +16:117
   NEAR + every frozen tick    : -1:187 +0:710 +11:54 +16:117
   last descent, landed on tick 132:
     t=114 pred= 29 left= 18  y=    40 vy=  786432 ay=  -53248
     t=115 pred= 28 left= 17  y=    51 vy=  733184 ay=  -53248
     t=116 pred= 27 left= 16  y=    61 vy=  679936 ay=  -53248
     t=117 pred= 26 left= 15  y=    71 vy=  626688 ay=  -53248
     t=118 pred= 25 left= 14  y=    79 vy=  573440 ay=  -53248
     t=119 pred= 24 left= 13  y=    87 vy=  520192 ay=  -53248
     t=120 pred= 23 left= 12  y=    94 vy=  466944 ay=  -53248
     t=121 pred= 22 left= 11  y=   101 vy=  413696 ay=  -53248
     t=122 pred= 21 left= 10  y=   106 vy=  360448 ay=  -53248
     t=123 pred=  9 left=  9  y=   111 vy=       0 ay= -106496
     t=124 pred=  8 left=  8  y=   109 vy= -106496 ay= -106496
     t=125 pred=  7 left=  7  y=   106 vy= -212992 ay= -106496
     t=126 pred=  6 left=  6  y=   101 vy= -319488 ay= -106496
     t=127 pred=  5 left=  5  y=    95 vy= -425984 ay= -106496
     t=128 pred=  4 left=  4  y=    87 vy= -532480 ay= -106496
     t=129 pred=  3 left=  3  y=    77 vy= -638976 ay= -106496
     t=130 pred=  2 left=  2  y=    65 vy= -745472 ay= -106496
     t=131 pred=  1 left=  1  y=    52 vy= -851968 ay= -106496
P2  landings=2  no_prediction_ticks=12
   err all : +0:11
   err NEAR (made within 20 ticks of the landing): +0:11
   err far  (made earlier, can still be invalidated): -
   NEAR + $5C seen at the time : +0:11
   NEAR + every frozen tick    : +0:11
   last descent, landed on tick 103:
     t= 92 pred= 11 left= 11  y=    40 vy=  135168 ay=  -24576
     t= 93 pred= 10 left= 10  y=    42 vy=  110592 ay=  -24576
     t= 94 pred=  9 left=  9  y=    43 vy=   86016 ay=  -24576
     t= 95 pred=  8 left=  8  y=    44 vy=   61440 ay=  -24576
     t= 96 pred=  7 left=  7  y=    45 vy=   36864 ay=  -24576
     t= 97 pred=  6 left=  6  y=    45 vy=   12288 ay=  -24576
     t= 98 pred=  5 left=  5  y=    45 vy=  -12288 ay=  -24576
     t= 99 pred=  4 left=  4  y=    44 vy=  -36864 ay=  -24576
     t=100 pred=  3 left=  3  y=    43 vy=  -61440 ay=  -24576
     t=101 pred=  2 left=  2  y=    42 vy=  -86016 ay=  -24576
     t=102 pred=  1 left=  1  y=    40 vy= -110592 ay=  -24576
---- landing prediction ----
P1  landings=55  no_prediction_ticks=0
   err all : -22:110 -21:5 -20:5 -19:5 -18:5 -17:5 -16:5 -15:5 -14:5 -13:5 -12:5 -11:209 -10:18 -9:18 -8:18 -7:18 -6:18 -5:18 -4:18 -3:18 -2:18 -1:18 +0:874 +5:99 +11:63 +16:117
   err NEAR (made within 20 ticks of the landing): -11:106 -10:17 -9:17 -8:17 -7:17 -6:17 -5:17 -4:17 -3:17 -2:17 -1:17 +0:630 +11:63 +16:117
   err far  (made earlier, can still be invalidated): -22:110 -21:5 -20:5 -19:5 -18:5 -17:5 -16:5 -15:5 -14:5 -13:5 -12:5 -11:103 -10:1 -9:1 -8:1 -7:1 -6:1 -5:1 -4:1 -3:1 -2:1 -1:1 +0:244 +5:99
   NEAR + $5C seen at the time : -11:89 +0:817 +11:63 +16:117
   NEAR + every frozen tick    : -1:187 +0:719 +11:63 +16:117
   last descent, landed on tick 188:
     t=170 pred= 29 left= 18  y=    40 vy=  786432 ay=  -53248
     t=171 pred= 28 left= 17  y=    51 vy=  733184 ay=  -53248
     t=172 pred= 27 left= 16  y=    61 vy=  679936 ay=  -53248
     t=173 pred= 26 left= 15  y=    71 vy=  626688 ay=  -53248
     t=174 pred= 25 left= 14  y=    79 vy=  573440 ay=  -53248
     t=175 pred= 24 left= 13  y=    87 vy=  520192 ay=  -53248
     t=176 pred= 23 left= 12  y=    94 vy=  466944 ay=  -53248
     t=177 pred= 22 left= 11  y=   101 vy=  413696 ay=  -53248
     t=178 pred= 21 left= 10  y=   106 vy=  360448 ay=  -53248
     t=179 pred=  9 left=  9  y=   111 vy=       0 ay= -106496
     t=180 pred=  8 left=  8  y=   109 vy= -106496 ay= -106496
     t=181 pred=  7 left=  7  y=   106 vy= -212992 ay= -106496
     t=182 pred=  6 left=  6  y=   101 vy= -319488 ay= -106496
     t=183 pred=  5 left=  5  y=    95 vy= -425984 ay= -106496
     t=184 pred=  4 left=  4  y=    87 vy= -532480 ay= -106496
     t=185 pred=  3 left=  3  y=    77 vy= -638976 ay= -106496
     t=186 pred=  2 left=  2  y=    65 vy= -745472 ay= -106496
     t=187 pred=  1 left=  1  y=    52 vy= -851968 ay= -106496
P2  landings=2  no_prediction_ticks=12
   err all : +0:11
   err NEAR (made within 20 ticks of the landing): +0:11
   err far  (made earlier, can still be invalidated): -
   NEAR + $5C seen at the time : +0:11
   NEAR + every frozen tick    : +0:11
   last descent, landed on tick 103:
     t= 92 pred= 11 left= 11  y=    40 vy=  135168 ay=  -24576
     t= 93 pred= 10 left= 10  y=    42 vy=  110592 ay=  -24576
     t= 94 pred=  9 left=  9  y=    43 vy=   86016 ay=  -24576
     t= 95 pred=  8 left=  8  y=    44 vy=   61440 ay=  -24576
     t= 96 pred=  7 left=  7  y=    45 vy=   36864 ay=  -24576
     t= 97 pred=  6 left=  6  y=    45 vy=   12288 ay=  -24576
     t= 98 pred=  5 left=  5  y=    45 vy=  -12288 ay=  -24576
     t= 99 pred=  4 left=  4  y=    44 vy=  -36864 ay=  -24576
     t=100 pred=  3 left=  3  y=    43 vy=  -61440 ay=  -24576
     t=101 pred=  2 left=  2  y=    42 vy=  -86016 ay=  -24576
     t=102 pred=  1 left=  1  y=    40 vy= -110592 ay=  -24576
---- landing prediction ----
P1  landings=56  no_prediction_ticks=0
   err all : -22:110 -21:5 -20:5 -19:5 -18:5 -17:5 -16:5 -15:5 -14:5 -13:5 -12:5 -11:209 -10:18 -9:18 -8:18 -7:18 -6:18 -5:18 -4:18 -3:18 -2:18 -1:18 +0:903 +5:99 +11:63 +16:117
   err NEAR (made within 20 ticks of the landing): -11:106 -10:17 -9:17 -8:17 -7:17 -6:17 -5:17 -4:17 -3:17 -2:17 -1:17 +0:650 +11:63 +16:117
   err far  (made earlier, can still be invalidated): -22:110 -21:5 -20:5 -19:5 -18:5 -17:5 -16:5 -15:5 -14:5 -13:5 -12:5 -11:103 -10:1 -9:1 -8:1 -7:1 -6:1 -5:1 -4:1 -3:1 -2:1 -1:1 +0:253 +5:99
   NEAR + $5C seen at the time : -11:89 +0:837 +11:63 +16:117
   NEAR + every frozen tick    : -1:187 +0:739 +11:63 +16:117
   last descent, landed on tick 4:
     t=231 pred= 29 left= 29  y=    40 vy=  786432 ay=  -53248
     t=232 pred= 28 left= 28  y=    51 vy=  733184 ay=  -53248
     t=233 pred= 27 left= 27  y=    61 vy=  679936 ay=  -53248
     t=234 pred= 26 left= 26  y=    71 vy=  626688 ay=  -53248
     t=235 pred= 25 left= 25  y=    79 vy=  573440 ay=  -53248
     t=236 pred= 24 left= 24  y=    87 vy=  520192 ay=  -53248
     t=237 pred= 23 left= 23  y=    94 vy=  466944 ay=  -53248
     t=238 pred= 22 left= 22  y=   101 vy=  413696 ay=  -53248
     t=239 pred= 21 left= 21  y=   106 vy=  360448 ay=  -53248
     t=240 pred= 20 left= 20  y=   111 vy=  307200 ay=  -53248
     t=241 pred= 19 left= 19  y=   115 vy=  253952 ay=  -53248
     t=242 pred= 18 left= 18  y=   118 vy=  200704 ay=  -53248
     t=243 pred= 17 left= 17  y=   120 vy=  147456 ay=  -53248
     t=244 pred= 16 left= 16  y=   122 vy=   94208 ay=  -53248
     t=245 pred= 15 left= 15  y=   122 vy=   40960 ay=  -53248
     t=246 pred= 14 left= 14  y=   122 vy=  -12288 ay=  -53248
     t=247 pred= 13 left= 13  y=   121 vy=  -65536 ay=  -53248
     t=248 pred= 12 left= 12  y=   119 vy= -118784 ay=  -53248
     t=249 pred= 11 left= 11  y=   117 vy= -172032 ay=  -53248
     t=250 pred= 10 left= 10  y=   113 vy= -225280 ay=  -53248
     t=251 pred=  9 left=  9  y=   109 vy= -278528 ay=  -53248
     t=252 pred=  8 left=  8  y=   104 vy= -331776 ay=  -53248
     t=253 pred=  7 left=  7  y=    98 vy= -385024 ay=  -53248
     t=254 pred=  6 left=  6  y=    91 vy= -438272 ay=  -53248
     t=255 pred=  5 left=  5  y=    84 vy= -491520 ay=  -53248
     t=  0 pred=  4 left=  4  y=    75 vy= -544768 ay=  -53248
     t=  1 pred=  3 left=  3  y=    66 vy= -598016 ay=  -53248
     t=  2 pred=  2 left=  2  y=    56 vy= -651264 ay=  -53248
     t=  3 pred=  1 left=  1  y=    46 vy= -704512 ay=  -53248
P2  landings=2  no_prediction_ticks=12
   err all : +0:11
   err NEAR (made within 20 ticks of the landing): +0:11
   err far  (made earlier, can still be invalidated): -
   NEAR + $5C seen at the time : +0:11
   NEAR + every frozen tick    : +0:11
   last descent, landed on tick 103:
     t= 92 pred= 11 left= 11  y=    40 vy=  135168 ay=  -24576
     t= 93 pred= 10 left= 10  y=    42 vy=  110592 ay=  -24576
     t= 94 pred=  9 left=  9  y=    43 vy=   86016 ay=  -24576
     t= 95 pred=  8 left=  8  y=    44 vy=   61440 ay=  -24576
     t= 96 pred=  7 left=  7  y=    45 vy=   36864 ay=  -24576
     t= 97 pred=  6 left=  6  y=    45 vy=   12288 ay=  -24576
     t= 98 pred=  5 left=  5  y=    45 vy=  -12288 ay=  -24576
     t= 99 pred=  4 left=  4  y=    44 vy=  -36864 ay=  -24576
     t=100 pred=  3 left=  3  y=    43 vy=  -61440 ay=  -24576
     t=101 pred=  2 left=  2  y=    42 vy=  -86016 ay=  -24576
     t=102 pred=  1 left=  1  y=    40 vy= -110592 ay=  -24576
---- landing prediction ----
P1  landings=57  no_prediction_ticks=0
   err all : -22:110 -21:5 -20:5 -19:5 -18:5 -17:5 -16:5 -15:5 -14:5 -13:5 -12:5 -11:209 -10:18 -9:18 -8:18 -7:18 -6:18 -5:18 -4:18 -3:18 -2:18 -1:18 +0:912 +5:99 +11:72 +16:117
   err NEAR (made within 20 ticks of the landing): -11:106 -10:17 -9:17 -8:17 -7:17 -6:17 -5:17 -4:17 -3:17 -2:17 -1:17 +0:659 +11:72 +16:117
   err far  (made earlier, can still be invalidated): -22:110 -21:5 -20:5 -19:5 -18:5 -17:5 -16:5 -15:5 -14:5 -13:5 -12:5 -11:103 -10:1 -9:1 -8:1 -7:1 -6:1 -5:1 -4:1 -3:1 -2:1 -1:1 +0:253 +5:99
   NEAR + $5C seen at the time : -11:89 +0:846 +11:72 +16:117
   NEAR + every frozen tick    : -1:187 +0:748 +11:72 +16:117
   last descent, landed on tick 71:
     t= 53 pred= 29 left= 18  y=    40 vy=  786432 ay=  -53248
     t= 54 pred= 28 left= 17  y=    51 vy=  733184 ay=  -53248
     t= 55 pred= 27 left= 16  y=    61 vy=  679936 ay=  -53248
     t= 56 pred= 26 left= 15  y=    71 vy=  626688 ay=  -53248
     t= 57 pred= 25 left= 14  y=    79 vy=  573440 ay=  -53248
     t= 58 pred= 24 left= 13  y=    87 vy=  520192 ay=  -53248
     t= 59 pred= 23 left= 12  y=    94 vy=  466944 ay=  -53248
     t= 60 pred= 22 left= 11  y=   101 vy=  413696 ay=  -53248
     t= 61 pred= 21 left= 10  y=   106 vy=  360448 ay=  -53248
     t= 62 pred=  9 left=  9  y=   111 vy=       0 ay= -106496
     t= 63 pred=  8 left=  8  y=   109 vy= -106496 ay= -106496
     t= 64 pred=  7 left=  7  y=   106 vy= -212992 ay= -106496
     t= 65 pred=  6 left=  6  y=   101 vy= -319488 ay= -106496
     t= 66 pred=  5 left=  5  y=    95 vy= -425984 ay= -106496
     t= 67 pred=  4 left=  4  y=    87 vy= -532480 ay= -106496
     t= 68 pred=  3 left=  3  y=    77 vy= -638976 ay= -106496
     t= 69 pred=  2 left=  2  y=    65 vy= -745472 ay= -106496
     t= 70 pred=  1 left=  1  y=    52 vy= -851968 ay= -106496
P2  landings=2  no_prediction_ticks=12
   err all : +0:11
   err NEAR (made within 20 ticks of the landing): +0:11
   err far  (made earlier, can still be invalidated): -
   NEAR + $5C seen at the time : +0:11
   NEAR + every frozen tick    : +0:11
   last descent, landed on tick 103:
     t= 92 pred= 11 left= 11  y=    40 vy=  135168 ay=  -24576
     t= 93 pred= 10 left= 10  y=    42 vy=  110592 ay=  -24576
     t= 94 pred=  9 left=  9  y=    43 vy=   86016 ay=  -24576
     t= 95 pred=  8 left=  8  y=    44 vy=   61440 ay=  -24576
     t= 96 pred=  7 left=  7  y=    45 vy=   36864 ay=  -24576
     t= 97 pred=  6 left=  6  y=    45 vy=   12288 ay=  -24576
     t= 98 pred=  5 left=  5  y=    45 vy=  -12288 ay=  -24576
     t= 99 pred=  4 left=  4  y=    44 vy=  -36864 ay=  -24576
     t=100 pred=  3 left=  3  y=    43 vy=  -61440 ay=  -24576
     t=101 pred=  2 left=  2  y=    42 vy=  -86016 ay=  -24576
     t=102 pred=  1 left=  1  y=    40 vy= -110592 ay=  -24576
---- landing prediction ----
P1  landings=58  no_prediction_ticks=0
   err all : -22:110 -21:5 -20:5 -19:5 -18:5 -17:5 -16:5 -15:5 -14:5 -13:5 -12:5 -11:209 -10:18 -9:18 -8:18 -7:18 -6:18 -5:18 -4:18 -3:18 -2:18 -1:18 +0:941 +5:99 +11:72 +16:117
   err NEAR (made within 20 ticks of the landing): -11:106 -10:17 -9:17 -8:17 -7:17 -6:17 -5:17 -4:17 -3:17 -2:17 -1:17 +0:679 +11:72 +16:117
   err far  (made earlier, can still be invalidated): -22:110 -21:5 -20:5 -19:5 -18:5 -17:5 -16:5 -15:5 -14:5 -13:5 -12:5 -11:103 -10:1 -9:1 -8:1 -7:1 -6:1 -5:1 -4:1 -3:1 -2:1 -1:1 +0:262 +5:99
   NEAR + $5C seen at the time : -11:89 +0:866 +11:72 +16:117
   NEAR + every frozen tick    : -1:187 +0:768 +11:72 +16:117
   last descent, landed on tick 126:
     t= 97 pred= 29 left= 29  y=    40 vy=  786432 ay=  -53248
     t= 98 pred= 28 left= 28  y=    51 vy=  733184 ay=  -53248
     t= 99 pred= 27 left= 27  y=    61 vy=  679936 ay=  -53248
     t=100 pred= 26 left= 26  y=    71 vy=  626688 ay=  -53248
     t=101 pred= 25 left= 25  y=    79 vy=  573440 ay=  -53248
     t=102 pred= 24 left= 24  y=    87 vy=  520192 ay=  -53248
     t=103 pred= 23 left= 23  y=    94 vy=  466944 ay=  -53248
     t=104 pred= 22 left= 22  y=   101 vy=  413696 ay=  -53248
     t=105 pred= 21 left= 21  y=   106 vy=  360448 ay=  -53248
     t=106 pred= 20 left= 20  y=   111 vy=  307200 ay=  -53248
     t=107 pred= 19 left= 19  y=   115 vy=  253952 ay=  -53248
     t=108 pred= 18 left= 18  y=   118 vy=  200704 ay=  -53248
     t=109 pred= 17 left= 17  y=   120 vy=  147456 ay=  -53248
     t=110 pred= 16 left= 16  y=   122 vy=   94208 ay=  -53248
     t=111 pred= 15 left= 15  y=   122 vy=   40960 ay=  -53248
     t=112 pred= 14 left= 14  y=   122 vy=  -12288 ay=  -53248
     t=113 pred= 13 left= 13  y=   121 vy=  -65536 ay=  -53248
     t=114 pred= 12 left= 12  y=   119 vy= -118784 ay=  -53248
     t=115 pred= 11 left= 11  y=   117 vy= -172032 ay=  -53248
     t=116 pred= 10 left= 10  y=   113 vy= -225280 ay=  -53248
     t=117 pred=  9 left=  9  y=   109 vy= -278528 ay=  -53248
     t=118 pred=  8 left=  8  y=   104 vy= -331776 ay=  -53248
     t=119 pred=  7 left=  7  y=    98 vy= -385024 ay=  -53248
     t=120 pred=  6 left=  6  y=    91 vy= -438272 ay=  -53248
     t=121 pred=  5 left=  5  y=    84 vy= -491520 ay=  -53248
     t=122 pred=  4 left=  4  y=    75 vy= -544768 ay=  -53248
     t=123 pred=  3 left=  3  y=    66 vy= -598016 ay=  -53248
     t=124 pred=  2 left=  2  y=    56 vy= -651264 ay=  -53248
     t=125 pred=  1 left=  1  y=    46 vy= -704512 ay=  -53248
P2  landings=2  no_prediction_ticks=12
   err all : +0:11
   err NEAR (made within 20 ticks of the landing): +0:11
   err far  (made earlier, can still be invalidated): -
   NEAR + $5C seen at the time : +0:11
   NEAR + every frozen tick    : +0:11
   last descent, landed on tick 103:
     t= 92 pred= 11 left= 11  y=    40 vy=  135168 ay=  -24576
     t= 93 pred= 10 left= 10  y=    42 vy=  110592 ay=  -24576
     t= 94 pred=  9 left=  9  y=    43 vy=   86016 ay=  -24576
     t= 95 pred=  8 left=  8  y=    44 vy=   61440 ay=  -24576
     t= 96 pred=  7 left=  7  y=    45 vy=   36864 ay=  -24576
     t= 97 pred=  6 left=  6  y=    45 vy=   12288 ay=  -24576
     t= 98 pred=  5 left=  5  y=    45 vy=  -12288 ay=  -24576
     t= 99 pred=  4 left=  4  y=    44 vy=  -36864 ay=  -24576
     t=100 pred=  3 left=  3  y=    43 vy=  -61440 ay=  -24576
     t=101 pred=  2 left=  2  y=    42 vy=  -86016 ay=  -24576
     t=102 pred=  1 left=  1  y=    40 vy= -110592 ay=  -24576
---- landing prediction ----
P1  landings=59  no_prediction_ticks=0
   err all : -22:110 -21:5 -20:5 -19:5 -18:5 -17:5 -16:5 -15:5 -14:5 -13:5 -12:5 -11:209 -10:18 -9:18 -8:18 -7:18 -6:18 -5:18 -4:18 -3:18 -2:18 -1:18 +0:950 +5:99 +11:81 +16:117
   err NEAR (made within 20 ticks of the landing): -11:106 -10:17 -9:17 -8:17 -7:17 -6:17 -5:17 -4:17 -3:17 -2:17 -1:17 +0:688 +11:81 +16:117
   err far  (made earlier, can still be invalidated): -22:110 -21:5 -20:5 -19:5 -18:5 -17:5 -16:5 -15:5 -14:5 -13:5 -12:5 -11:103 -10:1 -9:1 -8:1 -7:1 -6:1 -5:1 -4:1 -3:1 -2:1 -1:1 +0:262 +5:99
   NEAR + $5C seen at the time : -11:89 +0:875 +11:81 +16:117
   NEAR + every frozen tick    : -1:187 +0:777 +11:81 +16:117
   last descent, landed on tick 204:
     t=186 pred= 29 left= 18  y=    40 vy=  786432 ay=  -53248
     t=187 pred= 28 left= 17  y=    51 vy=  733184 ay=  -53248
     t=188 pred= 27 left= 16  y=    61 vy=  679936 ay=  -53248
     t=189 pred= 26 left= 15  y=    71 vy=  626688 ay=  -53248
     t=190 pred= 25 left= 14  y=    79 vy=  573440 ay=  -53248
     t=191 pred= 24 left= 13  y=    87 vy=  520192 ay=  -53248
     t=192 pred= 23 left= 12  y=    94 vy=  466944 ay=  -53248
     t=193 pred= 22 left= 11  y=   101 vy=  413696 ay=  -53248
     t=194 pred= 21 left= 10  y=   106 vy=  360448 ay=  -53248
     t=195 pred=  9 left=  9  y=   111 vy=       0 ay= -106496
     t=196 pred=  8 left=  8  y=   109 vy= -106496 ay= -106496
     t=197 pred=  7 left=  7  y=   106 vy= -212992 ay= -106496
     t=198 pred=  6 left=  6  y=   101 vy= -319488 ay= -106496
     t=199 pred=  5 left=  5  y=    95 vy= -425984 ay= -106496
     t=200 pred=  4 left=  4  y=    87 vy= -532480 ay= -106496
     t=201 pred=  3 left=  3  y=    77 vy= -638976 ay= -106496
     t=202 pred=  2 left=  2  y=    65 vy= -745472 ay= -106496
     t=203 pred=  1 left=  1  y=    52 vy= -851968 ay= -106496
P2  landings=2  no_prediction_ticks=12
   err all : +0:11
   err NEAR (made within 20 ticks of the landing): +0:11
   err far  (made earlier, can still be invalidated): -
   NEAR + $5C seen at the time : +0:11
   NEAR + every frozen tick    : +0:11
   last descent, landed on tick 103:
     t= 92 pred= 11 left= 11  y=    40 vy=  135168 ay=  -24576
     t= 93 pred= 10 left= 10  y=    42 vy=  110592 ay=  -24576
     t= 94 pred=  9 left=  9  y=    43 vy=   86016 ay=  -24576
     t= 95 pred=  8 left=  8  y=    44 vy=   61440 ay=  -24576
     t= 96 pred=  7 left=  7  y=    45 vy=   36864 ay=  -24576
     t= 97 pred=  6 left=  6  y=    45 vy=   12288 ay=  -24576
     t= 98 pred=  5 left=  5  y=    45 vy=  -12288 ay=  -24576
     t= 99 pred=  4 left=  4  y=    44 vy=  -36864 ay=  -24576
     t=100 pred=  3 left=  3  y=    43 vy=  -61440 ay=  -24576
     t=101 pred=  2 left=  2  y=    42 vy=  -86016 ay=  -24576
     t=102 pred=  1 left=  1  y=    40 vy= -110592 ay=  -24576
---- landing prediction ----
P1  landings=60  no_prediction_ticks=0
   err all : -22:110 -21:5 -20:5 -19:5 -18:5 -17:5 -16:5 -15:5 -14:5 -13:5 -12:5 -11:209 -10:18 -9:18 -8:18 -7:18 -6:18 -5:18 -4:18 -3:18 -2:18 -1:18 +0:959 +5:99 +11:90 +16:117
   err NEAR (made within 20 ticks of the landing): -11:106 -10:17 -9:17 -8:17 -7:17 -6:17 -5:17 -4:17 -3:17 -2:17 -1:17 +0:697 +11:90 +16:117
   err far  (made earlier, can still be invalidated): -22:110 -21:5 -20:5 -19:5 -18:5 -17:5 -16:5 -15:5 -14:5 -13:5 -12:5 -11:103 -10:1 -9:1 -8:1 -7:1 -6:1 -5:1 -4:1 -3:1 -2:1 -1:1 +0:262 +5:99
   NEAR + $5C seen at the time : -11:89 +0:884 +11:90 +16:117
   NEAR + every frozen tick    : -1:187 +0:786 +11:90 +16:117
   last descent, landed on tick 248:
     t=230 pred= 29 left= 18  y=    40 vy=  786432 ay=  -53248
     t=231 pred= 28 left= 17  y=    51 vy=  733184 ay=  -53248
     t=232 pred= 27 left= 16  y=    61 vy=  679936 ay=  -53248
     t=233 pred= 26 left= 15  y=    71 vy=  626688 ay=  -53248
     t=234 pred= 25 left= 14  y=    79 vy=  573440 ay=  -53248
     t=235 pred= 24 left= 13  y=    87 vy=  520192 ay=  -53248
     t=236 pred= 23 left= 12  y=    94 vy=  466944 ay=  -53248
     t=237 pred= 22 left= 11  y=   101 vy=  413696 ay=  -53248
     t=238 pred= 21 left= 10  y=   106 vy=  360448 ay=  -53248
     t=239 pred=  9 left=  9  y=   111 vy=       0 ay= -106496
     t=240 pred=  8 left=  8  y=   109 vy= -106496 ay= -106496
     t=241 pred=  7 left=  7  y=   106 vy= -212992 ay= -106496
     t=242 pred=  6 left=  6  y=   101 vy= -319488 ay= -106496
     t=243 pred=  5 left=  5  y=    95 vy= -425984 ay= -106496
     t=244 pred=  4 left=  4  y=    87 vy= -532480 ay= -106496
     t=245 pred=  3 left=  3  y=    77 vy= -638976 ay= -106496
     t=246 pred=  2 left=  2  y=    65 vy= -745472 ay= -106496
     t=247 pred=  1 left=  1  y=    52 vy= -851968 ay= -106496
P2  landings=2  no_prediction_ticks=12
   err all : +0:11
   err NEAR (made within 20 ticks of the landing): +0:11
   err far  (made earlier, can still be invalidated): -
   NEAR + $5C seen at the time : +0:11
   NEAR + every frozen tick    : +0:11
   last descent, landed on tick 103:
     t= 92 pred= 11 left= 11  y=    40 vy=  135168 ay=  -24576
     t= 93 pred= 10 left= 10  y=    42 vy=  110592 ay=  -24576
     t= 94 pred=  9 left=  9  y=    43 vy=   86016 ay=  -24576
     t= 95 pred=  8 left=  8  y=    44 vy=   61440 ay=  -24576
     t= 96 pred=  7 left=  7  y=    45 vy=   36864 ay=  -24576
     t= 97 pred=  6 left=  6  y=    45 vy=   12288 ay=  -24576
     t= 98 pred=  5 left=  5  y=    45 vy=  -12288 ay=  -24576
     t= 99 pred=  4 left=  4  y=    44 vy=  -36864 ay=  -24576
     t=100 pred=  3 left=  3  y=    43 vy=  -61440 ay=  -24576
     t=101 pred=  2 left=  2  y=    42 vy=  -86016 ay=  -24576
     t=102 pred=  1 left=  1  y=    40 vy= -110592 ay=  -24576
---- landing prediction ----
P1  landings=61  no_prediction_ticks=0
   err all : -22:110 -21:5 -20:5 -19:5 -18:5 -17:5 -16:5 -15:5 -14:5 -13:5 -12:5 -11:209 -10:18 -9:18 -8:18 -7:18 -6:18 -5:18 -4:18 -3:18 -2:18 -1:18 +0:995 +5:99 +11:90 +16:117
   err NEAR (made within 20 ticks of the landing): -11:106 -10:17 -9:17 -8:17 -7:17 -6:17 -5:17 -4:17 -3:17 -2:17 -1:17 +0:717 +11:90 +16:117
   err far  (made earlier, can still be invalidated): -22:110 -21:5 -20:5 -19:5 -18:5 -17:5 -16:5 -15:5 -14:5 -13:5 -12:5 -11:103 -10:1 -9:1 -8:1 -7:1 -6:1 -5:1 -4:1 -3:1 -2:1 -1:1 +0:278 +5:99
   NEAR + $5C seen at the time : -11:89 +0:904 +11:90 +16:117
   NEAR + every frozen tick    : -1:187 +0:806 +11:90 +16:117
   last descent, landed on tick 57:
     t= 21 pred= 36 left= 36  y=    40 vy=  245760 ay=  -13312
     t= 22 pred= 35 left= 35  y=    43 vy=  232448 ay=  -13312
     t= 23 pred= 34 left= 34  y=    46 vy=  219136 ay=  -13312
     t= 24 pred= 33 left= 33  y=    50 vy=  205824 ay=  -13312
     t= 25 pred= 32 left= 32  y=    52 vy=  192512 ay=  -13312
     t= 26 pred= 31 left= 31  y=    55 vy=  179200 ay=  -13312
     t= 27 pred= 30 left= 30  y=    58 vy=  165888 ay=  -13312
     t= 28 pred= 29 left= 29  y=    60 vy=  152576 ay=  -13312
     t= 29 pred= 28 left= 28  y=    62 vy=  139264 ay=  -13312
     t= 30 pred= 27 left= 27  y=    64 vy=  125952 ay=  -13312
     t= 31 pred= 26 left= 26  y=    66 vy=  112640 ay=  -13312
     t= 32 pred= 25 left= 25  y=    67 vy=   99328 ay=  -13312
     t= 33 pred= 24 left= 24  y=    69 vy=   86016 ay=  -13312
     t= 34 pred= 23 left= 23  y=    70 vy=   72704 ay=  -13312
     t= 35 pred= 22 left= 22  y=    71 vy=   59392 ay=  -13312
     t= 36 pred= 21 left= 21  y=    71 vy=   46080 ay=  -13312
     t= 37 pred= 20 left= 20  y=    72 vy=   32768 ay=  -13312
     t= 38 pred= 19 left= 19  y=    72 vy=   19456 ay=  -13312
     t= 39 pred= 18 left= 18  y=    72 vy=    6144 ay=  -13312
     t= 40 pred= 17 left= 17  y=    72 vy=   -7168 ay=  -13312
     t= 41 pred= 16 left= 16  y=    72 vy=  -20480 ay=  -13312
     t= 42 pred= 15 left= 15  y=    71 vy=  -33792 ay=  -13312
     t= 43 pred= 14 left= 14  y=    71 vy=  -47104 ay=  -13312
     t= 44 pred= 13 left= 13  y=    70 vy=  -60416 ay=  -13312
     t= 45 pred= 12 left= 12  y=    69 vy=  -73728 ay=  -13312
     t= 46 pred= 11 left= 11  y=    67 vy=  -87040 ay=  -13312
     t= 47 pred= 10 left= 10  y=    66 vy= -100352 ay=  -13312
     t= 48 pred=  9 left=  9  y=    64 vy= -113664 ay=  -13312
     t= 49 pred=  8 left=  8  y=    62 vy= -126976 ay=  -13312
     t= 50 pred=  7 left=  7  y=    60 vy= -140288 ay=  -13312
     t= 51 pred=  6 left=  6  y=    58 vy= -153600 ay=  -13312
     t= 52 pred=  5 left=  5  y=    55 vy= -166912 ay=  -13312
     t= 53 pred=  4 left=  4  y=    52 vy= -180224 ay=  -13312
     t= 54 pred=  3 left=  3  y=    49 vy= -193536 ay=  -13312
     t= 55 pred=  2 left=  2  y=    46 vy= -206848 ay=  -13312
     t= 56 pred=  1 left=  1  y=    43 vy= -220160 ay=  -13312
P2  landings=2  no_prediction_ticks=12
   err all : +0:11
   err NEAR (made within 20 ticks of the landing): +0:11
   err far  (made earlier, can still be invalidated): -
   NEAR + $5C seen at the time : +0:11
   NEAR + every frozen tick    : +0:11
   last descent, landed on tick 103:
     t= 92 pred= 11 left= 11  y=    40 vy=  135168 ay=  -24576
     t= 93 pred= 10 left= 10  y=    42 vy=  110592 ay=  -24576
     t= 94 pred=  9 left=  9  y=    43 vy=   86016 ay=  -24576
     t= 95 pred=  8 left=  8  y=    44 vy=   61440 ay=  -24576
     t= 96 pred=  7 left=  7  y=    45 vy=   36864 ay=  -24576
     t= 97 pred=  6 left=  6  y=    45 vy=   12288 ay=  -24576
     t= 98 pred=  5 left=  5  y=    45 vy=  -12288 ay=  -24576
     t= 99 pred=  4 left=  4  y=    44 vy=  -36864 ay=  -24576
     t=100 pred=  3 left=  3  y=    43 vy=  -61440 ay=  -24576
     t=101 pred=  2 left=  2  y=    42 vy=  -86016 ay=  -24576
     t=102 pred=  1 left=  1  y=    40 vy= -110592 ay=  -24576
---- landing prediction ----
P1  landings=62  no_prediction_ticks=0
   err all : -22:110 -21:5 -20:5 -19:5 -18:5 -17:5 -16:5 -15:5 -14:5 -13:5 -12:5 -11:209 -10:18 -9:18 -8:18 -7:18 -6:18 -5:18 -4:18 -3:18 -2:18 -1:18 +0:1031 +5:99 +11:90 +16:117
   err NEAR (made within 20 ticks of the landing): -11:106 -10:17 -9:17 -8:17 -7:17 -6:17 -5:17 -4:17 -3:17 -2:17 -1:17 +0:737 +11:90 +16:117
   err far  (made earlier, can still be invalidated): -22:110 -21:5 -20:5 -19:5 -18:5 -17:5 -16:5 -15:5 -14:5 -13:5 -12:5 -11:103 -10:1 -9:1 -8:1 -7:1 -6:1 -5:1 -4:1 -3:1 -2:1 -1:1 +0:294 +5:99
   NEAR + $5C seen at the time : -11:89 +0:924 +11:90 +16:117
   NEAR + every frozen tick    : -1:187 +0:826 +11:90 +16:117
   last descent, landed on tick 97:
     t= 61 pred= 36 left= 36  y=    40 vy=  245760 ay=  -13312
     t= 62 pred= 35 left= 35  y=    43 vy=  232448 ay=  -13312
     t= 63 pred= 34 left= 34  y=    46 vy=  219136 ay=  -13312
     t= 64 pred= 33 left= 33  y=    50 vy=  205824 ay=  -13312
     t= 65 pred= 32 left= 32  y=    52 vy=  192512 ay=  -13312
     t= 66 pred= 31 left= 31  y=    55 vy=  179200 ay=  -13312
     t= 67 pred= 30 left= 30  y=    58 vy=  165888 ay=  -13312
     t= 68 pred= 29 left= 29  y=    60 vy=  152576 ay=  -13312
     t= 69 pred= 28 left= 28  y=    62 vy=  139264 ay=  -13312
     t= 70 pred= 27 left= 27  y=    64 vy=  125952 ay=  -13312
     t= 71 pred= 26 left= 26  y=    66 vy=  112640 ay=  -13312
     t= 72 pred= 25 left= 25  y=    67 vy=   99328 ay=  -13312
     t= 73 pred= 24 left= 24  y=    69 vy=   86016 ay=  -13312
     t= 74 pred= 23 left= 23  y=    70 vy=   72704 ay=  -13312
     t= 75 pred= 22 left= 22  y=    71 vy=   59392 ay=  -13312
     t= 76 pred= 21 left= 21  y=    71 vy=   46080 ay=  -13312
     t= 77 pred= 20 left= 20  y=    72 vy=   32768 ay=  -13312
     t= 78 pred= 19 left= 19  y=    72 vy=   19456 ay=  -13312
     t= 79 pred= 18 left= 18  y=    72 vy=    6144 ay=  -13312
     t= 80 pred= 17 left= 17  y=    72 vy=   -7168 ay=  -13312
     t= 81 pred= 16 left= 16  y=    72 vy=  -20480 ay=  -13312
     t= 82 pred= 15 left= 15  y=    71 vy=  -33792 ay=  -13312
     t= 83 pred= 14 left= 14  y=    71 vy=  -47104 ay=  -13312
     t= 84 pred= 13 left= 13  y=    70 vy=  -60416 ay=  -13312
     t= 85 pred= 12 left= 12  y=    69 vy=  -73728 ay=  -13312
     t= 86 pred= 11 left= 11  y=    67 vy=  -87040 ay=  -13312
     t= 87 pred= 10 left= 10  y=    66 vy= -100352 ay=  -13312
     t= 88 pred=  9 left=  9  y=    64 vy= -113664 ay=  -13312
     t= 89 pred=  8 left=  8  y=    62 vy= -126976 ay=  -13312
     t= 90 pred=  7 left=  7  y=    60 vy= -140288 ay=  -13312
     t= 91 pred=  6 left=  6  y=    58 vy= -153600 ay=  -13312
     t= 92 pred=  5 left=  5  y=    55 vy= -166912 ay=  -13312
     t= 93 pred=  4 left=  4  y=    52 vy= -180224 ay=  -13312
     t= 94 pred=  3 left=  3  y=    49 vy= -193536 ay=  -13312
     t= 95 pred=  2 left=  2  y=    46 vy= -206848 ay=  -13312
     t= 96 pred=  1 left=  1  y=    43 vy= -220160 ay=  -13312
P2  landings=2  no_prediction_ticks=12
   err all : +0:11
   err NEAR (made within 20 ticks of the landing): +0:11
   err far  (made earlier, can still be invalidated): -
   NEAR + $5C seen at the time : +0:11
   NEAR + every frozen tick    : +0:11
   last descent, landed on tick 103:
     t= 92 pred= 11 left= 11  y=    40 vy=  135168 ay=  -24576
     t= 93 pred= 10 left= 10  y=    42 vy=  110592 ay=  -24576
     t= 94 pred=  9 left=  9  y=    43 vy=   86016 ay=  -24576
     t= 95 pred=  8 left=  8  y=    44 vy=   61440 ay=  -24576
     t= 96 pred=  7 left=  7  y=    45 vy=   36864 ay=  -24576
     t= 97 pred=  6 left=  6  y=    45 vy=   12288 ay=  -24576
     t= 98 pred=  5 left=  5  y=    45 vy=  -12288 ay=  -24576
     t= 99 pred=  4 left=  4  y=    44 vy=  -36864 ay=  -24576
     t=100 pred=  3 left=  3  y=    43 vy=  -61440 ay=  -24576
     t=101 pred=  2 left=  2  y=    42 vy=  -86016 ay=  -24576
     t=102 pred=  1 left=  1  y=    40 vy= -110592 ay=  -24576
---- landing prediction ----
P1  landings=63  no_prediction_ticks=0
   err all : -22:110 -21:5 -20:5 -19:5 -18:5 -17:5 -16:5 -15:5 -14:5 -13:5 -12:5 -11:209 -10:18 -9:18 -8:18 -7:18 -6:18 -5:18 -4:18 -3:18 -2:18 -1:18 +0:1040 +5:99 +11:99 +16:117
   err NEAR (made within 20 ticks of the landing): -11:106 -10:17 -9:17 -8:17 -7:17 -6:17 -5:17 -4:17 -3:17 -2:17 -1:17 +0:746 +11:99 +16:117
   err far  (made earlier, can still be invalidated): -22:110 -21:5 -20:5 -19:5 -18:5 -17:5 -16:5 -15:5 -14:5 -13:5 -12:5 -11:103 -10:1 -9:1 -8:1 -7:1 -6:1 -5:1 -4:1 -3:1 -2:1 -1:1 +0:294 +5:99
   NEAR + $5C seen at the time : -11:89 +0:933 +11:99 +16:117
   NEAR + every frozen tick    : -1:187 +0:835 +11:99 +16:117
   last descent, landed on tick 148:
     t=130 pred= 29 left= 18  y=    40 vy=  786432 ay=  -53248
     t=131 pred= 28 left= 17  y=    51 vy=  733184 ay=  -53248
     t=132 pred= 27 left= 16  y=    61 vy=  679936 ay=  -53248
     t=133 pred= 26 left= 15  y=    71 vy=  626688 ay=  -53248
     t=134 pred= 25 left= 14  y=    79 vy=  573440 ay=  -53248
     t=135 pred= 24 left= 13  y=    87 vy=  520192 ay=  -53248
     t=136 pred= 23 left= 12  y=    94 vy=  466944 ay=  -53248
     t=137 pred= 22 left= 11  y=   101 vy=  413696 ay=  -53248
     t=138 pred= 21 left= 10  y=   106 vy=  360448 ay=  -53248
     t=139 pred=  9 left=  9  y=   111 vy=       0 ay= -106496
     t=140 pred=  8 left=  8  y=   109 vy= -106496 ay= -106496
     t=141 pred=  7 left=  7  y=   106 vy= -212992 ay= -106496
     t=142 pred=  6 left=  6  y=   101 vy= -319488 ay= -106496
     t=143 pred=  5 left=  5  y=    95 vy= -425984 ay= -106496
     t=144 pred=  4 left=  4  y=    87 vy= -532480 ay= -106496
     t=145 pred=  3 left=  3  y=    77 vy= -638976 ay= -106496
     t=146 pred=  2 left=  2  y=    65 vy= -745472 ay= -106496
     t=147 pred=  1 left=  1  y=    52 vy= -851968 ay= -106496
P2  landings=2  no_prediction_ticks=12
   err all : +0:11
   err NEAR (made within 20 ticks of the landing): +0:11
   err far  (made earlier, can still be invalidated): -
   NEAR + $5C seen at the time : +0:11
   NEAR + every frozen tick    : +0:11
   last descent, landed on tick 103:
     t= 92 pred= 11 left= 11  y=    40 vy=  135168 ay=  -24576
     t= 93 pred= 10 left= 10  y=    42 vy=  110592 ay=  -24576
     t= 94 pred=  9 left=  9  y=    43 vy=   86016 ay=  -24576
     t= 95 pred=  8 left=  8  y=    44 vy=   61440 ay=  -24576
     t= 96 pred=  7 left=  7  y=    45 vy=   36864 ay=  -24576
     t= 97 pred=  6 left=  6  y=    45 vy=   12288 ay=  -24576
     t= 98 pred=  5 left=  5  y=    45 vy=  -12288 ay=  -24576
     t= 99 pred=  4 left=  4  y=    44 vy=  -36864 ay=  -24576
     t=100 pred=  3 left=  3  y=    43 vy=  -61440 ay=  -24576
     t=101 pred=  2 left=  2  y=    42 vy=  -86016 ay=  -24576
     t=102 pred=  1 left=  1  y=    40 vy= -110592 ay=  -24576
---- landing prediction ----
P1  landings=64  no_prediction_ticks=0
   err all : -22:110 -21:5 -20:5 -19:5 -18:5 -17:5 -16:5 -15:5 -14:5 -13:5 -12:5 -11:209 -10:18 -9:18 -8:18 -7:18 -6:18 -5:18 -4:18 -3:18 -2:18 -1:18 +0:1076 +5:99 +11:99 +16:117
   err NEAR (made within 20 ticks of the landing): -11:106 -10:17 -9:17 -8:17 -7:17 -6:17 -5:17 -4:17 -3:17 -2:17 -1:17 +0:766 +11:99 +16:117
   err far  (made earlier, can still be invalidated): -22:110 -21:5 -20:5 -19:5 -18:5 -17:5 -16:5 -15:5 -14:5 -13:5 -12:5 -11:103 -10:1 -9:1 -8:1 -7:1 -6:1 -5:1 -4:1 -3:1 -2:1 -1:1 +0:310 +5:99
   NEAR + $5C seen at the time : -11:89 +0:953 +11:99 +16:117
   NEAR + every frozen tick    : -1:187 +0:855 +11:99 +16:117
   last descent, landed on tick 223:
     t=187 pred= 36 left= 36  y=    40 vy=  245760 ay=  -13312
     t=188 pred= 35 left= 35  y=    43 vy=  232448 ay=  -13312
     t=189 pred= 34 left= 34  y=    46 vy=  219136 ay=  -13312
     t=190 pred= 33 left= 33  y=    50 vy=  205824 ay=  -13312
     t=191 pred= 32 left= 32  y=    52 vy=  192512 ay=  -13312
     t=192 pred= 31 left= 31  y=    55 vy=  179200 ay=  -13312
     t=193 pred= 30 left= 30  y=    58 vy=  165888 ay=  -13312
     t=194 pred= 29 left= 29  y=    60 vy=  152576 ay=  -13312
     t=195 pred= 28 left= 28  y=    62 vy=  139264 ay=  -13312
     t=196 pred= 27 left= 27  y=    64 vy=  125952 ay=  -13312
     t=197 pred= 26 left= 26  y=    66 vy=  112640 ay=  -13312
     t=198 pred= 25 left= 25  y=    67 vy=   99328 ay=  -13312
     t=199 pred= 24 left= 24  y=    69 vy=   86016 ay=  -13312
     t=200 pred= 23 left= 23  y=    70 vy=   72704 ay=  -13312
     t=201 pred= 22 left= 22  y=    71 vy=   59392 ay=  -13312
     t=202 pred= 21 left= 21  y=    71 vy=   46080 ay=  -13312
     t=203 pred= 20 left= 20  y=    72 vy=   32768 ay=  -13312
     t=204 pred= 19 left= 19  y=    72 vy=   19456 ay=  -13312
     t=205 pred= 18 left= 18  y=    72 vy=    6144 ay=  -13312
     t=206 pred= 17 left= 17  y=    72 vy=   -7168 ay=  -13312
     t=207 pred= 16 left= 16  y=    72 vy=  -20480 ay=  -13312
     t=208 pred= 15 left= 15  y=    71 vy=  -33792 ay=  -13312
     t=209 pred= 14 left= 14  y=    71 vy=  -47104 ay=  -13312
     t=210 pred= 13 left= 13  y=    70 vy=  -60416 ay=  -13312
     t=211 pred= 12 left= 12  y=    69 vy=  -73728 ay=  -13312
     t=212 pred= 11 left= 11  y=    67 vy=  -87040 ay=  -13312
     t=213 pred= 10 left= 10  y=    66 vy= -100352 ay=  -13312
     t=214 pred=  9 left=  9  y=    64 vy= -113664 ay=  -13312
     t=215 pred=  8 left=  8  y=    62 vy= -126976 ay=  -13312
     t=216 pred=  7 left=  7  y=    60 vy= -140288 ay=  -13312
     t=217 pred=  6 left=  6  y=    58 vy= -153600 ay=  -13312
     t=218 pred=  5 left=  5  y=    55 vy= -166912 ay=  -13312
     t=219 pred=  4 left=  4  y=    52 vy= -180224 ay=  -13312
     t=220 pred=  3 left=  3  y=    49 vy= -193536 ay=  -13312
     t=221 pred=  2 left=  2  y=    46 vy= -206848 ay=  -13312
     t=222 pred=  1 left=  1  y=    43 vy= -220160 ay=  -13312
P2  landings=2  no_prediction_ticks=12
   err all : +0:11
   err NEAR (made within 20 ticks of the landing): +0:11
   err far  (made earlier, can still be invalidated): -
   NEAR + $5C seen at the time : +0:11
   NEAR + every frozen tick    : +0:11
   last descent, landed on tick 103:
     t= 92 pred= 11 left= 11  y=    40 vy=  135168 ay=  -24576
     t= 93 pred= 10 left= 10  y=    42 vy=  110592 ay=  -24576
     t= 94 pred=  9 left=  9  y=    43 vy=   86016 ay=  -24576
     t= 95 pred=  8 left=  8  y=    44 vy=   61440 ay=  -24576
     t= 96 pred=  7 left=  7  y=    45 vy=   36864 ay=  -24576
     t= 97 pred=  6 left=  6  y=    45 vy=   12288 ay=  -24576
     t= 98 pred=  5 left=  5  y=    45 vy=  -12288 ay=  -24576
     t= 99 pred=  4 left=  4  y=    44 vy=  -36864 ay=  -24576
     t=100 pred=  3 left=  3  y=    43 vy=  -61440 ay=  -24576
     t=101 pred=  2 left=  2  y=    42 vy=  -86016 ay=  -24576
     t=102 pred=  1 left=  1  y=    40 vy= -110592 ay=  -24576
---- landing prediction ----
P1  landings=65  no_prediction_ticks=0
   err all : -22:110 -21:5 -20:5 -19:5 -18:5 -17:5 -16:5 -15:5 -14:5 -13:5 -12:5 -11:209 -10:18 -9:18 -8:18 -7:18 -6:18 -5:18 -4:18 -3:18 -2:18 -1:18 +0:1085 +5:99 +11:108 +16:117
   err NEAR (made within 20 ticks of the landing): -11:106 -10:17 -9:17 -8:17 -7:17 -6:17 -5:17 -4:17 -3:17 -2:17 -1:17 +0:775 +11:108 +16:117
   err far  (made earlier, can still be invalidated): -22:110 -21:5 -20:5 -19:5 -18:5 -17:5 -16:5 -15:5 -14:5 -13:5 -12:5 -11:103 -10:1 -9:1 -8:1 -7:1 -6:1 -5:1 -4:1 -3:1 -2:1 -1:1 +0:310 +5:99
   NEAR + $5C seen at the time : -11:89 +0:962 +11:108 +16:117
   NEAR + every frozen tick    : -1:187 +0:864 +11:108 +16:117
   last descent, landed on tick 29:
     t= 11 pred= 29 left= 18  y=    40 vy=  786432 ay=  -53248
     t= 12 pred= 28 left= 17  y=    51 vy=  733184 ay=  -53248
     t= 13 pred= 27 left= 16  y=    61 vy=  679936 ay=  -53248
     t= 14 pred= 26 left= 15  y=    71 vy=  626688 ay=  -53248
     t= 15 pred= 25 left= 14  y=    79 vy=  573440 ay=  -53248
     t= 16 pred= 24 left= 13  y=    87 vy=  520192 ay=  -53248
     t= 17 pred= 23 left= 12  y=    94 vy=  466944 ay=  -53248
     t= 18 pred= 22 left= 11  y=   101 vy=  413696 ay=  -53248
     t= 19 pred= 21 left= 10  y=   106 vy=  360448 ay=  -53248
     t= 20 pred=  9 left=  9  y=   111 vy=       0 ay= -106496
     t= 21 pred=  8 left=  8  y=   109 vy= -106496 ay= -106496
     t= 22 pred=  7 left=  7  y=   106 vy= -212992 ay= -106496
     t= 23 pred=  6 left=  6  y=   101 vy= -319488 ay= -106496
     t= 24 pred=  5 left=  5  y=    95 vy= -425984 ay= -106496
     t= 25 pred=  4 left=  4  y=    87 vy= -532480 ay= -106496
     t= 26 pred=  3 left=  3  y=    77 vy= -638976 ay= -106496
     t= 27 pred=  2 left=  2  y=    65 vy= -745472 ay= -106496
     t= 28 pred=  1 left=  1  y=    52 vy= -851968 ay= -106496
P2  landings=2  no_prediction_ticks=12
   err all : +0:11
   err NEAR (made within 20 ticks of the landing): +0:11
   err far  (made earlier, can still be invalidated): -
   NEAR + $5C seen at the time : +0:11
   NEAR + every frozen tick    : +0:11
   last descent, landed on tick 103:
     t= 92 pred= 11 left= 11  y=    40 vy=  135168 ay=  -24576
     t= 93 pred= 10 left= 10  y=    42 vy=  110592 ay=  -24576
     t= 94 pred=  9 left=  9  y=    43 vy=   86016 ay=  -24576
     t= 95 pred=  8 left=  8  y=    44 vy=   61440 ay=  -24576
     t= 96 pred=  7 left=  7  y=    45 vy=   36864 ay=  -24576
     t= 97 pred=  6 left=  6  y=    45 vy=   12288 ay=  -24576
     t= 98 pred=  5 left=  5  y=    45 vy=  -12288 ay=  -24576
     t= 99 pred=  4 left=  4  y=    44 vy=  -36864 ay=  -24576
     t=100 pred=  3 left=  3  y=    43 vy=  -61440 ay=  -24576
     t=101 pred=  2 left=  2  y=    42 vy=  -86016 ay=  -24576
     t=102 pred=  1 left=  1  y=    40 vy= -110592 ay=  -24576
---- landing prediction ----
P1  landings=66  no_prediction_ticks=0
   err all : -22:110 -21:5 -20:5 -19:5 -18:5 -17:5 -16:5 -15:5 -14:5 -13:5 -12:5 -11:209 -10:18 -9:18 -8:18 -7:18 -6:18 -5:18 -4:18 -3:18 -2:18 -1:18 +0:1121 +5:99 +11:108 +16:117
   err NEAR (made within 20 ticks of the landing): -11:106 -10:17 -9:17 -8:17 -7:17 -6:17 -5:17 -4:17 -3:17 -2:17 -1:17 +0:795 +11:108 +16:117
   err far  (made earlier, can still be invalidated): -22:110 -21:5 -20:5 -19:5 -18:5 -17:5 -16:5 -15:5 -14:5 -13:5 -12:5 -11:103 -10:1 -9:1 -8:1 -7:1 -6:1 -5:1 -4:1 -3:1 -2:1 -1:1 +0:326 +5:99
   NEAR + $5C seen at the time : -11:89 +0:982 +11:108 +16:117
   NEAR + every frozen tick    : -1:187 +0:884 +11:108 +16:117
   last descent, landed on tick 97:
     t= 61 pred= 36 left= 36  y=    40 vy=  245760 ay=  -13312
     t= 62 pred= 35 left= 35  y=    43 vy=  232448 ay=  -13312
     t= 63 pred= 34 left= 34  y=    46 vy=  219136 ay=  -13312
     t= 64 pred= 33 left= 33  y=    50 vy=  205824 ay=  -13312
     t= 65 pred= 32 left= 32  y=    52 vy=  192512 ay=  -13312
     t= 66 pred= 31 left= 31  y=    55 vy=  179200 ay=  -13312
     t= 67 pred= 30 left= 30  y=    58 vy=  165888 ay=  -13312
     t= 68 pred= 29 left= 29  y=    60 vy=  152576 ay=  -13312
     t= 69 pred= 28 left= 28  y=    62 vy=  139264 ay=  -13312
     t= 70 pred= 27 left= 27  y=    64 vy=  125952 ay=  -13312
     t= 71 pred= 26 left= 26  y=    66 vy=  112640 ay=  -13312
     t= 72 pred= 25 left= 25  y=    67 vy=   99328 ay=  -13312
     t= 73 pred= 24 left= 24  y=    69 vy=   86016 ay=  -13312
     t= 74 pred= 23 left= 23  y=    70 vy=   72704 ay=  -13312
     t= 75 pred= 22 left= 22  y=    71 vy=   59392 ay=  -13312
     t= 76 pred= 21 left= 21  y=    71 vy=   46080 ay=  -13312
     t= 77 pred= 20 left= 20  y=    72 vy=   32768 ay=  -13312
     t= 78 pred= 19 left= 19  y=    72 vy=   19456 ay=  -13312
     t= 79 pred= 18 left= 18  y=    72 vy=    6144 ay=  -13312
     t= 80 pred= 17 left= 17  y=    72 vy=   -7168 ay=  -13312
     t= 81 pred= 16 left= 16  y=    72 vy=  -20480 ay=  -13312
     t= 82 pred= 15 left= 15  y=    71 vy=  -33792 ay=  -13312
     t= 83 pred= 14 left= 14  y=    71 vy=  -47104 ay=  -13312
     t= 84 pred= 13 left= 13  y=    70 vy=  -60416 ay=  -13312
     t= 85 pred= 12 left= 12  y=    69 vy=  -73728 ay=  -13312
     t= 86 pred= 11 left= 11  y=    67 vy=  -87040 ay=  -13312
     t= 87 pred= 10 left= 10  y=    66 vy= -100352 ay=  -13312
     t= 88 pred=  9 left=  9  y=    64 vy= -113664 ay=  -13312
     t= 89 pred=  8 left=  8  y=    62 vy= -126976 ay=  -13312
     t= 90 pred=  7 left=  7  y=    60 vy= -140288 ay=  -13312
     t= 91 pred=  6 left=  6  y=    58 vy= -153600 ay=  -13312
     t= 92 pred=  5 left=  5  y=    55 vy= -166912 ay=  -13312
     t= 93 pred=  4 left=  4  y=    52 vy= -180224 ay=  -13312
     t= 94 pred=  3 left=  3  y=    49 vy= -193536 ay=  -13312
     t= 95 pred=  2 left=  2  y=    46 vy= -206848 ay=  -13312
     t= 96 pred=  1 left=  1  y=    43 vy= -220160 ay=  -13312
P2  landings=2  no_prediction_ticks=12
   err all : +0:11
   err NEAR (made within 20 ticks of the landing): +0:11
   err far  (made earlier, can still be invalidated): -
   NEAR + $5C seen at the time : +0:11
   NEAR + every frozen tick    : +0:11
   last descent, landed on tick 103:
     t= 92 pred= 11 left= 11  y=    40 vy=  135168 ay=  -24576
     t= 93 pred= 10 left= 10  y=    42 vy=  110592 ay=  -24576
     t= 94 pred=  9 left=  9  y=    43 vy=   86016 ay=  -24576
     t= 95 pred=  8 left=  8  y=    44 vy=   61440 ay=  -24576
     t= 96 pred=  7 left=  7  y=    45 vy=   36864 ay=  -24576
     t= 97 pred=  6 left=  6  y=    45 vy=   12288 ay=  -24576
     t= 98 pred=  5 left=  5  y=    45 vy=  -12288 ay=  -24576
     t= 99 pred=  4 left=  4  y=    44 vy=  -36864 ay=  -24576
     t=100 pred=  3 left=  3  y=    43 vy=  -61440 ay=  -24576
     t=101 pred=  2 left=  2  y=    42 vy=  -86016 ay=  -24576
     t=102 pred=  1 left=  1  y=    40 vy= -110592 ay=  -24576
---- landing prediction ----
P1  landings=67  no_prediction_ticks=0
   err all : -22:110 -21:5 -20:5 -19:5 -18:5 -17:5 -16:5 -15:5 -14:5 -13:5 -12:5 -11:209 -10:18 -9:18 -8:18 -7:18 -6:18 -5:18 -4:18 -3:18 -2:18 -1:18 +0:1130 +5:99 +11:117 +16:117
   err NEAR (made within 20 ticks of the landing): -11:106 -10:17 -9:17 -8:17 -7:17 -6:17 -5:17 -4:17 -3:17 -2:17 -1:17 +0:804 +11:117 +16:117
   err far  (made earlier, can still be invalidated): -22:110 -21:5 -20:5 -19:5 -18:5 -17:5 -16:5 -15:5 -14:5 -13:5 -12:5 -11:103 -10:1 -9:1 -8:1 -7:1 -6:1 -5:1 -4:1 -3:1 -2:1 -1:1 +0:326 +5:99
   NEAR + $5C seen at the time : -11:89 +0:991 +11:117 +16:117
   NEAR + every frozen tick    : -1:187 +0:893 +11:117 +16:117
   last descent, landed on tick 152:
     t=134 pred= 29 left= 18  y=    40 vy=  786432 ay=  -53248
     t=135 pred= 28 left= 17  y=    51 vy=  733184 ay=  -53248
     t=136 pred= 27 left= 16  y=    61 vy=  679936 ay=  -53248
     t=137 pred= 26 left= 15  y=    71 vy=  626688 ay=  -53248
     t=138 pred= 25 left= 14  y=    79 vy=  573440 ay=  -53248
     t=139 pred= 24 left= 13  y=    87 vy=  520192 ay=  -53248
     t=140 pred= 23 left= 12  y=    94 vy=  466944 ay=  -53248
     t=141 pred= 22 left= 11  y=   101 vy=  413696 ay=  -53248
     t=142 pred= 21 left= 10  y=   106 vy=  360448 ay=  -53248
     t=143 pred=  9 left=  9  y=   111 vy=       0 ay= -106496
     t=144 pred=  8 left=  8  y=   109 vy= -106496 ay= -106496
     t=145 pred=  7 left=  7  y=   106 vy= -212992 ay= -106496
     t=146 pred=  6 left=  6  y=   101 vy= -319488 ay= -106496
     t=147 pred=  5 left=  5  y=    95 vy= -425984 ay= -106496
     t=148 pred=  4 left=  4  y=    87 vy= -532480 ay= -106496
     t=149 pred=  3 left=  3  y=    77 vy= -638976 ay= -106496
     t=150 pred=  2 left=  2  y=    65 vy= -745472 ay= -106496
     t=151 pred=  1 left=  1  y=    52 vy= -851968 ay= -106496
P2  landings=2  no_prediction_ticks=12
   err all : +0:11
   err NEAR (made within 20 ticks of the landing): +0:11
   err far  (made earlier, can still be invalidated): -
   NEAR + $5C seen at the time : +0:11
   NEAR + every frozen tick    : +0:11
   last descent, landed on tick 103:
     t= 92 pred= 11 left= 11  y=    40 vy=  135168 ay=  -24576
     t= 93 pred= 10 left= 10  y=    42 vy=  110592 ay=  -24576
     t= 94 pred=  9 left=  9  y=    43 vy=   86016 ay=  -24576
     t= 95 pred=  8 left=  8  y=    44 vy=   61440 ay=  -24576
     t= 96 pred=  7 left=  7  y=    45 vy=   36864 ay=  -24576
     t= 97 pred=  6 left=  6  y=    45 vy=   12288 ay=  -24576
     t= 98 pred=  5 left=  5  y=    45 vy=  -12288 ay=  -24576
     t= 99 pred=  4 left=  4  y=    44 vy=  -36864 ay=  -24576
     t=100 pred=  3 left=  3  y=    43 vy=  -61440 ay=  -24576
     t=101 pred=  2 left=  2  y=    42 vy=  -86016 ay=  -24576
     t=102 pred=  1 left=  1  y=    40 vy= -110592 ay=  -24576
---- landing prediction ----
P1  landings=68  no_prediction_ticks=0
   err all : -22:110 -21:5 -20:5 -19:5 -18:5 -17:5 -16:5 -15:5 -14:5 -13:5 -12:5 -11:209 -10:18 -9:18 -8:18 -7:18 -6:18 -5:18 -4:18 -3:18 -2:18 -1:18 +0:1166 +5:99 +11:117 +16:117
   err NEAR (made within 20 ticks of the landing): -11:106 -10:17 -9:17 -8:17 -7:17 -6:17 -5:17 -4:17 -3:17 -2:17 -1:17 +0:824 +11:117 +16:117
   err far  (made earlier, can still be invalidated): -22:110 -21:5 -20:5 -19:5 -18:5 -17:5 -16:5 -15:5 -14:5 -13:5 -12:5 -11:103 -10:1 -9:1 -8:1 -7:1 -6:1 -5:1 -4:1 -3:1 -2:1 -1:1 +0:342 +5:99
   NEAR + $5C seen at the time : -11:89 +0:1011 +11:117 +16:117
   NEAR + every frozen tick    : -1:187 +0:913 +11:117 +16:117
   last descent, landed on tick 219:
     t=183 pred= 36 left= 36  y=    40 vy=  245760 ay=  -13312
     t=184 pred= 35 left= 35  y=    43 vy=  232448 ay=  -13312
     t=185 pred= 34 left= 34  y=    46 vy=  219136 ay=  -13312
     t=186 pred= 33 left= 33  y=    50 vy=  205824 ay=  -13312
     t=187 pred= 32 left= 32  y=    52 vy=  192512 ay=  -13312
     t=188 pred= 31 left= 31  y=    55 vy=  179200 ay=  -13312
     t=189 pred= 30 left= 30  y=    58 vy=  165888 ay=  -13312
     t=190 pred= 29 left= 29  y=    60 vy=  152576 ay=  -13312
     t=191 pred= 28 left= 28  y=    62 vy=  139264 ay=  -13312
     t=192 pred= 27 left= 27  y=    64 vy=  125952 ay=  -13312
     t=193 pred= 26 left= 26  y=    66 vy=  112640 ay=  -13312
     t=194 pred= 25 left= 25  y=    67 vy=   99328 ay=  -13312
     t=195 pred= 24 left= 24  y=    69 vy=   86016 ay=  -13312
     t=196 pred= 23 left= 23  y=    70 vy=   72704 ay=  -13312
     t=197 pred= 22 left= 22  y=    71 vy=   59392 ay=  -13312
     t=198 pred= 21 left= 21  y=    71 vy=   46080 ay=  -13312
     t=199 pred= 20 left= 20  y=    72 vy=   32768 ay=  -13312
     t=200 pred= 19 left= 19  y=    72 vy=   19456 ay=  -13312
     t=201 pred= 18 left= 18  y=    72 vy=    6144 ay=  -13312
     t=202 pred= 17 left= 17  y=    72 vy=   -7168 ay=  -13312
     t=203 pred= 16 left= 16  y=    72 vy=  -20480 ay=  -13312
     t=204 pred= 15 left= 15  y=    71 vy=  -33792 ay=  -13312
     t=205 pred= 14 left= 14  y=    71 vy=  -47104 ay=  -13312
     t=206 pred= 13 left= 13  y=    70 vy=  -60416 ay=  -13312
     t=207 pred= 12 left= 12  y=    69 vy=  -73728 ay=  -13312
     t=208 pred= 11 left= 11  y=    67 vy=  -87040 ay=  -13312
     t=209 pred= 10 left= 10  y=    66 vy= -100352 ay=  -13312
     t=210 pred=  9 left=  9  y=    64 vy= -113664 ay=  -13312
     t=211 pred=  8 left=  8  y=    62 vy= -126976 ay=  -13312
     t=212 pred=  7 left=  7  y=    60 vy= -140288 ay=  -13312
     t=213 pred=  6 left=  6  y=    58 vy= -153600 ay=  -13312
     t=214 pred=  5 left=  5  y=    55 vy= -166912 ay=  -13312
     t=215 pred=  4 left=  4  y=    52 vy= -180224 ay=  -13312
     t=216 pred=  3 left=  3  y=    49 vy= -193536 ay=  -13312
     t=217 pred=  2 left=  2  y=    46 vy= -206848 ay=  -13312
     t=218 pred=  1 left=  1  y=    43 vy= -220160 ay=  -13312
P2  landings=2  no_prediction_ticks=12
   err all : +0:11
   err NEAR (made within 20 ticks of the landing): +0:11
   err far  (made earlier, can still be invalidated): -
   NEAR + $5C seen at the time : +0:11
   NEAR + every frozen tick    : +0:11
   last descent, landed on tick 103:
     t= 92 pred= 11 left= 11  y=    40 vy=  135168 ay=  -24576
     t= 93 pred= 10 left= 10  y=    42 vy=  110592 ay=  -24576
     t= 94 pred=  9 left=  9  y=    43 vy=   86016 ay=  -24576
     t= 95 pred=  8 left=  8  y=    44 vy=   61440 ay=  -24576
     t= 96 pred=  7 left=  7  y=    45 vy=   36864 ay=  -24576
     t= 97 pred=  6 left=  6  y=    45 vy=   12288 ay=  -24576
     t= 98 pred=  5 left=  5  y=    45 vy=  -12288 ay=  -24576
     t= 99 pred=  4 left=  4  y=    44 vy=  -36864 ay=  -24576
     t=100 pred=  3 left=  3  y=    43 vy=  -61440 ay=  -24576
     t=101 pred=  2 left=  2  y=    42 vy=  -86016 ay=  -24576
     t=102 pred=  1 left=  1  y=    40 vy= -110592 ay=  -24576
---- landing prediction ----
P1  landings=69  no_prediction_ticks=0
   err all : -22:110 -21:5 -20:5 -19:5 -18:5 -17:5 -16:5 -15:5 -14:5 -13:5 -12:5 -11:209 -10:18 -9:18 -8:18 -7:18 -6:18 -5:18 -4:18 -3:18 -2:18 -1:18 +0:1175 +5:99 +11:126 +16:117
   err NEAR (made within 20 ticks of the landing): -11:106 -10:17 -9:17 -8:17 -7:17 -6:17 -5:17 -4:17 -3:17 -2:17 -1:17 +0:833 +11:126 +16:117
   err far  (made earlier, can still be invalidated): -22:110 -21:5 -20:5 -19:5 -18:5 -17:5 -16:5 -15:5 -14:5 -13:5 -12:5 -11:103 -10:1 -9:1 -8:1 -7:1 -6:1 -5:1 -4:1 -3:1 -2:1 -1:1 +0:342 +5:99
   NEAR + $5C seen at the time : -11:89 +0:1020 +11:126 +16:117
   NEAR + every frozen tick    : -1:187 +0:922 +11:126 +16:117
   last descent, landed on tick 15:
     t=253 pred= 29 left= 18  y=    40 vy=  786432 ay=  -53248
     t=254 pred= 28 left= 17  y=    51 vy=  733184 ay=  -53248
     t=255 pred= 27 left= 16  y=    61 vy=  679936 ay=  -53248
     t=  0 pred= 26 left= 15  y=    71 vy=  626688 ay=  -53248
     t=  1 pred= 25 left= 14  y=    79 vy=  573440 ay=  -53248
     t=  2 pred= 24 left= 13  y=    87 vy=  520192 ay=  -53248
     t=  3 pred= 23 left= 12  y=    94 vy=  466944 ay=  -53248
     t=  4 pred= 22 left= 11  y=   101 vy=  413696 ay=  -53248
     t=  5 pred= 21 left= 10  y=   106 vy=  360448 ay=  -53248
     t=  6 pred=  9 left=  9  y=   111 vy=       0 ay= -106496
     t=  7 pred=  8 left=  8  y=   109 vy= -106496 ay= -106496
     t=  8 pred=  7 left=  7  y=   106 vy= -212992 ay= -106496
     t=  9 pred=  6 left=  6  y=   101 vy= -319488 ay= -106496
     t= 10 pred=  5 left=  5  y=    95 vy= -425984 ay= -106496
     t= 11 pred=  4 left=  4  y=    87 vy= -532480 ay= -106496
     t= 12 pred=  3 left=  3  y=    77 vy= -638976 ay= -106496
     t= 13 pred=  2 left=  2  y=    65 vy= -745472 ay= -106496
     t= 14 pred=  1 left=  1  y=    52 vy= -851968 ay= -106496
P2  landings=2  no_prediction_ticks=12
   err all : +0:11
   err NEAR (made within 20 ticks of the landing): +0:11
   err far  (made earlier, can still be invalidated): -
   NEAR + $5C seen at the time : +0:11
   NEAR + every frozen tick    : +0:11
   last descent, landed on tick 103:
     t= 92 pred= 11 left= 11  y=    40 vy=  135168 ay=  -24576
     t= 93 pred= 10 left= 10  y=    42 vy=  110592 ay=  -24576
     t= 94 pred=  9 left=  9  y=    43 vy=   86016 ay=  -24576
     t= 95 pred=  8 left=  8  y=    44 vy=   61440 ay=  -24576
     t= 96 pred=  7 left=  7  y=    45 vy=   36864 ay=  -24576
     t= 97 pred=  6 left=  6  y=    45 vy=   12288 ay=  -24576
     t= 98 pred=  5 left=  5  y=    45 vy=  -12288 ay=  -24576
     t= 99 pred=  4 left=  4  y=    44 vy=  -36864 ay=  -24576
     t=100 pred=  3 left=  3  y=    43 vy=  -61440 ay=  -24576
     t=101 pred=  2 left=  2  y=    42 vy=  -86016 ay=  -24576
     t=102 pred=  1 left=  1  y=    40 vy= -110592 ay=  -24576
---- landing prediction ----
P1  landings=70  no_prediction_ticks=0
   err all : -22:110 -21:5 -20:5 -19:5 -18:5 -17:5 -16:5 -15:5 -14:5 -13:5 -12:5 -11:217 -10:19 -9:19 -8:19 -7:19 -6:19 -5:19 -4:19 -3:19 -2:19 -1:19 +0:1179 +5:108 +11:126 +16:117
   err NEAR (made within 20 ticks of the landing): -11:112 -10:18 -9:18 -8:18 -7:18 -6:18 -5:18 -4:18 -3:18 -2:18 -1:18 +0:837 +11:126 +16:117
   err far  (made earlier, can still be invalidated): -22:110 -21:5 -20:5 -19:5 -18:5 -17:5 -16:5 -15:5 -14:5 -13:5 -12:5 -11:105 -10:1 -9:1 -8:1 -7:1 -6:1 -5:1 -4:1 -3:1 -2:1 -1:1 +0:342 +5:108
   NEAR + $5C seen at the time : -11:94 +0:1035 +11:126 +16:117
   NEAR + every frozen tick    : -1:198 +0:931 +11:126 +16:117
   last descent, landed on tick 73:
     t= 42 pred= 36 left= 31  y=    40 vy=  245760 ay=  -13312
     t= 43 pred= 35 left= 30  y=    43 vy=  232448 ay=  -13312
     t= 44 pred= 34 left= 29  y=    46 vy=  219136 ay=  -13312
     t= 45 pred= 33 left= 28  y=    50 vy=  205824 ay=  -13312
     t= 46 pred= 32 left= 27  y=    52 vy=  192512 ay=  -13312
     t= 47 pred= 31 left= 26  y=    55 vy=  179200 ay=  -13312
     t= 48 pred= 30 left= 25  y=    58 vy=  165888 ay=  -13312
     t= 49 pred= 29 left= 24  y=    60 vy=  152576 ay=  -13312
     t= 50 pred= 28 left= 23  y=    62 vy=  139264 ay=  -13312
     t= 51 pred= 11 left= 22  y=    64 vy=       0 ay=  -26624
     t= 52 pred= 10 left= 21  y=    64 vy=  -26624 ay=  -26624
     t= 53 pred=  9 left= 20  y=    63 vy=  -53248 ay=  -26624
     t= 54 pred=  8 left= 19  y=    62 vy=  -79872 ay=  -26624
     t= 55 pred=  7 left= 18  y=    60 vy= -106496 ay=  -26624
     t= 56 pred=  6 left= 17  y=    58 vy= -133120 ay=  -26624
     t= 57 pred=  5 left= 16  y=    56 vy= -159744 ay=  -26624
     t= 58 pred=  4 left= 15  y=    53 vy= -186368 ay=  -26624
     t= 59 pred=  4 left= 14  y=    53 vy= -186368 ay=  -26624
     t= 60 pred=  4 left= 13  y=    53 vy= -186368 ay=  -26624
     t= 61 pred=  4 left= 12  y=    53 vy= -186368 ay=  -26624
     t= 62 pred=  4 left= 11  y=    53 vy= -186368 ay=  -26624
     t= 63 pred=  4 left= 10  y=    53 vy= -186368 ay=  -26624
     t= 64 pred=  4 left=  9  y=    53 vy= -186368 ay=  -26624
     t= 65 pred=  4 left=  8  y=    53 vy= -186368 ay=  -26624
     t= 66 pred=  4 left=  7  y=    53 vy= -186368 ay=  -26624
     t= 67 pred=  4 left=  6  y=    53 vy= -186368 ay=  -26624
     t= 68 pred=  4 left=  5  y=    53 vy= -186368 ay=  -26624
     t= 69 pred=  4 left=  4  y=    53 vy= -186368 ay=  -26624
     t= 70 pred=  3 left=  3  y=    49 vy= -212992 ay=  -26624
     t= 71 pred=  2 left=  2  y=    46 vy= -239616 ay=  -26624
     t= 72 pred=  1 left=  1  y=    42 vy= -266240 ay=  -26624
P2  landings=2  no_prediction_ticks=12
   err all : +0:11
   err NEAR (made within 20 ticks of the landing): +0:11
   err far  (made earlier, can still be invalidated): -
   NEAR + $5C seen at the time : +0:11
   NEAR + every frozen tick    : +0:11
   last descent, landed on tick 103:
     t= 92 pred= 11 left= 11  y=    40 vy=  135168 ay=  -24576
     t= 93 pred= 10 left= 10  y=    42 vy=  110592 ay=  -24576
     t= 94 pred=  9 left=  9  y=    43 vy=   86016 ay=  -24576
     t= 95 pred=  8 left=  8  y=    44 vy=   61440 ay=  -24576
     t= 96 pred=  7 left=  7  y=    45 vy=   36864 ay=  -24576
     t= 97 pred=  6 left=  6  y=    45 vy=   12288 ay=  -24576
     t= 98 pred=  5 left=  5  y=    45 vy=  -12288 ay=  -24576
     t= 99 pred=  4 left=  4  y=    44 vy=  -36864 ay=  -24576
     t=100 pred=  3 left=  3  y=    43 vy=  -61440 ay=  -24576
     t=101 pred=  2 left=  2  y=    42 vy=  -86016 ay=  -24576
     t=102 pred=  1 left=  1  y=    40 vy= -110592 ay=  -24576
---- landing prediction ----
P1  landings=71  no_prediction_ticks=0
   err all : -22:110 -21:5 -20:5 -19:5 -18:5 -17:5 -16:5 -15:5 -14:5 -13:5 -12:5 -11:217 -10:19 -9:19 -8:19 -7:19 -6:19 -5:19 -4:19 -3:19 -2:19 -1:19 +0:1218 +5:108 +11:126 +16:117
   err NEAR (made within 20 ticks of the landing): -11:112 -10:18 -9:18 -8:18 -7:18 -6:18 -5:18 -4:18 -3:18 -2:18 -1:18 +0:857 +11:126 +16:117
   err far  (made earlier, can still be invalidated): -22:110 -21:5 -20:5 -19:5 -18:5 -17:5 -16:5 -15:5 -14:5 -13:5 -12:5 -11:105 -10:1 -9:1 -8:1 -7:1 -6:1 -5:1 -4:1 -3:1 -2:1 -1:1 +0:361 +5:108
   NEAR + $5C seen at the time : -11:94 +0:1055 +11:126 +16:117
   NEAR + every frozen tick    : -1:198 +0:951 +11:126 +16:117
   last descent, landed on tick 127:
     t= 88 pred= 39 left= 39  y=    40 vy=  630784 ay=  -32000
     t= 89 pred= 38 left= 38  y=    49 vy=  598784 ay=  -32000
     t= 90 pred= 37 left= 37  y=    57 vy=  566784 ay=  -32000
     t= 91 pred= 36 left= 36  y=    65 vy=  534784 ay=  -32000
     t= 92 pred= 35 left= 35  y=    73 vy=  502784 ay=  -32000
     t= 93 pred= 34 left= 34  y=    80 vy=  470784 ay=  -32000
     t= 94 pred= 33 left= 33  y=    87 vy=  438784 ay=  -32000
     t= 95 pred= 32 left= 32  y=    93 vy=  406784 ay=  -32000
     t= 96 pred= 31 left= 31  y=    99 vy=  374784 ay=  -32000
     t= 97 pred= 30 left= 30  y=   104 vy=  342784 ay=  -32000
     t= 98 pred= 29 left= 29  y=   109 vy=  310784 ay=  -32000
     t= 99 pred= 28 left= 28  y=   113 vy=  278784 ay=  -32000
     t=100 pred= 27 left= 27  y=   117 vy=  246784 ay=  -32000
     t=101 pred= 26 left= 26  y=   120 vy=  214784 ay=  -32000
     t=102 pred= 25 left= 25  y=   123 vy=  182784 ay=  -32000
     t=103 pred= 24 left= 24  y=   125 vy=  150784 ay=  -32000
     t=104 pred= 23 left= 23  y=   127 vy=  118784 ay=  -32000
     t=105 pred= 22 left= 22  y=   128 vy=   86784 ay=  -32000
     t=106 pred= 21 left= 21  y=   129 vy=   54784 ay=  -32000
     t=107 pred= 20 left= 20  y=   130 vy=   22784 ay=  -32000
     t=108 pred= 19 left= 19  y=   129 vy=   -9216 ay=  -32000
     t=109 pred= 18 left= 18  y=   129 vy=  -41216 ay=  -32000
     t=110 pred= 17 left= 17  y=   128 vy=  -73216 ay=  -32000
     t=111 pred= 16 left= 16  y=   126 vy= -105216 ay=  -32000
     t=112 pred= 15 left= 15  y=   124 vy= -137216 ay=  -32000
     t=113 pred= 14 left= 14  y=   121 vy= -169216 ay=  -32000
     t=114 pred= 13 left= 13  y=   118 vy= -201216 ay=  -32000
     t=115 pred= 12 left= 12  y=   115 vy= -233216 ay=  -32000
     t=116 pred= 11 left= 11  y=   111 vy= -265216 ay=  -32000
     t=117 pred= 10 left= 10  y=   106 vy= -297216 ay=  -32000
     t=118 pred=  9 left=  9  y=   101 vy= -329216 ay=  -32000
     t=119 pred=  8 left=  8  y=    96 vy= -361216 ay=  -32000
     t=120 pred=  7 left=  7  y=    90 vy= -393216 ay=  -32000
     t=121 pred=  6 left=  6  y=    83 vy= -425216 ay=  -32000
     t=122 pred=  5 left=  5  y=    76 vy= -457216 ay=  -32000
     t=123 pred=  4 left=  4  y=    69 vy= -489216 ay=  -32000
     t=124 pred=  3 left=  3  y=    61 vy= -521216 ay=  -32000
     t=125 pred=  2 left=  2  y=    52 vy= -553216 ay=  -32000
     t=126 pred=  1 left=  1  y=    43 vy= -585216 ay=  -32000
P2  landings=2  no_prediction_ticks=12
   err all : +0:11
   err NEAR (made within 20 ticks of the landing): +0:11
   err far  (made earlier, can still be invalidated): -
   NEAR + $5C seen at the time : +0:11
   NEAR + every frozen tick    : +0:11
   last descent, landed on tick 103:
     t= 92 pred= 11 left= 11  y=    40 vy=  135168 ay=  -24576
     t= 93 pred= 10 left= 10  y=    42 vy=  110592 ay=  -24576
     t= 94 pred=  9 left=  9  y=    43 vy=   86016 ay=  -24576
     t= 95 pred=  8 left=  8  y=    44 vy=   61440 ay=  -24576
     t= 96 pred=  7 left=  7  y=    45 vy=   36864 ay=  -24576
     t= 97 pred=  6 left=  6  y=    45 vy=   12288 ay=  -24576
     t= 98 pred=  5 left=  5  y=    45 vy=  -12288 ay=  -24576
     t= 99 pred=  4 left=  4  y=    44 vy=  -36864 ay=  -24576
     t=100 pred=  3 left=  3  y=    43 vy=  -61440 ay=  -24576
     t=101 pred=  2 left=  2  y=    42 vy=  -86016 ay=  -24576
     t=102 pred=  1 left=  1  y=    40 vy= -110592 ay=  -24576
---- landing prediction ----
P1  landings=72  no_prediction_ticks=0
   err all : -22:110 -21:5 -20:5 -19:5 -18:5 -17:5 -16:5 -15:5 -14:5 -13:5 -12:5 -11:226 -10:20 -9:20 -8:20 -7:20 -6:20 -5:20 -4:20 -3:20 -2:20 -1:20 +0:1221 +5:117 +11:126 +16:117
   err NEAR (made within 20 ticks of the landing): -11:119 -10:19 -9:19 -8:19 -7:19 -6:19 -5:19 -4:19 -3:19 -2:19 -1:19 +0:860 +11:126 +16:117
   err far  (made earlier, can still be invalidated): -22:110 -21:5 -20:5 -19:5 -18:5 -17:5 -16:5 -15:5 -14:5 -13:5 -12:5 -11:107 -10:1 -9:1 -8:1 -7:1 -6:1 -5:1 -4:1 -3:1 -2:1 -1:1 +0:361 +5:117
   NEAR + $5C seen at the time : -11:100 +0:1069 +11:126 +16:117
   NEAR + every frozen tick    : -1:209 +0:960 +11:126 +16:117
   last descent, landed on tick 164:
     t=133 pred= 36 left= 31  y=    40 vy=  245760 ay=  -13312
     t=134 pred= 35 left= 30  y=    43 vy=  232448 ay=  -13312
     t=135 pred= 34 left= 29  y=    46 vy=  219136 ay=  -13312
     t=136 pred= 33 left= 28  y=    50 vy=  205824 ay=  -13312
     t=137 pred= 32 left= 27  y=    52 vy=  192512 ay=  -13312
     t=138 pred= 31 left= 26  y=    55 vy=  179200 ay=  -13312
     t=139 pred= 30 left= 25  y=    58 vy=  165888 ay=  -13312
     t=140 pred= 29 left= 24  y=    60 vy=  152576 ay=  -13312
     t=141 pred= 28 left= 23  y=    62 vy=  139264 ay=  -13312
     t=142 pred= 11 left= 22  y=    64 vy=       0 ay=  -26624
     t=143 pred= 10 left= 21  y=    64 vy=  -26624 ay=  -26624
     t=144 pred=  9 left= 20  y=    63 vy=  -53248 ay=  -26624
     t=145 pred=  8 left= 19  y=    62 vy=  -79872 ay=  -26624
     t=146 pred=  7 left= 18  y=    60 vy= -106496 ay=  -26624
     t=147 pred=  6 left= 17  y=    58 vy= -133120 ay=  -26624
     t=148 pred=  5 left= 16  y=    56 vy= -159744 ay=  -26624
     t=149 pred=  4 left= 15  y=    53 vy= -186368 ay=  -26624
     t=150 pred=  3 left= 14  y=    49 vy= -212992 ay=  -26624
     t=151 pred=  3 left= 13  y=    49 vy= -212992 ay=  -26624
     t=152 pred=  3 left= 12  y=    49 vy= -212992 ay=  -26624
     t=153 pred=  3 left= 11  y=    49 vy= -212992 ay=  -26624
     t=154 pred=  3 left= 10  y=    49 vy= -212992 ay=  -26624
     t=155 pred=  3 left=  9  y=    49 vy= -212992 ay=  -26624
     t=156 pred=  3 left=  8  y=    49 vy= -212992 ay=  -26624
     t=157 pred=  3 left=  7  y=    49 vy= -212992 ay=  -26624
     t=158 pred=  3 left=  6  y=    49 vy= -212992 ay=  -26624
     t=159 pred=  3 left=  5  y=    49 vy= -212992 ay=  -26624
     t=160 pred=  3 left=  4  y=    49 vy= -212992 ay=  -26624
     t=161 pred=  3 left=  3  y=    49 vy= -212992 ay=  -26624
     t=162 pred=  2 left=  2  y=    46 vy= -239616 ay=  -26624
     t=163 pred=  1 left=  1  y=    42 vy= -266240 ay=  -26624
P2  landings=2  no_prediction_ticks=12
   err all : +0:11
   err NEAR (made within 20 ticks of the landing): +0:11
   err far  (made earlier, can still be invalidated): -
   NEAR + $5C seen at the time : +0:11
   NEAR + every frozen tick    : +0:11
   last descent, landed on tick 103:
     t= 92 pred= 11 left= 11  y=    40 vy=  135168 ay=  -24576
     t= 93 pred= 10 left= 10  y=    42 vy=  110592 ay=  -24576
     t= 94 pred=  9 left=  9  y=    43 vy=   86016 ay=  -24576
     t= 95 pred=  8 left=  8  y=    44 vy=   61440 ay=  -24576
     t= 96 pred=  7 left=  7  y=    45 vy=   36864 ay=  -24576
     t= 97 pred=  6 left=  6  y=    45 vy=   12288 ay=  -24576
     t= 98 pred=  5 left=  5  y=    45 vy=  -12288 ay=  -24576
     t= 99 pred=  4 left=  4  y=    44 vy=  -36864 ay=  -24576
     t=100 pred=  3 left=  3  y=    43 vy=  -61440 ay=  -24576
     t=101 pred=  2 left=  2  y=    42 vy=  -86016 ay=  -24576
     t=102 pred=  1 left=  1  y=    40 vy= -110592 ay=  -24576
---- landing prediction ----
P1  landings=73  no_prediction_ticks=0
   err all : -22:121 -21:6 -20:6 -19:6 -18:6 -17:6 -16:6 -15:6 -14:6 -13:6 -12:6 -11:248 -10:21 -9:21 -8:21 -7:21 -6:21 -5:21 -4:21 -3:21 -2:21 -1:21 +0:1226 +5:117 +11:126 +16:117
   err NEAR (made within 20 ticks of the landing): -11:124 -10:20 -9:20 -8:20 -7:20 -6:20 -5:20 -4:20 -3:20 -2:20 -1:20 +0:865 +11:126 +16:117
   err far  (made earlier, can still be invalidated): -22:121 -21:6 -20:6 -19:6 -18:6 -17:6 -16:6 -15:6 -14:6 -13:6 -12:6 -11:124 -10:1 -9:1 -8:1 -7:1 -6:1 -5:1 -4:1 -3:1 -2:1 -1:1 +0:361 +5:117
   NEAR + $5C seen at the time : -11:104 +0:1085 +11:126 +16:117
   NEAR + every frozen tick    : -1:220 +0:969 +11:126 +16:117
   last descent, landed on tick 243:
     t=185 pred= 36 left= 58  y=    40 vy=  245760 ay=  -13312
     t=186 pred= 35 left= 57  y=    43 vy=  232448 ay=  -13312
     t=187 pred= 34 left= 56  y=    46 vy=  219136 ay=  -13312
     t=188 pred= 33 left= 55  y=    50 vy=  205824 ay=  -13312
     t=189 pred= 32 left= 54  y=    52 vy=  192512 ay=  -13312
     t=190 pred= 31 left= 53  y=    55 vy=  179200 ay=  -13312
     t=191 pred= 30 left= 52  y=    58 vy=  165888 ay=  -13312
     t=192 pred= 29 left= 51  y=    60 vy=  152576 ay=  -13312
     t=193 pred= 28 left= 50  y=    62 vy=  139264 ay=  -13312
     t=194 pred= 27 left= 49  y=    64 vy=  125952 ay=  -13312
     t=195 pred= 26 left= 48  y=    66 vy=  112640 ay=  -13312
     t=196 pred= 26 left= 47  y=    66 vy=  112640 ay=  -13312
     t=197 pred= 26 left= 46  y=    66 vy=  112640 ay=  -13312
     t=198 pred= 26 left= 45  y=    66 vy=  112640 ay=  -13312
     t=199 pred= 26 left= 44  y=    66 vy=  112640 ay=  -13312
     t=200 pred= 26 left= 43  y=    66 vy=  112640 ay=  -13312
     t=201 pred= 26 left= 42  y=    66 vy=  112640 ay=  -13312
     t=202 pred= 26 left= 41  y=    66 vy=  112640 ay=  -13312
     t=203 pred= 26 left= 40  y=    66 vy=  112640 ay=  -13312
     t=204 pred= 26 left= 39  y=    66 vy=  112640 ay=  -13312
     t=205 pred= 26 left= 38  y=    66 vy=  112640 ay=  -13312
     t=206 pred= 26 left= 37  y=    66 vy=  112640 ay=  -13312
     t=207 pred= 25 left= 36  y=    67 vy=   99328 ay=  -13312
     t=208 pred= 24 left= 35  y=    69 vy=   86016 ay=  -13312
     t=209 pred= 23 left= 34  y=    70 vy=   72704 ay=  -13312
     t=210 pred= 22 left= 33  y=    71 vy=   59392 ay=  -13312
     t=211 pred= 21 left= 32  y=    71 vy=   46080 ay=  -13312
     t=212 pred= 20 left= 31  y=    72 vy=   32768 ay=  -13312
     t=213 pred= 19 left= 30  y=    72 vy=   19456 ay=  -13312
     t=214 pred= 18 left= 29  y=    72 vy=    6144 ay=  -13312
     t=215 pred= 17 left= 28  y=    72 vy=   -7168 ay=  -13312
     t=216 pred= 16 left= 27  y=    72 vy=  -20480 ay=  -13312
     t=217 pred= 15 left= 26  y=    71 vy=  -33792 ay=  -13312
     t=218 pred= 14 left= 25  y=    71 vy=  -47104 ay=  -13312
     t=219 pred= 13 left= 24  y=    70 vy=  -60416 ay=  -13312
     t=220 pred= 12 left= 23  y=    69 vy=  -73728 ay=  -13312
     t=221 pred= 11 left= 22  y=    67 vy=  -87040 ay=  -13312
     t=222 pred= 10 left= 21  y=    66 vy= -100352 ay=  -13312
     t=223 pred=  9 left= 20  y=    64 vy= -113664 ay=  -13312
     t=224 pred=  8 left= 19  y=    62 vy= -126976 ay=  -13312
P2  landings=2  no_prediction_ticks=12
   err all : +0:11
   err NEAR (made within 20 ticks of the landing): +0:11
   err far  (made earlier, can still be invalidated): -
   NEAR + $5C seen at the time : +0:11
   NEAR + every frozen tick    : +0:11
   last descent, landed on tick 103:
     t= 92 pred= 11 left= 11  y=    40 vy=  135168 ay=  -24576
     t= 93 pred= 10 left= 10  y=    42 vy=  110592 ay=  -24576
     t= 94 pred=  9 left=  9  y=    43 vy=   86016 ay=  -24576
     t= 95 pred=  8 left=  8  y=    44 vy=   61440 ay=  -24576
     t= 96 pred=  7 left=  7  y=    45 vy=   36864 ay=  -24576
     t= 97 pred=  6 left=  6  y=    45 vy=   12288 ay=  -24576
     t= 98 pred=  5 left=  5  y=    45 vy=  -12288 ay=  -24576
     t= 99 pred=  4 left=  4  y=    44 vy=  -36864 ay=  -24576
     t=100 pred=  3 left=  3  y=    43 vy=  -61440 ay=  -24576
     t=101 pred=  2 left=  2  y=    42 vy=  -86016 ay=  -24576
     t=102 pred=  1 left=  1  y=    40 vy= -110592 ay=  -24576
---- landing prediction ----
P1  landings=74  no_prediction_ticks=0
   err all : -22:121 -21:6 -20:6 -19:6 -18:6 -17:6 -16:6 -15:6 -14:6 -13:6 -12:6 -11:256 -10:22 -9:22 -8:22 -7:22 -6:22 -5:22 -4:22 -3:22 -2:22 -1:22 +0:1230 +5:126 +11:126 +16:117
   err NEAR (made within 20 ticks of the landing): -11:130 -10:21 -9:21 -8:21 -7:21 -6:21 -5:21 -4:21 -3:21 -2:21 -1:21 +0:869 +11:126 +16:117
   err far  (made earlier, can still be invalidated): -22:121 -21:6 -20:6 -19:6 -18:6 -17:6 -16:6 -15:6 -14:6 -13:6 -12:6 -11:126 -10:1 -9:1 -8:1 -7:1 -6:1 -5:1 -4:1 -3:1 -2:1 -1:1 +0:361 +5:126
   NEAR + $5C seen at the time : -11:109 +0:1100 +11:126 +16:117
   NEAR + every frozen tick    : -1:231 +0:978 +11:126 +16:117
   last descent, landed on tick 54:
     t= 23 pred= 36 left= 31  y=    40 vy=  245760 ay=  -13312
     t= 24 pred= 35 left= 30  y=    43 vy=  232448 ay=  -13312
     t= 25 pred= 34 left= 29  y=    46 vy=  219136 ay=  -13312
     t= 26 pred= 33 left= 28  y=    50 vy=  205824 ay=  -13312
     t= 27 pred= 32 left= 27  y=    52 vy=  192512 ay=  -13312
     t= 28 pred= 31 left= 26  y=    55 vy=  179200 ay=  -13312
     t= 29 pred= 30 left= 25  y=    58 vy=  165888 ay=  -13312
     t= 30 pred= 29 left= 24  y=    60 vy=  152576 ay=  -13312
     t= 31 pred= 28 left= 23  y=    62 vy=  139264 ay=  -13312
     t= 32 pred= 11 left= 22  y=    64 vy=       0 ay=  -26624
     t= 33 pred= 10 left= 21  y=    64 vy=  -26624 ay=  -26624
     t= 34 pred=  9 left= 20  y=    63 vy=  -53248 ay=  -26624
     t= 35 pred=  8 left= 19  y=    62 vy=  -79872 ay=  -26624
     t= 36 pred=  7 left= 18  y=    60 vy= -106496 ay=  -26624
     t= 37 pred=  6 left= 17  y=    58 vy= -133120 ay=  -26624
     t= 38 pred=  5 left= 16  y=    56 vy= -159744 ay=  -26624
     t= 39 pred=  4 left= 15  y=    53 vy= -186368 ay=  -26624
     t= 40 pred=  4 left= 14  y=    53 vy= -186368 ay=  -26624
     t= 41 pred=  4 left= 13  y=    53 vy= -186368 ay=  -26624
     t= 42 pred=  4 left= 12  y=    53 vy= -186368 ay=  -26624
     t= 43 pred=  4 left= 11  y=    53 vy= -186368 ay=  -26624
     t= 44 pred=  4 left= 10  y=    53 vy= -186368 ay=  -26624
     t= 45 pred=  4 left=  9  y=    53 vy= -186368 ay=  -26624
     t= 46 pred=  4 left=  8  y=    53 vy= -186368 ay=  -26624
     t= 47 pred=  4 left=  7  y=    53 vy= -186368 ay=  -26624
     t= 48 pred=  4 left=  6  y=    53 vy= -186368 ay=  -26624
     t= 49 pred=  4 left=  5  y=    53 vy= -186368 ay=  -26624
     t= 50 pred=  4 left=  4  y=    53 vy= -186368 ay=  -26624
     t= 51 pred=  3 left=  3  y=    49 vy= -212992 ay=  -26624
     t= 52 pred=  2 left=  2  y=    46 vy= -239616 ay=  -26624
     t= 53 pred=  1 left=  1  y=    42 vy= -266240 ay=  -26624
P2  landings=2  no_prediction_ticks=12
   err all : +0:11
   err NEAR (made within 20 ticks of the landing): +0:11
   err far  (made earlier, can still be invalidated): -
   NEAR + $5C seen at the time : +0:11
   NEAR + every frozen tick    : +0:11
   last descent, landed on tick 103:
     t= 92 pred= 11 left= 11  y=    40 vy=  135168 ay=  -24576
     t= 93 pred= 10 left= 10  y=    42 vy=  110592 ay=  -24576
     t= 94 pred=  9 left=  9  y=    43 vy=   86016 ay=  -24576
     t= 95 pred=  8 left=  8  y=    44 vy=   61440 ay=  -24576
     t= 96 pred=  7 left=  7  y=    45 vy=   36864 ay=  -24576
     t= 97 pred=  6 left=  6  y=    45 vy=   12288 ay=  -24576
     t= 98 pred=  5 left=  5  y=    45 vy=  -12288 ay=  -24576
     t= 99 pred=  4 left=  4  y=    44 vy=  -36864 ay=  -24576
     t=100 pred=  3 left=  3  y=    43 vy=  -61440 ay=  -24576
     t=101 pred=  2 left=  2  y=    42 vy=  -86016 ay=  -24576
     t=102 pred=  1 left=  1  y=    40 vy= -110592 ay=  -24576
---- landing prediction ----
P1  landings=75  no_prediction_ticks=0
   err all : -22:121 -21:6 -20:6 -19:6 -18:6 -17:6 -16:6 -15:6 -14:6 -13:6 -12:6 -11:256 -10:22 -9:22 -8:22 -7:22 -6:22 -5:22 -4:22 -3:22 -2:22 -1:22 +0:1259 +5:126 +11:126 +16:117
   err NEAR (made within 20 ticks of the landing): -11:130 -10:21 -9:21 -8:21 -7:21 -6:21 -5:21 -4:21 -3:21 -2:21 -1:21 +0:889 +11:126 +16:117
   err far  (made earlier, can still be invalidated): -22:121 -21:6 -20:6 -19:6 -18:6 -17:6 -16:6 -15:6 -14:6 -13:6 -12:6 -11:126 -10:1 -9:1 -8:1 -7:1 -6:1 -5:1 -4:1 -3:1 -2:1 -1:1 +0:370 +5:126
   NEAR + $5C seen at the time : -11:109 +0:1120 +11:126 +16:117
   NEAR + every frozen tick    : -1:231 +0:998 +11:126 +16:117
   last descent, landed on tick 143:
     t=114 pred= 29 left= 29  y=    40 vy=  786432 ay=  -53248
     t=115 pred= 28 left= 28  y=    51 vy=  733184 ay=  -53248
     t=116 pred= 27 left= 27  y=    61 vy=  679936 ay=  -53248
     t=117 pred= 26 left= 26  y=    71 vy=  626688 ay=  -53248
     t=118 pred= 25 left= 25  y=    79 vy=  573440 ay=  -53248
     t=119 pred= 24 left= 24  y=    87 vy=  520192 ay=  -53248
     t=120 pred= 23 left= 23  y=    94 vy=  466944 ay=  -53248
     t=121 pred= 22 left= 22  y=   101 vy=  413696 ay=  -53248
     t=122 pred= 21 left= 21  y=   106 vy=  360448 ay=  -53248
     t=123 pred= 20 left= 20  y=   111 vy=  307200 ay=  -53248
     t=124 pred= 19 left= 19  y=   115 vy=  253952 ay=  -53248
     t=125 pred= 18 left= 18  y=   118 vy=  200704 ay=  -53248
     t=126 pred= 17 left= 17  y=   120 vy=  147456 ay=  -53248
     t=127 pred= 16 left= 16  y=   122 vy=   94208 ay=  -53248
     t=128 pred= 15 left= 15  y=   122 vy=   40960 ay=  -53248
     t=129 pred= 14 left= 14  y=   122 vy=  -12288 ay=  -53248
     t=130 pred= 13 left= 13  y=   121 vy=  -65536 ay=  -53248
     t=131 pred= 12 left= 12  y=   119 vy= -118784 ay=  -53248
     t=132 pred= 11 left= 11  y=   117 vy= -172032 ay=  -53248
     t=133 pred= 10 left= 10  y=   113 vy= -225280 ay=  -53248
     t=134 pred=  9 left=  9  y=   109 vy= -278528 ay=  -53248
     t=135 pred=  8 left=  8  y=   104 vy= -331776 ay=  -53248
     t=136 pred=  7 left=  7  y=    98 vy= -385024 ay=  -53248
     t=137 pred=  6 left=  6  y=    91 vy= -438272 ay=  -53248
     t=138 pred=  5 left=  5  y=    84 vy= -491520 ay=  -53248
     t=139 pred=  4 left=  4  y=    75 vy= -544768 ay=  -53248
     t=140 pred=  3 left=  3  y=    66 vy= -598016 ay=  -53248
     t=141 pred=  2 left=  2  y=    56 vy= -651264 ay=  -53248
     t=142 pred=  1 left=  1  y=    46 vy= -704512 ay=  -53248
P2  landings=2  no_prediction_ticks=12
   err all : +0:11
   err NEAR (made within 20 ticks of the landing): +0:11
   err far  (made earlier, can still be invalidated): -
   NEAR + $5C seen at the time : +0:11
   NEAR + every frozen tick    : +0:11
   last descent, landed on tick 103:
     t= 92 pred= 11 left= 11  y=    40 vy=  135168 ay=  -24576
     t= 93 pred= 10 left= 10  y=    42 vy=  110592 ay=  -24576
     t= 94 pred=  9 left=  9  y=    43 vy=   86016 ay=  -24576
     t= 95 pred=  8 left=  8  y=    44 vy=   61440 ay=  -24576
     t= 96 pred=  7 left=  7  y=    45 vy=   36864 ay=  -24576
     t= 97 pred=  6 left=  6  y=    45 vy=   12288 ay=  -24576
     t= 98 pred=  5 left=  5  y=    45 vy=  -12288 ay=  -24576
     t= 99 pred=  4 left=  4  y=    44 vy=  -36864 ay=  -24576
     t=100 pred=  3 left=  3  y=    43 vy=  -61440 ay=  -24576
     t=101 pred=  2 left=  2  y=    42 vy=  -86016 ay=  -24576
     t=102 pred=  1 left=  1  y=    40 vy= -110592 ay=  -24576
---- landing prediction ----
P1  landings=76  no_prediction_ticks=0
   err all : -22:121 -21:6 -20:6 -19:6 -18:6 -17:6 -16:6 -15:6 -14:6 -13:6 -12:6 -11:256 -10:22 -9:22 -8:22 -7:22 -6:22 -5:22 -4:22 -3:22 -2:22 -1:22 +0:1270 +5:126 +11:126 +16:126
   err NEAR (made within 20 ticks of the landing): -11:130 -10:21 -9:21 -8:21 -7:21 -6:21 -5:21 -4:21 -3:21 -2:21 -1:21 +0:900 +11:126 +16:126
   err far  (made earlier, can still be invalidated): -22:121 -21:6 -20:6 -19:6 -18:6 -17:6 -16:6 -15:6 -14:6 -13:6 -12:6 -11:126 -10:1 -9:1 -8:1 -7:1 -6:1 -5:1 -4:1 -3:1 -2:1 -1:1 +0:370 +5:126
   NEAR + $5C seen at the time : -11:109 +0:1131 +11:126 +16:126
   NEAR + every frozen tick    : -1:231 +0:1009 +11:126 +16:126
   last descent, landed on tick 166:
     t=146 pred= 36 left= 20  y=    40 vy=  245760 ay=  -13312
     t=147 pred= 35 left= 19  y=    43 vy=  232448 ay=  -13312
     t=148 pred= 34 left= 18  y=    46 vy=  219136 ay=  -13312
     t=149 pred= 33 left= 17  y=    50 vy=  205824 ay=  -13312
     t=150 pred= 32 left= 16  y=    52 vy=  192512 ay=  -13312
     t=151 pred= 31 left= 15  y=    55 vy=  179200 ay=  -13312
     t=152 pred= 30 left= 14  y=    58 vy=  165888 ay=  -13312
     t=153 pred= 29 left= 13  y=    60 vy=  152576 ay=  -13312
     t=154 pred= 28 left= 12  y=    62 vy=  139264 ay=  -13312
     t=155 pred= 11 left= 11  y=    64 vy=       0 ay=  -26624
     t=156 pred= 10 left= 10  y=    64 vy=  -26624 ay=  -26624
     t=157 pred=  9 left=  9  y=    63 vy=  -53248 ay=  -26624
     t=158 pred=  8 left=  8  y=    62 vy=  -79872 ay=  -26624
     t=159 pred=  7 left=  7  y=    60 vy= -106496 ay=  -26624
     t=160 pred=  6 left=  6  y=    58 vy= -133120 ay=  -26624
     t=161 pred=  5 left=  5  y=    56 vy= -159744 ay=  -26624
     t=162 pred=  4 left=  4  y=    53 vy= -186368 ay=  -26624
     t=163 pred=  3 left=  3  y=    49 vy= -212992 ay=  -26624
     t=164 pred=  2 left=  2  y=    46 vy= -239616 ay=  -26624
     t=165 pred=  1 left=  1  y=    42 vy= -266240 ay=  -26624
P2  landings=2  no_prediction_ticks=12
   err all : +0:11
   err NEAR (made within 20 ticks of the landing): +0:11
   err far  (made earlier, can still be invalidated): -
   NEAR + $5C seen at the time : +0:11
   NEAR + every frozen tick    : +0:11
   last descent, landed on tick 103:
     t= 92 pred= 11 left= 11  y=    40 vy=  135168 ay=  -24576
     t= 93 pred= 10 left= 10  y=    42 vy=  110592 ay=  -24576
     t= 94 pred=  9 left=  9  y=    43 vy=   86016 ay=  -24576
     t= 95 pred=  8 left=  8  y=    44 vy=   61440 ay=  -24576
     t= 96 pred=  7 left=  7  y=    45 vy=   36864 ay=  -24576
     t= 97 pred=  6 left=  6  y=    45 vy=   12288 ay=  -24576
     t= 98 pred=  5 left=  5  y=    45 vy=  -12288 ay=  -24576
     t= 99 pred=  4 left=  4  y=    44 vy=  -36864 ay=  -24576
     t=100 pred=  3 left=  3  y=    43 vy=  -61440 ay=  -24576
     t=101 pred=  2 left=  2  y=    42 vy=  -86016 ay=  -24576
     t=102 pred=  1 left=  1  y=    40 vy= -110592 ay=  -24576
---- landing prediction ----
P1  landings=77  no_prediction_ticks=0
   err all : -45:34 -38:1 -36:1 -34:1 -32:1 -30:1 -28:1 -26:1 -24:1 -22:122 -21:6 -20:7 -19:6 -18:7 -17:6 -16:7 -15:6 -14:7 -13:6 -12:7 -11:256 -10:23 -9:23 -8:23 -7:23 -6:23 -5:23 -4:23 -3:23 -2:23 -1:23 +0:1274 +5:126 +11:126 +16:126
   err NEAR (made within 20 ticks of the landing): -16:1 -14:1 -12:1 -11:130 -10:22 -9:22 -8:22 -7:22 -6:22 -5:22 -4:22 -3:22 -2:22 -1:22 +0:904 +11:126 +16:126
   err far  (made earlier, can still be invalidated): -45:34 -38:1 -36:1 -34:1 -32:1 -30:1 -28:1 -26:1 -24:1 -22:122 -21:6 -20:7 -19:6 -18:7 -17:6 -16:6 -15:6 -14:6 -13:6 -12:6 -11:126 -10:1 -9:1 -8:1 -7:1 -6:1 -5:1 -4:1 -3:1 -2:1 -1:1 +0:370 +5:126
   NEAR + $5C seen at the time : -11:109 -3:1 -2:1 -1:1 +0:1145 +11:126 +16:126
   NEAR + every frozen tick    : -4:1 -3:1 -2:1 -1:241 +0:1013 +11:126 +16:126
   last descent, landed on tick 52:
     t=225 pred= 38 left= 83  y=    40 vy=  622592 ay=  -32000
     t=226 pred= 37 left= 82  y=    49 vy=  590592 ay=  -32000
     t=227 pred= 36 left= 81  y=    57 vy=  558592 ay=  -32000
     t=228 pred= 35 left= 80  y=    65 vy=  526592 ay=  -32000
     t=229 pred= 34 left= 79  y=    73 vy=  494592 ay=  -32000
     t=230 pred= 33 left= 78  y=    80 vy=  462592 ay=  -32000
     t=231 pred= 32 left= 77  y=    86 vy=  430592 ay=  -32000
     t=232 pred= 31 left= 76  y=    92 vy=  398592 ay=  -32000
     t=233 pred= 30 left= 75  y=    98 vy=  366592 ay=  -32000
     t=234 pred= 29 left= 74  y=   103 vy=  334592 ay=  -32000
     t=235 pred= 28 left= 73  y=   108 vy=  302592 ay=  -32000
     t=236 pred= 27 left= 72  y=   112 vy=  270592 ay=  -32000
     t=237 pred= 26 left= 71  y=   115 vy=  238592 ay=  -32000
     t=238 pred= 25 left= 70  y=   119 vy=  206592 ay=  -32000
     t=239 pred= 24 left= 69  y=   121 vy=  174592 ay=  -32000
     t=240 pred= 23 left= 68  y=   123 vy=  142592 ay=  -32000
     t=241 pred= 22 left= 67  y=   125 vy=  110592 ay=  -32000
     t=242 pred= 21 left= 66  y=   126 vy=   78592 ay=  -32000
     t=243 pred= 20 left= 65  y=   127 vy=   46592 ay=  -32000
     t=244 pred= 19 left= 64  y=   127 vy=   14592 ay=  -32000
     t=245 pred= 18 left= 63  y=   127 vy=  -17408 ay=  -32000
     t=246 pred= 17 left= 62  y=   126 vy=  -49408 ay=  -32000
     t=247 pred= 16 left= 61  y=   125 vy=  -81408 ay=  -32000
     t=248 pred= 15 left= 60  y=   123 vy= -113408 ay=  -32000
     t=249 pred= 14 left= 59  y=   121 vy= -145408 ay=  -32000
     t=250 pred= 13 left= 58  y=   118 vy= -177408 ay=  -32000
     t=251 pred= 12 left= 57  y=   115 vy= -209408 ay=  -32000
     t=252 pred= 11 left= 56  y=   111 vy= -241408 ay=  -32000
     t=253 pred= 10 left= 55  y=   107 vy= -273408 ay=  -32000
     t=254 pred=  9 left= 54  y=   103 vy= -305408 ay=  -32000
     t=255 pred=  8 left= 53  y=    97 vy= -337408 ay=  -32000
     t=  0 pred=  7 left= 52  y=    92 vy= -369408 ay=  -32000
     t=  1 pred=  6 left= 51  y=    86 vy= -401408 ay=  -32000
     t=  2 pred=  5 left= 50  y=    79 vy= -433408 ay=  -32000
     t= 10 pred=  4 left= 42  y=    72 vy= -465408 ay=  -32000
     t= 12 pred=  4 left= 40  y=    72 vy= -465408 ay=  -32000
     t= 14 pred=  4 left= 38  y=    72 vy= -465408 ay=  -32000
     t= 16 pred=  4 left= 36  y=    72 vy= -465408 ay=  -32000
     t= 18 pred=  4 left= 34  y=    72 vy= -465408 ay=  -32000
     t= 20 pred=  4 left= 32  y=    72 vy= -465408 ay=  -32000
P2  landings=2  no_prediction_ticks=12
   err all : +0:11
   err NEAR (made within 20 ticks of the landing): +0:11
   err far  (made earlier, can still be invalidated): -
   NEAR + $5C seen at the time : +0:11
   NEAR + every frozen tick    : +0:11
   last descent, landed on tick 103:
     t= 92 pred= 11 left= 11  y=    40 vy=  135168 ay=  -24576
     t= 93 pred= 10 left= 10  y=    42 vy=  110592 ay=  -24576
     t= 94 pred=  9 left=  9  y=    43 vy=   86016 ay=  -24576
     t= 95 pred=  8 left=  8  y=    44 vy=   61440 ay=  -24576
     t= 96 pred=  7 left=  7  y=    45 vy=   36864 ay=  -24576
     t= 97 pred=  6 left=  6  y=    45 vy=   12288 ay=  -24576
     t= 98 pred=  5 left=  5  y=    45 vy=  -12288 ay=  -24576
     t= 99 pred=  4 left=  4  y=    44 vy=  -36864 ay=  -24576
     t=100 pred=  3 left=  3  y=    43 vy=  -61440 ay=  -24576
     t=101 pred=  2 left=  2  y=    42 vy=  -86016 ay=  -24576
     t=102 pred=  1 left=  1  y=    40 vy= -110592 ay=  -24576
---- landing prediction ----
P1  landings=77  no_prediction_ticks=0
   err all : -45:34 -38:1 -36:1 -34:1 -32:1 -30:1 -28:1 -26:1 -24:1 -22:122 -21:6 -20:7 -19:6 -18:7 -17:6 -16:7 -15:6 -14:7 -13:6 -12:7 -11:256 -10:23 -9:23 -8:23 -7:23 -6:23 -5:23 -4:23 -3:23 -2:23 -1:23 +0:1274 +5:126 +11:126 +16:126
   err NEAR (made within 20 ticks of the landing): -16:1 -14:1 -12:1 -11:130 -10:22 -9:22 -8:22 -7:22 -6:22 -5:22 -4:22 -3:22 -2:22 -1:22 +0:904 +11:126 +16:126
   err far  (made earlier, can still be invalidated): -45:34 -38:1 -36:1 -34:1 -32:1 -30:1 -28:1 -26:1 -24:1 -22:122 -21:6 -20:7 -19:6 -18:7 -17:6 -16:6 -15:6 -14:6 -13:6 -12:6 -11:126 -10:1 -9:1 -8:1 -7:1 -6:1 -5:1 -4:1 -3:1 -2:1 -1:1 +0:370 +5:126
   NEAR + $5C seen at the time : -11:109 -3:1 -2:1 -1:1 +0:1145 +11:126 +16:126
   NEAR + every frozen tick    : -4:1 -3:1 -2:1 -1:241 +0:1013 +11:126 +16:126
   last descent, landed on tick 52:
     t=225 pred= 38 left= 83  y=    40 vy=  622592 ay=  -32000
     t=226 pred= 37 left= 82  y=    49 vy=  590592 ay=  -32000
     t=227 pred= 36 left= 81  y=    57 vy=  558592 ay=  -32000
     t=228 pred= 35 left= 80  y=    65 vy=  526592 ay=  -32000
     t=229 pred= 34 left= 79  y=    73 vy=  494592 ay=  -32000
     t=230 pred= 33 left= 78  y=    80 vy=  462592 ay=  -32000
     t=231 pred= 32 left= 77  y=    86 vy=  430592 ay=  -32000
     t=232 pred= 31 left= 76  y=    92 vy=  398592 ay=  -32000
     t=233 pred= 30 left= 75  y=    98 vy=  366592 ay=  -32000
     t=234 pred= 29 left= 74  y=   103 vy=  334592 ay=  -32000
     t=235 pred= 28 left= 73  y=   108 vy=  302592 ay=  -32000
     t=236 pred= 27 left= 72  y=   112 vy=  270592 ay=  -32000
     t=237 pred= 26 left= 71  y=   115 vy=  238592 ay=  -32000
     t=238 pred= 25 left= 70  y=   119 vy=  206592 ay=  -32000
     t=239 pred= 24 left= 69  y=   121 vy=  174592 ay=  -32000
     t=240 pred= 23 left= 68  y=   123 vy=  142592 ay=  -32000
     t=241 pred= 22 left= 67  y=   125 vy=  110592 ay=  -32000
     t=242 pred= 21 left= 66  y=   126 vy=   78592 ay=  -32000
     t=243 pred= 20 left= 65  y=   127 vy=   46592 ay=  -32000
     t=244 pred= 19 left= 64  y=   127 vy=   14592 ay=  -32000
     t=245 pred= 18 left= 63  y=   127 vy=  -17408 ay=  -32000
     t=246 pred= 17 left= 62  y=   126 vy=  -49408 ay=  -32000
     t=247 pred= 16 left= 61  y=   125 vy=  -81408 ay=  -32000
     t=248 pred= 15 left= 60  y=   123 vy= -113408 ay=  -32000
     t=249 pred= 14 left= 59  y=   121 vy= -145408 ay=  -32000
     t=250 pred= 13 left= 58  y=   118 vy= -177408 ay=  -32000
     t=251 pred= 12 left= 57  y=   115 vy= -209408 ay=  -32000
     t=252 pred= 11 left= 56  y=   111 vy= -241408 ay=  -32000
     t=253 pred= 10 left= 55  y=   107 vy= -273408 ay=  -32000
     t=254 pred=  9 left= 54  y=   103 vy= -305408 ay=  -32000
     t=255 pred=  8 left= 53  y=    97 vy= -337408 ay=  -32000
     t=  0 pred=  7 left= 52  y=    92 vy= -369408 ay=  -32000
     t=  1 pred=  6 left= 51  y=    86 vy= -401408 ay=  -32000
     t=  2 pred=  5 left= 50  y=    79 vy= -433408 ay=  -32000
     t= 10 pred=  4 left= 42  y=    72 vy= -465408 ay=  -32000
     t= 12 pred=  4 left= 40  y=    72 vy= -465408 ay=  -32000
     t= 14 pred=  4 left= 38  y=    72 vy= -465408 ay=  -32000
     t= 16 pred=  4 left= 36  y=    72 vy= -465408 ay=  -32000
     t= 18 pred=  4 left= 34  y=    72 vy= -465408 ay=  -32000
     t= 20 pred=  4 left= 32  y=    72 vy= -465408 ay=  -32000
P2  landings=3  no_prediction_ticks=12
   err all : -70:1 -68:1 -66:1 -64:1 -62:1 -60:1 -58:1 -56:1 -54:1 -52:1 -50:1 -48:1 -46:1 -44:1 -43:1 -42:1 -41:1 -40:1 -39:1 -38:1 -37:1 -36:1 -35:1 -34:1 -33:1 +0:44
   err NEAR (made within 20 ticks of the landing): +0:31
   err far  (made earlier, can still be invalidated): -70:1 -68:1 -66:1 -64:1 -62:1 -60:1 -58:1 -56:1 -54:1 -52:1 -50:1 -48:1 -46:1 -44:1 -43:1 -42:1 -41:1 -40:1 -39:1 -38:1 -37:1 -36:1 -35:1 -34:1 -33:1 +0:13
   NEAR + $5C seen at the time : +0:31
   NEAR + every frozen tick    : +0:31
   last descent, landed on tick 83:
     t= 12 pred=  1 left= 71  y=    40 vy= -135168 ay=  -24576
     t= 14 pred=  1 left= 69  y=    40 vy= -135168 ay=  -24576
     t= 16 pred=  1 left= 67  y=    40 vy= -135168 ay=  -24576
     t= 18 pred=  1 left= 65  y=    40 vy= -135168 ay=  -24576
     t= 20 pred=  1 left= 63  y=    40 vy= -135168 ay=  -24576
     t= 22 pred=  1 left= 61  y=    40 vy= -135168 ay=  -24576
     t= 24 pred=  1 left= 59  y=    40 vy= -135168 ay=  -24576
     t= 26 pred=  1 left= 57  y=    40 vy= -135168 ay=  -24576
     t= 28 pred=  1 left= 55  y=    40 vy= -135168 ay=  -24576
     t= 30 pred=  1 left= 53  y=    40 vy= -135168 ay=  -24576
     t= 32 pred=  1 left= 51  y=    40 vy= -135168 ay=  -24576
     t= 34 pred=  1 left= 49  y=    40 vy= -135168 ay=  -24576
     t= 36 pred=  1 left= 47  y=    40 vy= -135168 ay=  -24576
     t= 38 pred=  1 left= 45  y=    40 vy= -135168 ay=  -24576
     t= 39 pred=  1 left= 44  y=    40 vy= -135168 ay=  -24576
     t= 40 pred=  1 left= 43  y=    40 vy= -135168 ay=  -24576
     t= 41 pred=  1 left= 42  y=    40 vy= -135168 ay=  -24576
     t= 42 pred=  1 left= 41  y=    40 vy= -135168 ay=  -24576
     t= 43 pred=  1 left= 40  y=    40 vy= -135168 ay=  -24576
     t= 44 pred=  1 left= 39  y=    40 vy= -135168 ay=  -24576
     t= 45 pred=  1 left= 38  y=    40 vy= -135168 ay=  -24576
     t= 46 pred=  1 left= 37  y=    40 vy= -135168 ay=  -24576
     t= 47 pred=  1 left= 36  y=    40 vy= -135168 ay=  -24576
     t= 48 pred=  1 left= 35  y=    40 vy= -135168 ay=  -24576
     t= 49 pred=  1 left= 34  y=    40 vy= -135168 ay=  -24576
     t= 50 pred= 33 left= 33  y=    47 vy=  493568 ay=  -30720
     t= 51 pred= 32 left= 32  y=    54 vy=  462848 ay=  -30720
     t= 52 pred= 31 left= 31  y=    61 vy=  432128 ay=  -30720
     t= 53 pred= 30 left= 30  y=    67 vy=  401408 ay=  -30720
     t= 54 pred= 29 left= 29  y=    72 vy=  370688 ay=  -30720
     t= 55 pred= 28 left= 28  y=    78 vy=  339968 ay=  -30720
     t= 56 pred= 27 left= 27  y=    82 vy=  309248 ay=  -30720
     t= 57 pred= 26 left= 26  y=    87 vy=  278528 ay=  -30720
     t= 58 pred= 25 left= 25  y=    90 vy=  247808 ay=  -30720
     t= 59 pred= 24 left= 24  y=    94 vy=  217088 ay=  -30720
     t= 60 pred= 23 left= 23  y=    97 vy=  186368 ay=  -30720
     t= 61 pred= 22 left= 22  y=    99 vy=  155648 ay=  -30720
     t= 62 pred= 21 left= 21  y=   101 vy=  124928 ay=  -30720
     t= 63 pred= 20 left= 20  y=   102 vy=   94208 ay=  -30720
     t= 64 pred= 19 left= 19  y=   103 vy=   63488 ay=  -30720
---- landing prediction ----
P1  landings=77  no_prediction_ticks=0
   err all : -45:34 -38:1 -36:1 -34:1 -32:1 -30:1 -28:1 -26:1 -24:1 -22:122 -21:6 -20:7 -19:6 -18:7 -17:6 -16:7 -15:6 -14:7 -13:6 -12:7 -11:256 -10:23 -9:23 -8:23 -7:23 -6:23 -5:23 -4:23 -3:23 -2:23 -1:23 +0:1274 +5:126 +11:126 +16:126
   err NEAR (made within 20 ticks of the landing): -16:1 -14:1 -12:1 -11:130 -10:22 -9:22 -8:22 -7:22 -6:22 -5:22 -4:22 -3:22 -2:22 -1:22 +0:904 +11:126 +16:126
   err far  (made earlier, can still be invalidated): -45:34 -38:1 -36:1 -34:1 -32:1 -30:1 -28:1 -26:1 -24:1 -22:122 -21:6 -20:7 -19:6 -18:7 -17:6 -16:6 -15:6 -14:6 -13:6 -12:6 -11:126 -10:1 -9:1 -8:1 -7:1 -6:1 -5:1 -4:1 -3:1 -2:1 -1:1 +0:370 +5:126
   NEAR + $5C seen at the time : -11:109 -3:1 -2:1 -1:1 +0:1145 +11:126 +16:126
   NEAR + every frozen tick    : -4:1 -3:1 -2:1 -1:241 +0:1013 +11:126 +16:126
   last descent, landed on tick 52:
     t=225 pred= 38 left= 83  y=    40 vy=  622592 ay=  -32000
     t=226 pred= 37 left= 82  y=    49 vy=  590592 ay=  -32000
     t=227 pred= 36 left= 81  y=    57 vy=  558592 ay=  -32000
     t=228 pred= 35 left= 80  y=    65 vy=  526592 ay=  -32000
     t=229 pred= 34 left= 79  y=    73 vy=  494592 ay=  -32000
     t=230 pred= 33 left= 78  y=    80 vy=  462592 ay=  -32000
     t=231 pred= 32 left= 77  y=    86 vy=  430592 ay=  -32000
     t=232 pred= 31 left= 76  y=    92 vy=  398592 ay=  -32000
     t=233 pred= 30 left= 75  y=    98 vy=  366592 ay=  -32000
     t=234 pred= 29 left= 74  y=   103 vy=  334592 ay=  -32000
     t=235 pred= 28 left= 73  y=   108 vy=  302592 ay=  -32000
     t=236 pred= 27 left= 72  y=   112 vy=  270592 ay=  -32000
     t=237 pred= 26 left= 71  y=   115 vy=  238592 ay=  -32000
     t=238 pred= 25 left= 70  y=   119 vy=  206592 ay=  -32000
     t=239 pred= 24 left= 69  y=   121 vy=  174592 ay=  -32000
     t=240 pred= 23 left= 68  y=   123 vy=  142592 ay=  -32000
     t=241 pred= 22 left= 67  y=   125 vy=  110592 ay=  -32000
     t=242 pred= 21 left= 66  y=   126 vy=   78592 ay=  -32000
     t=243 pred= 20 left= 65  y=   127 vy=   46592 ay=  -32000
     t=244 pred= 19 left= 64  y=   127 vy=   14592 ay=  -32000
     t=245 pred= 18 left= 63  y=   127 vy=  -17408 ay=  -32000
     t=246 pred= 17 left= 62  y=   126 vy=  -49408 ay=  -32000
     t=247 pred= 16 left= 61  y=   125 vy=  -81408 ay=  -32000
     t=248 pred= 15 left= 60  y=   123 vy= -113408 ay=  -32000
     t=249 pred= 14 left= 59  y=   121 vy= -145408 ay=  -32000
     t=250 pred= 13 left= 58  y=   118 vy= -177408 ay=  -32000
     t=251 pred= 12 left= 57  y=   115 vy= -209408 ay=  -32000
     t=252 pred= 11 left= 56  y=   111 vy= -241408 ay=  -32000
     t=253 pred= 10 left= 55  y=   107 vy= -273408 ay=  -32000
     t=254 pred=  9 left= 54  y=   103 vy= -305408 ay=  -32000
     t=255 pred=  8 left= 53  y=    97 vy= -337408 ay=  -32000
     t=  0 pred=  7 left= 52  y=    92 vy= -369408 ay=  -32000
     t=  1 pred=  6 left= 51  y=    86 vy= -401408 ay=  -32000
     t=  2 pred=  5 left= 50  y=    79 vy= -433408 ay=  -32000
     t= 10 pred=  4 left= 42  y=    72 vy= -465408 ay=  -32000
     t= 12 pred=  4 left= 40  y=    72 vy= -465408 ay=  -32000
     t= 14 pred=  4 left= 38  y=    72 vy= -465408 ay=  -32000
     t= 16 pred=  4 left= 36  y=    72 vy= -465408 ay=  -32000
     t= 18 pred=  4 left= 34  y=    72 vy= -465408 ay=  -32000
     t= 20 pred=  4 left= 32  y=    72 vy= -465408 ay=  -32000
P2  landings=4  no_prediction_ticks=12
   err all : -70:1 -68:1 -66:1 -64:1 -62:1 -60:1 -58:1 -56:1 -54:1 -52:1 -50:1 -48:1 -46:1 -44:1 -43:1 -42:1 -41:1 -40:1 -39:1 -38:1 -37:1 -36:1 -35:1 -34:1 -33:1 +0:55
   err NEAR (made within 20 ticks of the landing): +0:42
   err far  (made earlier, can still be invalidated): -70:1 -68:1 -66:1 -64:1 -62:1 -60:1 -58:1 -56:1 -54:1 -52:1 -50:1 -48:1 -46:1 -44:1 -43:1 -42:1 -41:1 -40:1 -39:1 -38:1 -37:1 -36:1 -35:1 -34:1 -33:1 +0:13
   NEAR + $5C seen at the time : +0:42
   NEAR + every frozen tick    : +0:42
   last descent, landed on tick 107:
     t= 96 pred= 11 left= 11  y=    40 vy=  135168 ay=  -24576
     t= 97 pred= 10 left= 10  y=    41 vy=  110592 ay=  -24576
     t= 98 pred=  9 left=  9  y=    43 vy=   86016 ay=  -24576
     t= 99 pred=  8 left=  8  y=    44 vy=   61440 ay=  -24576
     t=100 pred=  7 left=  7  y=    44 vy=   36864 ay=  -24576
     t=101 pred=  6 left=  6  y=    44 vy=   12288 ay=  -24576
     t=102 pred=  5 left=  5  y=    44 vy=  -12288 ay=  -24576
     t=103 pred=  4 left=  4  y=    44 vy=  -36864 ay=  -24576
     t=104 pred=  3 left=  3  y=    43 vy=  -61440 ay=  -24576
     t=105 pred=  2 left=  2  y=    41 vy=  -86016 ay=  -24576
     t=106 pred=  1 left=  1  y=    40 vy= -110592 ay=  -24576
---- landing prediction ----
P1  landings=78  no_prediction_ticks=0
   err all : -45:34 -38:1 -36:1 -34:1 -32:1 -30:1 -28:1 -26:1 -24:1 -22:148 -21:7 -20:8 -19:7 -18:8 -17:7 -16:8 -15:7 -14:8 -13:7 -12:8 -11:266 -10:24 -9:24 -8:24 -7:24 -6:24 -5:24 -4:24 -3:24 -2:24 -1:24 +0:1278 +5:126 +11:126 +16:126
   err NEAR (made within 20 ticks of the landing): -16:1 -14:1 -12:1 -11:136 -10:23 -9:23 -8:23 -7:23 -6:23 -5:23 -4:23 -3:23 -2:23 -1:23 +0:908 +11:126 +16:126
   err far  (made earlier, can still be invalidated): -45:34 -38:1 -36:1 -34:1 -32:1 -30:1 -28:1 -26:1 -24:1 -22:148 -21:7 -20:8 -19:7 -18:8 -17:7 -16:7 -15:7 -14:7 -13:7 -12:7 -11:130 -10:1 -9:1 -8:1 -7:1 -6:1 -5:1 -4:1 -3:1 -2:1 -1:1 +0:370 +5:126
   NEAR + $5C seen at the time : -11:114 -3:1 -2:1 -1:1 +0:1160 +11:126 +16:126
   NEAR + every frozen tick    : -4:1 -3:1 -2:1 -1:252 +0:1022 +11:126 +16:126
   last descent, landed on tick 193:
     t=133 pred= 38 left= 60  y=    40 vy=  622592 ay=  -32000
     t=134 pred= 37 left= 59  y=    49 vy=  590592 ay=  -32000
     t=135 pred= 36 left= 58  y=    57 vy=  558592 ay=  -32000
     t=136 pred= 35 left= 57  y=    65 vy=  526592 ay=  -32000
     t=137 pred= 34 left= 56  y=    73 vy=  494592 ay=  -32000
     t=138 pred= 33 left= 55  y=    80 vy=  462592 ay=  -32000
     t=139 pred= 32 left= 54  y=    86 vy=  430592 ay=  -32000
     t=140 pred= 31 left= 53  y=    92 vy=  398592 ay=  -32000
     t=141 pred= 30 left= 52  y=    98 vy=  366592 ay=  -32000
     t=142 pred= 29 left= 51  y=   103 vy=  334592 ay=  -32000
     t=143 pred= 28 left= 50  y=   108 vy=  302592 ay=  -32000
     t=144 pred= 27 left= 49  y=   112 vy=  270592 ay=  -32000
     t=145 pred= 26 left= 48  y=   115 vy=  238592 ay=  -32000
     t=146 pred= 25 left= 47  y=   119 vy=  206592 ay=  -32000
     t=147 pred= 24 left= 46  y=   121 vy=  174592 ay=  -32000
     t=148 pred= 23 left= 45  y=   123 vy=  142592 ay=  -32000
     t=149 pred= 22 left= 44  y=   125 vy=  110592 ay=  -32000
     t=150 pred= 21 left= 43  y=   126 vy=   78592 ay=  -32000
     t=151 pred= 20 left= 42  y=   127 vy=   46592 ay=  -32000
     t=152 pred= 19 left= 41  y=   127 vy=   14592 ay=  -32000
     t=153 pred= 18 left= 40  y=   127 vy=  -17408 ay=  -32000
     t=154 pred= 17 left= 39  y=   126 vy=  -49408 ay=  -32000
     t=155 pred= 16 left= 38  y=   125 vy=  -81408 ay=  -32000
     t=156 pred= 15 left= 37  y=   123 vy= -113408 ay=  -32000
     t=157 pred= 14 left= 36  y=   121 vy= -145408 ay=  -32000
     t=158 pred= 13 left= 35  y=   118 vy= -177408 ay=  -32000
     t=159 pred= 13 left= 34  y=   118 vy= -177408 ay=  -32000
     t=160 pred= 13 left= 33  y=   118 vy= -177408 ay=  -32000
     t=161 pred= 13 left= 32  y=   118 vy= -177408 ay=  -32000
     t=162 pred= 13 left= 31  y=   118 vy= -177408 ay=  -32000
     t=163 pred= 13 left= 30  y=   118 vy= -177408 ay=  -32000
     t=164 pred= 13 left= 29  y=   118 vy= -177408 ay=  -32000
     t=165 pred= 13 left= 28  y=   118 vy= -177408 ay=  -32000
     t=166 pred= 13 left= 27  y=   118 vy= -177408 ay=  -32000
     t=167 pred= 13 left= 26  y=   118 vy= -177408 ay=  -32000
     t=168 pred= 13 left= 25  y=   118 vy= -177408 ay=  -32000
     t=169 pred= 13 left= 24  y=   118 vy= -177408 ay=  -32000
     t=170 pred= 12 left= 23  y=   115 vy= -209408 ay=  -32000
     t=171 pred= 11 left= 22  y=   111 vy= -241408 ay=  -32000
     t=172 pred= 10 left= 21  y=   107 vy= -273408 ay=  -32000
P2  landings=4  no_prediction_ticks=12
   err all : -70:1 -68:1 -66:1 -64:1 -62:1 -60:1 -58:1 -56:1 -54:1 -52:1 -50:1 -48:1 -46:1 -44:1 -43:1 -42:1 -41:1 -40:1 -39:1 -38:1 -37:1 -36:1 -35:1 -34:1 -33:1 +0:55
   err NEAR (made within 20 ticks of the landing): +0:42
   err far  (made earlier, can still be invalidated): -70:1 -68:1 -66:1 -64:1 -62:1 -60:1 -58:1 -56:1 -54:1 -52:1 -50:1 -48:1 -46:1 -44:1 -43:1 -42:1 -41:1 -40:1 -39:1 -38:1 -37:1 -36:1 -35:1 -34:1 -33:1 +0:13
   NEAR + $5C seen at the time : +0:42
   NEAR + every frozen tick    : +0:42
   last descent, landed on tick 107:
     t= 96 pred= 11 left= 11  y=    40 vy=  135168 ay=  -24576
     t= 97 pred= 10 left= 10  y=    41 vy=  110592 ay=  -24576
     t= 98 pred=  9 left=  9  y=    43 vy=   86016 ay=  -24576
     t= 99 pred=  8 left=  8  y=    44 vy=   61440 ay=  -24576
     t=100 pred=  7 left=  7  y=    44 vy=   36864 ay=  -24576
     t=101 pred=  6 left=  6  y=    44 vy=   12288 ay=  -24576
     t=102 pred=  5 left=  5  y=    44 vy=  -12288 ay=  -24576
     t=103 pred=  4 left=  4  y=    44 vy=  -36864 ay=  -24576
     t=104 pred=  3 left=  3  y=    43 vy=  -61440 ay=  -24576
     t=105 pred=  2 left=  2  y=    41 vy=  -86016 ay=  -24576
     t=106 pred=  1 left=  1  y=    40 vy= -110592 ay=  -24576
---- landing prediction ----
P1  landings=79  no_prediction_ticks=0
   err all : -45:34 -38:1 -36:1 -34:1 -32:1 -30:1 -28:1 -26:1 -24:1 -22:174 -21:8 -20:9 -19:8 -18:9 -17:8 -16:9 -15:8 -14:9 -13:8 -12:9 -11:276 -10:25 -9:25 -8:25 -7:25 -6:25 -5:25 -4:25 -3:25 -2:25 -1:25 +0:1282 +5:126 +11:126 +16:126
   err NEAR (made within 20 ticks of the landing): -16:1 -14:1 -12:1 -11:142 -10:24 -9:24 -8:24 -7:24 -6:24 -5:24 -4:24 -3:24 -2:24 -1:24 +0:912 +11:126 +16:126
   err far  (made earlier, can still be invalidated): -45:34 -38:1 -36:1 -34:1 -32:1 -30:1 -28:1 -26:1 -24:1 -22:174 -21:8 -20:9 -19:8 -18:9 -17:8 -16:8 -15:8 -14:8 -13:8 -12:8 -11:134 -10:1 -9:1 -8:1 -7:1 -6:1 -5:1 -4:1 -3:1 -2:1 -1:1 +0:370 +5:126
   NEAR + $5C seen at the time : -11:119 -3:1 -2:1 -1:1 +0:1175 +11:126 +16:126
   NEAR + every frozen tick    : -4:1 -3:1 -2:1 -1:263 +0:1031 +11:126 +16:126
   last descent, landed on tick 18:
     t=214 pred= 38 left= 60  y=    40 vy=  614400 ay=  -32000
     t=215 pred= 37 left= 59  y=    48 vy=  582400 ay=  -32000
     t=216 pred= 36 left= 58  y=    57 vy=  550400 ay=  -32000
     t=217 pred= 35 left= 57  y=    65 vy=  518400 ay=  -32000
     t=218 pred= 34 left= 56  y=    72 vy=  486400 ay=  -32000
     t=219 pred= 33 left= 55  y=    79 vy=  454400 ay=  -32000
     t=220 pred= 32 left= 54  y=    85 vy=  422400 ay=  -32000
     t=221 pred= 31 left= 53  y=    91 vy=  390400 ay=  -32000
     t=222 pred= 30 left= 52  y=    97 vy=  358400 ay=  -32000
     t=223 pred= 29 left= 51  y=   102 vy=  326400 ay=  -32000
     t=224 pred= 28 left= 50  y=   106 vy=  294400 ay=  -32000
     t=225 pred= 27 left= 49  y=   110 vy=  262400 ay=  -32000
     t=226 pred= 26 left= 48  y=   114 vy=  230400 ay=  -32000
     t=227 pred= 25 left= 47  y=   117 vy=  198400 ay=  -32000
     t=228 pred= 24 left= 46  y=   119 vy=  166400 ay=  -32000
     t=229 pred= 23 left= 45  y=   122 vy=  134400 ay=  -32000
     t=230 pred= 22 left= 44  y=   123 vy=  102400 ay=  -32000
     t=231 pred= 21 left= 43  y=   124 vy=   70400 ay=  -32000
     t=232 pred= 20 left= 42  y=   125 vy=   38400 ay=  -32000
     t=233 pred= 19 left= 41  y=   125 vy=    6400 ay=  -32000
     t=234 pred= 18 left= 40  y=   124 vy=  -25600 ay=  -32000
     t=235 pred= 17 left= 39  y=   124 vy=  -57600 ay=  -32000
     t=236 pred= 16 left= 38  y=   122 vy=  -89600 ay=  -32000
     t=237 pred= 15 left= 37  y=   120 vy= -121600 ay=  -32000
     t=238 pred= 14 left= 36  y=   118 vy= -153600 ay=  -32000
     t=239 pred= 13 left= 35  y=   115 vy= -185600 ay=  -32000
     t=240 pred= 13 left= 34  y=   115 vy= -185600 ay=  -32000
     t=241 pred= 13 left= 33  y=   115 vy= -185600 ay=  -32000
     t=242 pred= 13 left= 32  y=   115 vy= -185600 ay=  -32000
     t=243 pred= 13 left= 31  y=   115 vy= -185600 ay=  -32000
     t=244 pred= 13 left= 30  y=   115 vy= -185600 ay=  -32000
     t=245 pred= 13 left= 29  y=   115 vy= -185600 ay=  -32000
     t=246 pred= 13 left= 28  y=   115 vy= -185600 ay=  -32000
     t=247 pred= 13 left= 27  y=   115 vy= -185600 ay=  -32000
     t=248 pred= 13 left= 26  y=   115 vy= -185600 ay=  -32000
     t=249 pred= 13 left= 25  y=   115 vy= -185600 ay=  -32000
     t=250 pred= 13 left= 24  y=   115 vy= -185600 ay=  -32000
     t=251 pred= 12 left= 23  y=   112 vy= -217600 ay=  -32000
     t=252 pred= 11 left= 22  y=   108 vy= -249600 ay=  -32000
     t=253 pred= 10 left= 21  y=   104 vy= -281600 ay=  -32000
P2  landings=4  no_prediction_ticks=12
   err all : -70:1 -68:1 -66:1 -64:1 -62:1 -60:1 -58:1 -56:1 -54:1 -52:1 -50:1 -48:1 -46:1 -44:1 -43:1 -42:1 -41:1 -40:1 -39:1 -38:1 -37:1 -36:1 -35:1 -34:1 -33:1 +0:55
   err NEAR (made within 20 ticks of the landing): +0:42
   err far  (made earlier, can still be invalidated): -70:1 -68:1 -66:1 -64:1 -62:1 -60:1 -58:1 -56:1 -54:1 -52:1 -50:1 -48:1 -46:1 -44:1 -43:1 -42:1 -41:1 -40:1 -39:1 -38:1 -37:1 -36:1 -35:1 -34:1 -33:1 +0:13
   NEAR + $5C seen at the time : +0:42
   NEAR + every frozen tick    : +0:42
   last descent, landed on tick 107:
     t= 96 pred= 11 left= 11  y=    40 vy=  135168 ay=  -24576
     t= 97 pred= 10 left= 10  y=    41 vy=  110592 ay=  -24576
     t= 98 pred=  9 left=  9  y=    43 vy=   86016 ay=  -24576
     t= 99 pred=  8 left=  8  y=    44 vy=   61440 ay=  -24576
     t=100 pred=  7 left=  7  y=    44 vy=   36864 ay=  -24576
     t=101 pred=  6 left=  6  y=    44 vy=   12288 ay=  -24576
     t=102 pred=  5 left=  5  y=    44 vy=  -12288 ay=  -24576
     t=103 pred=  4 left=  4  y=    44 vy=  -36864 ay=  -24576
     t=104 pred=  3 left=  3  y=    43 vy=  -61440 ay=  -24576
     t=105 pred=  2 left=  2  y=    41 vy=  -86016 ay=  -24576
     t=106 pred=  1 left=  1  y=    40 vy= -110592 ay=  -24576
---- landing prediction ----
P1  landings=80  no_prediction_ticks=0
   err all : -45:34 -38:1 -36:1 -34:1 -32:1 -30:1 -28:1 -26:1 -24:1 -22:174 -21:8 -20:9 -19:8 -18:9 -17:8 -16:9 -15:8 -14:9 -13:8 -12:9 -11:285 -10:26 -9:26 -8:26 -7:26 -6:26 -5:26 -4:26 -3:26 -2:26 -1:26 +0:1285 +5:135 +11:126 +16:126
   err NEAR (made within 20 ticks of the landing): -16:1 -14:1 -12:1 -11:149 -10:25 -9:25 -8:25 -7:25 -6:25 -5:25 -4:25 -3:25 -2:25 -1:25 +0:915 +11:126 +16:126
   err far  (made earlier, can still be invalidated): -45:34 -38:1 -36:1 -34:1 -32:1 -30:1 -28:1 -26:1 -24:1 -22:174 -21:8 -20:9 -19:8 -18:9 -17:8 -16:8 -15:8 -14:8 -13:8 -12:8 -11:136 -10:1 -9:1 -8:1 -7:1 -6:1 -5:1 -4:1 -3:1 -2:1 -1:1 +0:370 +5:135
   NEAR + $5C seen at the time : -11:125 -3:1 -2:1 -1:1 +0:1189 +11:126 +16:126
   NEAR + every frozen tick    : -4:1 -3:1 -2:1 -1:274 +0:1040 +11:126 +16:126
   last descent, landed on tick 56:
     t= 25 pred= 36 left= 31  y=    40 vy=  245760 ay=  -13312
     t= 26 pred= 35 left= 30  y=    43 vy=  232448 ay=  -13312
     t= 27 pred= 34 left= 29  y=    46 vy=  219136 ay=  -13312
     t= 28 pred= 33 left= 28  y=    50 vy=  205824 ay=  -13312
     t= 29 pred= 32 left= 27  y=    52 vy=  192512 ay=  -13312
     t= 30 pred= 31 left= 26  y=    55 vy=  179200 ay=  -13312
     t= 31 pred= 30 left= 25  y=    58 vy=  165888 ay=  -13312
     t= 32 pred= 29 left= 24  y=    60 vy=  152576 ay=  -13312
     t= 33 pred= 28 left= 23  y=    62 vy=  139264 ay=  -13312
     t= 34 pred= 11 left= 22  y=    64 vy=       0 ay=  -26624
     t= 35 pred= 10 left= 21  y=    64 vy=  -26624 ay=  -26624
     t= 36 pred=  9 left= 20  y=    63 vy=  -53248 ay=  -26624
     t= 37 pred=  8 left= 19  y=    62 vy=  -79872 ay=  -26624
     t= 38 pred=  7 left= 18  y=    60 vy= -106496 ay=  -26624
     t= 39 pred=  6 left= 17  y=    58 vy= -133120 ay=  -26624
     t= 40 pred=  5 left= 16  y=    56 vy= -159744 ay=  -26624
     t= 41 pred=  4 left= 15  y=    53 vy= -186368 ay=  -26624
     t= 42 pred=  3 left= 14  y=    49 vy= -212992 ay=  -26624
     t= 43 pred=  3 left= 13  y=    49 vy= -212992 ay=  -26624
     t= 44 pred=  3 left= 12  y=    49 vy= -212992 ay=  -26624
     t= 45 pred=  3 left= 11  y=    49 vy= -212992 ay=  -26624
     t= 46 pred=  3 left= 10  y=    49 vy= -212992 ay=  -26624
     t= 47 pred=  3 left=  9  y=    49 vy= -212992 ay=  -26624
     t= 48 pred=  3 left=  8  y=    49 vy= -212992 ay=  -26624
     t= 49 pred=  3 left=  7  y=    49 vy= -212992 ay=  -26624
     t= 50 pred=  3 left=  6  y=    49 vy= -212992 ay=  -26624
     t= 51 pred=  3 left=  5  y=    49 vy= -212992 ay=  -26624
     t= 52 pred=  3 left=  4  y=    49 vy= -212992 ay=  -26624
     t= 53 pred=  3 left=  3  y=    49 vy= -212992 ay=  -26624
     t= 54 pred=  2 left=  2  y=    46 vy= -239616 ay=  -26624
     t= 55 pred=  1 left=  1  y=    42 vy= -266240 ay=  -26624
P2  landings=4  no_prediction_ticks=12
   err all : -70:1 -68:1 -66:1 -64:1 -62:1 -60:1 -58:1 -56:1 -54:1 -52:1 -50:1 -48:1 -46:1 -44:1 -43:1 -42:1 -41:1 -40:1 -39:1 -38:1 -37:1 -36:1 -35:1 -34:1 -33:1 +0:55
   err NEAR (made within 20 ticks of the landing): +0:42
   err far  (made earlier, can still be invalidated): -70:1 -68:1 -66:1 -64:1 -62:1 -60:1 -58:1 -56:1 -54:1 -52:1 -50:1 -48:1 -46:1 -44:1 -43:1 -42:1 -41:1 -40:1 -39:1 -38:1 -37:1 -36:1 -35:1 -34:1 -33:1 +0:13
   NEAR + $5C seen at the time : +0:42
   NEAR + every frozen tick    : +0:42
   last descent, landed on tick 107:
     t= 96 pred= 11 left= 11  y=    40 vy=  135168 ay=  -24576
     t= 97 pred= 10 left= 10  y=    41 vy=  110592 ay=  -24576
     t= 98 pred=  9 left=  9  y=    43 vy=   86016 ay=  -24576
     t= 99 pred=  8 left=  8  y=    44 vy=   61440 ay=  -24576
     t=100 pred=  7 left=  7  y=    44 vy=   36864 ay=  -24576
     t=101 pred=  6 left=  6  y=    44 vy=   12288 ay=  -24576
     t=102 pred=  5 left=  5  y=    44 vy=  -12288 ay=  -24576
     t=103 pred=  4 left=  4  y=    44 vy=  -36864 ay=  -24576
     t=104 pred=  3 left=  3  y=    43 vy=  -61440 ay=  -24576
     t=105 pred=  2 left=  2  y=    41 vy=  -86016 ay=  -24576
     t=106 pred=  1 left=  1  y=    40 vy= -110592 ay=  -24576
---- landing prediction ----
P1  landings=81  no_prediction_ticks=0
   err all : -45:34 -38:1 -36:1 -34:1 -32:1 -30:1 -28:1 -26:1 -24:1 -22:174 -21:8 -20:9 -19:8 -18:9 -17:8 -16:9 -15:8 -14:9 -13:8 -12:9 -11:295 -10:27 -9:27 -8:27 -7:27 -6:27 -5:27 -4:27 -3:27 -2:27 -1:27 +0:1314 +5:135 +11:126 +16:126
   err NEAR (made within 20 ticks of the landing): -16:1 -14:1 -12:1 -11:149 -10:25 -9:25 -8:25 -7:25 -6:25 -5:25 -4:25 -3:25 -2:25 -1:25 +0:935 +11:126 +16:126
   err far  (made earlier, can still be invalidated): -45:34 -38:1 -36:1 -34:1 -32:1 -30:1 -28:1 -26:1 -24:1 -22:174 -21:8 -20:9 -19:8 -18:9 -17:8 -16:8 -15:8 -14:8 -13:8 -12:8 -11:146 -10:2 -9:2 -8:2 -7:2 -6:2 -5:2 -4:2 -3:2 -2:2 -1:2 +0:379 +5:135
   NEAR + $5C seen at the time : -11:125 -3:1 -2:1 -1:1 +0:1209 +11:126 +16:126
   NEAR + every frozen tick    : -4:1 -3:1 -2:1 -1:274 +0:1060 +11:126 +16:126
   last descent, landed on tick 131:
     t= 82 pred= 38 left= 49  y=    40 vy=  622592 ay=  -32000
     t= 83 pred= 37 left= 48  y=    49 vy=  590592 ay=  -32000
     t= 84 pred= 36 left= 47  y=    57 vy=  558592 ay=  -32000
     t= 85 pred= 35 left= 46  y=    65 vy=  526592 ay=  -32000
     t= 86 pred= 34 left= 45  y=    73 vy=  494592 ay=  -32000
     t= 87 pred= 33 left= 44  y=    80 vy=  462592 ay=  -32000
     t= 88 pred= 32 left= 43  y=    86 vy=  430592 ay=  -32000
     t= 89 pred= 31 left= 42  y=    92 vy=  398592 ay=  -32000
     t= 90 pred= 30 left= 41  y=    98 vy=  366592 ay=  -32000
     t= 91 pred= 29 left= 40  y=   103 vy=  334592 ay=  -32000
     t= 92 pred= 29 left= 39  y=   103 vy=  334592 ay=  -32000
     t= 93 pred= 29 left= 38  y=   103 vy=  334592 ay=  -32000
     t= 94 pred= 29 left= 37  y=   103 vy=  334592 ay=  -32000
     t= 95 pred= 29 left= 36  y=   103 vy=  334592 ay=  -32000
     t= 96 pred= 29 left= 35  y=   103 vy=  334592 ay=  -32000
     t= 97 pred= 29 left= 34  y=   103 vy=  334592 ay=  -32000
     t= 98 pred= 29 left= 33  y=   103 vy=  334592 ay=  -32000
     t= 99 pred= 29 left= 32  y=   103 vy=  334592 ay=  -32000
     t=100 pred= 29 left= 31  y=   103 vy=  334592 ay=  -32000
     t=101 pred= 29 left= 30  y=   103 vy=  334592 ay=  -32000
     t=102 pred= 29 left= 29  y=   103 vy=  334592 ay=  -32000
     t=103 pred= 28 left= 28  y=   108 vy=  302592 ay=  -32000
     t=104 pred= 27 left= 27  y=   112 vy=  270592 ay=  -32000
     t=105 pred= 26 left= 26  y=   115 vy=  238592 ay=  -32000
     t=106 pred= 25 left= 25  y=   119 vy=  206592 ay=  -32000
     t=107 pred= 24 left= 24  y=   121 vy=  174592 ay=  -32000
     t=108 pred= 23 left= 23  y=   123 vy=  142592 ay=  -32000
     t=109 pred= 22 left= 22  y=   125 vy=  110592 ay=  -32000
     t=110 pred= 21 left= 21  y=   126 vy=   78592 ay=  -32000
     t=111 pred= 20 left= 20  y=   127 vy=   46592 ay=  -32000
     t=112 pred= 19 left= 19  y=   127 vy=   14592 ay=  -32000
     t=113 pred= 18 left= 18  y=   127 vy=  -17408 ay=  -32000
     t=114 pred= 17 left= 17  y=   126 vy=  -49408 ay=  -32000
     t=115 pred= 16 left= 16  y=   125 vy=  -81408 ay=  -32000
     t=116 pred= 15 left= 15  y=   123 vy= -113408 ay=  -32000
     t=117 pred= 14 left= 14  y=   121 vy= -145408 ay=  -32000
     t=118 pred= 13 left= 13  y=   118 vy= -177408 ay=  -32000
     t=119 pred= 12 left= 12  y=   115 vy= -209408 ay=  -32000
     t=120 pred= 11 left= 11  y=   111 vy= -241408 ay=  -32000
     t=121 pred= 10 left= 10  y=   107 vy= -273408 ay=  -32000
P2  landings=4  no_prediction_ticks=12
   err all : -70:1 -68:1 -66:1 -64:1 -62:1 -60:1 -58:1 -56:1 -54:1 -52:1 -50:1 -48:1 -46:1 -44:1 -43:1 -42:1 -41:1 -40:1 -39:1 -38:1 -37:1 -36:1 -35:1 -34:1 -33:1 +0:55
   err NEAR (made within 20 ticks of the landing): +0:42
   err far  (made earlier, can still be invalidated): -70:1 -68:1 -66:1 -64:1 -62:1 -60:1 -58:1 -56:1 -54:1 -52:1 -50:1 -48:1 -46:1 -44:1 -43:1 -42:1 -41:1 -40:1 -39:1 -38:1 -37:1 -36:1 -35:1 -34:1 -33:1 +0:13
   NEAR + $5C seen at the time : +0:42
   NEAR + every frozen tick    : +0:42
   last descent, landed on tick 107:
     t= 96 pred= 11 left= 11  y=    40 vy=  135168 ay=  -24576
     t= 97 pred= 10 left= 10  y=    41 vy=  110592 ay=  -24576
     t= 98 pred=  9 left=  9  y=    43 vy=   86016 ay=  -24576
     t= 99 pred=  8 left=  8  y=    44 vy=   61440 ay=  -24576
     t=100 pred=  7 left=  7  y=    44 vy=   36864 ay=  -24576
     t=101 pred=  6 left=  6  y=    44 vy=   12288 ay=  -24576
     t=102 pred=  5 left=  5  y=    44 vy=  -12288 ay=  -24576
     t=103 pred=  4 left=  4  y=    44 vy=  -36864 ay=  -24576
     t=104 pred=  3 left=  3  y=    43 vy=  -61440 ay=  -24576
     t=105 pred=  2 left=  2  y=    41 vy=  -86016 ay=  -24576
     t=106 pred=  1 left=  1  y=    40 vy= -110592 ay=  -24576
---- landing prediction ----
P1  landings=82  no_prediction_ticks=0
   err all : -45:34 -38:1 -36:1 -34:1 -32:1 -30:1 -28:1 -26:1 -24:1 -22:174 -21:8 -20:9 -19:8 -18:9 -17:8 -16:9 -15:8 -14:9 -13:8 -12:9 -11:307 -10:28 -9:28 -8:28 -7:28 -6:28 -5:28 -4:28 -3:28 -2:28 -1:28 +0:1341 +5:135 +11:126 +16:126
   err NEAR (made within 20 ticks of the landing): -16:1 -14:1 -12:1 -11:149 -10:25 -9:25 -8:25 -7:25 -6:25 -5:25 -4:25 -3:25 -2:25 -1:25 +0:955 +11:126 +16:126
   err far  (made earlier, can still be invalidated): -45:34 -38:1 -36:1 -34:1 -32:1 -30:1 -28:1 -26:1 -24:1 -22:174 -21:8 -20:9 -19:8 -18:9 -17:8 -16:8 -15:8 -14:8 -13:8 -12:8 -11:158 -10:3 -9:3 -8:3 -7:3 -6:3 -5:3 -4:3 -3:3 -2:3 -1:3 +0:386 +5:135
   NEAR + $5C seen at the time : -11:125 -3:1 -2:1 -1:1 +0:1229 +11:126 +16:126
   NEAR + every frozen tick    : -4:1 -3:1 -2:1 -1:274 +0:1080 +11:126 +16:126
   last descent, landed on tick 219:
     t=170 pred= 38 left= 49  y=    40 vy=  622592 ay=  -32000
     t=171 pred= 37 left= 48  y=    49 vy=  590592 ay=  -32000
     t=172 pred= 36 left= 47  y=    57 vy=  558592 ay=  -32000
     t=173 pred= 35 left= 46  y=    65 vy=  526592 ay=  -32000
     t=174 pred= 34 left= 45  y=    73 vy=  494592 ay=  -32000
     t=175 pred= 33 left= 44  y=    80 vy=  462592 ay=  -32000
     t=176 pred= 32 left= 43  y=    86 vy=  430592 ay=  -32000
     t=177 pred= 31 left= 42  y=    92 vy=  398592 ay=  -32000
     t=178 pred= 30 left= 41  y=    98 vy=  366592 ay=  -32000
     t=179 pred= 29 left= 40  y=   103 vy=  334592 ay=  -32000
     t=180 pred= 28 left= 39  y=   108 vy=  302592 ay=  -32000
     t=181 pred= 27 left= 38  y=   112 vy=  270592 ay=  -32000
     t=182 pred= 27 left= 37  y=   112 vy=  270592 ay=  -32000
     t=183 pred= 27 left= 36  y=   112 vy=  270592 ay=  -32000
     t=184 pred= 27 left= 35  y=   112 vy=  270592 ay=  -32000
     t=185 pred= 27 left= 34  y=   112 vy=  270592 ay=  -32000
     t=186 pred= 27 left= 33  y=   112 vy=  270592 ay=  -32000
     t=187 pred= 27 left= 32  y=   112 vy=  270592 ay=  -32000
     t=188 pred= 27 left= 31  y=   112 vy=  270592 ay=  -32000
     t=189 pred= 27 left= 30  y=   112 vy=  270592 ay=  -32000
     t=190 pred= 27 left= 29  y=   112 vy=  270592 ay=  -32000
     t=191 pred= 27 left= 28  y=   112 vy=  270592 ay=  -32000
     t=192 pred= 27 left= 27  y=   112 vy=  270592 ay=  -32000
     t=193 pred= 26 left= 26  y=   115 vy=  238592 ay=  -32000
     t=194 pred= 25 left= 25  y=   119 vy=  206592 ay=  -32000
     t=195 pred= 24 left= 24  y=   121 vy=  174592 ay=  -32000
     t=196 pred= 23 left= 23  y=   123 vy=  142592 ay=  -32000
     t=197 pred= 22 left= 22  y=   125 vy=  110592 ay=  -32000
     t=198 pred= 21 left= 21  y=   126 vy=   78592 ay=  -32000
     t=199 pred= 20 left= 20  y=   127 vy=   46592 ay=  -32000
     t=200 pred= 19 left= 19  y=   127 vy=   14592 ay=  -32000
     t=201 pred= 18 left= 18  y=   127 vy=  -17408 ay=  -32000
     t=202 pred= 17 left= 17  y=   126 vy=  -49408 ay=  -32000
     t=203 pred= 16 left= 16  y=   125 vy=  -81408 ay=  -32000
     t=204 pred= 15 left= 15  y=   123 vy= -113408 ay=  -32000
     t=205 pred= 14 left= 14  y=   121 vy= -145408 ay=  -32000
     t=206 pred= 13 left= 13  y=   118 vy= -177408 ay=  -32000
     t=207 pred= 12 left= 12  y=   115 vy= -209408 ay=  -32000
     t=208 pred= 11 left= 11  y=   111 vy= -241408 ay=  -32000
     t=209 pred= 10 left= 10  y=   107 vy= -273408 ay=  -32000
P2  landings=4  no_prediction_ticks=12
   err all : -70:1 -68:1 -66:1 -64:1 -62:1 -60:1 -58:1 -56:1 -54:1 -52:1 -50:1 -48:1 -46:1 -44:1 -43:1 -42:1 -41:1 -40:1 -39:1 -38:1 -37:1 -36:1 -35:1 -34:1 -33:1 +0:55
   err NEAR (made within 20 ticks of the landing): +0:42
   err far  (made earlier, can still be invalidated): -70:1 -68:1 -66:1 -64:1 -62:1 -60:1 -58:1 -56:1 -54:1 -52:1 -50:1 -48:1 -46:1 -44:1 -43:1 -42:1 -41:1 -40:1 -39:1 -38:1 -37:1 -36:1 -35:1 -34:1 -33:1 +0:13
   NEAR + $5C seen at the time : +0:42
   NEAR + every frozen tick    : +0:42
   last descent, landed on tick 107:
     t= 96 pred= 11 left= 11  y=    40 vy=  135168 ay=  -24576
     t= 97 pred= 10 left= 10  y=    41 vy=  110592 ay=  -24576
     t= 98 pred=  9 left=  9  y=    43 vy=   86016 ay=  -24576
     t= 99 pred=  8 left=  8  y=    44 vy=   61440 ay=  -24576
     t=100 pred=  7 left=  7  y=    44 vy=   36864 ay=  -24576
     t=101 pred=  6 left=  6  y=    44 vy=   12288 ay=  -24576
     t=102 pred=  5 left=  5  y=    44 vy=  -12288 ay=  -24576
     t=103 pred=  4 left=  4  y=    44 vy=  -36864 ay=  -24576
     t=104 pred=  3 left=  3  y=    43 vy=  -61440 ay=  -24576
     t=105 pred=  2 left=  2  y=    41 vy=  -86016 ay=  -24576
     t=106 pred=  1 left=  1  y=    40 vy= -110592 ay=  -24576
---- landing prediction ----
P1  landings=83  no_prediction_ticks=0
   err all : -45:34 -38:1 -36:1 -34:1 -32:1 -30:1 -28:1 -26:1 -24:1 -22:184 -21:9 -20:10 -19:9 -18:10 -17:9 -16:10 -15:9 -14:10 -13:9 -12:10 -11:333 -10:29 -9:29 -8:29 -7:29 -6:29 -5:29 -4:29 -3:29 -2:29 -1:29 +0:1345 +5:135 +11:126 +16:126
   err NEAR (made within 20 ticks of the landing): -16:1 -14:1 -12:1 -11:155 -10:26 -9:26 -8:26 -7:26 -6:26 -5:26 -4:26 -3:26 -2:26 -1:26 +0:959 +11:126 +16:126
   err far  (made earlier, can still be invalidated): -45:34 -38:1 -36:1 -34:1 -32:1 -30:1 -28:1 -26:1 -24:1 -22:184 -21:9 -20:10 -19:9 -18:10 -17:9 -16:9 -15:9 -14:9 -13:9 -12:9 -11:178 -10:3 -9:3 -8:3 -7:3 -6:3 -5:3 -4:3 -3:3 -2:3 -1:3 +0:386 +5:135
   NEAR + $5C seen at the time : -11:130 -3:1 -2:1 -1:1 +0:1244 +11:126 +16:126
   NEAR + every frozen tick    : -4:1 -3:1 -2:1 -1:285 +0:1089 +11:126 +16:126
   last descent, landed on tick 65:
     t=  5 pred= 38 left= 60  y=    40 vy=  622592 ay=  -32000
     t=  6 pred= 37 left= 59  y=    49 vy=  590592 ay=  -32000
     t=  7 pred= 36 left= 58  y=    57 vy=  558592 ay=  -32000
     t=  8 pred= 35 left= 57  y=    65 vy=  526592 ay=  -32000
     t=  9 pred= 34 left= 56  y=    73 vy=  494592 ay=  -32000
     t= 10 pred= 33 left= 55  y=    80 vy=  462592 ay=  -32000
     t= 11 pred= 32 left= 54  y=    86 vy=  430592 ay=  -32000
     t= 12 pred= 31 left= 53  y=    92 vy=  398592 ay=  -32000
     t= 13 pred= 30 left= 52  y=    98 vy=  366592 ay=  -32000
     t= 14 pred= 29 left= 51  y=   103 vy=  334592 ay=  -32000
     t= 15 pred= 29 left= 50  y=   103 vy=  334592 ay=  -32000
     t= 16 pred= 29 left= 49  y=   103 vy=  334592 ay=  -32000
     t= 17 pred= 29 left= 48  y=   103 vy=  334592 ay=  -32000
     t= 18 pred= 29 left= 47  y=   103 vy=  334592 ay=  -32000
     t= 19 pred= 29 left= 46  y=   103 vy=  334592 ay=  -32000
     t= 20 pred= 29 left= 45  y=   103 vy=  334592 ay=  -32000
     t= 21 pred= 29 left= 44  y=   103 vy=  334592 ay=  -32000
     t= 22 pred= 29 left= 43  y=   103 vy=  334592 ay=  -32000
     t= 23 pred= 29 left= 42  y=   103 vy=  334592 ay=  -32000
     t= 24 pred= 29 left= 41  y=   103 vy=  334592 ay=  -32000
     t= 25 pred= 29 left= 40  y=   103 vy=  334592 ay=  -32000
     t= 26 pred= 28 left= 39  y=   108 vy=  302592 ay=  -32000
     t= 27 pred= 27 left= 38  y=   112 vy=  270592 ay=  -32000
     t= 28 pred= 26 left= 37  y=   115 vy=  238592 ay=  -32000
     t= 29 pred= 25 left= 36  y=   119 vy=  206592 ay=  -32000
     t= 30 pred= 24 left= 35  y=   121 vy=  174592 ay=  -32000
     t= 31 pred= 23 left= 34  y=   123 vy=  142592 ay=  -32000
     t= 32 pred= 22 left= 33  y=   125 vy=  110592 ay=  -32000
     t= 33 pred= 21 left= 32  y=   126 vy=   78592 ay=  -32000
     t= 34 pred= 20 left= 31  y=   127 vy=   46592 ay=  -32000
     t= 35 pred= 19 left= 30  y=   127 vy=   14592 ay=  -32000
     t= 36 pred= 18 left= 29  y=   127 vy=  -17408 ay=  -32000
     t= 37 pred= 17 left= 28  y=   126 vy=  -49408 ay=  -32000
     t= 38 pred= 16 left= 27  y=   125 vy=  -81408 ay=  -32000
     t= 39 pred= 15 left= 26  y=   123 vy= -113408 ay=  -32000
     t= 40 pred= 14 left= 25  y=   121 vy= -145408 ay=  -32000
     t= 41 pred= 13 left= 24  y=   118 vy= -177408 ay=  -32000
     t= 42 pred= 12 left= 23  y=   115 vy= -209408 ay=  -32000
     t= 43 pred= 11 left= 22  y=   111 vy= -241408 ay=  -32000
     t= 44 pred= 10 left= 21  y=   107 vy= -273408 ay=  -32000
P2  landings=4  no_prediction_ticks=12
   err all : -70:1 -68:1 -66:1 -64:1 -62:1 -60:1 -58:1 -56:1 -54:1 -52:1 -50:1 -48:1 -46:1 -44:1 -43:1 -42:1 -41:1 -40:1 -39:1 -38:1 -37:1 -36:1 -35:1 -34:1 -33:1 +0:55
   err NEAR (made within 20 ticks of the landing): +0:42
   err far  (made earlier, can still be invalidated): -70:1 -68:1 -66:1 -64:1 -62:1 -60:1 -58:1 -56:1 -54:1 -52:1 -50:1 -48:1 -46:1 -44:1 -43:1 -42:1 -41:1 -40:1 -39:1 -38:1 -37:1 -36:1 -35:1 -34:1 -33:1 +0:13
   NEAR + $5C seen at the time : +0:42
   NEAR + every frozen tick    : +0:42
   last descent, landed on tick 107:
     t= 96 pred= 11 left= 11  y=    40 vy=  135168 ay=  -24576
     t= 97 pred= 10 left= 10  y=    41 vy=  110592 ay=  -24576
     t= 98 pred=  9 left=  9  y=    43 vy=   86016 ay=  -24576
     t= 99 pred=  8 left=  8  y=    44 vy=   61440 ay=  -24576
     t=100 pred=  7 left=  7  y=    44 vy=   36864 ay=  -24576
     t=101 pred=  6 left=  6  y=    44 vy=   12288 ay=  -24576
     t=102 pred=  5 left=  5  y=    44 vy=  -12288 ay=  -24576
     t=103 pred=  4 left=  4  y=    44 vy=  -36864 ay=  -24576
     t=104 pred=  3 left=  3  y=    43 vy=  -61440 ay=  -24576
     t=105 pred=  2 left=  2  y=    41 vy=  -86016 ay=  -24576
     t=106 pred=  1 left=  1  y=    40 vy= -110592 ay=  -24576
---- landing prediction ----
P1  landings=84  no_prediction_ticks=0
   err all : -45:34 -38:1 -36:1 -34:1 -32:1 -30:1 -28:1 -26:1 -24:1 -22:194 -21:10 -20:11 -19:10 -18:11 -17:10 -16:11 -15:10 -14:11 -13:10 -12:11 -11:361 -10:30 -9:30 -8:30 -7:30 -6:30 -5:30 -4:30 -3:30 -2:30 -1:30 +0:1347 +5:135 +11:126 +16:126
   err NEAR (made within 20 ticks of the landing): -16:1 -14:1 -12:1 -11:163 -10:27 -9:27 -8:27 -7:27 -6:27 -5:27 -4:27 -3:27 -2:27 -1:27 +0:961 +11:126 +16:126
   err far  (made earlier, can still be invalidated): -45:34 -38:1 -36:1 -34:1 -32:1 -30:1 -28:1 -26:1 -24:1 -22:194 -21:10 -20:11 -19:10 -18:11 -17:10 -16:10 -15:10 -14:10 -13:10 -12:10 -11:198 -10:3 -9:3 -8:3 -7:3 -6:3 -5:3 -4:3 -3:3 -2:3 -1:3 +0:386 +5:135
   NEAR + $5C seen at the time : -11:137 -3:1 -2:1 -1:1 +0:1257 +11:126 +16:126
   NEAR + every frozen tick    : -4:1 -3:1 -2:1 -1:296 +0:1098 +11:126 +16:126
   last descent, landed on tick 182:
     t=122 pred= 38 left= 60  y=    40 vy=  622592 ay=  -32000
     t=123 pred= 37 left= 59  y=    49 vy=  590592 ay=  -32000
     t=124 pred= 36 left= 58  y=    57 vy=  558592 ay=  -32000
     t=125 pred= 35 left= 57  y=    65 vy=  526592 ay=  -32000
     t=126 pred= 34 left= 56  y=    73 vy=  494592 ay=  -32000
     t=127 pred= 33 left= 55  y=    80 vy=  462592 ay=  -32000
     t=128 pred= 32 left= 54  y=    86 vy=  430592 ay=  -32000
     t=129 pred= 31 left= 53  y=    92 vy=  398592 ay=  -32000
     t=130 pred= 30 left= 52  y=    98 vy=  366592 ay=  -32000
     t=131 pred= 29 left= 51  y=   103 vy=  334592 ay=  -32000
     t=132 pred= 29 left= 50  y=   103 vy=  334592 ay=  -32000
     t=133 pred= 29 left= 49  y=   103 vy=  334592 ay=  -32000
     t=134 pred= 29 left= 48  y=   103 vy=  334592 ay=  -32000
     t=135 pred= 29 left= 47  y=   103 vy=  334592 ay=  -32000
     t=136 pred= 29 left= 46  y=   103 vy=  334592 ay=  -32000
     t=137 pred= 29 left= 45  y=   103 vy=  334592 ay=  -32000
     t=138 pred= 29 left= 44  y=   103 vy=  334592 ay=  -32000
     t=139 pred= 29 left= 43  y=   103 vy=  334592 ay=  -32000
     t=140 pred= 29 left= 42  y=   103 vy=  334592 ay=  -32000
     t=141 pred= 29 left= 41  y=   103 vy=  334592 ay=  -32000
     t=142 pred= 29 left= 40  y=   103 vy=  334592 ay=  -32000
     t=143 pred= 28 left= 39  y=   108 vy=  302592 ay=  -32000
     t=144 pred= 27 left= 38  y=   112 vy=  270592 ay=  -32000
     t=145 pred= 26 left= 37  y=   115 vy=  238592 ay=  -32000
     t=146 pred= 25 left= 36  y=   119 vy=  206592 ay=  -32000
     t=147 pred= 24 left= 35  y=   121 vy=  174592 ay=  -32000
     t=148 pred= 23 left= 34  y=   123 vy=  142592 ay=  -32000
     t=149 pred= 22 left= 33  y=   125 vy=  110592 ay=  -32000
     t=150 pred= 21 left= 32  y=   126 vy=   78592 ay=  -32000
     t=151 pred= 20 left= 31  y=   127 vy=   46592 ay=  -32000
     t=152 pred= 19 left= 30  y=   127 vy=   14592 ay=  -32000
     t=153 pred= 18 left= 29  y=   127 vy=  -17408 ay=  -32000
     t=154 pred= 17 left= 28  y=   126 vy=  -49408 ay=  -32000
     t=155 pred= 16 left= 27  y=   125 vy=  -81408 ay=  -32000
     t=156 pred= 15 left= 26  y=   123 vy= -113408 ay=  -32000
     t=157 pred= 14 left= 25  y=   121 vy= -145408 ay=  -32000
     t=158 pred= 13 left= 24  y=   118 vy= -177408 ay=  -32000
     t=159 pred= 12 left= 23  y=   115 vy= -209408 ay=  -32000
     t=160 pred= 11 left= 22  y=   111 vy= -241408 ay=  -32000
     t=161 pred= 10 left= 21  y=   107 vy= -273408 ay=  -32000
P2  landings=4  no_prediction_ticks=12
   err all : -70:1 -68:1 -66:1 -64:1 -62:1 -60:1 -58:1 -56:1 -54:1 -52:1 -50:1 -48:1 -46:1 -44:1 -43:1 -42:1 -41:1 -40:1 -39:1 -38:1 -37:1 -36:1 -35:1 -34:1 -33:1 +0:55
   err NEAR (made within 20 ticks of the landing): +0:42
   err far  (made earlier, can still be invalidated): -70:1 -68:1 -66:1 -64:1 -62:1 -60:1 -58:1 -56:1 -54:1 -52:1 -50:1 -48:1 -46:1 -44:1 -43:1 -42:1 -41:1 -40:1 -39:1 -38:1 -37:1 -36:1 -35:1 -34:1 -33:1 +0:13
   NEAR + $5C seen at the time : +0:42
   NEAR + every frozen tick    : +0:42
   last descent, landed on tick 107:
     t= 96 pred= 11 left= 11  y=    40 vy=  135168 ay=  -24576
     t= 97 pred= 10 left= 10  y=    41 vy=  110592 ay=  -24576
     t= 98 pred=  9 left=  9  y=    43 vy=   86016 ay=  -24576
     t= 99 pred=  8 left=  8  y=    44 vy=   61440 ay=  -24576
     t=100 pred=  7 left=  7  y=    44 vy=   36864 ay=  -24576
     t=101 pred=  6 left=  6  y=    44 vy=   12288 ay=  -24576
     t=102 pred=  5 left=  5  y=    44 vy=  -12288 ay=  -24576
     t=103 pred=  4 left=  4  y=    44 vy=  -36864 ay=  -24576
     t=104 pred=  3 left=  3  y=    43 vy=  -61440 ay=  -24576
     t=105 pred=  2 left=  2  y=    41 vy=  -86016 ay=  -24576
     t=106 pred=  1 left=  1  y=    40 vy= -110592 ay=  -24576
---- landing prediction ----
P1  landings=85  no_prediction_ticks=0
   err all : -45:34 -38:1 -36:1 -34:1 -32:1 -30:1 -28:1 -26:1 -24:1 -22:194 -21:10 -20:11 -19:10 -18:11 -17:10 -16:11 -15:10 -14:11 -13:10 -12:11 -11:370 -10:31 -9:31 -8:31 -7:31 -6:31 -5:31 -4:31 -3:31 -2:31 -1:31 +0:1350 +5:144 +11:126 +16:126
   err NEAR (made within 20 ticks of the landing): -16:1 -14:1 -12:1 -11:170 -10:28 -9:28 -8:28 -7:28 -6:28 -5:28 -4:28 -3:28 -2:28 -1:28 +0:964 +11:126 +16:126
   err far  (made earlier, can still be invalidated): -45:34 -38:1 -36:1 -34:1 -32:1 -30:1 -28:1 -26:1 -24:1 -22:194 -21:10 -20:11 -19:10 -18:11 -17:10 -16:10 -15:10 -14:10 -13:10 -12:10 -11:200 -10:3 -9:3 -8:3 -7:3 -6:3 -5:3 -4:3 -3:3 -2:3 -1:3 +0:386 +5:144
   NEAR + $5C seen at the time : -11:143 -3:1 -2:1 -1:1 +0:1271 +11:126 +16:126
   NEAR + every frozen tick    : -4:1 -3:1 -2:1 -1:307 +0:1107 +11:126 +16:126
   last descent, landed on tick 16:
     t=241 pred= 36 left= 31  y=    40 vy=  245760 ay=  -13312
     t=242 pred= 35 left= 30  y=    43 vy=  232448 ay=  -13312
     t=243 pred= 34 left= 29  y=    46 vy=  219136 ay=  -13312
     t=244 pred= 33 left= 28  y=    50 vy=  205824 ay=  -13312
     t=245 pred= 32 left= 27  y=    52 vy=  192512 ay=  -13312
     t=246 pred= 31 left= 26  y=    55 vy=  179200 ay=  -13312
     t=247 pred= 30 left= 25  y=    58 vy=  165888 ay=  -13312
     t=248 pred= 29 left= 24  y=    60 vy=  152576 ay=  -13312
     t=249 pred= 28 left= 23  y=    62 vy=  139264 ay=  -13312
     t=250 pred= 11 left= 22  y=    64 vy=       0 ay=  -26624
     t=251 pred= 10 left= 21  y=    64 vy=  -26624 ay=  -26624
     t=252 pred=  9 left= 20  y=    63 vy=  -53248 ay=  -26624
     t=253 pred=  8 left= 19  y=    62 vy=  -79872 ay=  -26624
     t=254 pred=  7 left= 18  y=    60 vy= -106496 ay=  -26624
     t=255 pred=  6 left= 17  y=    58 vy= -133120 ay=  -26624
     t=  0 pred=  5 left= 16  y=    56 vy= -159744 ay=  -26624
     t=  1 pred=  4 left= 15  y=    53 vy= -186368 ay=  -26624
     t=  2 pred=  3 left= 14  y=    49 vy= -212992 ay=  -26624
     t=  3 pred=  3 left= 13  y=    49 vy= -212992 ay=  -26624
     t=  4 pred=  3 left= 12  y=    49 vy= -212992 ay=  -26624
     t=  5 pred=  3 left= 11  y=    49 vy= -212992 ay=  -26624
     t=  6 pred=  3 left= 10  y=    49 vy= -212992 ay=  -26624
     t=  7 pred=  3 left=  9  y=    49 vy= -212992 ay=  -26624
     t=  8 pred=  3 left=  8  y=    49 vy= -212992 ay=  -26624
     t=  9 pred=  3 left=  7  y=    49 vy= -212992 ay=  -26624
     t= 10 pred=  3 left=  6  y=    49 vy= -212992 ay=  -26624
     t= 11 pred=  3 left=  5  y=    49 vy= -212992 ay=  -26624
     t= 12 pred=  3 left=  4  y=    49 vy= -212992 ay=  -26624
     t= 13 pred=  3 left=  3  y=    49 vy= -212992 ay=  -26624
     t= 14 pred=  2 left=  2  y=    46 vy= -239616 ay=  -26624
     t= 15 pred=  1 left=  1  y=    42 vy= -266240 ay=  -26624
P2  landings=4  no_prediction_ticks=12
   err all : -70:1 -68:1 -66:1 -64:1 -62:1 -60:1 -58:1 -56:1 -54:1 -52:1 -50:1 -48:1 -46:1 -44:1 -43:1 -42:1 -41:1 -40:1 -39:1 -38:1 -37:1 -36:1 -35:1 -34:1 -33:1 +0:55
   err NEAR (made within 20 ticks of the landing): +0:42
   err far  (made earlier, can still be invalidated): -70:1 -68:1 -66:1 -64:1 -62:1 -60:1 -58:1 -56:1 -54:1 -52:1 -50:1 -48:1 -46:1 -44:1 -43:1 -42:1 -41:1 -40:1 -39:1 -38:1 -37:1 -36:1 -35:1 -34:1 -33:1 +0:13
   NEAR + $5C seen at the time : +0:42
   NEAR + every frozen tick    : +0:42
   last descent, landed on tick 107:
     t= 96 pred= 11 left= 11  y=    40 vy=  135168 ay=  -24576
     t= 97 pred= 10 left= 10  y=    41 vy=  110592 ay=  -24576
     t= 98 pred=  9 left=  9  y=    43 vy=   86016 ay=  -24576
     t= 99 pred=  8 left=  8  y=    44 vy=   61440 ay=  -24576
     t=100 pred=  7 left=  7  y=    44 vy=   36864 ay=  -24576
     t=101 pred=  6 left=  6  y=    44 vy=   12288 ay=  -24576
     t=102 pred=  5 left=  5  y=    44 vy=  -12288 ay=  -24576
     t=103 pred=  4 left=  4  y=    44 vy=  -36864 ay=  -24576
     t=104 pred=  3 left=  3  y=    43 vy=  -61440 ay=  -24576
     t=105 pred=  2 left=  2  y=    41 vy=  -86016 ay=  -24576
     t=106 pred=  1 left=  1  y=    40 vy= -110592 ay=  -24576
---- landing prediction ----
P1  landings=86  no_prediction_ticks=0
   err all : -45:34 -38:1 -36:1 -34:1 -32:1 -30:1 -28:1 -26:1 -24:1 -22:194 -21:10 -20:11 -19:10 -18:11 -17:10 -16:11 -15:10 -14:11 -13:10 -12:11 -11:376 -10:32 -9:32 -8:32 -7:32 -6:32 -5:32 -4:32 -3:32 -2:32 -1:32 +0:1356 +5:153 +11:126 +16:126
   err NEAR (made within 20 ticks of the landing): -16:1 -14:1 -12:1 -11:174 -10:29 -9:29 -8:29 -7:29 -6:29 -5:29 -4:29 -3:29 -2:29 -1:29 +0:970 +11:126 +16:126
   err far  (made earlier, can still be invalidated): -45:34 -38:1 -36:1 -34:1 -32:1 -30:1 -28:1 -26:1 -24:1 -22:194 -21:10 -20:11 -19:10 -18:11 -17:10 -16:10 -15:10 -14:10 -13:10 -12:10 -11:202 -10:3 -9:3 -8:3 -7:3 -6:3 -5:3 -4:3 -3:3 -2:3 -1:3 +0:386 +5:153
   NEAR + $5C seen at the time : -11:146 -3:1 -2:1 -1:1 +0:1288 +11:126 +16:126
   NEAR + every frozen tick    : -4:1 -3:1 -2:1 -1:318 +0:1116 +11:126 +16:126
   last descent, landed on tick 48:
     t= 17 pred= 36 left= 31  y=    40 vy=  245760 ay=  -13312
     t= 18 pred= 35 left= 30  y=    43 vy=  232448 ay=  -13312
     t= 19 pred= 34 left= 29  y=    46 vy=  219136 ay=  -13312
     t= 20 pred= 33 left= 28  y=    50 vy=  205824 ay=  -13312
     t= 21 pred= 32 left= 27  y=    52 vy=  192512 ay=  -13312
     t= 22 pred= 31 left= 26  y=    55 vy=  179200 ay=  -13312
     t= 23 pred= 30 left= 25  y=    58 vy=  165888 ay=  -13312
     t= 24 pred= 29 left= 24  y=    60 vy=  152576 ay=  -13312
     t= 25 pred= 28 left= 23  y=    62 vy=  139264 ay=  -13312
     t= 26 pred= 11 left= 22  y=    64 vy=       0 ay=  -26624
     t= 27 pred= 10 left= 21  y=    64 vy=  -26624 ay=  -26624
     t= 28 pred=  9 left= 20  y=    63 vy=  -53248 ay=  -26624
     t= 29 pred=  8 left= 19  y=    62 vy=  -79872 ay=  -26624
     t= 30 pred=  7 left= 18  y=    60 vy= -106496 ay=  -26624
     t= 31 pred=  6 left= 17  y=    58 vy= -133120 ay=  -26624
     t= 32 pred=  6 left= 16  y=    58 vy= -133120 ay=  -26624
     t= 33 pred=  6 left= 15  y=    58 vy= -133120 ay=  -26624
     t= 34 pred=  6 left= 14  y=    58 vy= -133120 ay=  -26624
     t= 35 pred=  6 left= 13  y=    58 vy= -133120 ay=  -26624
     t= 36 pred=  6 left= 12  y=    58 vy= -133120 ay=  -26624
     t= 37 pred=  6 left= 11  y=    58 vy= -133120 ay=  -26624
     t= 38 pred=  6 left= 10  y=    58 vy= -133120 ay=  -26624
     t= 39 pred=  6 left=  9  y=    58 vy= -133120 ay=  -26624
     t= 40 pred=  6 left=  8  y=    58 vy= -133120 ay=  -26624
     t= 41 pred=  6 left=  7  y=    58 vy= -133120 ay=  -26624
     t= 42 pred=  6 left=  6  y=    58 vy= -133120 ay=  -26624
     t= 43 pred=  5 left=  5  y=    56 vy= -159744 ay=  -26624
     t= 44 pred=  4 left=  4  y=    53 vy= -186368 ay=  -26624
     t= 45 pred=  3 left=  3  y=    49 vy= -212992 ay=  -26624
     t= 46 pred=  2 left=  2  y=    46 vy= -239616 ay=  -26624
     t= 47 pred=  1 left=  1  y=    42 vy= -266240 ay=  -26624
P2  landings=4  no_prediction_ticks=12
   err all : -70:1 -68:1 -66:1 -64:1 -62:1 -60:1 -58:1 -56:1 -54:1 -52:1 -50:1 -48:1 -46:1 -44:1 -43:1 -42:1 -41:1 -40:1 -39:1 -38:1 -37:1 -36:1 -35:1 -34:1 -33:1 +0:55
   err NEAR (made within 20 ticks of the landing): +0:42
   err far  (made earlier, can still be invalidated): -70:1 -68:1 -66:1 -64:1 -62:1 -60:1 -58:1 -56:1 -54:1 -52:1 -50:1 -48:1 -46:1 -44:1 -43:1 -42:1 -41:1 -40:1 -39:1 -38:1 -37:1 -36:1 -35:1 -34:1 -33:1 +0:13
   NEAR + $5C seen at the time : +0:42
   NEAR + every frozen tick    : +0:42
   last descent, landed on tick 107:
     t= 96 pred= 11 left= 11  y=    40 vy=  135168 ay=  -24576
     t= 97 pred= 10 left= 10  y=    41 vy=  110592 ay=  -24576
     t= 98 pred=  9 left=  9  y=    43 vy=   86016 ay=  -24576
     t= 99 pred=  8 left=  8  y=    44 vy=   61440 ay=  -24576
     t=100 pred=  7 left=  7  y=    44 vy=   36864 ay=  -24576
     t=101 pred=  6 left=  6  y=    44 vy=   12288 ay=  -24576
     t=102 pred=  5 left=  5  y=    44 vy=  -12288 ay=  -24576
     t=103 pred=  4 left=  4  y=    44 vy=  -36864 ay=  -24576
     t=104 pred=  3 left=  3  y=    43 vy=  -61440 ay=  -24576
     t=105 pred=  2 left=  2  y=    41 vy=  -86016 ay=  -24576
     t=106 pred=  1 left=  1  y=    40 vy= -110592 ay=  -24576
---- landing prediction ----
P1  landings=87  no_prediction_ticks=0
   err all : -45:34 -38:1 -36:1 -34:1 -32:1 -30:1 -28:1 -26:1 -24:1 -22:194 -21:10 -20:11 -19:10 -18:11 -17:10 -16:11 -15:10 -14:11 -13:10 -12:11 -11:387 -10:33 -9:33 -8:33 -7:33 -6:33 -5:33 -4:33 -3:33 -2:33 -1:33 +0:1357 +5:162 +11:126 +16:126
   err NEAR (made within 20 ticks of the landing): -16:1 -14:1 -12:1 -11:183 -10:30 -9:30 -8:30 -7:30 -6:30 -5:30 -4:30 -3:30 -2:30 -1:30 +0:971 +11:126 +16:126
   err far  (made earlier, can still be invalidated): -45:34 -38:1 -36:1 -34:1 -32:1 -30:1 -28:1 -26:1 -24:1 -22:194 -21:10 -20:11 -19:10 -18:11 -17:10 -16:10 -15:10 -14:10 -13:10 -12:10 -11:204 -10:3 -9:3 -8:3 -7:3 -6:3 -5:3 -4:3 -3:3 -2:3 -1:3 +0:386 +5:162
   NEAR + $5C seen at the time : -11:154 -3:1 -2:1 -1:1 +0:1300 +11:126 +16:126
   NEAR + every frozen tick    : -4:1 -3:1 -2:1 -1:329 +0:1125 +11:126 +16:126
   last descent, landed on tick 146:
     t=115 pred= 36 left= 31  y=    40 vy=  245760 ay=  -13312
     t=116 pred= 35 left= 30  y=    43 vy=  232448 ay=  -13312
     t=117 pred= 34 left= 29  y=    46 vy=  219136 ay=  -13312
     t=118 pred= 33 left= 28  y=    50 vy=  205824 ay=  -13312
     t=119 pred= 32 left= 27  y=    52 vy=  192512 ay=  -13312
     t=120 pred= 31 left= 26  y=    55 vy=  179200 ay=  -13312
     t=121 pred= 30 left= 25  y=    58 vy=  165888 ay=  -13312
     t=122 pred= 29 left= 24  y=    60 vy=  152576 ay=  -13312
     t=123 pred= 28 left= 23  y=    62 vy=  139264 ay=  -13312
     t=124 pred= 11 left= 22  y=    64 vy=       0 ay=  -26624
     t=125 pred= 10 left= 21  y=    64 vy=  -26624 ay=  -26624
     t=126 pred=  9 left= 20  y=    63 vy=  -53248 ay=  -26624
     t=127 pred=  8 left= 19  y=    62 vy=  -79872 ay=  -26624
     t=128 pred=  7 left= 18  y=    60 vy= -106496 ay=  -26624
     t=129 pred=  6 left= 17  y=    58 vy= -133120 ay=  -26624
     t=130 pred=  5 left= 16  y=    56 vy= -159744 ay=  -26624
     t=131 pred=  4 left= 15  y=    53 vy= -186368 ay=  -26624
     t=132 pred=  3 left= 14  y=    49 vy= -212992 ay=  -26624
     t=133 pred=  2 left= 13  y=    46 vy= -239616 ay=  -26624
     t=134 pred=  1 left= 12  y=    42 vy= -266240 ay=  -26624
     t=135 pred=  1 left= 11  y=    42 vy= -266240 ay=  -26624
     t=136 pred=  1 left= 10  y=    42 vy= -266240 ay=  -26624
     t=137 pred=  1 left=  9  y=    42 vy= -266240 ay=  -26624
     t=138 pred=  1 left=  8  y=    42 vy= -266240 ay=  -26624
     t=139 pred=  1 left=  7  y=    42 vy= -266240 ay=  -26624
     t=140 pred=  1 left=  6  y=    42 vy= -266240 ay=  -26624
     t=141 pred=  1 left=  5  y=    42 vy= -266240 ay=  -26624
     t=142 pred=  1 left=  4  y=    42 vy= -266240 ay=  -26624
     t=143 pred=  1 left=  3  y=    42 vy= -266240 ay=  -26624
     t=144 pred=  1 left=  2  y=    42 vy= -266240 ay=  -26624
     t=145 pred=  1 left=  1  y=    42 vy= -266240 ay=  -26624
P2  landings=4  no_prediction_ticks=12
   err all : -70:1 -68:1 -66:1 -64:1 -62:1 -60:1 -58:1 -56:1 -54:1 -52:1 -50:1 -48:1 -46:1 -44:1 -43:1 -42:1 -41:1 -40:1 -39:1 -38:1 -37:1 -36:1 -35:1 -34:1 -33:1 +0:55
   err NEAR (made within 20 ticks of the landing): +0:42
   err far  (made earlier, can still be invalidated): -70:1 -68:1 -66:1 -64:1 -62:1 -60:1 -58:1 -56:1 -54:1 -52:1 -50:1 -48:1 -46:1 -44:1 -43:1 -42:1 -41:1 -40:1 -39:1 -38:1 -37:1 -36:1 -35:1 -34:1 -33:1 +0:13
   NEAR + $5C seen at the time : +0:42
   NEAR + every frozen tick    : +0:42
   last descent, landed on tick 107:
     t= 96 pred= 11 left= 11  y=    40 vy=  135168 ay=  -24576
     t= 97 pred= 10 left= 10  y=    41 vy=  110592 ay=  -24576
     t= 98 pred=  9 left=  9  y=    43 vy=   86016 ay=  -24576
     t= 99 pred=  8 left=  8  y=    44 vy=   61440 ay=  -24576
     t=100 pred=  7 left=  7  y=    44 vy=   36864 ay=  -24576
     t=101 pred=  6 left=  6  y=    44 vy=   12288 ay=  -24576
     t=102 pred=  5 left=  5  y=    44 vy=  -12288 ay=  -24576
     t=103 pred=  4 left=  4  y=    44 vy=  -36864 ay=  -24576
     t=104 pred=  3 left=  3  y=    43 vy=  -61440 ay=  -24576
     t=105 pred=  2 left=  2  y=    41 vy=  -86016 ay=  -24576
     t=106 pred=  1 left=  1  y=    40 vy= -110592 ay=  -24576
---- landing prediction ----
P1  landings=88  no_prediction_ticks=0
   err all : -45:34 -38:1 -36:1 -34:1 -32:1 -30:1 -28:1 -26:1 -24:1 -22:194 -21:10 -20:11 -19:10 -18:11 -17:10 -16:11 -15:10 -14:11 -13:10 -12:11 -11:387 -10:33 -9:33 -8:33 -7:33 -6:33 -5:33 -4:33 -3:33 -2:33 -1:33 +0:1396 +5:162 +11:126 +16:126
   err NEAR (made within 20 ticks of the landing): -16:1 -14:1 -12:1 -11:183 -10:30 -9:30 -8:30 -7:30 -6:30 -5:30 -4:30 -3:30 -2:30 -1:30 +0:991 +11:126 +16:126
   err far  (made earlier, can still be invalidated): -45:34 -38:1 -36:1 -34:1 -32:1 -30:1 -28:1 -26:1 -24:1 -22:194 -21:10 -20:11 -19:10 -18:11 -17:10 -16:10 -15:10 -14:10 -13:10 -12:10 -11:204 -10:3 -9:3 -8:3 -7:3 -6:3 -5:3 -4:3 -3:3 -2:3 -1:3 +0:405 +5:162
   NEAR + $5C seen at the time : -11:154 -3:1 -2:1 -1:1 +0:1320 +11:126 +16:126
   NEAR + every frozen tick    : -4:1 -3:1 -2:1 -1:329 +0:1145 +11:126 +16:126
   last descent, landed on tick 195:
     t=156 pred= 39 left= 39  y=    40 vy=  630784 ay=  -32000
     t=157 pred= 38 left= 38  y=    49 vy=  598784 ay=  -32000
     t=158 pred= 37 left= 37  y=    57 vy=  566784 ay=  -32000
     t=159 pred= 36 left= 36  y=    65 vy=  534784 ay=  -32000
     t=160 pred= 35 left= 35  y=    73 vy=  502784 ay=  -32000
     t=161 pred= 34 left= 34  y=    80 vy=  470784 ay=  -32000
     t=162 pred= 33 left= 33  y=    87 vy=  438784 ay=  -32000
     t=163 pred= 32 left= 32  y=    93 vy=  406784 ay=  -32000
     t=164 pred= 31 left= 31  y=    99 vy=  374784 ay=  -32000
     t=165 pred= 30 left= 30  y=   104 vy=  342784 ay=  -32000
     t=166 pred= 29 left= 29  y=   109 vy=  310784 ay=  -32000
     t=167 pred= 28 left= 28  y=   113 vy=  278784 ay=  -32000
     t=168 pred= 27 left= 27  y=   117 vy=  246784 ay=  -32000
     t=169 pred= 26 left= 26  y=   120 vy=  214784 ay=  -32000
     t=170 pred= 25 left= 25  y=   123 vy=  182784 ay=  -32000
     t=171 pred= 24 left= 24  y=   125 vy=  150784 ay=  -32000
     t=172 pred= 23 left= 23  y=   127 vy=  118784 ay=  -32000
     t=173 pred= 22 left= 22  y=   128 vy=   86784 ay=  -32000
     t=174 pred= 21 left= 21  y=   129 vy=   54784 ay=  -32000
     t=175 pred= 20 left= 20  y=   130 vy=   22784 ay=  -32000
     t=176 pred= 19 left= 19  y=   129 vy=   -9216 ay=  -32000
     t=177 pred= 18 left= 18  y=   129 vy=  -41216 ay=  -32000
     t=178 pred= 17 left= 17  y=   128 vy=  -73216 ay=  -32000
     t=179 pred= 16 left= 16  y=   126 vy= -105216 ay=  -32000
     t=180 pred= 15 left= 15  y=   124 vy= -137216 ay=  -32000
     t=181 pred= 14 left= 14  y=   121 vy= -169216 ay=  -32000
     t=182 pred= 13 left= 13  y=   118 vy= -201216 ay=  -32000
     t=183 pred= 12 left= 12  y=   115 vy= -233216 ay=  -32000
     t=184 pred= 11 left= 11  y=   111 vy= -265216 ay=  -32000
     t=185 pred= 10 left= 10  y=   106 vy= -297216 ay=  -32000
     t=186 pred=  9 left=  9  y=   101 vy= -329216 ay=  -32000
     t=187 pred=  8 left=  8  y=    96 vy= -361216 ay=  -32000
     t=188 pred=  7 left=  7  y=    90 vy= -393216 ay=  -32000
     t=189 pred=  6 left=  6  y=    83 vy= -425216 ay=  -32000
     t=190 pred=  5 left=  5  y=    76 vy= -457216 ay=  -32000
     t=191 pred=  4 left=  4  y=    69 vy= -489216 ay=  -32000
     t=192 pred=  3 left=  3  y=    61 vy= -521216 ay=  -32000
     t=193 pred=  2 left=  2  y=    52 vy= -553216 ay=  -32000
     t=194 pred=  1 left=  1  y=    43 vy= -585216 ay=  -32000
P2  landings=4  no_prediction_ticks=12
   err all : -70:1 -68:1 -66:1 -64:1 -62:1 -60:1 -58:1 -56:1 -54:1 -52:1 -50:1 -48:1 -46:1 -44:1 -43:1 -42:1 -41:1 -40:1 -39:1 -38:1 -37:1 -36:1 -35:1 -34:1 -33:1 +0:55
   err NEAR (made within 20 ticks of the landing): +0:42
   err far  (made earlier, can still be invalidated): -70:1 -68:1 -66:1 -64:1 -62:1 -60:1 -58:1 -56:1 -54:1 -52:1 -50:1 -48:1 -46:1 -44:1 -43:1 -42:1 -41:1 -40:1 -39:1 -38:1 -37:1 -36:1 -35:1 -34:1 -33:1 +0:13
   NEAR + $5C seen at the time : +0:42
   NEAR + every frozen tick    : +0:42
   last descent, landed on tick 107:
     t= 96 pred= 11 left= 11  y=    40 vy=  135168 ay=  -24576
     t= 97 pred= 10 left= 10  y=    41 vy=  110592 ay=  -24576
     t= 98 pred=  9 left=  9  y=    43 vy=   86016 ay=  -24576
     t= 99 pred=  8 left=  8  y=    44 vy=   61440 ay=  -24576
     t=100 pred=  7 left=  7  y=    44 vy=   36864 ay=  -24576
     t=101 pred=  6 left=  6  y=    44 vy=   12288 ay=  -24576
     t=102 pred=  5 left=  5  y=    44 vy=  -12288 ay=  -24576
     t=103 pred=  4 left=  4  y=    44 vy=  -36864 ay=  -24576
     t=104 pred=  3 left=  3  y=    43 vy=  -61440 ay=  -24576
     t=105 pred=  2 left=  2  y=    41 vy=  -86016 ay=  -24576
     t=106 pred=  1 left=  1  y=    40 vy= -110592 ay=  -24576
---- landing prediction ----
P1  landings=89  no_prediction_ticks=0
   err all : -45:34 -38:1 -36:1 -34:1 -32:1 -30:1 -28:1 -26:1 -24:1 -22:194 -21:10 -20:11 -19:10 -18:11 -17:10 -16:11 -15:10 -14:11 -13:10 -12:11 -11:387 -10:33 -9:33 -8:33 -7:33 -6:33 -5:33 -4:33 -3:33 -2:33 -1:33 +0:1425 +5:162 +11:126 +16:126
   err NEAR (made within 20 ticks of the landing): -16:1 -14:1 -12:1 -11:183 -10:30 -9:30 -8:30 -7:30 -6:30 -5:30 -4:30 -3:30 -2:30 -1:30 +0:1011 +11:126 +16:126
   err far  (made earlier, can still be invalidated): -45:34 -38:1 -36:1 -34:1 -32:1 -30:1 -28:1 -26:1 -24:1 -22:194 -21:10 -20:11 -19:10 -18:11 -17:10 -16:10 -15:10 -14:10 -13:10 -12:10 -11:204 -10:3 -9:3 -8:3 -7:3 -6:3 -5:3 -4:3 -3:3 -2:3 -1:3 +0:414 +5:162
   NEAR + $5C seen at the time : -11:154 -3:1 -2:1 -1:1 +0:1340 +11:126 +16:126
   NEAR + every frozen tick    : -4:1 -3:1 -2:1 -1:329 +0:1165 +11:126 +16:126
   last descent, landed on tick 228:
     t=199 pred= 29 left= 29  y=    40 vy=  786432 ay=  -53248
     t=200 pred= 28 left= 28  y=    51 vy=  733184 ay=  -53248
     t=201 pred= 27 left= 27  y=    61 vy=  679936 ay=  -53248
     t=202 pred= 26 left= 26  y=    71 vy=  626688 ay=  -53248
     t=203 pred= 25 left= 25  y=    79 vy=  573440 ay=  -53248
     t=204 pred= 24 left= 24  y=    87 vy=  520192 ay=  -53248
     t=205 pred= 23 left= 23  y=    94 vy=  466944 ay=  -53248
     t=206 pred= 22 left= 22  y=   101 vy=  413696 ay=  -53248
     t=207 pred= 21 left= 21  y=   106 vy=  360448 ay=  -53248
     t=208 pred= 20 left= 20  y=   111 vy=  307200 ay=  -53248
     t=209 pred= 19 left= 19  y=   115 vy=  253952 ay=  -53248
     t=210 pred= 18 left= 18  y=   118 vy=  200704 ay=  -53248
     t=211 pred= 17 left= 17  y=   120 vy=  147456 ay=  -53248
     t=212 pred= 16 left= 16  y=   122 vy=   94208 ay=  -53248
     t=213 pred= 15 left= 15  y=   122 vy=   40960 ay=  -53248
     t=214 pred= 14 left= 14  y=   122 vy=  -12288 ay=  -53248
     t=215 pred= 13 left= 13  y=   121 vy=  -65536 ay=  -53248
     t=216 pred= 12 left= 12  y=   119 vy= -118784 ay=  -53248
     t=217 pred= 11 left= 11  y=   117 vy= -172032 ay=  -53248
     t=218 pred= 10 left= 10  y=   113 vy= -225280 ay=  -53248
     t=219 pred=  9 left=  9  y=   109 vy= -278528 ay=  -53248
     t=220 pred=  8 left=  8  y=   104 vy= -331776 ay=  -53248
     t=221 pred=  7 left=  7  y=    98 vy= -385024 ay=  -53248
     t=222 pred=  6 left=  6  y=    91 vy= -438272 ay=  -53248
     t=223 pred=  5 left=  5  y=    84 vy= -491520 ay=  -53248
     t=224 pred=  4 left=  4  y=    75 vy= -544768 ay=  -53248
     t=225 pred=  3 left=  3  y=    66 vy= -598016 ay=  -53248
     t=226 pred=  2 left=  2  y=    56 vy= -651264 ay=  -53248
     t=227 pred=  1 left=  1  y=    46 vy= -704512 ay=  -53248
P2  landings=4  no_prediction_ticks=12
   err all : -70:1 -68:1 -66:1 -64:1 -62:1 -60:1 -58:1 -56:1 -54:1 -52:1 -50:1 -48:1 -46:1 -44:1 -43:1 -42:1 -41:1 -40:1 -39:1 -38:1 -37:1 -36:1 -35:1 -34:1 -33:1 +0:55
   err NEAR (made within 20 ticks of the landing): +0:42
   err far  (made earlier, can still be invalidated): -70:1 -68:1 -66:1 -64:1 -62:1 -60:1 -58:1 -56:1 -54:1 -52:1 -50:1 -48:1 -46:1 -44:1 -43:1 -42:1 -41:1 -40:1 -39:1 -38:1 -37:1 -36:1 -35:1 -34:1 -33:1 +0:13
   NEAR + $5C seen at the time : +0:42
   NEAR + every frozen tick    : +0:42
   last descent, landed on tick 107:
     t= 96 pred= 11 left= 11  y=    40 vy=  135168 ay=  -24576
     t= 97 pred= 10 left= 10  y=    41 vy=  110592 ay=  -24576
     t= 98 pred=  9 left=  9  y=    43 vy=   86016 ay=  -24576
     t= 99 pred=  8 left=  8  y=    44 vy=   61440 ay=  -24576
     t=100 pred=  7 left=  7  y=    44 vy=   36864 ay=  -24576
     t=101 pred=  6 left=  6  y=    44 vy=   12288 ay=  -24576
     t=102 pred=  5 left=  5  y=    44 vy=  -12288 ay=  -24576
     t=103 pred=  4 left=  4  y=    44 vy=  -36864 ay=  -24576
     t=104 pred=  3 left=  3  y=    43 vy=  -61440 ay=  -24576
     t=105 pred=  2 left=  2  y=    41 vy=  -86016 ay=  -24576
     t=106 pred=  1 left=  1  y=    40 vy= -110592 ay=  -24576
---- landing prediction ----
P1  landings=90  no_prediction_ticks=0
   err all : -45:34 -38:1 -36:1 -34:1 -32:1 -30:1 -28:1 -26:1 -24:1 -22:194 -21:10 -20:11 -19:10 -18:11 -17:10 -16:11 -15:10 -14:11 -13:10 -12:11 -11:387 -10:33 -9:33 -8:33 -7:33 -6:33 -5:33 -4:33 -3:33 -2:33 -1:33 +0:1436 +5:162 +11:126 +16:135
   err NEAR (made within 20 ticks of the landing): -16:1 -14:1 -12:1 -11:183 -10:30 -9:30 -8:30 -7:30 -6:30 -5:30 -4:30 -3:30 -2:30 -1:30 +0:1022 +11:126 +16:135
   err far  (made earlier, can still be invalidated): -45:34 -38:1 -36:1 -34:1 -32:1 -30:1 -28:1 -26:1 -24:1 -22:194 -21:10 -20:11 -19:10 -18:11 -17:10 -16:10 -15:10 -14:10 -13:10 -12:10 -11:204 -10:3 -9:3 -8:3 -7:3 -6:3 -5:3 -4:3 -3:3 -2:3 -1:3 +0:414 +5:162
   NEAR + $5C seen at the time : -11:154 -3:1 -2:1 -1:1 +0:1351 +11:126 +16:135
   NEAR + every frozen tick    : -4:1 -3:1 -2:1 -1:329 +0:1176 +11:126 +16:135
   last descent, landed on tick 251:
     t=231 pred= 36 left= 20  y=    40 vy=  245760 ay=  -13312
     t=232 pred= 35 left= 19  y=    43 vy=  232448 ay=  -13312
     t=233 pred= 34 left= 18  y=    46 vy=  219136 ay=  -13312
     t=234 pred= 33 left= 17  y=    50 vy=  205824 ay=  -13312
     t=235 pred= 32 left= 16  y=    52 vy=  192512 ay=  -13312
     t=236 pred= 31 left= 15  y=    55 vy=  179200 ay=  -13312
     t=237 pred= 30 left= 14  y=    58 vy=  165888 ay=  -13312
     t=238 pred= 29 left= 13  y=    60 vy=  152576 ay=  -13312
     t=239 pred= 28 left= 12  y=    62 vy=  139264 ay=  -13312
     t=240 pred= 11 left= 11  y=    64 vy=       0 ay=  -26624
     t=241 pred= 10 left= 10  y=    64 vy=  -26624 ay=  -26624
     t=242 pred=  9 left=  9  y=    63 vy=  -53248 ay=  -26624
     t=243 pred=  8 left=  8  y=    62 vy=  -79872 ay=  -26624
     t=244 pred=  7 left=  7  y=    60 vy= -106496 ay=  -26624
     t=245 pred=  6 left=  6  y=    58 vy= -133120 ay=  -26624
     t=246 pred=  5 left=  5  y=    56 vy= -159744 ay=  -26624
     t=247 pred=  4 left=  4  y=    53 vy= -186368 ay=  -26624
     t=248 pred=  3 left=  3  y=    49 vy= -212992 ay=  -26624
     t=249 pred=  2 left=  2  y=    46 vy= -239616 ay=  -26624
     t=250 pred=  1 left=  1  y=    42 vy= -266240 ay=  -26624
P2  landings=4  no_prediction_ticks=12
   err all : -70:1 -68:1 -66:1 -64:1 -62:1 -60:1 -58:1 -56:1 -54:1 -52:1 -50:1 -48:1 -46:1 -44:1 -43:1 -42:1 -41:1 -40:1 -39:1 -38:1 -37:1 -36:1 -35:1 -34:1 -33:1 +0:55
   err NEAR (made within 20 ticks of the landing): +0:42
   err far  (made earlier, can still be invalidated): -70:1 -68:1 -66:1 -64:1 -62:1 -60:1 -58:1 -56:1 -54:1 -52:1 -50:1 -48:1 -46:1 -44:1 -43:1 -42:1 -41:1 -40:1 -39:1 -38:1 -37:1 -36:1 -35:1 -34:1 -33:1 +0:13
   NEAR + $5C seen at the time : +0:42
   NEAR + every frozen tick    : +0:42
   last descent, landed on tick 107:
     t= 96 pred= 11 left= 11  y=    40 vy=  135168 ay=  -24576
     t= 97 pred= 10 left= 10  y=    41 vy=  110592 ay=  -24576
     t= 98 pred=  9 left=  9  y=    43 vy=   86016 ay=  -24576
     t= 99 pred=  8 left=  8  y=    44 vy=   61440 ay=  -24576
     t=100 pred=  7 left=  7  y=    44 vy=   36864 ay=  -24576
     t=101 pred=  6 left=  6  y=    44 vy=   12288 ay=  -24576
     t=102 pred=  5 left=  5  y=    44 vy=  -12288 ay=  -24576
     t=103 pred=  4 left=  4  y=    44 vy=  -36864 ay=  -24576
     t=104 pred=  3 left=  3  y=    43 vy=  -61440 ay=  -24576
     t=105 pred=  2 left=  2  y=    41 vy=  -86016 ay=  -24576
     t=106 pred=  1 left=  1  y=    40 vy= -110592 ay=  -24576
---- landing prediction ----
P1  landings=91  no_prediction_ticks=0
   err all : -45:34 -38:1 -36:1 -34:1 -32:1 -30:1 -28:1 -26:1 -24:1 -22:194 -21:10 -20:11 -19:10 -18:11 -17:10 -16:11 -15:10 -14:11 -13:10 -12:11 -11:387 -10:33 -9:33 -8:33 -7:33 -6:33 -5:33 -4:33 -3:33 -2:33 -1:33 +0:1475 +5:162 +11:126 +16:135
   err NEAR (made within 20 ticks of the landing): -16:1 -14:1 -12:1 -11:183 -10:30 -9:30 -8:30 -7:30 -6:30 -5:30 -4:30 -3:30 -2:30 -1:30 +0:1042 +11:126 +16:135
   err far  (made earlier, can still be invalidated): -45:34 -38:1 -36:1 -34:1 -32:1 -30:1 -28:1 -26:1 -24:1 -22:194 -21:10 -20:11 -19:10 -18:11 -17:10 -16:10 -15:10 -14:10 -13:10 -12:10 -11:204 -10:3 -9:3 -8:3 -7:3 -6:3 -5:3 -4:3 -3:3 -2:3 -1:3 +0:433 +5:162
   NEAR + $5C seen at the time : -11:154 -3:1 -2:1 -1:1 +0:1371 +11:126 +16:135
   NEAR + every frozen tick    : -4:1 -3:1 -2:1 -1:329 +0:1196 +11:126 +16:135
   last descent, landed on tick 48:
     t=  9 pred= 39 left= 39  y=    40 vy=  630784 ay=  -32000
     t= 10 pred= 38 left= 38  y=    49 vy=  598784 ay=  -32000
     t= 11 pred= 37 left= 37  y=    57 vy=  566784 ay=  -32000
     t= 12 pred= 36 left= 36  y=    65 vy=  534784 ay=  -32000
     t= 13 pred= 35 left= 35  y=    73 vy=  502784 ay=  -32000
     t= 14 pred= 34 left= 34  y=    80 vy=  470784 ay=  -32000
     t= 15 pred= 33 left= 33  y=    87 vy=  438784 ay=  -32000
     t= 16 pred= 32 left= 32  y=    93 vy=  406784 ay=  -32000
     t= 17 pred= 31 left= 31  y=    99 vy=  374784 ay=  -32000
     t= 18 pred= 30 left= 30  y=   104 vy=  342784 ay=  -32000
     t= 19 pred= 29 left= 29  y=   109 vy=  310784 ay=  -32000
     t= 20 pred= 28 left= 28  y=   113 vy=  278784 ay=  -32000
     t= 21 pred= 27 left= 27  y=   117 vy=  246784 ay=  -32000
     t= 22 pred= 26 left= 26  y=   120 vy=  214784 ay=  -32000
     t= 23 pred= 25 left= 25  y=   123 vy=  182784 ay=  -32000
     t= 24 pred= 24 left= 24  y=   125 vy=  150784 ay=  -32000
     t= 25 pred= 23 left= 23  y=   127 vy=  118784 ay=  -32000
     t= 26 pred= 22 left= 22  y=   128 vy=   86784 ay=  -32000
     t= 27 pred= 21 left= 21  y=   129 vy=   54784 ay=  -32000
     t= 28 pred= 20 left= 20  y=   130 vy=   22784 ay=  -32000
     t= 29 pred= 19 left= 19  y=   129 vy=   -9216 ay=  -32000
     t= 30 pred= 18 left= 18  y=   129 vy=  -41216 ay=  -32000
     t= 31 pred= 17 left= 17  y=   128 vy=  -73216 ay=  -32000
     t= 32 pred= 16 left= 16  y=   126 vy= -105216 ay=  -32000
     t= 33 pred= 15 left= 15  y=   124 vy= -137216 ay=  -32000
     t= 34 pred= 14 left= 14  y=   121 vy= -169216 ay=  -32000
     t= 35 pred= 13 left= 13  y=   118 vy= -201216 ay=  -32000
     t= 36 pred= 12 left= 12  y=   115 vy= -233216 ay=  -32000
     t= 37 pred= 11 left= 11  y=   111 vy= -265216 ay=  -32000
     t= 38 pred= 10 left= 10  y=   106 vy= -297216 ay=  -32000
     t= 39 pred=  9 left=  9  y=   101 vy= -329216 ay=  -32000
     t= 40 pred=  8 left=  8  y=    96 vy= -361216 ay=  -32000
     t= 41 pred=  7 left=  7  y=    90 vy= -393216 ay=  -32000
     t= 42 pred=  6 left=  6  y=    83 vy= -425216 ay=  -32000
     t= 43 pred=  5 left=  5  y=    76 vy= -457216 ay=  -32000
     t= 44 pred=  4 left=  4  y=    69 vy= -489216 ay=  -32000
     t= 45 pred=  3 left=  3  y=    61 vy= -521216 ay=  -32000
     t= 46 pred=  2 left=  2  y=    52 vy= -553216 ay=  -32000
     t= 47 pred=  1 left=  1  y=    43 vy= -585216 ay=  -32000
P2  landings=4  no_prediction_ticks=12
   err all : -70:1 -68:1 -66:1 -64:1 -62:1 -60:1 -58:1 -56:1 -54:1 -52:1 -50:1 -48:1 -46:1 -44:1 -43:1 -42:1 -41:1 -40:1 -39:1 -38:1 -37:1 -36:1 -35:1 -34:1 -33:1 +0:55
   err NEAR (made within 20 ticks of the landing): +0:42
   err far  (made earlier, can still be invalidated): -70:1 -68:1 -66:1 -64:1 -62:1 -60:1 -58:1 -56:1 -54:1 -52:1 -50:1 -48:1 -46:1 -44:1 -43:1 -42:1 -41:1 -40:1 -39:1 -38:1 -37:1 -36:1 -35:1 -34:1 -33:1 +0:13
   NEAR + $5C seen at the time : +0:42
   NEAR + every frozen tick    : +0:42
   last descent, landed on tick 107:
     t= 96 pred= 11 left= 11  y=    40 vy=  135168 ay=  -24576
     t= 97 pred= 10 left= 10  y=    41 vy=  110592 ay=  -24576
     t= 98 pred=  9 left=  9  y=    43 vy=   86016 ay=  -24576
     t= 99 pred=  8 left=  8  y=    44 vy=   61440 ay=  -24576
     t=100 pred=  7 left=  7  y=    44 vy=   36864 ay=  -24576
     t=101 pred=  6 left=  6  y=    44 vy=   12288 ay=  -24576
     t=102 pred=  5 left=  5  y=    44 vy=  -12288 ay=  -24576
     t=103 pred=  4 left=  4  y=    44 vy=  -36864 ay=  -24576
     t=104 pred=  3 left=  3  y=    43 vy=  -61440 ay=  -24576
     t=105 pred=  2 left=  2  y=    41 vy=  -86016 ay=  -24576
     t=106 pred=  1 left=  1  y=    40 vy= -110592 ay=  -24576
---- landing prediction ----
P1  landings=92  no_prediction_ticks=0
   err all : -45:34 -38:1 -36:1 -34:1 -32:1 -30:1 -28:1 -26:1 -24:1 -22:194 -21:10 -20:11 -19:10 -18:11 -17:10 -16:11 -15:10 -14:11 -13:10 -12:11 -11:387 -10:33 -9:33 -8:33 -7:33 -6:33 -5:33 -4:33 -3:33 -2:33 -1:33 +0:1486 +5:162 +11:126 +16:144
   err NEAR (made within 20 ticks of the landing): -16:1 -14:1 -12:1 -11:183 -10:30 -9:30 -8:30 -7:30 -6:30 -5:30 -4:30 -3:30 -2:30 -1:30 +0:1053 +11:126 +16:144
   err far  (made earlier, can still be invalidated): -45:34 -38:1 -36:1 -34:1 -32:1 -30:1 -28:1 -26:1 -24:1 -22:194 -21:10 -20:11 -19:10 -18:11 -17:10 -16:10 -15:10 -14:10 -13:10 -12:10 -11:204 -10:3 -9:3 -8:3 -7:3 -6:3 -5:3 -4:3 -3:3 -2:3 -1:3 +0:433 +5:162
   NEAR + $5C seen at the time : -11:154 -3:1 -2:1 -1:1 +0:1382 +11:126 +16:144
   NEAR + every frozen tick    : -4:1 -3:1 -2:1 -1:329 +0:1207 +11:126 +16:144
   last descent, landed on tick 73:
     t= 53 pred= 36 left= 20  y=    40 vy=  245760 ay=  -13312
     t= 54 pred= 35 left= 19  y=    43 vy=  232448 ay=  -13312
     t= 55 pred= 34 left= 18  y=    46 vy=  219136 ay=  -13312
     t= 56 pred= 33 left= 17  y=    50 vy=  205824 ay=  -13312
     t= 57 pred= 32 left= 16  y=    52 vy=  192512 ay=  -13312
     t= 58 pred= 31 left= 15  y=    55 vy=  179200 ay=  -13312
     t= 59 pred= 30 left= 14  y=    58 vy=  165888 ay=  -13312
     t= 60 pred= 29 left= 13  y=    60 vy=  152576 ay=  -13312
     t= 61 pred= 28 left= 12  y=    62 vy=  139264 ay=  -13312
     t= 62 pred= 11 left= 11  y=    64 vy=       0 ay=  -26624
     t= 63 pred= 10 left= 10  y=    64 vy=  -26624 ay=  -26624
     t= 64 pred=  9 left=  9  y=    63 vy=  -53248 ay=  -26624
     t= 65 pred=  8 left=  8  y=    62 vy=  -79872 ay=  -26624
     t= 66 pred=  7 left=  7  y=    60 vy= -106496 ay=  -26624
     t= 67 pred=  6 left=  6  y=    58 vy= -133120 ay=  -26624
     t= 68 pred=  5 left=  5  y=    56 vy= -159744 ay=  -26624
     t= 69 pred=  4 left=  4  y=    53 vy= -186368 ay=  -26624
     t= 70 pred=  3 left=  3  y=    49 vy= -212992 ay=  -26624
     t= 71 pred=  2 left=  2  y=    46 vy= -239616 ay=  -26624
     t= 72 pred=  1 left=  1  y=    42 vy= -266240 ay=  -26624
P2  landings=4  no_prediction_ticks=12
   err all : -70:1 -68:1 -66:1 -64:1 -62:1 -60:1 -58:1 -56:1 -54:1 -52:1 -50:1 -48:1 -46:1 -44:1 -43:1 -42:1 -41:1 -40:1 -39:1 -38:1 -37:1 -36:1 -35:1 -34:1 -33:1 +0:55
   err NEAR (made within 20 ticks of the landing): +0:42
   err far  (made earlier, can still be invalidated): -70:1 -68:1 -66:1 -64:1 -62:1 -60:1 -58:1 -56:1 -54:1 -52:1 -50:1 -48:1 -46:1 -44:1 -43:1 -42:1 -41:1 -40:1 -39:1 -38:1 -37:1 -36:1 -35:1 -34:1 -33:1 +0:13
   NEAR + $5C seen at the time : +0:42
   NEAR + every frozen tick    : +0:42
   last descent, landed on tick 107:
     t= 96 pred= 11 left= 11  y=    40 vy=  135168 ay=  -24576
     t= 97 pred= 10 left= 10  y=    41 vy=  110592 ay=  -24576
     t= 98 pred=  9 left=  9  y=    43 vy=   86016 ay=  -24576
     t= 99 pred=  8 left=  8  y=    44 vy=   61440 ay=  -24576
     t=100 pred=  7 left=  7  y=    44 vy=   36864 ay=  -24576
     t=101 pred=  6 left=  6  y=    44 vy=   12288 ay=  -24576
     t=102 pred=  5 left=  5  y=    44 vy=  -12288 ay=  -24576
     t=103 pred=  4 left=  4  y=    44 vy=  -36864 ay=  -24576
     t=104 pred=  3 left=  3  y=    43 vy=  -61440 ay=  -24576
     t=105 pred=  2 left=  2  y=    41 vy=  -86016 ay=  -24576
     t=106 pred=  1 left=  1  y=    40 vy= -110592 ay=  -24576
---- landing prediction ----
P1  landings=93  no_prediction_ticks=0
   err all : -45:34 -38:1 -36:1 -34:1 -32:1 -30:1 -28:1 -26:1 -24:1 -22:194 -21:10 -20:11 -19:10 -18:11 -17:10 -16:11 -15:10 -14:11 -13:10 -12:11 -11:387 -10:33 -9:33 -8:33 -7:33 -6:33 -5:33 -4:33 -3:33 -2:33 -1:33 +0:1522 +5:162 +11:126 +16:144
   err NEAR (made within 20 ticks of the landing): -16:1 -14:1 -12:1 -11:183 -10:30 -9:30 -8:30 -7:30 -6:30 -5:30 -4:30 -3:30 -2:30 -1:30 +0:1073 +11:126 +16:144
   err far  (made earlier, can still be invalidated): -45:34 -38:1 -36:1 -34:1 -32:1 -30:1 -28:1 -26:1 -24:1 -22:194 -21:10 -20:11 -19:10 -18:11 -17:10 -16:10 -15:10 -14:10 -13:10 -12:10 -11:204 -10:3 -9:3 -8:3 -7:3 -6:3 -5:3 -4:3 -3:3 -2:3 -1:3 +0:449 +5:162
   NEAR + $5C seen at the time : -11:154 -3:1 -2:1 -1:1 +0:1402 +11:126 +16:144
   NEAR + every frozen tick    : -4:1 -3:1 -2:1 -1:329 +0:1227 +11:126 +16:144
   last descent, landed on tick 111:
     t= 75 pred= 36 left= 36  y=    40 vy=  245760 ay=  -13312
     t= 76 pred= 35 left= 35  y=    43 vy=  232448 ay=  -13312
     t= 77 pred= 34 left= 34  y=    46 vy=  219136 ay=  -13312
     t= 78 pred= 33 left= 33  y=    50 vy=  205824 ay=  -13312
     t= 79 pred= 32 left= 32  y=    52 vy=  192512 ay=  -13312
     t= 80 pred= 31 left= 31  y=    55 vy=  179200 ay=  -13312
     t= 81 pred= 30 left= 30  y=    58 vy=  165888 ay=  -13312
     t= 82 pred= 29 left= 29  y=    60 vy=  152576 ay=  -13312
     t= 83 pred= 28 left= 28  y=    62 vy=  139264 ay=  -13312
     t= 84 pred= 27 left= 27  y=    64 vy=  125952 ay=  -13312
     t= 85 pred= 26 left= 26  y=    66 vy=  112640 ay=  -13312
     t= 86 pred= 25 left= 25  y=    67 vy=   99328 ay=  -13312
     t= 87 pred= 24 left= 24  y=    69 vy=   86016 ay=  -13312
     t= 88 pred= 23 left= 23  y=    70 vy=   72704 ay=  -13312
     t= 89 pred= 22 left= 22  y=    71 vy=   59392 ay=  -13312
     t= 90 pred= 21 left= 21  y=    71 vy=   46080 ay=  -13312
     t= 91 pred= 20 left= 20  y=    72 vy=   32768 ay=  -13312
     t= 92 pred= 19 left= 19  y=    72 vy=   19456 ay=  -13312
     t= 93 pred= 18 left= 18  y=    72 vy=    6144 ay=  -13312
     t= 94 pred= 17 left= 17  y=    72 vy=   -7168 ay=  -13312
     t= 95 pred= 16 left= 16  y=    72 vy=  -20480 ay=  -13312
     t= 96 pred= 15 left= 15  y=    71 vy=  -33792 ay=  -13312
     t= 97 pred= 14 left= 14  y=    71 vy=  -47104 ay=  -13312
     t= 98 pred= 13 left= 13  y=    70 vy=  -60416 ay=  -13312
     t= 99 pred= 12 left= 12  y=    69 vy=  -73728 ay=  -13312
     t=100 pred= 11 left= 11  y=    67 vy=  -87040 ay=  -13312
     t=101 pred= 10 left= 10  y=    66 vy= -100352 ay=  -13312
     t=102 pred=  9 left=  9  y=    64 vy= -113664 ay=  -13312
     t=103 pred=  8 left=  8  y=    62 vy= -126976 ay=  -13312
     t=104 pred=  7 left=  7  y=    60 vy= -140288 ay=  -13312
     t=105 pred=  6 left=  6  y=    58 vy= -153600 ay=  -13312
     t=106 pred=  5 left=  5  y=    55 vy= -166912 ay=  -13312
     t=107 pred=  4 left=  4  y=    52 vy= -180224 ay=  -13312
     t=108 pred=  3 left=  3  y=    49 vy= -193536 ay=  -13312
     t=109 pred=  2 left=  2  y=    46 vy= -206848 ay=  -13312
     t=110 pred=  1 left=  1  y=    43 vy= -220160 ay=  -13312
P2  landings=4  no_prediction_ticks=12
   err all : -70:1 -68:1 -66:1 -64:1 -62:1 -60:1 -58:1 -56:1 -54:1 -52:1 -50:1 -48:1 -46:1 -44:1 -43:1 -42:1 -41:1 -40:1 -39:1 -38:1 -37:1 -36:1 -35:1 -34:1 -33:1 +0:55
   err NEAR (made within 20 ticks of the landing): +0:42
   err far  (made earlier, can still be invalidated): -70:1 -68:1 -66:1 -64:1 -62:1 -60:1 -58:1 -56:1 -54:1 -52:1 -50:1 -48:1 -46:1 -44:1 -43:1 -42:1 -41:1 -40:1 -39:1 -38:1 -37:1 -36:1 -35:1 -34:1 -33:1 +0:13
   NEAR + $5C seen at the time : +0:42
   NEAR + every frozen tick    : +0:42
   last descent, landed on tick 107:
     t= 96 pred= 11 left= 11  y=    40 vy=  135168 ay=  -24576
     t= 97 pred= 10 left= 10  y=    41 vy=  110592 ay=  -24576
     t= 98 pred=  9 left=  9  y=    43 vy=   86016 ay=  -24576
     t= 99 pred=  8 left=  8  y=    44 vy=   61440 ay=  -24576
     t=100 pred=  7 left=  7  y=    44 vy=   36864 ay=  -24576
     t=101 pred=  6 left=  6  y=    44 vy=   12288 ay=  -24576
     t=102 pred=  5 left=  5  y=    44 vy=  -12288 ay=  -24576
     t=103 pred=  4 left=  4  y=    44 vy=  -36864 ay=  -24576
     t=104 pred=  3 left=  3  y=    43 vy=  -61440 ay=  -24576
     t=105 pred=  2 left=  2  y=    41 vy=  -86016 ay=  -24576
     t=106 pred=  1 left=  1  y=    40 vy= -110592 ay=  -24576
---- landing prediction ----
P1  landings=94  no_prediction_ticks=0
   err all : -45:34 -38:1 -36:1 -34:1 -32:1 -30:1 -28:1 -26:1 -24:1 -22:194 -21:10 -20:11 -19:10 -18:11 -17:10 -16:11 -15:10 -14:11 -13:10 -12:11 -11:387 -10:33 -9:33 -8:33 -7:33 -6:33 -5:33 -4:33 -3:33 -2:33 -1:33 +0:1561 +5:162 +11:126 +16:144
   err NEAR (made within 20 ticks of the landing): -16:1 -14:1 -12:1 -11:183 -10:30 -9:30 -8:30 -7:30 -6:30 -5:30 -4:30 -3:30 -2:30 -1:30 +0:1093 +11:126 +16:144
   err far  (made earlier, can still be invalidated): -45:34 -38:1 -36:1 -34:1 -32:1 -30:1 -28:1 -26:1 -24:1 -22:194 -21:10 -20:11 -19:10 -18:11 -17:10 -16:10 -15:10 -14:10 -13:10 -12:10 -11:204 -10:3 -9:3 -8:3 -7:3 -6:3 -5:3 -4:3 -3:3 -2:3 -1:3 +0:468 +5:162
   NEAR + $5C seen at the time : -11:154 -3:1 -2:1 -1:1 +0:1422 +11:126 +16:144
   NEAR + every frozen tick    : -4:1 -3:1 -2:1 -1:329 +0:1247 +11:126 +16:144
   last descent, landed on tick 159:
     t=120 pred= 39 left= 39  y=    40 vy=  630784 ay=  -32000
     t=121 pred= 38 left= 38  y=    49 vy=  598784 ay=  -32000
     t=122 pred= 37 left= 37  y=    57 vy=  566784 ay=  -32000
     t=123 pred= 36 left= 36  y=    65 vy=  534784 ay=  -32000
     t=124 pred= 35 left= 35  y=    73 vy=  502784 ay=  -32000
     t=125 pred= 34 left= 34  y=    80 vy=  470784 ay=  -32000
     t=126 pred= 33 left= 33  y=    87 vy=  438784 ay=  -32000
     t=127 pred= 32 left= 32  y=    93 vy=  406784 ay=  -32000
     t=128 pred= 31 left= 31  y=    99 vy=  374784 ay=  -32000
     t=129 pred= 30 left= 30  y=   104 vy=  342784 ay=  -32000
     t=130 pred= 29 left= 29  y=   109 vy=  310784 ay=  -32000
     t=131 pred= 28 left= 28  y=   113 vy=  278784 ay=  -32000
     t=132 pred= 27 left= 27  y=   117 vy=  246784 ay=  -32000
     t=133 pred= 26 left= 26  y=   120 vy=  214784 ay=  -32000
     t=134 pred= 25 left= 25  y=   123 vy=  182784 ay=  -32000
     t=135 pred= 24 left= 24  y=   125 vy=  150784 ay=  -32000
     t=136 pred= 23 left= 23  y=   127 vy=  118784 ay=  -32000
     t=137 pred= 22 left= 22  y=   128 vy=   86784 ay=  -32000
     t=138 pred= 21 left= 21  y=   129 vy=   54784 ay=  -32000
     t=139 pred= 20 left= 20  y=   130 vy=   22784 ay=  -32000
     t=140 pred= 19 left= 19  y=   129 vy=   -9216 ay=  -32000
     t=141 pred= 18 left= 18  y=   129 vy=  -41216 ay=  -32000
     t=142 pred= 17 left= 17  y=   128 vy=  -73216 ay=  -32000
     t=143 pred= 16 left= 16  y=   126 vy= -105216 ay=  -32000
     t=144 pred= 15 left= 15  y=   124 vy= -137216 ay=  -32000
     t=145 pred= 14 left= 14  y=   121 vy= -169216 ay=  -32000
     t=146 pred= 13 left= 13  y=   118 vy= -201216 ay=  -32000
     t=147 pred= 12 left= 12  y=   115 vy= -233216 ay=  -32000
     t=148 pred= 11 left= 11  y=   111 vy= -265216 ay=  -32000
     t=149 pred= 10 left= 10  y=   106 vy= -297216 ay=  -32000
     t=150 pred=  9 left=  9  y=   101 vy= -329216 ay=  -32000
     t=151 pred=  8 left=  8  y=    96 vy= -361216 ay=  -32000
     t=152 pred=  7 left=  7  y=    90 vy= -393216 ay=  -32000
     t=153 pred=  6 left=  6  y=    83 vy= -425216 ay=  -32000
     t=154 pred=  5 left=  5  y=    76 vy= -457216 ay=  -32000
     t=155 pred=  4 left=  4  y=    69 vy= -489216 ay=  -32000
     t=156 pred=  3 left=  3  y=    61 vy= -521216 ay=  -32000
     t=157 pred=  2 left=  2  y=    52 vy= -553216 ay=  -32000
     t=158 pred=  1 left=  1  y=    43 vy= -585216 ay=  -32000
P2  landings=4  no_prediction_ticks=12
   err all : -70:1 -68:1 -66:1 -64:1 -62:1 -60:1 -58:1 -56:1 -54:1 -52:1 -50:1 -48:1 -46:1 -44:1 -43:1 -42:1 -41:1 -40:1 -39:1 -38:1 -37:1 -36:1 -35:1 -34:1 -33:1 +0:55
   err NEAR (made within 20 ticks of the landing): +0:42
   err far  (made earlier, can still be invalidated): -70:1 -68:1 -66:1 -64:1 -62:1 -60:1 -58:1 -56:1 -54:1 -52:1 -50:1 -48:1 -46:1 -44:1 -43:1 -42:1 -41:1 -40:1 -39:1 -38:1 -37:1 -36:1 -35:1 -34:1 -33:1 +0:13
   NEAR + $5C seen at the time : +0:42
   NEAR + every frozen tick    : +0:42
   last descent, landed on tick 107:
     t= 96 pred= 11 left= 11  y=    40 vy=  135168 ay=  -24576
     t= 97 pred= 10 left= 10  y=    41 vy=  110592 ay=  -24576
     t= 98 pred=  9 left=  9  y=    43 vy=   86016 ay=  -24576
     t= 99 pred=  8 left=  8  y=    44 vy=   61440 ay=  -24576
     t=100 pred=  7 left=  7  y=    44 vy=   36864 ay=  -24576
     t=101 pred=  6 left=  6  y=    44 vy=   12288 ay=  -24576
     t=102 pred=  5 left=  5  y=    44 vy=  -12288 ay=  -24576
     t=103 pred=  4 left=  4  y=    44 vy=  -36864 ay=  -24576
     t=104 pred=  3 left=  3  y=    43 vy=  -61440 ay=  -24576
     t=105 pred=  2 left=  2  y=    41 vy=  -86016 ay=  -24576
     t=106 pred=  1 left=  1  y=    40 vy= -110592 ay=  -24576
---- landing prediction ----
P1  landings=95  no_prediction_ticks=0
   err all : -45:34 -38:1 -36:1 -34:1 -32:1 -30:1 -28:1 -26:1 -24:1 -22:194 -21:10 -20:11 -19:10 -18:11 -17:10 -16:11 -15:10 -14:11 -13:10 -12:11 -11:387 -10:33 -9:33 -8:33 -7:33 -6:33 -5:33 -4:33 -3:33 -2:33 -1:33 +0:1570 +5:162 +11:135 +16:144
   err NEAR (made within 20 ticks of the landing): -16:1 -14:1 -12:1 -11:183 -10:30 -9:30 -8:30 -7:30 -6:30 -5:30 -4:30 -3:30 -2:30 -1:30 +0:1102 +11:135 +16:144
   err far  (made earlier, can still be invalidated): -45:34 -38:1 -36:1 -34:1 -32:1 -30:1 -28:1 -26:1 -24:1 -22:194 -21:10 -20:11 -19:10 -18:11 -17:10 -16:10 -15:10 -14:10 -13:10 -12:10 -11:204 -10:3 -9:3 -8:3 -7:3 -6:3 -5:3 -4:3 -3:3 -2:3 -1:3 +0:468 +5:162
   NEAR + $5C seen at the time : -11:154 -3:1 -2:1 -1:1 +0:1431 +11:135 +16:144
   NEAR + every frozen tick    : -4:1 -3:1 -2:1 -1:329 +0:1256 +11:135 +16:144
   last descent, landed on tick 216:
     t=198 pred= 29 left= 18  y=    40 vy=  786432 ay=  -53248
     t=199 pred= 28 left= 17  y=    51 vy=  733184 ay=  -53248
     t=200 pred= 27 left= 16  y=    61 vy=  679936 ay=  -53248
     t=201 pred= 26 left= 15  y=    71 vy=  626688 ay=  -53248
     t=202 pred= 25 left= 14  y=    79 vy=  573440 ay=  -53248
     t=203 pred= 24 left= 13  y=    87 vy=  520192 ay=  -53248
     t=204 pred= 23 left= 12  y=    94 vy=  466944 ay=  -53248
     t=205 pred= 22 left= 11  y=   101 vy=  413696 ay=  -53248
     t=206 pred= 21 left= 10  y=   106 vy=  360448 ay=  -53248
     t=207 pred=  9 left=  9  y=   111 vy=       0 ay= -106496
     t=208 pred=  8 left=  8  y=   109 vy= -106496 ay= -106496
     t=209 pred=  7 left=  7  y=   106 vy= -212992 ay= -106496
     t=210 pred=  6 left=  6  y=   101 vy= -319488 ay= -106496
     t=211 pred=  5 left=  5  y=    95 vy= -425984 ay= -106496
     t=212 pred=  4 left=  4  y=    87 vy= -532480 ay= -106496
     t=213 pred=  3 left=  3  y=    77 vy= -638976 ay= -106496
     t=214 pred=  2 left=  2  y=    65 vy= -745472 ay= -106496
     t=215 pred=  1 left=  1  y=    52 vy= -851968 ay= -106496
P2  landings=4  no_prediction_ticks=12
   err all : -70:1 -68:1 -66:1 -64:1 -62:1 -60:1 -58:1 -56:1 -54:1 -52:1 -50:1 -48:1 -46:1 -44:1 -43:1 -42:1 -41:1 -40:1 -39:1 -38:1 -37:1 -36:1 -35:1 -34:1 -33:1 +0:55
   err NEAR (made within 20 ticks of the landing): +0:42
   err far  (made earlier, can still be invalidated): -70:1 -68:1 -66:1 -64:1 -62:1 -60:1 -58:1 -56:1 -54:1 -52:1 -50:1 -48:1 -46:1 -44:1 -43:1 -42:1 -41:1 -40:1 -39:1 -38:1 -37:1 -36:1 -35:1 -34:1 -33:1 +0:13
   NEAR + $5C seen at the time : +0:42
   NEAR + every frozen tick    : +0:42
   last descent, landed on tick 107:
     t= 96 pred= 11 left= 11  y=    40 vy=  135168 ay=  -24576
     t= 97 pred= 10 left= 10  y=    41 vy=  110592 ay=  -24576
     t= 98 pred=  9 left=  9  y=    43 vy=   86016 ay=  -24576
     t= 99 pred=  8 left=  8  y=    44 vy=   61440 ay=  -24576
     t=100 pred=  7 left=  7  y=    44 vy=   36864 ay=  -24576
     t=101 pred=  6 left=  6  y=    44 vy=   12288 ay=  -24576
     t=102 pred=  5 left=  5  y=    44 vy=  -12288 ay=  -24576
     t=103 pred=  4 left=  4  y=    44 vy=  -36864 ay=  -24576
     t=104 pred=  3 left=  3  y=    43 vy=  -61440 ay=  -24576
     t=105 pred=  2 left=  2  y=    41 vy=  -86016 ay=  -24576
     t=106 pred=  1 left=  1  y=    40 vy= -110592 ay=  -24576
---- landing prediction ----
P1  landings=96  no_prediction_ticks=0
   err all : -45:34 -38:1 -36:1 -34:1 -32:1 -30:1 -28:1 -26:1 -24:1 -22:194 -21:10 -20:11 -19:10 -18:11 -17:10 -16:11 -15:10 -14:11 -13:10 -12:11 -11:387 -10:33 -9:33 -8:33 -7:33 -6:33 -5:33 -4:33 -3:33 -2:33 -1:33 +0:1606 +5:162 +11:135 +16:144
   err NEAR (made within 20 ticks of the landing): -16:1 -14:1 -12:1 -11:183 -10:30 -9:30 -8:30 -7:30 -6:30 -5:30 -4:30 -3:30 -2:30 -1:30 +0:1122 +11:135 +16:144
   err far  (made earlier, can still be invalidated): -45:34 -38:1 -36:1 -34:1 -32:1 -30:1 -28:1 -26:1 -24:1 -22:194 -21:10 -20:11 -19:10 -18:11 -17:10 -16:10 -15:10 -14:10 -13:10 -12:10 -11:204 -10:3 -9:3 -8:3 -7:3 -6:3 -5:3 -4:3 -3:3 -2:3 -1:3 +0:484 +5:162
   NEAR + $5C seen at the time : -11:154 -3:1 -2:1 -1:1 +0:1451 +11:135 +16:144
   NEAR + every frozen tick    : -4:1 -3:1 -2:1 -1:329 +0:1276 +11:135 +16:144
   last descent, landed on tick 253:
     t=217 pred= 36 left= 36  y=    40 vy=  245760 ay=  -13312
     t=218 pred= 35 left= 35  y=    43 vy=  232448 ay=  -13312
     t=219 pred= 34 left= 34  y=    46 vy=  219136 ay=  -13312
     t=220 pred= 33 left= 33  y=    50 vy=  205824 ay=  -13312
     t=221 pred= 32 left= 32  y=    52 vy=  192512 ay=  -13312
     t=222 pred= 31 left= 31  y=    55 vy=  179200 ay=  -13312
     t=223 pred= 30 left= 30  y=    58 vy=  165888 ay=  -13312
     t=224 pred= 29 left= 29  y=    60 vy=  152576 ay=  -13312
     t=225 pred= 28 left= 28  y=    62 vy=  139264 ay=  -13312
     t=226 pred= 27 left= 27  y=    64 vy=  125952 ay=  -13312
     t=227 pred= 26 left= 26  y=    66 vy=  112640 ay=  -13312
     t=228 pred= 25 left= 25  y=    67 vy=   99328 ay=  -13312
     t=229 pred= 24 left= 24  y=    69 vy=   86016 ay=  -13312
     t=230 pred= 23 left= 23  y=    70 vy=   72704 ay=  -13312
     t=231 pred= 22 left= 22  y=    71 vy=   59392 ay=  -13312
     t=232 pred= 21 left= 21  y=    71 vy=   46080 ay=  -13312
     t=233 pred= 20 left= 20  y=    72 vy=   32768 ay=  -13312
     t=234 pred= 19 left= 19  y=    72 vy=   19456 ay=  -13312
     t=235 pred= 18 left= 18  y=    72 vy=    6144 ay=  -13312
     t=236 pred= 17 left= 17  y=    72 vy=   -7168 ay=  -13312
     t=237 pred= 16 left= 16  y=    72 vy=  -20480 ay=  -13312
     t=238 pred= 15 left= 15  y=    71 vy=  -33792 ay=  -13312
     t=239 pred= 14 left= 14  y=    71 vy=  -47104 ay=  -13312
     t=240 pred= 13 left= 13  y=    70 vy=  -60416 ay=  -13312
     t=241 pred= 12 left= 12  y=    69 vy=  -73728 ay=  -13312
     t=242 pred= 11 left= 11  y=    67 vy=  -87040 ay=  -13312
     t=243 pred= 10 left= 10  y=    66 vy= -100352 ay=  -13312
     t=244 pred=  9 left=  9  y=    64 vy= -113664 ay=  -13312
     t=245 pred=  8 left=  8  y=    62 vy= -126976 ay=  -13312
     t=246 pred=  7 left=  7  y=    60 vy= -140288 ay=  -13312
     t=247 pred=  6 left=  6  y=    58 vy= -153600 ay=  -13312
     t=248 pred=  5 left=  5  y=    55 vy= -166912 ay=  -13312
     t=249 pred=  4 left=  4  y=    52 vy= -180224 ay=  -13312
     t=250 pred=  3 left=  3  y=    49 vy= -193536 ay=  -13312
     t=251 pred=  2 left=  2  y=    46 vy= -206848 ay=  -13312
     t=252 pred=  1 left=  1  y=    43 vy= -220160 ay=  -13312
P2  landings=4  no_prediction_ticks=12
   err all : -70:1 -68:1 -66:1 -64:1 -62:1 -60:1 -58:1 -56:1 -54:1 -52:1 -50:1 -48:1 -46:1 -44:1 -43:1 -42:1 -41:1 -40:1 -39:1 -38:1 -37:1 -36:1 -35:1 -34:1 -33:1 +0:55
   err NEAR (made within 20 ticks of the landing): +0:42
   err far  (made earlier, can still be invalidated): -70:1 -68:1 -66:1 -64:1 -62:1 -60:1 -58:1 -56:1 -54:1 -52:1 -50:1 -48:1 -46:1 -44:1 -43:1 -42:1 -41:1 -40:1 -39:1 -38:1 -37:1 -36:1 -35:1 -34:1 -33:1 +0:13
   NEAR + $5C seen at the time : +0:42
   NEAR + every frozen tick    : +0:42
   last descent, landed on tick 107:
     t= 96 pred= 11 left= 11  y=    40 vy=  135168 ay=  -24576
     t= 97 pred= 10 left= 10  y=    41 vy=  110592 ay=  -24576
     t= 98 pred=  9 left=  9  y=    43 vy=   86016 ay=  -24576
     t= 99 pred=  8 left=  8  y=    44 vy=   61440 ay=  -24576
     t=100 pred=  7 left=  7  y=    44 vy=   36864 ay=  -24576
     t=101 pred=  6 left=  6  y=    44 vy=   12288 ay=  -24576
     t=102 pred=  5 left=  5  y=    44 vy=  -12288 ay=  -24576
     t=103 pred=  4 left=  4  y=    44 vy=  -36864 ay=  -24576
     t=104 pred=  3 left=  3  y=    43 vy=  -61440 ay=  -24576
     t=105 pred=  2 left=  2  y=    41 vy=  -86016 ay=  -24576
     t=106 pred=  1 left=  1  y=    40 vy= -110592 ay=  -24576
---- landing prediction ----
P1  landings=97  no_prediction_ticks=0
   err all : -45:34 -38:1 -36:1 -34:1 -32:1 -30:1 -28:1 -26:1 -24:1 -22:194 -21:10 -20:11 -19:10 -18:11 -17:10 -16:11 -15:10 -14:11 -13:10 -12:11 -11:387 -10:33 -9:33 -8:33 -7:33 -6:33 -5:33 -4:33 -3:33 -2:33 -1:33 +0:1615 +5:162 +11:144 +16:144
   err NEAR (made within 20 ticks of the landing): -16:1 -14:1 -12:1 -11:183 -10:30 -9:30 -8:30 -7:30 -6:30 -5:30 -4:30 -3:30 -2:30 -1:30 +0:1131 +11:144 +16:144
   err far  (made earlier, can still be invalidated): -45:34 -38:1 -36:1 -34:1 -32:1 -30:1 -28:1 -26:1 -24:1 -22:194 -21:10 -20:11 -19:10 -18:11 -17:10 -16:10 -15:10 -14:10 -13:10 -12:10 -11:204 -10:3 -9:3 -8:3 -7:3 -6:3 -5:3 -4:3 -3:3 -2:3 -1:3 +0:484 +5:162
   NEAR + $5C seen at the time : -11:154 -3:1 -2:1 -1:1 +0:1460 +11:144 +16:144
   NEAR + every frozen tick    : -4:1 -3:1 -2:1 -1:329 +0:1285 +11:144 +16:144
   last descent, landed on tick 71:
     t= 53 pred= 29 left= 18  y=    40 vy=  786432 ay=  -53248
     t= 54 pred= 28 left= 17  y=    51 vy=  733184 ay=  -53248
     t= 55 pred= 27 left= 16  y=    61 vy=  679936 ay=  -53248
     t= 56 pred= 26 left= 15  y=    71 vy=  626688 ay=  -53248
     t= 57 pred= 25 left= 14  y=    79 vy=  573440 ay=  -53248
     t= 58 pred= 24 left= 13  y=    87 vy=  520192 ay=  -53248
     t= 59 pred= 23 left= 12  y=    94 vy=  466944 ay=  -53248
     t= 60 pred= 22 left= 11  y=   101 vy=  413696 ay=  -53248
     t= 61 pred= 21 left= 10  y=   106 vy=  360448 ay=  -53248
     t= 62 pred=  9 left=  9  y=   111 vy=       0 ay= -106496
     t= 63 pred=  8 left=  8  y=   109 vy= -106496 ay= -106496
     t= 64 pred=  7 left=  7  y=   106 vy= -212992 ay= -106496
     t= 65 pred=  6 left=  6  y=   101 vy= -319488 ay= -106496
     t= 66 pred=  5 left=  5  y=    95 vy= -425984 ay= -106496
     t= 67 pred=  4 left=  4  y=    87 vy= -532480 ay= -106496
     t= 68 pred=  3 left=  3  y=    77 vy= -638976 ay= -106496
     t= 69 pred=  2 left=  2  y=    65 vy= -745472 ay= -106496
     t= 70 pred=  1 left=  1  y=    52 vy= -851968 ay= -106496
P2  landings=4  no_prediction_ticks=12
   err all : -70:1 -68:1 -66:1 -64:1 -62:1 -60:1 -58:1 -56:1 -54:1 -52:1 -50:1 -48:1 -46:1 -44:1 -43:1 -42:1 -41:1 -40:1 -39:1 -38:1 -37:1 -36:1 -35:1 -34:1 -33:1 +0:55
   err NEAR (made within 20 ticks of the landing): +0:42
   err far  (made earlier, can still be invalidated): -70:1 -68:1 -66:1 -64:1 -62:1 -60:1 -58:1 -56:1 -54:1 -52:1 -50:1 -48:1 -46:1 -44:1 -43:1 -42:1 -41:1 -40:1 -39:1 -38:1 -37:1 -36:1 -35:1 -34:1 -33:1 +0:13
   NEAR + $5C seen at the time : +0:42
   NEAR + every frozen tick    : +0:42
   last descent, landed on tick 107:
     t= 96 pred= 11 left= 11  y=    40 vy=  135168 ay=  -24576
     t= 97 pred= 10 left= 10  y=    41 vy=  110592 ay=  -24576
     t= 98 pred=  9 left=  9  y=    43 vy=   86016 ay=  -24576
     t= 99 pred=  8 left=  8  y=    44 vy=   61440 ay=  -24576
     t=100 pred=  7 left=  7  y=    44 vy=   36864 ay=  -24576
     t=101 pred=  6 left=  6  y=    44 vy=   12288 ay=  -24576
     t=102 pred=  5 left=  5  y=    44 vy=  -12288 ay=  -24576
     t=103 pred=  4 left=  4  y=    44 vy=  -36864 ay=  -24576
     t=104 pred=  3 left=  3  y=    43 vy=  -61440 ay=  -24576
     t=105 pred=  2 left=  2  y=    41 vy=  -86016 ay=  -24576
     t=106 pred=  1 left=  1  y=    40 vy= -110592 ay=  -24576
---- landing prediction ----
P1  landings=98  no_prediction_ticks=0
   err all : -45:34 -38:1 -36:1 -34:1 -32:1 -30:1 -28:1 -26:1 -24:1 -22:194 -21:10 -20:11 -19:10 -18:11 -17:10 -16:11 -15:10 -14:11 -13:10 -12:11 -11:387 -10:33 -9:33 -8:33 -7:33 -6:33 -5:33 -4:33 -3:33 -2:33 -1:33 +0:1626 +5:162 +11:144 +16:153
   err NEAR (made within 20 ticks of the landing): -16:1 -14:1 -12:1 -11:183 -10:30 -9:30 -8:30 -7:30 -6:30 -5:30 -4:30 -3:30 -2:30 -1:30 +0:1142 +11:144 +16:153
   err far  (made earlier, can still be invalidated): -45:34 -38:1 -36:1 -34:1 -32:1 -30:1 -28:1 -26:1 -24:1 -22:194 -21:10 -20:11 -19:10 -18:11 -17:10 -16:10 -15:10 -14:10 -13:10 -12:10 -11:204 -10:3 -9:3 -8:3 -7:3 -6:3 -5:3 -4:3 -3:3 -2:3 -1:3 +0:484 +5:162
   NEAR + $5C seen at the time : -11:154 -3:1 -2:1 -1:1 +0:1471 +11:144 +16:153
   NEAR + every frozen tick    : -4:1 -3:1 -2:1 -1:329 +0:1296 +11:144 +16:153
   last descent, landed on tick 127:
     t=107 pred= 36 left= 20  y=    40 vy=  245760 ay=  -13312
     t=108 pred= 35 left= 19  y=    43 vy=  232448 ay=  -13312
     t=109 pred= 34 left= 18  y=    46 vy=  219136 ay=  -13312
     t=110 pred= 33 left= 17  y=    50 vy=  205824 ay=  -13312
     t=111 pred= 32 left= 16  y=    52 vy=  192512 ay=  -13312
     t=112 pred= 31 left= 15  y=    55 vy=  179200 ay=  -13312
     t=113 pred= 30 left= 14  y=    58 vy=  165888 ay=  -13312
     t=114 pred= 29 left= 13  y=    60 vy=  152576 ay=  -13312
     t=115 pred= 28 left= 12  y=    62 vy=  139264 ay=  -13312
     t=116 pred= 11 left= 11  y=    64 vy=       0 ay=  -26624
     t=117 pred= 10 left= 10  y=    64 vy=  -26624 ay=  -26624
     t=118 pred=  9 left=  9  y=    63 vy=  -53248 ay=  -26624
     t=119 pred=  8 left=  8  y=    62 vy=  -79872 ay=  -26624
     t=120 pred=  7 left=  7  y=    60 vy= -106496 ay=  -26624
     t=121 pred=  6 left=  6  y=    58 vy= -133120 ay=  -26624
     t=122 pred=  5 left=  5  y=    56 vy= -159744 ay=  -26624
     t=123 pred=  4 left=  4  y=    53 vy= -186368 ay=  -26624
     t=124 pred=  3 left=  3  y=    49 vy= -212992 ay=  -26624
     t=125 pred=  2 left=  2  y=    46 vy= -239616 ay=  -26624
     t=126 pred=  1 left=  1  y=    42 vy= -266240 ay=  -26624
P2  landings=4  no_prediction_ticks=12
   err all : -70:1 -68:1 -66:1 -64:1 -62:1 -60:1 -58:1 -56:1 -54:1 -52:1 -50:1 -48:1 -46:1 -44:1 -43:1 -42:1 -41:1 -40:1 -39:1 -38:1 -37:1 -36:1 -35:1 -34:1 -33:1 +0:55
   err NEAR (made within 20 ticks of the landing): +0:42
   err far  (made earlier, can still be invalidated): -70:1 -68:1 -66:1 -64:1 -62:1 -60:1 -58:1 -56:1 -54:1 -52:1 -50:1 -48:1 -46:1 -44:1 -43:1 -42:1 -41:1 -40:1 -39:1 -38:1 -37:1 -36:1 -35:1 -34:1 -33:1 +0:13
   NEAR + $5C seen at the time : +0:42
   NEAR + every frozen tick    : +0:42
   last descent, landed on tick 107:
     t= 96 pred= 11 left= 11  y=    40 vy=  135168 ay=  -24576
     t= 97 pred= 10 left= 10  y=    41 vy=  110592 ay=  -24576
     t= 98 pred=  9 left=  9  y=    43 vy=   86016 ay=  -24576
     t= 99 pred=  8 left=  8  y=    44 vy=   61440 ay=  -24576
     t=100 pred=  7 left=  7  y=    44 vy=   36864 ay=  -24576
     t=101 pred=  6 left=  6  y=    44 vy=   12288 ay=  -24576
     t=102 pred=  5 left=  5  y=    44 vy=  -12288 ay=  -24576
     t=103 pred=  4 left=  4  y=    44 vy=  -36864 ay=  -24576
     t=104 pred=  3 left=  3  y=    43 vy=  -61440 ay=  -24576
     t=105 pred=  2 left=  2  y=    41 vy=  -86016 ay=  -24576
     t=106 pred=  1 left=  1  y=    40 vy= -110592 ay=  -24576
---- landing prediction ----
P1  landings=99  no_prediction_ticks=0
   err all : -45:34 -38:1 -36:1 -34:1 -32:1 -30:1 -28:1 -26:1 -24:1 -22:194 -21:10 -20:11 -19:10 -18:11 -17:10 -16:11 -15:10 -14:11 -13:10 -12:11 -11:387 -10:33 -9:33 -8:33 -7:33 -6:33 -5:33 -4:33 -3:33 -2:33 -1:33 +0:1637 +5:162 +11:144 +16:162
   err NEAR (made within 20 ticks of the landing): -16:1 -14:1 -12:1 -11:183 -10:30 -9:30 -8:30 -7:30 -6:30 -5:30 -4:30 -3:30 -2:30 -1:30 +0:1153 +11:144 +16:162
   err far  (made earlier, can still be invalidated): -45:34 -38:1 -36:1 -34:1 -32:1 -30:1 -28:1 -26:1 -24:1 -22:194 -21:10 -20:11 -19:10 -18:11 -17:10 -16:10 -15:10 -14:10 -13:10 -12:10 -11:204 -10:3 -9:3 -8:3 -7:3 -6:3 -5:3 -4:3 -3:3 -2:3 -1:3 +0:484 +5:162
   NEAR + $5C seen at the time : -11:154 -3:1 -2:1 -1:1 +0:1482 +11:144 +16:162
   NEAR + every frozen tick    : -4:1 -3:1 -2:1 -1:329 +0:1307 +11:144 +16:162
   last descent, landed on tick 150:
     t=130 pred= 36 left= 20  y=    40 vy=  245760 ay=  -13312
     t=131 pred= 35 left= 19  y=    43 vy=  232448 ay=  -13312
     t=132 pred= 34 left= 18  y=    46 vy=  219136 ay=  -13312
     t=133 pred= 33 left= 17  y=    50 vy=  205824 ay=  -13312
     t=134 pred= 32 left= 16  y=    52 vy=  192512 ay=  -13312
     t=135 pred= 31 left= 15  y=    55 vy=  179200 ay=  -13312
     t=136 pred= 30 left= 14  y=    58 vy=  165888 ay=  -13312
     t=137 pred= 29 left= 13  y=    60 vy=  152576 ay=  -13312
     t=138 pred= 28 left= 12  y=    62 vy=  139264 ay=  -13312
     t=139 pred= 11 left= 11  y=    64 vy=       0 ay=  -26624
     t=140 pred= 10 left= 10  y=    64 vy=  -26624 ay=  -26624
     t=141 pred=  9 left=  9  y=    63 vy=  -53248 ay=  -26624
     t=142 pred=  8 left=  8  y=    62 vy=  -79872 ay=  -26624
     t=143 pred=  7 left=  7  y=    60 vy= -106496 ay=  -26624
     t=144 pred=  6 left=  6  y=    58 vy= -133120 ay=  -26624
     t=145 pred=  5 left=  5  y=    56 vy= -159744 ay=  -26624
     t=146 pred=  4 left=  4  y=    53 vy= -186368 ay=  -26624
     t=147 pred=  3 left=  3  y=    49 vy= -212992 ay=  -26624
     t=148 pred=  2 left=  2  y=    46 vy= -239616 ay=  -26624
     t=149 pred=  1 left=  1  y=    42 vy= -266240 ay=  -26624
P2  landings=4  no_prediction_ticks=12
   err all : -70:1 -68:1 -66:1 -64:1 -62:1 -60:1 -58:1 -56:1 -54:1 -52:1 -50:1 -48:1 -46:1 -44:1 -43:1 -42:1 -41:1 -40:1 -39:1 -38:1 -37:1 -36:1 -35:1 -34:1 -33:1 +0:55
   err NEAR (made within 20 ticks of the landing): +0:42
   err far  (made earlier, can still be invalidated): -70:1 -68:1 -66:1 -64:1 -62:1 -60:1 -58:1 -56:1 -54:1 -52:1 -50:1 -48:1 -46:1 -44:1 -43:1 -42:1 -41:1 -40:1 -39:1 -38:1 -37:1 -36:1 -35:1 -34:1 -33:1 +0:13
   NEAR + $5C seen at the time : +0:42
   NEAR + every frozen tick    : +0:42
   last descent, landed on tick 107:
     t= 96 pred= 11 left= 11  y=    40 vy=  135168 ay=  -24576
     t= 97 pred= 10 left= 10  y=    41 vy=  110592 ay=  -24576
     t= 98 pred=  9 left=  9  y=    43 vy=   86016 ay=  -24576
     t= 99 pred=  8 left=  8  y=    44 vy=   61440 ay=  -24576
     t=100 pred=  7 left=  7  y=    44 vy=   36864 ay=  -24576
     t=101 pred=  6 left=  6  y=    44 vy=   12288 ay=  -24576
     t=102 pred=  5 left=  5  y=    44 vy=  -12288 ay=  -24576
     t=103 pred=  4 left=  4  y=    44 vy=  -36864 ay=  -24576
     t=104 pred=  3 left=  3  y=    43 vy=  -61440 ay=  -24576
     t=105 pred=  2 left=  2  y=    41 vy=  -86016 ay=  -24576
     t=106 pred=  1 left=  1  y=    40 vy= -110592 ay=  -24576
---- landing prediction ----
P1  landings=100  no_prediction_ticks=0
   err all : -45:34 -38:1 -36:1 -34:1 -32:1 -30:1 -28:1 -26:1 -24:1 -22:194 -21:10 -20:11 -19:10 -18:11 -17:10 -16:11 -15:10 -14:11 -13:10 -12:11 -11:387 -10:33 -9:33 -8:33 -7:33 -6:33 -5:33 -4:33 -3:33 -2:33 -1:33 +0:1676 +5:162 +11:144 +16:162
   err NEAR (made within 20 ticks of the landing): -16:1 -14:1 -12:1 -11:183 -10:30 -9:30 -8:30 -7:30 -6:30 -5:30 -4:30 -3:30 -2:30 -1:30 +0:1173 +11:144 +16:162
   err far  (made earlier, can still be invalidated): -45:34 -38:1 -36:1 -34:1 -32:1 -30:1 -28:1 -26:1 -24:1 -22:194 -21:10 -20:11 -19:10 -18:11 -17:10 -16:10 -15:10 -14:10 -13:10 -12:10 -11:204 -10:3 -9:3 -8:3 -7:3 -6:3 -5:3 -4:3 -3:3 -2:3 -1:3 +0:503 +5:162
   NEAR + $5C seen at the time : -11:154 -3:1 -2:1 -1:1 +0:1502 +11:144 +16:162
   NEAR + every frozen tick    : -4:1 -3:1 -2:1 -1:329 +0:1327 +11:144 +16:162
   last descent, landed on tick 200:
     t=161 pred= 39 left= 39  y=    40 vy=  630784 ay=  -32000
     t=162 pred= 38 left= 38  y=    49 vy=  598784 ay=  -32000
     t=163 pred= 37 left= 37  y=    57 vy=  566784 ay=  -32000
     t=164 pred= 36 left= 36  y=    65 vy=  534784 ay=  -32000
     t=165 pred= 35 left= 35  y=    73 vy=  502784 ay=  -32000
     t=166 pred= 34 left= 34  y=    80 vy=  470784 ay=  -32000
     t=167 pred= 33 left= 33  y=    87 vy=  438784 ay=  -32000
     t=168 pred= 32 left= 32  y=    93 vy=  406784 ay=  -32000
     t=169 pred= 31 left= 31  y=    99 vy=  374784 ay=  -32000
     t=170 pred= 30 left= 30  y=   104 vy=  342784 ay=  -32000
     t=171 pred= 29 left= 29  y=   109 vy=  310784 ay=  -32000
     t=172 pred= 28 left= 28  y=   113 vy=  278784 ay=  -32000
     t=173 pred= 27 left= 27  y=   117 vy=  246784 ay=  -32000
     t=174 pred= 26 left= 26  y=   120 vy=  214784 ay=  -32000
     t=175 pred= 25 left= 25  y=   123 vy=  182784 ay=  -32000
     t=176 pred= 24 left= 24  y=   125 vy=  150784 ay=  -32000
     t=177 pred= 23 left= 23  y=   127 vy=  118784 ay=  -32000
     t=178 pred= 22 left= 22  y=   128 vy=   86784 ay=  -32000
     t=179 pred= 21 left= 21  y=   129 vy=   54784 ay=  -32000
     t=180 pred= 20 left= 20  y=   130 vy=   22784 ay=  -32000
     t=181 pred= 19 left= 19  y=   129 vy=   -9216 ay=  -32000
     t=182 pred= 18 left= 18  y=   129 vy=  -41216 ay=  -32000
     t=183 pred= 17 left= 17  y=   128 vy=  -73216 ay=  -32000
     t=184 pred= 16 left= 16  y=   126 vy= -105216 ay=  -32000
     t=185 pred= 15 left= 15  y=   124 vy= -137216 ay=  -32000
     t=186 pred= 14 left= 14  y=   121 vy= -169216 ay=  -32000
     t=187 pred= 13 left= 13  y=   118 vy= -201216 ay=  -32000
     t=188 pred= 12 left= 12  y=   115 vy= -233216 ay=  -32000
     t=189 pred= 11 left= 11  y=   111 vy= -265216 ay=  -32000
     t=190 pred= 10 left= 10  y=   106 vy= -297216 ay=  -32000
     t=191 pred=  9 left=  9  y=   101 vy= -329216 ay=  -32000
     t=192 pred=  8 left=  8  y=    96 vy= -361216 ay=  -32000
     t=193 pred=  7 left=  7  y=    90 vy= -393216 ay=  -32000
     t=194 pred=  6 left=  6  y=    83 vy= -425216 ay=  -32000
     t=195 pred=  5 left=  5  y=    76 vy= -457216 ay=  -32000
     t=196 pred=  4 left=  4  y=    69 vy= -489216 ay=  -32000
     t=197 pred=  3 left=  3  y=    61 vy= -521216 ay=  -32000
     t=198 pred=  2 left=  2  y=    52 vy= -553216 ay=  -32000
     t=199 pred=  1 left=  1  y=    43 vy= -585216 ay=  -32000
P2  landings=4  no_prediction_ticks=12
   err all : -70:1 -68:1 -66:1 -64:1 -62:1 -60:1 -58:1 -56:1 -54:1 -52:1 -50:1 -48:1 -46:1 -44:1 -43:1 -42:1 -41:1 -40:1 -39:1 -38:1 -37:1 -36:1 -35:1 -34:1 -33:1 +0:55
   err NEAR (made within 20 ticks of the landing): +0:42
   err far  (made earlier, can still be invalidated): -70:1 -68:1 -66:1 -64:1 -62:1 -60:1 -58:1 -56:1 -54:1 -52:1 -50:1 -48:1 -46:1 -44:1 -43:1 -42:1 -41:1 -40:1 -39:1 -38:1 -37:1 -36:1 -35:1 -34:1 -33:1 +0:13
   NEAR + $5C seen at the time : +0:42
   NEAR + every frozen tick    : +0:42
   last descent, landed on tick 107:
     t= 96 pred= 11 left= 11  y=    40 vy=  135168 ay=  -24576
     t= 97 pred= 10 left= 10  y=    41 vy=  110592 ay=  -24576
     t= 98 pred=  9 left=  9  y=    43 vy=   86016 ay=  -24576
     t= 99 pred=  8 left=  8  y=    44 vy=   61440 ay=  -24576
     t=100 pred=  7 left=  7  y=    44 vy=   36864 ay=  -24576
     t=101 pred=  6 left=  6  y=    44 vy=   12288 ay=  -24576
     t=102 pred=  5 left=  5  y=    44 vy=  -12288 ay=  -24576
     t=103 pred=  4 left=  4  y=    44 vy=  -36864 ay=  -24576
     t=104 pred=  3 left=  3  y=    43 vy=  -61440 ay=  -24576
     t=105 pred=  2 left=  2  y=    41 vy=  -86016 ay=  -24576
     t=106 pred=  1 left=  1  y=    40 vy= -110592 ay=  -24576
---- landing prediction ----
P1  landings=101  no_prediction_ticks=0
   err all : -45:34 -38:1 -36:1 -34:1 -32:1 -30:1 -28:1 -26:1 -24:1 -22:194 -21:10 -20:11 -19:10 -18:11 -17:10 -16:11 -15:10 -14:11 -13:10 -12:11 -11:387 -10:33 -9:33 -8:33 -7:33 -6:33 -5:33 -4:33 -3:33 -2:33 -1:33 +0:1687 +5:162 +11:144 +16:171
   err NEAR (made within 20 ticks of the landing): -16:1 -14:1 -12:1 -11:183 -10:30 -9:30 -8:30 -7:30 -6:30 -5:30 -4:30 -3:30 -2:30 -1:30 +0:1184 +11:144 +16:171
   err far  (made earlier, can still be invalidated): -45:34 -38:1 -36:1 -34:1 -32:1 -30:1 -28:1 -26:1 -24:1 -22:194 -21:10 -20:11 -19:10 -18:11 -17:10 -16:10 -15:10 -14:10 -13:10 -12:10 -11:204 -10:3 -9:3 -8:3 -7:3 -6:3 -5:3 -4:3 -3:3 -2:3 -1:3 +0:503 +5:162
   NEAR + $5C seen at the time : -11:154 -3:1 -2:1 -1:1 +0:1513 +11:144 +16:171
   NEAR + every frozen tick    : -4:1 -3:1 -2:1 -1:329 +0:1338 +11:144 +16:171
   last descent, landed on tick 223:
     t=203 pred= 36 left= 20  y=    40 vy=  245760 ay=  -13312
     t=204 pred= 35 left= 19  y=    43 vy=  232448 ay=  -13312
     t=205 pred= 34 left= 18  y=    46 vy=  219136 ay=  -13312
     t=206 pred= 33 left= 17  y=    50 vy=  205824 ay=  -13312
     t=207 pred= 32 left= 16  y=    52 vy=  192512 ay=  -13312
     t=208 pred= 31 left= 15  y=    55 vy=  179200 ay=  -13312
     t=209 pred= 30 left= 14  y=    58 vy=  165888 ay=  -13312
     t=210 pred= 29 left= 13  y=    60 vy=  152576 ay=  -13312
     t=211 pred= 28 left= 12  y=    62 vy=  139264 ay=  -13312
     t=212 pred= 11 left= 11  y=    64 vy=       0 ay=  -26624
     t=213 pred= 10 left= 10  y=    64 vy=  -26624 ay=  -26624
     t=214 pred=  9 left=  9  y=    63 vy=  -53248 ay=  -26624
     t=215 pred=  8 left=  8  y=    62 vy=  -79872 ay=  -26624
     t=216 pred=  7 left=  7  y=    60 vy= -106496 ay=  -26624
     t=217 pred=  6 left=  6  y=    58 vy= -133120 ay=  -26624
     t=218 pred=  5 left=  5  y=    56 vy= -159744 ay=  -26624
     t=219 pred=  4 left=  4  y=    53 vy= -186368 ay=  -26624
     t=220 pred=  3 left=  3  y=    49 vy= -212992 ay=  -26624
     t=221 pred=  2 left=  2  y=    46 vy= -239616 ay=  -26624
     t=222 pred=  1 left=  1  y=    42 vy= -266240 ay=  -26624
P2  landings=4  no_prediction_ticks=12
   err all : -70:1 -68:1 -66:1 -64:1 -62:1 -60:1 -58:1 -56:1 -54:1 -52:1 -50:1 -48:1 -46:1 -44:1 -43:1 -42:1 -41:1 -40:1 -39:1 -38:1 -37:1 -36:1 -35:1 -34:1 -33:1 +0:55
   err NEAR (made within 20 ticks of the landing): +0:42
   err far  (made earlier, can still be invalidated): -70:1 -68:1 -66:1 -64:1 -62:1 -60:1 -58:1 -56:1 -54:1 -52:1 -50:1 -48:1 -46:1 -44:1 -43:1 -42:1 -41:1 -40:1 -39:1 -38:1 -37:1 -36:1 -35:1 -34:1 -33:1 +0:13
   NEAR + $5C seen at the time : +0:42
   NEAR + every frozen tick    : +0:42
   last descent, landed on tick 107:
     t= 96 pred= 11 left= 11  y=    40 vy=  135168 ay=  -24576
     t= 97 pred= 10 left= 10  y=    41 vy=  110592 ay=  -24576
     t= 98 pred=  9 left=  9  y=    43 vy=   86016 ay=  -24576
     t= 99 pred=  8 left=  8  y=    44 vy=   61440 ay=  -24576
     t=100 pred=  7 left=  7  y=    44 vy=   36864 ay=  -24576
     t=101 pred=  6 left=  6  y=    44 vy=   12288 ay=  -24576
     t=102 pred=  5 left=  5  y=    44 vy=  -12288 ay=  -24576
     t=103 pred=  4 left=  4  y=    44 vy=  -36864 ay=  -24576
     t=104 pred=  3 left=  3  y=    43 vy=  -61440 ay=  -24576
     t=105 pred=  2 left=  2  y=    41 vy=  -86016 ay=  -24576
     t=106 pred=  1 left=  1  y=    40 vy= -110592 ay=  -24576
---- landing prediction ----
P1  landings=102  no_prediction_ticks=0
   err all : -45:34 -38:1 -36:1 -34:1 -32:1 -30:1 -28:1 -26:1 -24:1 -22:194 -21:10 -20:11 -19:10 -18:11 -17:10 -16:11 -15:10 -14:11 -13:10 -12:11 -11:387 -10:33 -9:33 -8:33 -7:33 -6:33 -5:33 -4:33 -3:33 -2:33 -1:33 +0:1698 +5:162 +11:144 +16:180
   err NEAR (made within 20 ticks of the landing): -16:1 -14:1 -12:1 -11:183 -10:30 -9:30 -8:30 -7:30 -6:30 -5:30 -4:30 -3:30 -2:30 -1:30 +0:1195 +11:144 +16:180
   err far  (made earlier, can still be invalidated): -45:34 -38:1 -36:1 -34:1 -32:1 -30:1 -28:1 -26:1 -24:1 -22:194 -21:10 -20:11 -19:10 -18:11 -17:10 -16:10 -15:10 -14:10 -13:10 -12:10 -11:204 -10:3 -9:3 -8:3 -7:3 -6:3 -5:3 -4:3 -3:3 -2:3 -1:3 +0:503 +5:162
   NEAR + $5C seen at the time : -11:154 -3:1 -2:1 -1:1 +0:1524 +11:144 +16:180
   NEAR + every frozen tick    : -4:1 -3:1 -2:1 -1:329 +0:1349 +11:144 +16:180
   last descent, landed on tick 246:
     t=226 pred= 36 left= 20  y=    40 vy=  245760 ay=  -13312
     t=227 pred= 35 left= 19  y=    43 vy=  232448 ay=  -13312
     t=228 pred= 34 left= 18  y=    46 vy=  219136 ay=  -13312
     t=229 pred= 33 left= 17  y=    50 vy=  205824 ay=  -13312
     t=230 pred= 32 left= 16  y=    52 vy=  192512 ay=  -13312
     t=231 pred= 31 left= 15  y=    55 vy=  179200 ay=  -13312
     t=232 pred= 30 left= 14  y=    58 vy=  165888 ay=  -13312
     t=233 pred= 29 left= 13  y=    60 vy=  152576 ay=  -13312
     t=234 pred= 28 left= 12  y=    62 vy=  139264 ay=  -13312
     t=235 pred= 11 left= 11  y=    64 vy=       0 ay=  -26624
     t=236 pred= 10 left= 10  y=    64 vy=  -26624 ay=  -26624
     t=237 pred=  9 left=  9  y=    63 vy=  -53248 ay=  -26624
     t=238 pred=  8 left=  8  y=    62 vy=  -79872 ay=  -26624
     t=239 pred=  7 left=  7  y=    60 vy= -106496 ay=  -26624
     t=240 pred=  6 left=  6  y=    58 vy= -133120 ay=  -26624
     t=241 pred=  5 left=  5  y=    56 vy= -159744 ay=  -26624
     t=242 pred=  4 left=  4  y=    53 vy= -186368 ay=  -26624
     t=243 pred=  3 left=  3  y=    49 vy= -212992 ay=  -26624
     t=244 pred=  2 left=  2  y=    46 vy= -239616 ay=  -26624
     t=245 pred=  1 left=  1  y=    42 vy= -266240 ay=  -26624
P2  landings=4  no_prediction_ticks=12
   err all : -70:1 -68:1 -66:1 -64:1 -62:1 -60:1 -58:1 -56:1 -54:1 -52:1 -50:1 -48:1 -46:1 -44:1 -43:1 -42:1 -41:1 -40:1 -39:1 -38:1 -37:1 -36:1 -35:1 -34:1 -33:1 +0:55
   err NEAR (made within 20 ticks of the landing): +0:42
   err far  (made earlier, can still be invalidated): -70:1 -68:1 -66:1 -64:1 -62:1 -60:1 -58:1 -56:1 -54:1 -52:1 -50:1 -48:1 -46:1 -44:1 -43:1 -42:1 -41:1 -40:1 -39:1 -38:1 -37:1 -36:1 -35:1 -34:1 -33:1 +0:13
   NEAR + $5C seen at the time : +0:42
   NEAR + every frozen tick    : +0:42
   last descent, landed on tick 107:
     t= 96 pred= 11 left= 11  y=    40 vy=  135168 ay=  -24576
     t= 97 pred= 10 left= 10  y=    41 vy=  110592 ay=  -24576
     t= 98 pred=  9 left=  9  y=    43 vy=   86016 ay=  -24576
     t= 99 pred=  8 left=  8  y=    44 vy=   61440 ay=  -24576
     t=100 pred=  7 left=  7  y=    44 vy=   36864 ay=  -24576
     t=101 pred=  6 left=  6  y=    44 vy=   12288 ay=  -24576
     t=102 pred=  5 left=  5  y=    44 vy=  -12288 ay=  -24576
     t=103 pred=  4 left=  4  y=    44 vy=  -36864 ay=  -24576
     t=104 pred=  3 left=  3  y=    43 vy=  -61440 ay=  -24576
     t=105 pred=  2 left=  2  y=    41 vy=  -86016 ay=  -24576
     t=106 pred=  1 left=  1  y=    40 vy= -110592 ay=  -24576
---- landing prediction ----
P1  landings=103  no_prediction_ticks=0
   err all : -45:34 -38:1 -36:1 -34:1 -32:1 -30:1 -28:1 -26:1 -24:1 -22:194 -21:10 -20:11 -19:10 -18:11 -17:10 -16:11 -15:10 -14:11 -13:10 -12:11 -11:387 -10:33 -9:33 -8:33 -7:33 -6:33 -5:33 -4:33 -3:33 -2:33 -1:33 +0:1737 +5:162 +11:144 +16:180
   err NEAR (made within 20 ticks of the landing): -16:1 -14:1 -12:1 -11:183 -10:30 -9:30 -8:30 -7:30 -6:30 -5:30 -4:30 -3:30 -2:30 -1:30 +0:1215 +11:144 +16:180
   err far  (made earlier, can still be invalidated): -45:34 -38:1 -36:1 -34:1 -32:1 -30:1 -28:1 -26:1 -24:1 -22:194 -21:10 -20:11 -19:10 -18:11 -17:10 -16:10 -15:10 -14:10 -13:10 -12:10 -11:204 -10:3 -9:3 -8:3 -7:3 -6:3 -5:3 -4:3 -3:3 -2:3 -1:3 +0:522 +5:162
   NEAR + $5C seen at the time : -11:154 -3:1 -2:1 -1:1 +0:1544 +11:144 +16:180
   NEAR + every frozen tick    : -4:1 -3:1 -2:1 -1:329 +0:1369 +11:144 +16:180
   last descent, landed on tick 39:
     t=  0 pred= 39 left= 39  y=    40 vy=  630784 ay=  -32000
     t=  1 pred= 38 left= 38  y=    49 vy=  598784 ay=  -32000
     t=  2 pred= 37 left= 37  y=    57 vy=  566784 ay=  -32000
     t=  3 pred= 36 left= 36  y=    65 vy=  534784 ay=  -32000
     t=  4 pred= 35 left= 35  y=    73 vy=  502784 ay=  -32000
     t=  5 pred= 34 left= 34  y=    80 vy=  470784 ay=  -32000
     t=  6 pred= 33 left= 33  y=    87 vy=  438784 ay=  -32000
     t=  7 pred= 32 left= 32  y=    93 vy=  406784 ay=  -32000
     t=  8 pred= 31 left= 31  y=    99 vy=  374784 ay=  -32000
     t=  9 pred= 30 left= 30  y=   104 vy=  342784 ay=  -32000
     t= 10 pred= 29 left= 29  y=   109 vy=  310784 ay=  -32000
     t= 11 pred= 28 left= 28  y=   113 vy=  278784 ay=  -32000
     t= 12 pred= 27 left= 27  y=   117 vy=  246784 ay=  -32000
     t= 13 pred= 26 left= 26  y=   120 vy=  214784 ay=  -32000
     t= 14 pred= 25 left= 25  y=   123 vy=  182784 ay=  -32000
     t= 15 pred= 24 left= 24  y=   125 vy=  150784 ay=  -32000
     t= 16 pred= 23 left= 23  y=   127 vy=  118784 ay=  -32000
     t= 17 pred= 22 left= 22  y=   128 vy=   86784 ay=  -32000
     t= 18 pred= 21 left= 21  y=   129 vy=   54784 ay=  -32000
     t= 19 pred= 20 left= 20  y=   130 vy=   22784 ay=  -32000
     t= 20 pred= 19 left= 19  y=   129 vy=   -9216 ay=  -32000
     t= 21 pred= 18 left= 18  y=   129 vy=  -41216 ay=  -32000
     t= 22 pred= 17 left= 17  y=   128 vy=  -73216 ay=  -32000
     t= 23 pred= 16 left= 16  y=   126 vy= -105216 ay=  -32000
     t= 24 pred= 15 left= 15  y=   124 vy= -137216 ay=  -32000
     t= 25 pred= 14 left= 14  y=   121 vy= -169216 ay=  -32000
     t= 26 pred= 13 left= 13  y=   118 vy= -201216 ay=  -32000
     t= 27 pred= 12 left= 12  y=   115 vy= -233216 ay=  -32000
     t= 28 pred= 11 left= 11  y=   111 vy= -265216 ay=  -32000
     t= 29 pred= 10 left= 10  y=   106 vy= -297216 ay=  -32000
     t= 30 pred=  9 left=  9  y=   101 vy= -329216 ay=  -32000
     t= 31 pred=  8 left=  8  y=    96 vy= -361216 ay=  -32000
     t= 32 pred=  7 left=  7  y=    90 vy= -393216 ay=  -32000
     t= 33 pred=  6 left=  6  y=    83 vy= -425216 ay=  -32000
     t= 34 pred=  5 left=  5  y=    76 vy= -457216 ay=  -32000
     t= 35 pred=  4 left=  4  y=    69 vy= -489216 ay=  -32000
     t= 36 pred=  3 left=  3  y=    61 vy= -521216 ay=  -32000
     t= 37 pred=  2 left=  2  y=    52 vy= -553216 ay=  -32000
     t= 38 pred=  1 left=  1  y=    43 vy= -585216 ay=  -32000
P2  landings=4  no_prediction_ticks=12
   err all : -70:1 -68:1 -66:1 -64:1 -62:1 -60:1 -58:1 -56:1 -54:1 -52:1 -50:1 -48:1 -46:1 -44:1 -43:1 -42:1 -41:1 -40:1 -39:1 -38:1 -37:1 -36:1 -35:1 -34:1 -33:1 +0:55
   err NEAR (made within 20 ticks of the landing): +0:42
   err far  (made earlier, can still be invalidated): -70:1 -68:1 -66:1 -64:1 -62:1 -60:1 -58:1 -56:1 -54:1 -52:1 -50:1 -48:1 -46:1 -44:1 -43:1 -42:1 -41:1 -40:1 -39:1 -38:1 -37:1 -36:1 -35:1 -34:1 -33:1 +0:13
   NEAR + $5C seen at the time : +0:42
   NEAR + every frozen tick    : +0:42
   last descent, landed on tick 107:
     t= 96 pred= 11 left= 11  y=    40 vy=  135168 ay=  -24576
     t= 97 pred= 10 left= 10  y=    41 vy=  110592 ay=  -24576
     t= 98 pred=  9 left=  9  y=    43 vy=   86016 ay=  -24576
     t= 99 pred=  8 left=  8  y=    44 vy=   61440 ay=  -24576
     t=100 pred=  7 left=  7  y=    44 vy=   36864 ay=  -24576
     t=101 pred=  6 left=  6  y=    44 vy=   12288 ay=  -24576
     t=102 pred=  5 left=  5  y=    44 vy=  -12288 ay=  -24576
     t=103 pred=  4 left=  4  y=    44 vy=  -36864 ay=  -24576
     t=104 pred=  3 left=  3  y=    43 vy=  -61440 ay=  -24576
     t=105 pred=  2 left=  2  y=    41 vy=  -86016 ay=  -24576
     t=106 pred=  1 left=  1  y=    40 vy= -110592 ay=  -24576
---- landing prediction ----
P1  landings=104  no_prediction_ticks=0
   err all : -45:34 -38:1 -36:1 -34:1 -32:1 -30:1 -28:1 -26:1 -24:1 -22:194 -21:10 -20:11 -19:10 -18:11 -17:10 -16:11 -15:10 -14:11 -13:10 -12:11 -11:387 -10:33 -9:33 -8:33 -7:33 -6:33 -5:33 -4:33 -3:33 -2:33 -1:33 +0:1748 +5:162 +11:144 +16:189
   err NEAR (made within 20 ticks of the landing): -16:1 -14:1 -12:1 -11:183 -10:30 -9:30 -8:30 -7:30 -6:30 -5:30 -4:30 -3:30 -2:30 -1:30 +0:1226 +11:144 +16:189
   err far  (made earlier, can still be invalidated): -45:34 -38:1 -36:1 -34:1 -32:1 -30:1 -28:1 -26:1 -24:1 -22:194 -21:10 -20:11 -19:10 -18:11 -17:10 -16:10 -15:10 -14:10 -13:10 -12:10 -11:204 -10:3 -9:3 -8:3 -7:3 -6:3 -5:3 -4:3 -3:3 -2:3 -1:3 +0:522 +5:162
   NEAR + $5C seen at the time : -11:154 -3:1 -2:1 -1:1 +0:1555 +11:144 +16:189
   NEAR + every frozen tick    : -4:1 -3:1 -2:1 -1:329 +0:1380 +11:144 +16:189
   last descent, landed on tick 66:
     t= 46 pred= 36 left= 20  y=    40 vy=  245760 ay=  -13312
     t= 47 pred= 35 left= 19  y=    43 vy=  232448 ay=  -13312
     t= 48 pred= 34 left= 18  y=    46 vy=  219136 ay=  -13312
     t= 49 pred= 33 left= 17  y=    50 vy=  205824 ay=  -13312
     t= 50 pred= 32 left= 16  y=    52 vy=  192512 ay=  -13312
     t= 51 pred= 31 left= 15  y=    55 vy=  179200 ay=  -13312
     t= 52 pred= 30 left= 14  y=    58 vy=  165888 ay=  -13312
     t= 53 pred= 29 left= 13  y=    60 vy=  152576 ay=  -13312
     t= 54 pred= 28 left= 12  y=    62 vy=  139264 ay=  -13312
     t= 55 pred= 11 left= 11  y=    64 vy=       0 ay=  -26624
     t= 56 pred= 10 left= 10  y=    64 vy=  -26624 ay=  -26624
     t= 57 pred=  9 left=  9  y=    63 vy=  -53248 ay=  -26624
     t= 58 pred=  8 left=  8  y=    62 vy=  -79872 ay=  -26624
     t= 59 pred=  7 left=  7  y=    60 vy= -106496 ay=  -26624
     t= 60 pred=  6 left=  6  y=    58 vy= -133120 ay=  -26624
     t= 61 pred=  5 left=  5  y=    56 vy= -159744 ay=  -26624
     t= 62 pred=  4 left=  4  y=    53 vy= -186368 ay=  -26624
     t= 63 pred=  3 left=  3  y=    49 vy= -212992 ay=  -26624
     t= 64 pred=  2 left=  2  y=    46 vy= -239616 ay=  -26624
     t= 65 pred=  1 left=  1  y=    42 vy= -266240 ay=  -26624
P2  landings=4  no_prediction_ticks=12
   err all : -70:1 -68:1 -66:1 -64:1 -62:1 -60:1 -58:1 -56:1 -54:1 -52:1 -50:1 -48:1 -46:1 -44:1 -43:1 -42:1 -41:1 -40:1 -39:1 -38:1 -37:1 -36:1 -35:1 -34:1 -33:1 +0:55
   err NEAR (made within 20 ticks of the landing): +0:42
   err far  (made earlier, can still be invalidated): -70:1 -68:1 -66:1 -64:1 -62:1 -60:1 -58:1 -56:1 -54:1 -52:1 -50:1 -48:1 -46:1 -44:1 -43:1 -42:1 -41:1 -40:1 -39:1 -38:1 -37:1 -36:1 -35:1 -34:1 -33:1 +0:13
   NEAR + $5C seen at the time : +0:42
   NEAR + every frozen tick    : +0:42
   last descent, landed on tick 107:
     t= 96 pred= 11 left= 11  y=    40 vy=  135168 ay=  -24576
     t= 97 pred= 10 left= 10  y=    41 vy=  110592 ay=  -24576
     t= 98 pred=  9 left=  9  y=    43 vy=   86016 ay=  -24576
     t= 99 pred=  8 left=  8  y=    44 vy=   61440 ay=  -24576
     t=100 pred=  7 left=  7  y=    44 vy=   36864 ay=  -24576
     t=101 pred=  6 left=  6  y=    44 vy=   12288 ay=  -24576
     t=102 pred=  5 left=  5  y=    44 vy=  -12288 ay=  -24576
     t=103 pred=  4 left=  4  y=    44 vy=  -36864 ay=  -24576
     t=104 pred=  3 left=  3  y=    43 vy=  -61440 ay=  -24576
     t=105 pred=  2 left=  2  y=    41 vy=  -86016 ay=  -24576
     t=106 pred=  1 left=  1  y=    40 vy= -110592 ay=  -24576
---- landing prediction ----
P1  landings=105  no_prediction_ticks=0
   err all : -45:34 -38:1 -36:1 -34:1 -32:1 -30:1 -28:1 -26:1 -24:1 -22:194 -21:10 -20:11 -19:10 -18:11 -17:10 -16:11 -15:10 -14:11 -13:10 -12:11 -11:387 -10:33 -9:33 -8:33 -7:33 -6:33 -5:33 -4:33 -3:33 -2:33 -1:33 +0:1787 +5:162 +11:144 +16:189
   err NEAR (made within 20 ticks of the landing): -16:1 -14:1 -12:1 -11:183 -10:30 -9:30 -8:30 -7:30 -6:30 -5:30 -4:30 -3:30 -2:30 -1:30 +0:1246 +11:144 +16:189
   err far  (made earlier, can still be invalidated): -45:34 -38:1 -36:1 -34:1 -32:1 -30:1 -28:1 -26:1 -24:1 -22:194 -21:10 -20:11 -19:10 -18:11 -17:10 -16:10 -15:10 -14:10 -13:10 -12:10 -11:204 -10:3 -9:3 -8:3 -7:3 -6:3 -5:3 -4:3 -3:3 -2:3 -1:3 +0:541 +5:162
   NEAR + $5C seen at the time : -11:154 -3:1 -2:1 -1:1 +0:1575 +11:144 +16:189
   NEAR + every frozen tick    : -4:1 -3:1 -2:1 -1:329 +0:1400 +11:144 +16:189
   last descent, landed on tick 136:
     t= 97 pred= 39 left= 39  y=    40 vy=  630784 ay=  -32000
     t= 98 pred= 38 left= 38  y=    49 vy=  598784 ay=  -32000
     t= 99 pred= 37 left= 37  y=    57 vy=  566784 ay=  -32000
     t=100 pred= 36 left= 36  y=    65 vy=  534784 ay=  -32000
     t=101 pred= 35 left= 35  y=    73 vy=  502784 ay=  -32000
     t=102 pred= 34 left= 34  y=    80 vy=  470784 ay=  -32000
     t=103 pred= 33 left= 33  y=    87 vy=  438784 ay=  -32000
     t=104 pred= 32 left= 32  y=    93 vy=  406784 ay=  -32000
     t=105 pred= 31 left= 31  y=    99 vy=  374784 ay=  -32000
     t=106 pred= 30 left= 30  y=   104 vy=  342784 ay=  -32000
     t=107 pred= 29 left= 29  y=   109 vy=  310784 ay=  -32000
     t=108 pred= 28 left= 28  y=   113 vy=  278784 ay=  -32000
     t=109 pred= 27 left= 27  y=   117 vy=  246784 ay=  -32000
     t=110 pred= 26 left= 26  y=   120 vy=  214784 ay=  -32000
     t=111 pred= 25 left= 25  y=   123 vy=  182784 ay=  -32000
     t=112 pred= 24 left= 24  y=   125 vy=  150784 ay=  -32000
     t=113 pred= 23 left= 23  y=   127 vy=  118784 ay=  -32000
     t=114 pred= 22 left= 22  y=   128 vy=   86784 ay=  -32000
     t=115 pred= 21 left= 21  y=   129 vy=   54784 ay=  -32000
     t=116 pred= 20 left= 20  y=   130 vy=   22784 ay=  -32000
     t=117 pred= 19 left= 19  y=   129 vy=   -9216 ay=  -32000
     t=118 pred= 18 left= 18  y=   129 vy=  -41216 ay=  -32000
     t=119 pred= 17 left= 17  y=   128 vy=  -73216 ay=  -32000
     t=120 pred= 16 left= 16  y=   126 vy= -105216 ay=  -32000
     t=121 pred= 15 left= 15  y=   124 vy= -137216 ay=  -32000
     t=122 pred= 14 left= 14  y=   121 vy= -169216 ay=  -32000
     t=123 pred= 13 left= 13  y=   118 vy= -201216 ay=  -32000
     t=124 pred= 12 left= 12  y=   115 vy= -233216 ay=  -32000
     t=125 pred= 11 left= 11  y=   111 vy= -265216 ay=  -32000
     t=126 pred= 10 left= 10  y=   106 vy= -297216 ay=  -32000
     t=127 pred=  9 left=  9  y=   101 vy= -329216 ay=  -32000
     t=128 pred=  8 left=  8  y=    96 vy= -361216 ay=  -32000
     t=129 pred=  7 left=  7  y=    90 vy= -393216 ay=  -32000
     t=130 pred=  6 left=  6  y=    83 vy= -425216 ay=  -32000
     t=131 pred=  5 left=  5  y=    76 vy= -457216 ay=  -32000
     t=132 pred=  4 left=  4  y=    69 vy= -489216 ay=  -32000
     t=133 pred=  3 left=  3  y=    61 vy= -521216 ay=  -32000
     t=134 pred=  2 left=  2  y=    52 vy= -553216 ay=  -32000
     t=135 pred=  1 left=  1  y=    43 vy= -585216 ay=  -32000
P2  landings=4  no_prediction_ticks=12
   err all : -70:1 -68:1 -66:1 -64:1 -62:1 -60:1 -58:1 -56:1 -54:1 -52:1 -50:1 -48:1 -46:1 -44:1 -43:1 -42:1 -41:1 -40:1 -39:1 -38:1 -37:1 -36:1 -35:1 -34:1 -33:1 +0:55
   err NEAR (made within 20 ticks of the landing): +0:42
   err far  (made earlier, can still be invalidated): -70:1 -68:1 -66:1 -64:1 -62:1 -60:1 -58:1 -56:1 -54:1 -52:1 -50:1 -48:1 -46:1 -44:1 -43:1 -42:1 -41:1 -40:1 -39:1 -38:1 -37:1 -36:1 -35:1 -34:1 -33:1 +0:13
   NEAR + $5C seen at the time : +0:42
   NEAR + every frozen tick    : +0:42
   last descent, landed on tick 107:
     t= 96 pred= 11 left= 11  y=    40 vy=  135168 ay=  -24576
     t= 97 pred= 10 left= 10  y=    41 vy=  110592 ay=  -24576
     t= 98 pred=  9 left=  9  y=    43 vy=   86016 ay=  -24576
     t= 99 pred=  8 left=  8  y=    44 vy=   61440 ay=  -24576
     t=100 pred=  7 left=  7  y=    44 vy=   36864 ay=  -24576
     t=101 pred=  6 left=  6  y=    44 vy=   12288 ay=  -24576
     t=102 pred=  5 left=  5  y=    44 vy=  -12288 ay=  -24576
     t=103 pred=  4 left=  4  y=    44 vy=  -36864 ay=  -24576
     t=104 pred=  3 left=  3  y=    43 vy=  -61440 ay=  -24576
     t=105 pred=  2 left=  2  y=    41 vy=  -86016 ay=  -24576
     t=106 pred=  1 left=  1  y=    40 vy= -110592 ay=  -24576
---- landing prediction ----
P1  landings=106  no_prediction_ticks=0
   err all : -45:34 -38:1 -36:1 -34:1 -32:1 -30:1 -28:1 -26:1 -24:1 -22:194 -21:10 -20:11 -19:10 -18:11 -17:10 -16:11 -15:10 -14:11 -13:10 -12:11 -11:387 -10:33 -9:33 -8:33 -7:33 -6:33 -5:33 -4:33 -3:33 -2:33 -1:33 +0:1816 +5:162 +11:144 +16:189
   err NEAR (made within 20 ticks of the landing): -16:1 -14:1 -12:1 -11:183 -10:30 -9:30 -8:30 -7:30 -6:30 -5:30 -4:30 -3:30 -2:30 -1:30 +0:1266 +11:144 +16:189
   err far  (made earlier, can still be invalidated): -45:34 -38:1 -36:1 -34:1 -32:1 -30:1 -28:1 -26:1 -24:1 -22:194 -21:10 -20:11 -19:10 -18:11 -17:10 -16:10 -15:10 -14:10 -13:10 -12:10 -11:204 -10:3 -9:3 -8:3 -7:3 -6:3 -5:3 -4:3 -3:3 -2:3 -1:3 +0:550 +5:162
   NEAR + $5C seen at the time : -11:154 -3:1 -2:1 -1:1 +0:1595 +11:144 +16:189
   NEAR + every frozen tick    : -4:1 -3:1 -2:1 -1:329 +0:1420 +11:144 +16:189
   last descent, landed on tick 187:
     t=158 pred= 29 left= 29  y=    40 vy=  786432 ay=  -53248
     t=159 pred= 28 left= 28  y=    51 vy=  733184 ay=  -53248
     t=160 pred= 27 left= 27  y=    61 vy=  679936 ay=  -53248
     t=161 pred= 26 left= 26  y=    71 vy=  626688 ay=  -53248
     t=162 pred= 25 left= 25  y=    79 vy=  573440 ay=  -53248
     t=163 pred= 24 left= 24  y=    87 vy=  520192 ay=  -53248
     t=164 pred= 23 left= 23  y=    94 vy=  466944 ay=  -53248
     t=165 pred= 22 left= 22  y=   101 vy=  413696 ay=  -53248
     t=166 pred= 21 left= 21  y=   106 vy=  360448 ay=  -53248
     t=167 pred= 20 left= 20  y=   111 vy=  307200 ay=  -53248
     t=168 pred= 19 left= 19  y=   115 vy=  253952 ay=  -53248
     t=169 pred= 18 left= 18  y=   118 vy=  200704 ay=  -53248
     t=170 pred= 17 left= 17  y=   120 vy=  147456 ay=  -53248
     t=171 pred= 16 left= 16  y=   122 vy=   94208 ay=  -53248
     t=172 pred= 15 left= 15  y=   122 vy=   40960 ay=  -53248
     t=173 pred= 14 left= 14  y=   122 vy=  -12288 ay=  -53248
     t=174 pred= 13 left= 13  y=   121 vy=  -65536 ay=  -53248
     t=175 pred= 12 left= 12  y=   119 vy= -118784 ay=  -53248
     t=176 pred= 11 left= 11  y=   117 vy= -172032 ay=  -53248
     t=177 pred= 10 left= 10  y=   113 vy= -225280 ay=  -53248
     t=178 pred=  9 left=  9  y=   109 vy= -278528 ay=  -53248
     t=179 pred=  8 left=  8  y=   104 vy= -331776 ay=  -53248
     t=180 pred=  7 left=  7  y=    98 vy= -385024 ay=  -53248
     t=181 pred=  6 left=  6  y=    91 vy= -438272 ay=  -53248
     t=182 pred=  5 left=  5  y=    84 vy= -491520 ay=  -53248
     t=183 pred=  4 left=  4  y=    75 vy= -544768 ay=  -53248
     t=184 pred=  3 left=  3  y=    66 vy= -598016 ay=  -53248
     t=185 pred=  2 left=  2  y=    56 vy= -651264 ay=  -53248
     t=186 pred=  1 left=  1  y=    46 vy= -704512 ay=  -53248
P2  landings=4  no_prediction_ticks=12
   err all : -70:1 -68:1 -66:1 -64:1 -62:1 -60:1 -58:1 -56:1 -54:1 -52:1 -50:1 -48:1 -46:1 -44:1 -43:1 -42:1 -41:1 -40:1 -39:1 -38:1 -37:1 -36:1 -35:1 -34:1 -33:1 +0:55
   err NEAR (made within 20 ticks of the landing): +0:42
   err far  (made earlier, can still be invalidated): -70:1 -68:1 -66:1 -64:1 -62:1 -60:1 -58:1 -56:1 -54:1 -52:1 -50:1 -48:1 -46:1 -44:1 -43:1 -42:1 -41:1 -40:1 -39:1 -38:1 -37:1 -36:1 -35:1 -34:1 -33:1 +0:13
   NEAR + $5C seen at the time : +0:42
   NEAR + every frozen tick    : +0:42
   last descent, landed on tick 107:
     t= 96 pred= 11 left= 11  y=    40 vy=  135168 ay=  -24576
     t= 97 pred= 10 left= 10  y=    41 vy=  110592 ay=  -24576
     t= 98 pred=  9 left=  9  y=    43 vy=   86016 ay=  -24576
     t= 99 pred=  8 left=  8  y=    44 vy=   61440 ay=  -24576
     t=100 pred=  7 left=  7  y=    44 vy=   36864 ay=  -24576
     t=101 pred=  6 left=  6  y=    44 vy=   12288 ay=  -24576
     t=102 pred=  5 left=  5  y=    44 vy=  -12288 ay=  -24576
     t=103 pred=  4 left=  4  y=    44 vy=  -36864 ay=  -24576
     t=104 pred=  3 left=  3  y=    43 vy=  -61440 ay=  -24576
     t=105 pred=  2 left=  2  y=    41 vy=  -86016 ay=  -24576
     t=106 pred=  1 left=  1  y=    40 vy= -110592 ay=  -24576
---- landing prediction ----
P1  landings=107  no_prediction_ticks=0
   err all : -45:34 -38:1 -36:1 -34:1 -32:1 -30:1 -28:1 -26:1 -24:1 -22:194 -21:10 -20:11 -19:10 -18:11 -17:10 -16:11 -15:10 -14:11 -13:10 -12:11 -11:387 -10:33 -9:33 -8:33 -7:33 -6:33 -5:33 -4:33 -3:33 -2:33 -1:33 +0:1827 +5:162 +11:144 +16:198
   err NEAR (made within 20 ticks of the landing): -16:1 -14:1 -12:1 -11:183 -10:30 -9:30 -8:30 -7:30 -6:30 -5:30 -4:30 -3:30 -2:30 -1:30 +0:1277 +11:144 +16:198
   err far  (made earlier, can still be invalidated): -45:34 -38:1 -36:1 -34:1 -32:1 -30:1 -28:1 -26:1 -24:1 -22:194 -21:10 -20:11 -19:10 -18:11 -17:10 -16:10 -15:10 -14:10 -13:10 -12:10 -11:204 -10:3 -9:3 -8:3 -7:3 -6:3 -5:3 -4:3 -3:3 -2:3 -1:3 +0:550 +5:162
   NEAR + $5C seen at the time : -11:154 -3:1 -2:1 -1:1 +0:1606 +11:144 +16:198
   NEAR + every frozen tick    : -4:1 -3:1 -2:1 -1:329 +0:1431 +11:144 +16:198
   last descent, landed on tick 209:
     t=189 pred= 36 left= 20  y=    40 vy=  245760 ay=  -13312
     t=190 pred= 35 left= 19  y=    43 vy=  232448 ay=  -13312
     t=191 pred= 34 left= 18  y=    46 vy=  219136 ay=  -13312
     t=192 pred= 33 left= 17  y=    50 vy=  205824 ay=  -13312
     t=193 pred= 32 left= 16  y=    52 vy=  192512 ay=  -13312
     t=194 pred= 31 left= 15  y=    55 vy=  179200 ay=  -13312
     t=195 pred= 30 left= 14  y=    58 vy=  165888 ay=  -13312
     t=196 pred= 29 left= 13  y=    60 vy=  152576 ay=  -13312
     t=197 pred= 28 left= 12  y=    62 vy=  139264 ay=  -13312
     t=198 pred= 11 left= 11  y=    64 vy=       0 ay=  -26624
     t=199 pred= 10 left= 10  y=    64 vy=  -26624 ay=  -26624
     t=200 pred=  9 left=  9  y=    63 vy=  -53248 ay=  -26624
     t=201 pred=  8 left=  8  y=    62 vy=  -79872 ay=  -26624
     t=202 pred=  7 left=  7  y=    60 vy= -106496 ay=  -26624
     t=203 pred=  6 left=  6  y=    58 vy= -133120 ay=  -26624
     t=204 pred=  5 left=  5  y=    56 vy= -159744 ay=  -26624
     t=205 pred=  4 left=  4  y=    53 vy= -186368 ay=  -26624
     t=206 pred=  3 left=  3  y=    49 vy= -212992 ay=  -26624
     t=207 pred=  2 left=  2  y=    46 vy= -239616 ay=  -26624
     t=208 pred=  1 left=  1  y=    42 vy= -266240 ay=  -26624
P2  landings=4  no_prediction_ticks=12
   err all : -70:1 -68:1 -66:1 -64:1 -62:1 -60:1 -58:1 -56:1 -54:1 -52:1 -50:1 -48:1 -46:1 -44:1 -43:1 -42:1 -41:1 -40:1 -39:1 -38:1 -37:1 -36:1 -35:1 -34:1 -33:1 +0:55
   err NEAR (made within 20 ticks of the landing): +0:42
   err far  (made earlier, can still be invalidated): -70:1 -68:1 -66:1 -64:1 -62:1 -60:1 -58:1 -56:1 -54:1 -52:1 -50:1 -48:1 -46:1 -44:1 -43:1 -42:1 -41:1 -40:1 -39:1 -38:1 -37:1 -36:1 -35:1 -34:1 -33:1 +0:13
   NEAR + $5C seen at the time : +0:42
   NEAR + every frozen tick    : +0:42
   last descent, landed on tick 107:
     t= 96 pred= 11 left= 11  y=    40 vy=  135168 ay=  -24576
     t= 97 pred= 10 left= 10  y=    41 vy=  110592 ay=  -24576
     t= 98 pred=  9 left=  9  y=    43 vy=   86016 ay=  -24576
     t= 99 pred=  8 left=  8  y=    44 vy=   61440 ay=  -24576
     t=100 pred=  7 left=  7  y=    44 vy=   36864 ay=  -24576
     t=101 pred=  6 left=  6  y=    44 vy=   12288 ay=  -24576
     t=102 pred=  5 left=  5  y=    44 vy=  -12288 ay=  -24576
     t=103 pred=  4 left=  4  y=    44 vy=  -36864 ay=  -24576
     t=104 pred=  3 left=  3  y=    43 vy=  -61440 ay=  -24576
     t=105 pred=  2 left=  2  y=    41 vy=  -86016 ay=  -24576
     t=106 pred=  1 left=  1  y=    40 vy= -110592 ay=  -24576
---- landing prediction ----
P1  landings=108  no_prediction_ticks=0
   err all : -45:34 -38:1 -36:1 -34:1 -32:1 -30:1 -28:1 -26:1 -24:1 -22:194 -21:10 -20:11 -19:10 -18:11 -17:10 -16:11 -15:10 -14:11 -13:10 -12:11 -11:387 -10:33 -9:33 -8:33 -7:33 -6:33 -5:33 -4:33 -3:33 -2:33 -1:33 +0:1838 +5:162 +11:144 +16:207
   err NEAR (made within 20 ticks of the landing): -16:1 -14:1 -12:1 -11:183 -10:30 -9:30 -8:30 -7:30 -6:30 -5:30 -4:30 -3:30 -2:30 -1:30 +0:1288 +11:144 +16:207
   err far  (made earlier, can still be invalidated): -45:34 -38:1 -36:1 -34:1 -32:1 -30:1 -28:1 -26:1 -24:1 -22:194 -21:10 -20:11 -19:10 -18:11 -17:10 -16:10 -15:10 -14:10 -13:10 -12:10 -11:204 -10:3 -9:3 -8:3 -7:3 -6:3 -5:3 -4:3 -3:3 -2:3 -1:3 +0:550 +5:162
   NEAR + $5C seen at the time : -11:154 -3:1 -2:1 -1:1 +0:1617 +11:144 +16:207
   NEAR + every frozen tick    : -4:1 -3:1 -2:1 -1:329 +0:1442 +11:144 +16:207
   last descent, landed on tick 233:
     t=213 pred= 36 left= 20  y=    40 vy=  245760 ay=  -13312
     t=214 pred= 35 left= 19  y=    43 vy=  232448 ay=  -13312
     t=215 pred= 34 left= 18  y=    46 vy=  219136 ay=  -13312
     t=216 pred= 33 left= 17  y=    50 vy=  205824 ay=  -13312
     t=217 pred= 32 left= 16  y=    52 vy=  192512 ay=  -13312
     t=218 pred= 31 left= 15  y=    55 vy=  179200 ay=  -13312
     t=219 pred= 30 left= 14  y=    58 vy=  165888 ay=  -13312
     t=220 pred= 29 left= 13  y=    60 vy=  152576 ay=  -13312
     t=221 pred= 28 left= 12  y=    62 vy=  139264 ay=  -13312
     t=222 pred= 11 left= 11  y=    64 vy=       0 ay=  -26624
     t=223 pred= 10 left= 10  y=    64 vy=  -26624 ay=  -26624
     t=224 pred=  9 left=  9  y=    63 vy=  -53248 ay=  -26624
     t=225 pred=  8 left=  8  y=    62 vy=  -79872 ay=  -26624
     t=226 pred=  7 left=  7  y=    60 vy= -106496 ay=  -26624
     t=227 pred=  6 left=  6  y=    58 vy= -133120 ay=  -26624
     t=228 pred=  5 left=  5  y=    56 vy= -159744 ay=  -26624
     t=229 pred=  4 left=  4  y=    53 vy= -186368 ay=  -26624
     t=230 pred=  3 left=  3  y=    49 vy= -212992 ay=  -26624
     t=231 pred=  2 left=  2  y=    46 vy= -239616 ay=  -26624
     t=232 pred=  1 left=  1  y=    42 vy= -266240 ay=  -26624
P2  landings=4  no_prediction_ticks=12
   err all : -70:1 -68:1 -66:1 -64:1 -62:1 -60:1 -58:1 -56:1 -54:1 -52:1 -50:1 -48:1 -46:1 -44:1 -43:1 -42:1 -41:1 -40:1 -39:1 -38:1 -37:1 -36:1 -35:1 -34:1 -33:1 +0:55
   err NEAR (made within 20 ticks of the landing): +0:42
   err far  (made earlier, can still be invalidated): -70:1 -68:1 -66:1 -64:1 -62:1 -60:1 -58:1 -56:1 -54:1 -52:1 -50:1 -48:1 -46:1 -44:1 -43:1 -42:1 -41:1 -40:1 -39:1 -38:1 -37:1 -36:1 -35:1 -34:1 -33:1 +0:13
   NEAR + $5C seen at the time : +0:42
   NEAR + every frozen tick    : +0:42
   last descent, landed on tick 107:
     t= 96 pred= 11 left= 11  y=    40 vy=  135168 ay=  -24576
     t= 97 pred= 10 left= 10  y=    41 vy=  110592 ay=  -24576
     t= 98 pred=  9 left=  9  y=    43 vy=   86016 ay=  -24576
     t= 99 pred=  8 left=  8  y=    44 vy=   61440 ay=  -24576
     t=100 pred=  7 left=  7  y=    44 vy=   36864 ay=  -24576
     t=101 pred=  6 left=  6  y=    44 vy=   12288 ay=  -24576
     t=102 pred=  5 left=  5  y=    44 vy=  -12288 ay=  -24576
     t=103 pred=  4 left=  4  y=    44 vy=  -36864 ay=  -24576
     t=104 pred=  3 left=  3  y=    43 vy=  -61440 ay=  -24576
     t=105 pred=  2 left=  2  y=    41 vy=  -86016 ay=  -24576
     t=106 pred=  1 left=  1  y=    40 vy= -110592 ay=  -24576
---- landing prediction ----
P1  landings=109  no_prediction_ticks=0
   err all : -45:34 -38:1 -36:1 -34:1 -32:1 -30:1 -28:1 -26:1 -24:1 -22:194 -21:10 -20:11 -19:10 -18:11 -17:10 -16:11 -15:10 -14:11 -13:10 -12:11 -11:387 -10:33 -9:33 -8:33 -7:33 -6:33 -5:33 -4:33 -3:33 -2:33 -1:33 +0:1877 +5:162 +11:144 +16:207
   err NEAR (made within 20 ticks of the landing): -16:1 -14:1 -12:1 -11:183 -10:30 -9:30 -8:30 -7:30 -6:30 -5:30 -4:30 -3:30 -2:30 -1:30 +0:1308 +11:144 +16:207
   err far  (made earlier, can still be invalidated): -45:34 -38:1 -36:1 -34:1 -32:1 -30:1 -28:1 -26:1 -24:1 -22:194 -21:10 -20:11 -19:10 -18:11 -17:10 -16:10 -15:10 -14:10 -13:10 -12:10 -11:204 -10:3 -9:3 -8:3 -7:3 -6:3 -5:3 -4:3 -3:3 -2:3 -1:3 +0:569 +5:162
   NEAR + $5C seen at the time : -11:154 -3:1 -2:1 -1:1 +0:1637 +11:144 +16:207
   NEAR + every frozen tick    : -4:1 -3:1 -2:1 -1:329 +0:1462 +11:144 +16:207
   last descent, landed on tick 32:
     t=249 pred= 39 left= 39  y=    40 vy=  630784 ay=  -32000
     t=250 pred= 38 left= 38  y=    49 vy=  598784 ay=  -32000
     t=251 pred= 37 left= 37  y=    57 vy=  566784 ay=  -32000
     t=252 pred= 36 left= 36  y=    65 vy=  534784 ay=  -32000
     t=253 pred= 35 left= 35  y=    73 vy=  502784 ay=  -32000
     t=254 pred= 34 left= 34  y=    80 vy=  470784 ay=  -32000
     t=255 pred= 33 left= 33  y=    87 vy=  438784 ay=  -32000
     t=  0 pred= 32 left= 32  y=    93 vy=  406784 ay=  -32000
     t=  1 pred= 31 left= 31  y=    99 vy=  374784 ay=  -32000
     t=  2 pred= 30 left= 30  y=   104 vy=  342784 ay=  -32000
     t=  3 pred= 29 left= 29  y=   109 vy=  310784 ay=  -32000
     t=  4 pred= 28 left= 28  y=   113 vy=  278784 ay=  -32000
     t=  5 pred= 27 left= 27  y=   117 vy=  246784 ay=  -32000
     t=  6 pred= 26 left= 26  y=   120 vy=  214784 ay=  -32000
     t=  7 pred= 25 left= 25  y=   123 vy=  182784 ay=  -32000
     t=  8 pred= 24 left= 24  y=   125 vy=  150784 ay=  -32000
     t=  9 pred= 23 left= 23  y=   127 vy=  118784 ay=  -32000
     t= 10 pred= 22 left= 22  y=   128 vy=   86784 ay=  -32000
     t= 11 pred= 21 left= 21  y=   129 vy=   54784 ay=  -32000
     t= 12 pred= 20 left= 20  y=   130 vy=   22784 ay=  -32000
     t= 13 pred= 19 left= 19  y=   129 vy=   -9216 ay=  -32000
     t= 14 pred= 18 left= 18  y=   129 vy=  -41216 ay=  -32000
     t= 15 pred= 17 left= 17  y=   128 vy=  -73216 ay=  -32000
     t= 16 pred= 16 left= 16  y=   126 vy= -105216 ay=  -32000
     t= 17 pred= 15 left= 15  y=   124 vy= -137216 ay=  -32000
     t= 18 pred= 14 left= 14  y=   121 vy= -169216 ay=  -32000
     t= 19 pred= 13 left= 13  y=   118 vy= -201216 ay=  -32000
     t= 20 pred= 12 left= 12  y=   115 vy= -233216 ay=  -32000
     t= 21 pred= 11 left= 11  y=   111 vy= -265216 ay=  -32000
     t= 22 pred= 10 left= 10  y=   106 vy= -297216 ay=  -32000
     t= 23 pred=  9 left=  9  y=   101 vy= -329216 ay=  -32000
     t= 24 pred=  8 left=  8  y=    96 vy= -361216 ay=  -32000
     t= 25 pred=  7 left=  7  y=    90 vy= -393216 ay=  -32000
     t= 26 pred=  6 left=  6  y=    83 vy= -425216 ay=  -32000
     t= 27 pred=  5 left=  5  y=    76 vy= -457216 ay=  -32000
     t= 28 pred=  4 left=  4  y=    69 vy= -489216 ay=  -32000
     t= 29 pred=  3 left=  3  y=    61 vy= -521216 ay=  -32000
     t= 30 pred=  2 left=  2  y=    52 vy= -553216 ay=  -32000
     t= 31 pred=  1 left=  1  y=    43 vy= -585216 ay=  -32000
P2  landings=4  no_prediction_ticks=12
   err all : -70:1 -68:1 -66:1 -64:1 -62:1 -60:1 -58:1 -56:1 -54:1 -52:1 -50:1 -48:1 -46:1 -44:1 -43:1 -42:1 -41:1 -40:1 -39:1 -38:1 -37:1 -36:1 -35:1 -34:1 -33:1 +0:55
   err NEAR (made within 20 ticks of the landing): +0:42
   err far  (made earlier, can still be invalidated): -70:1 -68:1 -66:1 -64:1 -62:1 -60:1 -58:1 -56:1 -54:1 -52:1 -50:1 -48:1 -46:1 -44:1 -43:1 -42:1 -41:1 -40:1 -39:1 -38:1 -37:1 -36:1 -35:1 -34:1 -33:1 +0:13
   NEAR + $5C seen at the time : +0:42
   NEAR + every frozen tick    : +0:42
   last descent, landed on tick 107:
     t= 96 pred= 11 left= 11  y=    40 vy=  135168 ay=  -24576
     t= 97 pred= 10 left= 10  y=    41 vy=  110592 ay=  -24576
     t= 98 pred=  9 left=  9  y=    43 vy=   86016 ay=  -24576
     t= 99 pred=  8 left=  8  y=    44 vy=   61440 ay=  -24576
     t=100 pred=  7 left=  7  y=    44 vy=   36864 ay=  -24576
     t=101 pred=  6 left=  6  y=    44 vy=   12288 ay=  -24576
     t=102 pred=  5 left=  5  y=    44 vy=  -12288 ay=  -24576
     t=103 pred=  4 left=  4  y=    44 vy=  -36864 ay=  -24576
     t=104 pred=  3 left=  3  y=    43 vy=  -61440 ay=  -24576
     t=105 pred=  2 left=  2  y=    41 vy=  -86016 ay=  -24576
     t=106 pred=  1 left=  1  y=    40 vy= -110592 ay=  -24576
---- landing prediction ----
P1  landings=110  no_prediction_ticks=0
   err all : -45:34 -38:1 -36:1 -34:1 -32:1 -30:1 -28:1 -26:1 -24:1 -22:194 -21:10 -20:11 -19:10 -18:11 -17:10 -16:11 -15:10 -14:11 -13:10 -12:11 -11:395 -10:34 -9:34 -8:34 -7:34 -6:34 -5:34 -4:34 -3:34 -2:34 -1:34 +0:1881 +5:171 +11:144 +16:207
   err NEAR (made within 20 ticks of the landing): -16:1 -14:1 -12:1 -11:189 -10:31 -9:31 -8:31 -7:31 -6:31 -5:31 -4:31 -3:31 -2:31 -1:31 +0:1312 +11:144 +16:207
   err far  (made earlier, can still be invalidated): -45:34 -38:1 -36:1 -34:1 -32:1 -30:1 -28:1 -26:1 -24:1 -22:194 -21:10 -20:11 -19:10 -18:11 -17:10 -16:10 -15:10 -14:10 -13:10 -12:10 -11:206 -10:3 -9:3 -8:3 -7:3 -6:3 -5:3 -4:3 -3:3 -2:3 -1:3 +0:569 +5:171
   NEAR + $5C seen at the time : -11:159 -3:1 -2:1 -1:1 +0:1652 +11:144 +16:207
   NEAR + every frozen tick    : -4:1 -3:1 -2:1 -1:340 +0:1471 +11:144 +16:207
   last descent, landed on tick 65:
     t= 34 pred= 36 left= 31  y=    40 vy=  245760 ay=  -13312
     t= 35 pred= 35 left= 30  y=    43 vy=  232448 ay=  -13312
     t= 36 pred= 34 left= 29  y=    46 vy=  219136 ay=  -13312
     t= 37 pred= 33 left= 28  y=    50 vy=  205824 ay=  -13312
     t= 38 pred= 32 left= 27  y=    52 vy=  192512 ay=  -13312
     t= 39 pred= 31 left= 26  y=    55 vy=  179200 ay=  -13312
     t= 40 pred= 30 left= 25  y=    58 vy=  165888 ay=  -13312
     t= 41 pred= 29 left= 24  y=    60 vy=  152576 ay=  -13312
     t= 42 pred= 28 left= 23  y=    62 vy=  139264 ay=  -13312
     t= 43 pred= 11 left= 22  y=    64 vy=       0 ay=  -26624
     t= 44 pred= 10 left= 21  y=    64 vy=  -26624 ay=  -26624
     t= 45 pred=  9 left= 20  y=    63 vy=  -53248 ay=  -26624
     t= 46 pred=  8 left= 19  y=    62 vy=  -79872 ay=  -26624
     t= 47 pred=  7 left= 18  y=    60 vy= -106496 ay=  -26624
     t= 48 pred=  6 left= 17  y=    58 vy= -133120 ay=  -26624
     t= 49 pred=  5 left= 16  y=    56 vy= -159744 ay=  -26624
     t= 50 pred=  4 left= 15  y=    53 vy= -186368 ay=  -26624
     t= 51 pred=  4 left= 14  y=    53 vy= -186368 ay=  -26624
     t= 52 pred=  4 left= 13  y=    53 vy= -186368 ay=  -26624
     t= 53 pred=  4 left= 12  y=    53 vy= -186368 ay=  -26624
     t= 54 pred=  4 left= 11  y=    53 vy= -186368 ay=  -26624
     t= 55 pred=  4 left= 10  y=    53 vy= -186368 ay=  -26624
     t= 56 pred=  4 left=  9  y=    53 vy= -186368 ay=  -26624
     t= 57 pred=  4 left=  8  y=    53 vy= -186368 ay=  -26624
     t= 58 pred=  4 left=  7  y=    53 vy= -186368 ay=  -26624
     t= 59 pred=  4 left=  6  y=    53 vy= -186368 ay=  -26624
     t= 60 pred=  4 left=  5  y=    53 vy= -186368 ay=  -26624
     t= 61 pred=  4 left=  4  y=    53 vy= -186368 ay=  -26624
     t= 62 pred=  3 left=  3  y=    49 vy= -212992 ay=  -26624
     t= 63 pred=  2 left=  2  y=    46 vy= -239616 ay=  -26624
     t= 64 pred=  1 left=  1  y=    42 vy= -266240 ay=  -26624
P2  landings=4  no_prediction_ticks=12
   err all : -70:1 -68:1 -66:1 -64:1 -62:1 -60:1 -58:1 -56:1 -54:1 -52:1 -50:1 -48:1 -46:1 -44:1 -43:1 -42:1 -41:1 -40:1 -39:1 -38:1 -37:1 -36:1 -35:1 -34:1 -33:1 +0:55
   err NEAR (made within 20 ticks of the landing): +0:42
   err far  (made earlier, can still be invalidated): -70:1 -68:1 -66:1 -64:1 -62:1 -60:1 -58:1 -56:1 -54:1 -52:1 -50:1 -48:1 -46:1 -44:1 -43:1 -42:1 -41:1 -40:1 -39:1 -38:1 -37:1 -36:1 -35:1 -34:1 -33:1 +0:13
   NEAR + $5C seen at the time : +0:42
   NEAR + every frozen tick    : +0:42
   last descent, landed on tick 107:
     t= 96 pred= 11 left= 11  y=    40 vy=  135168 ay=  -24576
     t= 97 pred= 10 left= 10  y=    41 vy=  110592 ay=  -24576
     t= 98 pred=  9 left=  9  y=    43 vy=   86016 ay=  -24576
     t= 99 pred=  8 left=  8  y=    44 vy=   61440 ay=  -24576
     t=100 pred=  7 left=  7  y=    44 vy=   36864 ay=  -24576
     t=101 pred=  6 left=  6  y=    44 vy=   12288 ay=  -24576
     t=102 pred=  5 left=  5  y=    44 vy=  -12288 ay=  -24576
     t=103 pred=  4 left=  4  y=    44 vy=  -36864 ay=  -24576
     t=104 pred=  3 left=  3  y=    43 vy=  -61440 ay=  -24576
     t=105 pred=  2 left=  2  y=    41 vy=  -86016 ay=  -24576
     t=106 pred=  1 left=  1  y=    40 vy= -110592 ay=  -24576
---- landing prediction ----
P1  landings=111  no_prediction_ticks=0
   err all : -45:34 -38:1 -36:1 -34:1 -32:1 -30:1 -28:1 -26:1 -24:1 -22:194 -21:10 -20:11 -19:10 -18:11 -17:10 -16:11 -15:10 -14:11 -13:10 -12:11 -11:404 -10:35 -9:35 -8:35 -7:35 -6:35 -5:35 -4:35 -3:35 -2:35 -1:35 +0:1884 +5:180 +11:144 +16:207
   err NEAR (made within 20 ticks of the landing): -16:1 -14:1 -12:1 -11:196 -10:32 -9:32 -8:32 -7:32 -6:32 -5:32 -4:32 -3:32 -2:32 -1:32 +0:1315 +11:144 +16:207
   err far  (made earlier, can still be invalidated): -45:34 -38:1 -36:1 -34:1 -32:1 -30:1 -28:1 -26:1 -24:1 -22:194 -21:10 -20:11 -19:10 -18:11 -17:10 -16:10 -15:10 -14:10 -13:10 -12:10 -11:208 -10:3 -9:3 -8:3 -7:3 -6:3 -5:3 -4:3 -3:3 -2:3 -1:3 +0:569 +5:180
   NEAR + $5C seen at the time : -11:165 -3:1 -2:1 -1:1 +0:1666 +11:144 +16:207
   NEAR + every frozen tick    : -4:1 -3:1 -2:1 -1:351 +0:1480 +11:144 +16:207
   last descent, landed on tick 140:
     t=109 pred= 36 left= 31  y=    40 vy=  245760 ay=  -13312
     t=110 pred= 35 left= 30  y=    43 vy=  232448 ay=  -13312
     t=111 pred= 34 left= 29  y=    46 vy=  219136 ay=  -13312
     t=112 pred= 33 left= 28  y=    50 vy=  205824 ay=  -13312
     t=113 pred= 32 left= 27  y=    52 vy=  192512 ay=  -13312
     t=114 pred= 31 left= 26  y=    55 vy=  179200 ay=  -13312
     t=115 pred= 30 left= 25  y=    58 vy=  165888 ay=  -13312
     t=116 pred= 29 left= 24  y=    60 vy=  152576 ay=  -13312
     t=117 pred= 28 left= 23  y=    62 vy=  139264 ay=  -13312
     t=118 pred= 11 left= 22  y=    64 vy=       0 ay=  -26624
     t=119 pred= 10 left= 21  y=    64 vy=  -26624 ay=  -26624
     t=120 pred=  9 left= 20  y=    63 vy=  -53248 ay=  -26624
     t=121 pred=  8 left= 19  y=    62 vy=  -79872 ay=  -26624
     t=122 pred=  7 left= 18  y=    60 vy= -106496 ay=  -26624
     t=123 pred=  6 left= 17  y=    58 vy= -133120 ay=  -26624
     t=124 pred=  5 left= 16  y=    56 vy= -159744 ay=  -26624
     t=125 pred=  4 left= 15  y=    53 vy= -186368 ay=  -26624
     t=126 pred=  3 left= 14  y=    49 vy= -212992 ay=  -26624
     t=127 pred=  3 left= 13  y=    49 vy= -212992 ay=  -26624
     t=128 pred=  3 left= 12  y=    49 vy= -212992 ay=  -26624
     t=129 pred=  3 left= 11  y=    49 vy= -212992 ay=  -26624
     t=130 pred=  3 left= 10  y=    49 vy= -212992 ay=  -26624
     t=131 pred=  3 left=  9  y=    49 vy= -212992 ay=  -26624
     t=132 pred=  3 left=  8  y=    49 vy= -212992 ay=  -26624
     t=133 pred=  3 left=  7  y=    49 vy= -212992 ay=  -26624
     t=134 pred=  3 left=  6  y=    49 vy= -212992 ay=  -26624
     t=135 pred=  3 left=  5  y=    49 vy= -212992 ay=  -26624
     t=136 pred=  3 left=  4  y=    49 vy= -212992 ay=  -26624
     t=137 pred=  3 left=  3  y=    49 vy= -212992 ay=  -26624
     t=138 pred=  2 left=  2  y=    46 vy= -239616 ay=  -26624
     t=139 pred=  1 left=  1  y=    42 vy= -266240 ay=  -26624
P2  landings=4  no_prediction_ticks=12
   err all : -70:1 -68:1 -66:1 -64:1 -62:1 -60:1 -58:1 -56:1 -54:1 -52:1 -50:1 -48:1 -46:1 -44:1 -43:1 -42:1 -41:1 -40:1 -39:1 -38:1 -37:1 -36:1 -35:1 -34:1 -33:1 +0:55
   err NEAR (made within 20 ticks of the landing): +0:42
   err far  (made earlier, can still be invalidated): -70:1 -68:1 -66:1 -64:1 -62:1 -60:1 -58:1 -56:1 -54:1 -52:1 -50:1 -48:1 -46:1 -44:1 -43:1 -42:1 -41:1 -40:1 -39:1 -38:1 -37:1 -36:1 -35:1 -34:1 -33:1 +0:13
   NEAR + $5C seen at the time : +0:42
   NEAR + every frozen tick    : +0:42
   last descent, landed on tick 107:
     t= 96 pred= 11 left= 11  y=    40 vy=  135168 ay=  -24576
     t= 97 pred= 10 left= 10  y=    41 vy=  110592 ay=  -24576
     t= 98 pred=  9 left=  9  y=    43 vy=   86016 ay=  -24576
     t= 99 pred=  8 left=  8  y=    44 vy=   61440 ay=  -24576
     t=100 pred=  7 left=  7  y=    44 vy=   36864 ay=  -24576
     t=101 pred=  6 left=  6  y=    44 vy=   12288 ay=  -24576
     t=102 pred=  5 left=  5  y=    44 vy=  -12288 ay=  -24576
     t=103 pred=  4 left=  4  y=    44 vy=  -36864 ay=  -24576
     t=104 pred=  3 left=  3  y=    43 vy=  -61440 ay=  -24576
     t=105 pred=  2 left=  2  y=    41 vy=  -86016 ay=  -24576
     t=106 pred=  1 left=  1  y=    40 vy= -110592 ay=  -24576
---- landing prediction ----
P1  landings=112  no_prediction_ticks=0
   err all : -45:34 -38:1 -36:1 -34:1 -32:1 -30:1 -28:1 -26:1 -24:1 -22:194 -21:10 -20:11 -19:10 -18:11 -17:10 -16:11 -15:10 -14:11 -13:10 -12:11 -11:413 -10:36 -9:36 -8:36 -7:36 -6:36 -5:36 -4:36 -3:36 -2:36 -1:36 +0:1887 +5:189 +11:144 +16:207
   err NEAR (made within 20 ticks of the landing): -16:1 -14:1 -12:1 -11:203 -10:33 -9:33 -8:33 -7:33 -6:33 -5:33 -4:33 -3:33 -2:33 -1:33 +0:1318 +11:144 +16:207
   err far  (made earlier, can still be invalidated): -45:34 -38:1 -36:1 -34:1 -32:1 -30:1 -28:1 -26:1 -24:1 -22:194 -21:10 -20:11 -19:10 -18:11 -17:10 -16:10 -15:10 -14:10 -13:10 -12:10 -11:210 -10:3 -9:3 -8:3 -7:3 -6:3 -5:3 -4:3 -3:3 -2:3 -1:3 +0:569 +5:189
   NEAR + $5C seen at the time : -11:171 -3:1 -2:1 -1:1 +0:1680 +11:144 +16:207
   NEAR + every frozen tick    : -4:1 -3:1 -2:1 -1:362 +0:1489 +11:144 +16:207
   last descent, landed on tick 217:
     t=186 pred= 36 left= 31  y=    40 vy=  245760 ay=  -13312
     t=187 pred= 35 left= 30  y=    43 vy=  232448 ay=  -13312
     t=188 pred= 34 left= 29  y=    46 vy=  219136 ay=  -13312
     t=189 pred= 33 left= 28  y=    50 vy=  205824 ay=  -13312
     t=190 pred= 32 left= 27  y=    52 vy=  192512 ay=  -13312
     t=191 pred= 31 left= 26  y=    55 vy=  179200 ay=  -13312
     t=192 pred= 30 left= 25  y=    58 vy=  165888 ay=  -13312
     t=193 pred= 29 left= 24  y=    60 vy=  152576 ay=  -13312
     t=194 pred= 28 left= 23  y=    62 vy=  139264 ay=  -13312
     t=195 pred= 11 left= 22  y=    64 vy=       0 ay=  -26624
     t=196 pred= 10 left= 21  y=    64 vy=  -26624 ay=  -26624
     t=197 pred=  9 left= 20  y=    63 vy=  -53248 ay=  -26624
     t=198 pred=  8 left= 19  y=    62 vy=  -79872 ay=  -26624
     t=199 pred=  7 left= 18  y=    60 vy= -106496 ay=  -26624
     t=200 pred=  6 left= 17  y=    58 vy= -133120 ay=  -26624
     t=201 pred=  5 left= 16  y=    56 vy= -159744 ay=  -26624
     t=202 pred=  4 left= 15  y=    53 vy= -186368 ay=  -26624
     t=203 pred=  3 left= 14  y=    49 vy= -212992 ay=  -26624
     t=204 pred=  3 left= 13  y=    49 vy= -212992 ay=  -26624
     t=205 pred=  3 left= 12  y=    49 vy= -212992 ay=  -26624
     t=206 pred=  3 left= 11  y=    49 vy= -212992 ay=  -26624
     t=207 pred=  3 left= 10  y=    49 vy= -212992 ay=  -26624
     t=208 pred=  3 left=  9  y=    49 vy= -212992 ay=  -26624
     t=209 pred=  3 left=  8  y=    49 vy= -212992 ay=  -26624
     t=210 pred=  3 left=  7  y=    49 vy= -212992 ay=  -26624
     t=211 pred=  3 left=  6  y=    49 vy= -212992 ay=  -26624
     t=212 pred=  3 left=  5  y=    49 vy= -212992 ay=  -26624
     t=213 pred=  3 left=  4  y=    49 vy= -212992 ay=  -26624
     t=214 pred=  3 left=  3  y=    49 vy= -212992 ay=  -26624
     t=215 pred=  2 left=  2  y=    46 vy= -239616 ay=  -26624
     t=216 pred=  1 left=  1  y=    42 vy= -266240 ay=  -26624
P2  landings=4  no_prediction_ticks=12
   err all : -70:1 -68:1 -66:1 -64:1 -62:1 -60:1 -58:1 -56:1 -54:1 -52:1 -50:1 -48:1 -46:1 -44:1 -43:1 -42:1 -41:1 -40:1 -39:1 -38:1 -37:1 -36:1 -35:1 -34:1 -33:1 +0:55
   err NEAR (made within 20 ticks of the landing): +0:42
   err far  (made earlier, can still be invalidated): -70:1 -68:1 -66:1 -64:1 -62:1 -60:1 -58:1 -56:1 -54:1 -52:1 -50:1 -48:1 -46:1 -44:1 -43:1 -42:1 -41:1 -40:1 -39:1 -38:1 -37:1 -36:1 -35:1 -34:1 -33:1 +0:13
   NEAR + $5C seen at the time : +0:42
   NEAR + every frozen tick    : +0:42
   last descent, landed on tick 107:
     t= 96 pred= 11 left= 11  y=    40 vy=  135168 ay=  -24576
     t= 97 pred= 10 left= 10  y=    41 vy=  110592 ay=  -24576
     t= 98 pred=  9 left=  9  y=    43 vy=   86016 ay=  -24576
     t= 99 pred=  8 left=  8  y=    44 vy=   61440 ay=  -24576
     t=100 pred=  7 left=  7  y=    44 vy=   36864 ay=  -24576
     t=101 pred=  6 left=  6  y=    44 vy=   12288 ay=  -24576
     t=102 pred=  5 left=  5  y=    44 vy=  -12288 ay=  -24576
     t=103 pred=  4 left=  4  y=    44 vy=  -36864 ay=  -24576
     t=104 pred=  3 left=  3  y=    43 vy=  -61440 ay=  -24576
     t=105 pred=  2 left=  2  y=    41 vy=  -86016 ay=  -24576
     t=106 pred=  1 left=  1  y=    40 vy= -110592 ay=  -24576
---- landing prediction ----
P1  landings=113  no_prediction_ticks=0
   err all : -45:34 -38:1 -36:1 -34:1 -32:1 -30:1 -28:1 -26:1 -24:1 -22:194 -21:10 -20:11 -19:10 -18:11 -17:10 -16:11 -15:10 -14:11 -13:10 -12:11 -11:413 -10:36 -9:36 -8:36 -7:36 -6:36 -5:36 -4:36 -3:36 -2:36 -1:36 +0:1916 +5:189 +11:144 +16:207
   err NEAR (made within 20 ticks of the landing): -16:1 -14:1 -12:1 -11:203 -10:33 -9:33 -8:33 -7:33 -6:33 -5:33 -4:33 -3:33 -2:33 -1:33 +0:1338 +11:144 +16:207
   err far  (made earlier, can still be invalidated): -45:34 -38:1 -36:1 -34:1 -32:1 -30:1 -28:1 -26:1 -24:1 -22:194 -21:10 -20:11 -19:10 -18:11 -17:10 -16:10 -15:10 -14:10 -13:10 -12:10 -11:210 -10:3 -9:3 -8:3 -7:3 -6:3 -5:3 -4:3 -3:3 -2:3 -1:3 +0:578 +5:189
   NEAR + $5C seen at the time : -11:171 -3:1 -2:1 -1:1 +0:1700 +11:144 +16:207
   NEAR + every frozen tick    : -4:1 -3:1 -2:1 -1:362 +0:1509 +11:144 +16:207
   last descent, landed on tick 40:
     t= 11 pred= 29 left= 29  y=    40 vy=  786432 ay=  -53248
     t= 12 pred= 28 left= 28  y=    51 vy=  733184 ay=  -53248
     t= 13 pred= 27 left= 27  y=    61 vy=  679936 ay=  -53248
     t= 14 pred= 26 left= 26  y=    71 vy=  626688 ay=  -53248
     t= 15 pred= 25 left= 25  y=    79 vy=  573440 ay=  -53248
     t= 16 pred= 24 left= 24  y=    87 vy=  520192 ay=  -53248
     t= 17 pred= 23 left= 23  y=    94 vy=  466944 ay=  -53248
     t= 18 pred= 22 left= 22  y=   101 vy=  413696 ay=  -53248
     t= 19 pred= 21 left= 21  y=   106 vy=  360448 ay=  -53248
     t= 20 pred= 20 left= 20  y=   111 vy=  307200 ay=  -53248
     t= 21 pred= 19 left= 19  y=   115 vy=  253952 ay=  -53248
     t= 22 pred= 18 left= 18  y=   118 vy=  200704 ay=  -53248
     t= 23 pred= 17 left= 17  y=   120 vy=  147456 ay=  -53248
     t= 24 pred= 16 left= 16  y=   122 vy=   94208 ay=  -53248
     t= 25 pred= 15 left= 15  y=   122 vy=   40960 ay=  -53248
     t= 26 pred= 14 left= 14  y=   122 vy=  -12288 ay=  -53248
     t= 27 pred= 13 left= 13  y=   121 vy=  -65536 ay=  -53248
     t= 28 pred= 12 left= 12  y=   119 vy= -118784 ay=  -53248
     t= 29 pred= 11 left= 11  y=   117 vy= -172032 ay=  -53248
     t= 30 pred= 10 left= 10  y=   113 vy= -225280 ay=  -53248
     t= 31 pred=  9 left=  9  y=   109 vy= -278528 ay=  -53248
     t= 32 pred=  8 left=  8  y=   104 vy= -331776 ay=  -53248
     t= 33 pred=  7 left=  7  y=    98 vy= -385024 ay=  -53248
     t= 34 pred=  6 left=  6  y=    91 vy= -438272 ay=  -53248
     t= 35 pred=  5 left=  5  y=    84 vy= -491520 ay=  -53248
     t= 36 pred=  4 left=  4  y=    75 vy= -544768 ay=  -53248
     t= 37 pred=  3 left=  3  y=    66 vy= -598016 ay=  -53248
     t= 38 pred=  2 left=  2  y=    56 vy= -651264 ay=  -53248
     t= 39 pred=  1 left=  1  y=    46 vy= -704512 ay=  -53248
P2  landings=4  no_prediction_ticks=12
   err all : -70:1 -68:1 -66:1 -64:1 -62:1 -60:1 -58:1 -56:1 -54:1 -52:1 -50:1 -48:1 -46:1 -44:1 -43:1 -42:1 -41:1 -40:1 -39:1 -38:1 -37:1 -36:1 -35:1 -34:1 -33:1 +0:55
   err NEAR (made within 20 ticks of the landing): +0:42
   err far  (made earlier, can still be invalidated): -70:1 -68:1 -66:1 -64:1 -62:1 -60:1 -58:1 -56:1 -54:1 -52:1 -50:1 -48:1 -46:1 -44:1 -43:1 -42:1 -41:1 -40:1 -39:1 -38:1 -37:1 -36:1 -35:1 -34:1 -33:1 +0:13
   NEAR + $5C seen at the time : +0:42
   NEAR + every frozen tick    : +0:42
   last descent, landed on tick 107:
     t= 96 pred= 11 left= 11  y=    40 vy=  135168 ay=  -24576
     t= 97 pred= 10 left= 10  y=    41 vy=  110592 ay=  -24576
     t= 98 pred=  9 left=  9  y=    43 vy=   86016 ay=  -24576
     t= 99 pred=  8 left=  8  y=    44 vy=   61440 ay=  -24576
     t=100 pred=  7 left=  7  y=    44 vy=   36864 ay=  -24576
     t=101 pred=  6 left=  6  y=    44 vy=   12288 ay=  -24576
     t=102 pred=  5 left=  5  y=    44 vy=  -12288 ay=  -24576
     t=103 pred=  4 left=  4  y=    44 vy=  -36864 ay=  -24576
     t=104 pred=  3 left=  3  y=    43 vy=  -61440 ay=  -24576
     t=105 pred=  2 left=  2  y=    41 vy=  -86016 ay=  -24576
     t=106 pred=  1 left=  1  y=    40 vy= -110592 ay=  -24576
---- landing prediction ----
P1  landings=114  no_prediction_ticks=0
   err all : -45:34 -38:1 -36:1 -34:1 -32:1 -30:1 -28:1 -26:1 -24:1 -22:194 -21:10 -20:11 -19:10 -18:11 -17:10 -16:11 -15:10 -14:11 -13:10 -12:11 -11:413 -10:36 -9:36 -8:36 -7:36 -6:36 -5:36 -4:36 -3:36 -2:36 -1:36 +0:1927 +5:189 +11:144 +16:216
   err NEAR (made within 20 ticks of the landing): -16:1 -14:1 -12:1 -11:203 -10:33 -9:33 -8:33 -7:33 -6:33 -5:33 -4:33 -3:33 -2:33 -1:33 +0:1349 +11:144 +16:216
   err far  (made earlier, can still be invalidated): -45:34 -38:1 -36:1 -34:1 -32:1 -30:1 -28:1 -26:1 -24:1 -22:194 -21:10 -20:11 -19:10 -18:11 -17:10 -16:10 -15:10 -14:10 -13:10 -12:10 -11:210 -10:3 -9:3 -8:3 -7:3 -6:3 -5:3 -4:3 -3:3 -2:3 -1:3 +0:578 +5:189
   NEAR + $5C seen at the time : -11:171 -3:1 -2:1 -1:1 +0:1711 +11:144 +16:216
   NEAR + every frozen tick    : -4:1 -3:1 -2:1 -1:362 +0:1520 +11:144 +16:216
   last descent, landed on tick 63:
     t= 43 pred= 36 left= 20  y=    40 vy=  245760 ay=  -13312
     t= 44 pred= 35 left= 19  y=    43 vy=  232448 ay=  -13312
     t= 45 pred= 34 left= 18  y=    46 vy=  219136 ay=  -13312
     t= 46 pred= 33 left= 17  y=    50 vy=  205824 ay=  -13312
     t= 47 pred= 32 left= 16  y=    52 vy=  192512 ay=  -13312
     t= 48 pred= 31 left= 15  y=    55 vy=  179200 ay=  -13312
     t= 49 pred= 30 left= 14  y=    58 vy=  165888 ay=  -13312
     t= 50 pred= 29 left= 13  y=    60 vy=  152576 ay=  -13312
     t= 51 pred= 28 left= 12  y=    62 vy=  139264 ay=  -13312
     t= 52 pred= 11 left= 11  y=    64 vy=       0 ay=  -26624
     t= 53 pred= 10 left= 10  y=    64 vy=  -26624 ay=  -26624
     t= 54 pred=  9 left=  9  y=    63 vy=  -53248 ay=  -26624
     t= 55 pred=  8 left=  8  y=    62 vy=  -79872 ay=  -26624
     t= 56 pred=  7 left=  7  y=    60 vy= -106496 ay=  -26624
     t= 57 pred=  6 left=  6  y=    58 vy= -133120 ay=  -26624
     t= 58 pred=  5 left=  5  y=    56 vy= -159744 ay=  -26624
     t= 59 pred=  4 left=  4  y=    53 vy= -186368 ay=  -26624
     t= 60 pred=  3 left=  3  y=    49 vy= -212992 ay=  -26624
     t= 61 pred=  2 left=  2  y=    46 vy= -239616 ay=  -26624
     t= 62 pred=  1 left=  1  y=    42 vy= -266240 ay=  -26624
P2  landings=4  no_prediction_ticks=12
   err all : -70:1 -68:1 -66:1 -64:1 -62:1 -60:1 -58:1 -56:1 -54:1 -52:1 -50:1 -48:1 -46:1 -44:1 -43:1 -42:1 -41:1 -40:1 -39:1 -38:1 -37:1 -36:1 -35:1 -34:1 -33:1 +0:55
   err NEAR (made within 20 ticks of the landing): +0:42
   err far  (made earlier, can still be invalidated): -70:1 -68:1 -66:1 -64:1 -62:1 -60:1 -58:1 -56:1 -54:1 -52:1 -50:1 -48:1 -46:1 -44:1 -43:1 -42:1 -41:1 -40:1 -39:1 -38:1 -37:1 -36:1 -35:1 -34:1 -33:1 +0:13
   NEAR + $5C seen at the time : +0:42
   NEAR + every frozen tick    : +0:42
   last descent, landed on tick 107:
     t= 96 pred= 11 left= 11  y=    40 vy=  135168 ay=  -24576
     t= 97 pred= 10 left= 10  y=    41 vy=  110592 ay=  -24576
     t= 98 pred=  9 left=  9  y=    43 vy=   86016 ay=  -24576
     t= 99 pred=  8 left=  8  y=    44 vy=   61440 ay=  -24576
     t=100 pred=  7 left=  7  y=    44 vy=   36864 ay=  -24576
     t=101 pred=  6 left=  6  y=    44 vy=   12288 ay=  -24576
     t=102 pred=  5 left=  5  y=    44 vy=  -12288 ay=  -24576
     t=103 pred=  4 left=  4  y=    44 vy=  -36864 ay=  -24576
     t=104 pred=  3 left=  3  y=    43 vy=  -61440 ay=  -24576
     t=105 pred=  2 left=  2  y=    41 vy=  -86016 ay=  -24576
     t=106 pred=  1 left=  1  y=    40 vy= -110592 ay=  -24576
---- landing prediction ----
P1  landings=115  no_prediction_ticks=0
   err all : -45:34 -38:1 -36:1 -34:1 -32:1 -30:1 -28:1 -26:1 -24:1 -22:194 -21:10 -20:11 -19:10 -18:11 -17:10 -16:11 -15:10 -14:11 -13:10 -12:11 -11:424 -10:37 -9:37 -8:37 -7:37 -6:37 -5:37 -4:37 -3:37 -2:37 -1:37 +0:1928 +5:198 +11:144 +16:216
   err NEAR (made within 20 ticks of the landing): -16:1 -14:1 -12:1 -11:212 -10:34 -9:34 -8:34 -7:34 -6:34 -5:34 -4:34 -3:34 -2:34 -1:34 +0:1350 +11:144 +16:216
   err far  (made earlier, can still be invalidated): -45:34 -38:1 -36:1 -34:1 -32:1 -30:1 -28:1 -26:1 -24:1 -22:194 -21:10 -20:11 -19:10 -18:11 -17:10 -16:10 -15:10 -14:10 -13:10 -12:10 -11:212 -10:3 -9:3 -8:3 -7:3 -6:3 -5:3 -4:3 -3:3 -2:3 -1:3 +0:578 +5:198
   NEAR + $5C seen at the time : -11:179 -3:1 -2:1 -1:1 +0:1723 +11:144 +16:216
   NEAR + every frozen tick    : -4:1 -3:1 -2:1 -1:373 +0:1529 +11:144 +16:216
   last descent, landed on tick 97:
     t= 66 pred= 36 left= 31  y=    40 vy=  245760 ay=  -13312
     t= 67 pred= 35 left= 30  y=    43 vy=  232448 ay=  -13312
     t= 68 pred= 34 left= 29  y=    46 vy=  219136 ay=  -13312
     t= 69 pred= 33 left= 28  y=    50 vy=  205824 ay=  -13312
     t= 70 pred= 32 left= 27  y=    52 vy=  192512 ay=  -13312
     t= 71 pred= 31 left= 26  y=    55 vy=  179200 ay=  -13312
     t= 72 pred= 30 left= 25  y=    58 vy=  165888 ay=  -13312
     t= 73 pred= 29 left= 24  y=    60 vy=  152576 ay=  -13312
     t= 74 pred= 28 left= 23  y=    62 vy=  139264 ay=  -13312
     t= 75 pred= 11 left= 22  y=    64 vy=       0 ay=  -26624
     t= 76 pred= 10 left= 21  y=    64 vy=  -26624 ay=  -26624
     t= 77 pred=  9 left= 20  y=    63 vy=  -53248 ay=  -26624
     t= 78 pred=  8 left= 19  y=    62 vy=  -79872 ay=  -26624
     t= 79 pred=  7 left= 18  y=    60 vy= -106496 ay=  -26624
     t= 80 pred=  6 left= 17  y=    58 vy= -133120 ay=  -26624
     t= 81 pred=  5 left= 16  y=    56 vy= -159744 ay=  -26624
     t= 82 pred=  4 left= 15  y=    53 vy= -186368 ay=  -26624
     t= 83 pred=  3 left= 14  y=    49 vy= -212992 ay=  -26624
     t= 84 pred=  2 left= 13  y=    46 vy= -239616 ay=  -26624
     t= 85 pred=  1 left= 12  y=    42 vy= -266240 ay=  -26624
     t= 86 pred=  1 left= 11  y=    42 vy= -266240 ay=  -26624
     t= 87 pred=  1 left= 10  y=    42 vy= -266240 ay=  -26624
     t= 88 pred=  1 left=  9  y=    42 vy= -266240 ay=  -26624
     t= 89 pred=  1 left=  8  y=    42 vy= -266240 ay=  -26624
     t= 90 pred=  1 left=  7  y=    42 vy= -266240 ay=  -26624
     t= 91 pred=  1 left=  6  y=    42 vy= -266240 ay=  -26624
     t= 92 pred=  1 left=  5  y=    42 vy= -266240 ay=  -26624
     t= 93 pred=  1 left=  4  y=    42 vy= -266240 ay=  -26624
     t= 94 pred=  1 left=  3  y=    42 vy= -266240 ay=  -26624
     t= 95 pred=  1 left=  2  y=    42 vy= -266240 ay=  -26624
     t= 96 pred=  1 left=  1  y=    42 vy= -266240 ay=  -26624
P2  landings=4  no_prediction_ticks=12
   err all : -70:1 -68:1 -66:1 -64:1 -62:1 -60:1 -58:1 -56:1 -54:1 -52:1 -50:1 -48:1 -46:1 -44:1 -43:1 -42:1 -41:1 -40:1 -39:1 -38:1 -37:1 -36:1 -35:1 -34:1 -33:1 +0:55
   err NEAR (made within 20 ticks of the landing): +0:42
   err far  (made earlier, can still be invalidated): -70:1 -68:1 -66:1 -64:1 -62:1 -60:1 -58:1 -56:1 -54:1 -52:1 -50:1 -48:1 -46:1 -44:1 -43:1 -42:1 -41:1 -40:1 -39:1 -38:1 -37:1 -36:1 -35:1 -34:1 -33:1 +0:13
   NEAR + $5C seen at the time : +0:42
   NEAR + every frozen tick    : +0:42
   last descent, landed on tick 107:
     t= 96 pred= 11 left= 11  y=    40 vy=  135168 ay=  -24576
     t= 97 pred= 10 left= 10  y=    41 vy=  110592 ay=  -24576
     t= 98 pred=  9 left=  9  y=    43 vy=   86016 ay=  -24576
     t= 99 pred=  8 left=  8  y=    44 vy=   61440 ay=  -24576
     t=100 pred=  7 left=  7  y=    44 vy=   36864 ay=  -24576
     t=101 pred=  6 left=  6  y=    44 vy=   12288 ay=  -24576
     t=102 pred=  5 left=  5  y=    44 vy=  -12288 ay=  -24576
     t=103 pred=  4 left=  4  y=    44 vy=  -36864 ay=  -24576
     t=104 pred=  3 left=  3  y=    43 vy=  -61440 ay=  -24576
     t=105 pred=  2 left=  2  y=    41 vy=  -86016 ay=  -24576
     t=106 pred=  1 left=  1  y=    40 vy= -110592 ay=  -24576
---- landing prediction ----
P1  landings=116  no_prediction_ticks=0
   err all : -45:34 -38:1 -36:1 -34:1 -32:1 -30:1 -28:1 -26:1 -24:1 -22:194 -21:10 -20:11 -19:10 -18:11 -17:10 -16:11 -15:10 -14:11 -13:10 -12:11 -11:433 -10:38 -9:38 -8:38 -7:38 -6:38 -5:38 -4:38 -3:38 -2:38 -1:38 +0:1931 +5:207 +11:144 +16:216
   err NEAR (made within 20 ticks of the landing): -16:1 -14:1 -12:1 -11:219 -10:35 -9:35 -8:35 -7:35 -6:35 -5:35 -4:35 -3:35 -2:35 -1:35 +0:1353 +11:144 +16:216
   err far  (made earlier, can still be invalidated): -45:34 -38:1 -36:1 -34:1 -32:1 -30:1 -28:1 -26:1 -24:1 -22:194 -21:10 -20:11 -19:10 -18:11 -17:10 -16:10 -15:10 -14:10 -13:10 -12:10 -11:214 -10:3 -9:3 -8:3 -7:3 -6:3 -5:3 -4:3 -3:3 -2:3 -1:3 +0:578 +5:207
   NEAR + $5C seen at the time : -11:185 -3:1 -2:1 -1:1 +0:1737 +11:144 +16:216
   NEAR + every frozen tick    : -4:1 -3:1 -2:1 -1:384 +0:1538 +11:144 +16:216
   last descent, landed on tick 170:
     t=139 pred= 36 left= 31  y=    40 vy=  245760 ay=  -13312
     t=140 pred= 35 left= 30  y=    43 vy=  232448 ay=  -13312
     t=141 pred= 34 left= 29  y=    46 vy=  219136 ay=  -13312
     t=142 pred= 33 left= 28  y=    50 vy=  205824 ay=  -13312
     t=143 pred= 32 left= 27  y=    52 vy=  192512 ay=  -13312
     t=144 pred= 31 left= 26  y=    55 vy=  179200 ay=  -13312
     t=145 pred= 30 left= 25  y=    58 vy=  165888 ay=  -13312
     t=146 pred= 29 left= 24  y=    60 vy=  152576 ay=  -13312
     t=147 pred= 28 left= 23  y=    62 vy=  139264 ay=  -13312
     t=148 pred= 11 left= 22  y=    64 vy=       0 ay=  -26624
     t=149 pred= 10 left= 21  y=    64 vy=  -26624 ay=  -26624
     t=150 pred=  9 left= 20  y=    63 vy=  -53248 ay=  -26624
     t=151 pred=  8 left= 19  y=    62 vy=  -79872 ay=  -26624
     t=152 pred=  7 left= 18  y=    60 vy= -106496 ay=  -26624
     t=153 pred=  6 left= 17  y=    58 vy= -133120 ay=  -26624
     t=154 pred=  5 left= 16  y=    56 vy= -159744 ay=  -26624
     t=155 pred=  4 left= 15  y=    53 vy= -186368 ay=  -26624
     t=156 pred=  3 left= 14  y=    49 vy= -212992 ay=  -26624
     t=157 pred=  3 left= 13  y=    49 vy= -212992 ay=  -26624
     t=158 pred=  3 left= 12  y=    49 vy= -212992 ay=  -26624
     t=159 pred=  3 left= 11  y=    49 vy= -212992 ay=  -26624
     t=160 pred=  3 left= 10  y=    49 vy= -212992 ay=  -26624
     t=161 pred=  3 left=  9  y=    49 vy= -212992 ay=  -26624
     t=162 pred=  3 left=  8  y=    49 vy= -212992 ay=  -26624
     t=163 pred=  3 left=  7  y=    49 vy= -212992 ay=  -26624
     t=164 pred=  3 left=  6  y=    49 vy= -212992 ay=  -26624
     t=165 pred=  3 left=  5  y=    49 vy= -212992 ay=  -26624
     t=166 pred=  3 left=  4  y=    49 vy= -212992 ay=  -26624
     t=167 pred=  3 left=  3  y=    49 vy= -212992 ay=  -26624
     t=168 pred=  2 left=  2  y=    46 vy= -239616 ay=  -26624
     t=169 pred=  1 left=  1  y=    42 vy= -266240 ay=  -26624
P2  landings=4  no_prediction_ticks=12
   err all : -70:1 -68:1 -66:1 -64:1 -62:1 -60:1 -58:1 -56:1 -54:1 -52:1 -50:1 -48:1 -46:1 -44:1 -43:1 -42:1 -41:1 -40:1 -39:1 -38:1 -37:1 -36:1 -35:1 -34:1 -33:1 +0:55
   err NEAR (made within 20 ticks of the landing): +0:42
   err far  (made earlier, can still be invalidated): -70:1 -68:1 -66:1 -64:1 -62:1 -60:1 -58:1 -56:1 -54:1 -52:1 -50:1 -48:1 -46:1 -44:1 -43:1 -42:1 -41:1 -40:1 -39:1 -38:1 -37:1 -36:1 -35:1 -34:1 -33:1 +0:13
   NEAR + $5C seen at the time : +0:42
   NEAR + every frozen tick    : +0:42
   last descent, landed on tick 107:
     t= 96 pred= 11 left= 11  y=    40 vy=  135168 ay=  -24576
     t= 97 pred= 10 left= 10  y=    41 vy=  110592 ay=  -24576
     t= 98 pred=  9 left=  9  y=    43 vy=   86016 ay=  -24576
     t= 99 pred=  8 left=  8  y=    44 vy=   61440 ay=  -24576
     t=100 pred=  7 left=  7  y=    44 vy=   36864 ay=  -24576
     t=101 pred=  6 left=  6  y=    44 vy=   12288 ay=  -24576
     t=102 pred=  5 left=  5  y=    44 vy=  -12288 ay=  -24576
     t=103 pred=  4 left=  4  y=    44 vy=  -36864 ay=  -24576
     t=104 pred=  3 left=  3  y=    43 vy=  -61440 ay=  -24576
     t=105 pred=  2 left=  2  y=    41 vy=  -86016 ay=  -24576
     t=106 pred=  1 left=  1  y=    40 vy= -110592 ay=  -24576
---- landing prediction ----
P1  landings=117  no_prediction_ticks=0
   err all : -45:34 -38:1 -36:1 -34:1 -32:1 -30:1 -28:1 -26:1 -24:1 -22:194 -21:10 -20:11 -19:10 -18:11 -17:10 -16:11 -15:10 -14:11 -13:10 -12:11 -11:440 -10:39 -9:39 -8:39 -7:39 -6:39 -5:39 -4:39 -3:39 -2:39 -1:39 +0:1936 +5:216 +11:144 +16:216
   err NEAR (made within 20 ticks of the landing): -16:1 -14:1 -12:1 -11:224 -10:36 -9:36 -8:36 -7:36 -6:36 -5:36 -4:36 -3:36 -2:36 -1:36 +0:1358 +11:144 +16:216
   err far  (made earlier, can still be invalidated): -45:34 -38:1 -36:1 -34:1 -32:1 -30:1 -28:1 -26:1 -24:1 -22:194 -21:10 -20:11 -19:10 -18:11 -17:10 -16:10 -15:10 -14:10 -13:10 -12:10 -11:216 -10:3 -9:3 -8:3 -7:3 -6:3 -5:3 -4:3 -3:3 -2:3 -1:3 +0:578 +5:216
   NEAR + $5C seen at the time : -11:189 -3:1 -2:1 -1:1 +0:1753 +11:144 +16:216
   NEAR + every frozen tick    : -4:1 -3:1 -2:1 -1:395 +0:1547 +11:144 +16:216
   last descent, landed on tick 25:
     t=250 pred= 36 left= 31  y=    40 vy=  245760 ay=  -13312
     t=251 pred= 35 left= 30  y=    43 vy=  232448 ay=  -13312
     t=252 pred= 34 left= 29  y=    46 vy=  219136 ay=  -13312
     t=253 pred= 33 left= 28  y=    50 vy=  205824 ay=  -13312
     t=254 pred= 32 left= 27  y=    52 vy=  192512 ay=  -13312
     t=255 pred= 31 left= 26  y=    55 vy=  179200 ay=  -13312
     t=  0 pred= 30 left= 25  y=    58 vy=  165888 ay=  -13312
     t=  1 pred= 29 left= 24  y=    60 vy=  152576 ay=  -13312
     t=  2 pred= 28 left= 23  y=    62 vy=  139264 ay=  -13312
     t=  3 pred= 11 left= 22  y=    64 vy=       0 ay=  -26624
     t=  4 pred= 10 left= 21  y=    64 vy=  -26624 ay=  -26624
     t=  5 pred=  9 left= 20  y=    63 vy=  -53248 ay=  -26624
     t=  6 pred=  8 left= 19  y=    62 vy=  -79872 ay=  -26624
     t=  7 pred=  7 left= 18  y=    60 vy= -106496 ay=  -26624
     t=  8 pred=  6 left= 17  y=    58 vy= -133120 ay=  -26624
     t=  9 pred=  5 left= 16  y=    56 vy= -159744 ay=  -26624
     t= 10 pred=  5 left= 15  y=    56 vy= -159744 ay=  -26624
     t= 11 pred=  5 left= 14  y=    56 vy= -159744 ay=  -26624
     t= 12 pred=  5 left= 13  y=    56 vy= -159744 ay=  -26624
     t= 13 pred=  5 left= 12  y=    56 vy= -159744 ay=  -26624
     t= 14 pred=  5 left= 11  y=    56 vy= -159744 ay=  -26624
     t= 15 pred=  5 left= 10  y=    56 vy= -159744 ay=  -26624
     t= 16 pred=  5 left=  9  y=    56 vy= -159744 ay=  -26624
     t= 17 pred=  5 left=  8  y=    56 vy= -159744 ay=  -26624
     t= 18 pred=  5 left=  7  y=    56 vy= -159744 ay=  -26624
     t= 19 pred=  5 left=  6  y=    56 vy= -159744 ay=  -26624
     t= 20 pred=  5 left=  5  y=    56 vy= -159744 ay=  -26624
     t= 21 pred=  4 left=  4  y=    53 vy= -186368 ay=  -26624
     t= 22 pred=  3 left=  3  y=    49 vy= -212992 ay=  -26624
     t= 23 pred=  2 left=  2  y=    46 vy= -239616 ay=  -26624
     t= 24 pred=  1 left=  1  y=    42 vy= -266240 ay=  -26624
P2  landings=4  no_prediction_ticks=12
   err all : -70:1 -68:1 -66:1 -64:1 -62:1 -60:1 -58:1 -56:1 -54:1 -52:1 -50:1 -48:1 -46:1 -44:1 -43:1 -42:1 -41:1 -40:1 -39:1 -38:1 -37:1 -36:1 -35:1 -34:1 -33:1 +0:55
   err NEAR (made within 20 ticks of the landing): +0:42
   err far  (made earlier, can still be invalidated): -70:1 -68:1 -66:1 -64:1 -62:1 -60:1 -58:1 -56:1 -54:1 -52:1 -50:1 -48:1 -46:1 -44:1 -43:1 -42:1 -41:1 -40:1 -39:1 -38:1 -37:1 -36:1 -35:1 -34:1 -33:1 +0:13
   NEAR + $5C seen at the time : +0:42
   NEAR + every frozen tick    : +0:42
   last descent, landed on tick 107:
     t= 96 pred= 11 left= 11  y=    40 vy=  135168 ay=  -24576
     t= 97 pred= 10 left= 10  y=    41 vy=  110592 ay=  -24576
     t= 98 pred=  9 left=  9  y=    43 vy=   86016 ay=  -24576
     t= 99 pred=  8 left=  8  y=    44 vy=   61440 ay=  -24576
     t=100 pred=  7 left=  7  y=    44 vy=   36864 ay=  -24576
     t=101 pred=  6 left=  6  y=    44 vy=   12288 ay=  -24576
     t=102 pred=  5 left=  5  y=    44 vy=  -12288 ay=  -24576
     t=103 pred=  4 left=  4  y=    44 vy=  -36864 ay=  -24576
     t=104 pred=  3 left=  3  y=    43 vy=  -61440 ay=  -24576
     t=105 pred=  2 left=  2  y=    41 vy=  -86016 ay=  -24576
     t=106 pred=  1 left=  1  y=    40 vy= -110592 ay=  -24576
---- landing prediction ----
P1  landings=118  no_prediction_ticks=0
   err all : -45:34 -38:1 -36:1 -34:1 -32:1 -30:1 -28:1 -26:1 -24:1 -22:194 -21:10 -20:11 -19:10 -18:11 -17:10 -16:11 -15:10 -14:11 -13:10 -12:11 -11:440 -10:39 -9:39 -8:39 -7:39 -6:39 -5:39 -4:39 -3:39 -2:39 -1:39 +0:1965 +5:216 +11:144 +16:216
   err NEAR (made within 20 ticks of the landing): -16:1 -14:1 -12:1 -11:224 -10:36 -9:36 -8:36 -7:36 -6:36 -5:36 -4:36 -3:36 -2:36 -1:36 +0:1378 +11:144 +16:216
   err far  (made earlier, can still be invalidated): -45:34 -38:1 -36:1 -34:1 -32:1 -30:1 -28:1 -26:1 -24:1 -22:194 -21:10 -20:11 -19:10 -18:11 -17:10 -16:10 -15:10 -14:10 -13:10 -12:10 -11:216 -10:3 -9:3 -8:3 -7:3 -6:3 -5:3 -4:3 -3:3 -2:3 -1:3 +0:587 +5:216
   NEAR + $5C seen at the time : -11:189 -3:1 -2:1 -1:1 +0:1773 +11:144 +16:216
   NEAR + every frozen tick    : -4:1 -3:1 -2:1 -1:395 +0:1567 +11:144 +16:216
   last descent, landed on tick 110:
     t= 81 pred= 29 left= 29  y=    40 vy=  786432 ay=  -53248
     t= 82 pred= 28 left= 28  y=    51 vy=  733184 ay=  -53248
     t= 83 pred= 27 left= 27  y=    61 vy=  679936 ay=  -53248
     t= 84 pred= 26 left= 26  y=    71 vy=  626688 ay=  -53248
     t= 85 pred= 25 left= 25  y=    79 vy=  573440 ay=  -53248
     t= 86 pred= 24 left= 24  y=    87 vy=  520192 ay=  -53248
     t= 87 pred= 23 left= 23  y=    94 vy=  466944 ay=  -53248
     t= 88 pred= 22 left= 22  y=   101 vy=  413696 ay=  -53248
     t= 89 pred= 21 left= 21  y=   106 vy=  360448 ay=  -53248
     t= 90 pred= 20 left= 20  y=   111 vy=  307200 ay=  -53248
     t= 91 pred= 19 left= 19  y=   115 vy=  253952 ay=  -53248
     t= 92 pred= 18 left= 18  y=   118 vy=  200704 ay=  -53248
     t= 93 pred= 17 left= 17  y=   120 vy=  147456 ay=  -53248
     t= 94 pred= 16 left= 16  y=   122 vy=   94208 ay=  -53248
     t= 95 pred= 15 left= 15  y=   122 vy=   40960 ay=  -53248
     t= 96 pred= 14 left= 14  y=   122 vy=  -12288 ay=  -53248
     t= 97 pred= 13 left= 13  y=   121 vy=  -65536 ay=  -53248
     t= 98 pred= 12 left= 12  y=   119 vy= -118784 ay=  -53248
     t= 99 pred= 11 left= 11  y=   117 vy= -172032 ay=  -53248
     t=100 pred= 10 left= 10  y=   113 vy= -225280 ay=  -53248
     t=101 pred=  9 left=  9  y=   109 vy= -278528 ay=  -53248
     t=102 pred=  8 left=  8  y=   104 vy= -331776 ay=  -53248
     t=103 pred=  7 left=  7  y=    98 vy= -385024 ay=  -53248
     t=104 pred=  6 left=  6  y=    91 vy= -438272 ay=  -53248
     t=105 pred=  5 left=  5  y=    84 vy= -491520 ay=  -53248
     t=106 pred=  4 left=  4  y=    75 vy= -544768 ay=  -53248
     t=107 pred=  3 left=  3  y=    66 vy= -598016 ay=  -53248
     t=108 pred=  2 left=  2  y=    56 vy= -651264 ay=  -53248
     t=109 pred=  1 left=  1  y=    46 vy= -704512 ay=  -53248
P2  landings=4  no_prediction_ticks=12
   err all : -70:1 -68:1 -66:1 -64:1 -62:1 -60:1 -58:1 -56:1 -54:1 -52:1 -50:1 -48:1 -46:1 -44:1 -43:1 -42:1 -41:1 -40:1 -39:1 -38:1 -37:1 -36:1 -35:1 -34:1 -33:1 +0:55
   err NEAR (made within 20 ticks of the landing): +0:42
   err far  (made earlier, can still be invalidated): -70:1 -68:1 -66:1 -64:1 -62:1 -60:1 -58:1 -56:1 -54:1 -52:1 -50:1 -48:1 -46:1 -44:1 -43:1 -42:1 -41:1 -40:1 -39:1 -38:1 -37:1 -36:1 -35:1 -34:1 -33:1 +0:13
   NEAR + $5C seen at the time : +0:42
   NEAR + every frozen tick    : +0:42
   last descent, landed on tick 107:
     t= 96 pred= 11 left= 11  y=    40 vy=  135168 ay=  -24576
     t= 97 pred= 10 left= 10  y=    41 vy=  110592 ay=  -24576
     t= 98 pred=  9 left=  9  y=    43 vy=   86016 ay=  -24576
     t= 99 pred=  8 left=  8  y=    44 vy=   61440 ay=  -24576
     t=100 pred=  7 left=  7  y=    44 vy=   36864 ay=  -24576
     t=101 pred=  6 left=  6  y=    44 vy=   12288 ay=  -24576
     t=102 pred=  5 left=  5  y=    44 vy=  -12288 ay=  -24576
     t=103 pred=  4 left=  4  y=    44 vy=  -36864 ay=  -24576
     t=104 pred=  3 left=  3  y=    43 vy=  -61440 ay=  -24576
     t=105 pred=  2 left=  2  y=    41 vy=  -86016 ay=  -24576
     t=106 pred=  1 left=  1  y=    40 vy= -110592 ay=  -24576
---- landing prediction ----
P1  landings=119  no_prediction_ticks=0
   err all : -45:34 -38:1 -36:1 -34:1 -32:1 -30:1 -28:1 -26:1 -24:1 -22:194 -21:10 -20:11 -19:10 -18:11 -17:10 -16:11 -15:10 -14:11 -13:10 -12:11 -11:440 -10:39 -9:39 -8:39 -7:39 -6:39 -5:39 -4:39 -3:39 -2:39 -1:39 +0:1976 +5:216 +11:144 +16:225
   err NEAR (made within 20 ticks of the landing): -16:1 -14:1 -12:1 -11:224 -10:36 -9:36 -8:36 -7:36 -6:36 -5:36 -4:36 -3:36 -2:36 -1:36 +0:1389 +11:144 +16:225
   err far  (made earlier, can still be invalidated): -45:34 -38:1 -36:1 -34:1 -32:1 -30:1 -28:1 -26:1 -24:1 -22:194 -21:10 -20:11 -19:10 -18:11 -17:10 -16:10 -15:10 -14:10 -13:10 -12:10 -11:216 -10:3 -9:3 -8:3 -7:3 -6:3 -5:3 -4:3 -3:3 -2:3 -1:3 +0:587 +5:216
   NEAR + $5C seen at the time : -11:189 -3:1 -2:1 -1:1 +0:1784 +11:144 +16:225
   NEAR + every frozen tick    : -4:1 -3:1 -2:1 -1:395 +0:1578 +11:144 +16:225
   last descent, landed on tick 131:
     t=111 pred= 36 left= 20  y=    40 vy=  245760 ay=  -13312
     t=112 pred= 35 left= 19  y=    43 vy=  232448 ay=  -13312
     t=113 pred= 34 left= 18  y=    46 vy=  219136 ay=  -13312
     t=114 pred= 33 left= 17  y=    50 vy=  205824 ay=  -13312
     t=115 pred= 32 left= 16  y=    52 vy=  192512 ay=  -13312
     t=116 pred= 31 left= 15  y=    55 vy=  179200 ay=  -13312
     t=117 pred= 30 left= 14  y=    58 vy=  165888 ay=  -13312
     t=118 pred= 29 left= 13  y=    60 vy=  152576 ay=  -13312
     t=119 pred= 28 left= 12  y=    62 vy=  139264 ay=  -13312
     t=120 pred= 11 left= 11  y=    64 vy=       0 ay=  -26624
     t=121 pred= 10 left= 10  y=    64 vy=  -26624 ay=  -26624
     t=122 pred=  9 left=  9  y=    63 vy=  -53248 ay=  -26624
     t=123 pred=  8 left=  8  y=    62 vy=  -79872 ay=  -26624
     t=124 pred=  7 left=  7  y=    60 vy= -106496 ay=  -26624
     t=125 pred=  6 left=  6  y=    58 vy= -133120 ay=  -26624
     t=126 pred=  5 left=  5  y=    56 vy= -159744 ay=  -26624
     t=127 pred=  4 left=  4  y=    53 vy= -186368 ay=  -26624
     t=128 pred=  3 left=  3  y=    49 vy= -212992 ay=  -26624
     t=129 pred=  2 left=  2  y=    46 vy= -239616 ay=  -26624
     t=130 pred=  1 left=  1  y=    42 vy= -266240 ay=  -26624
P2  landings=4  no_prediction_ticks=12
   err all : -70:1 -68:1 -66:1 -64:1 -62:1 -60:1 -58:1 -56:1 -54:1 -52:1 -50:1 -48:1 -46:1 -44:1 -43:1 -42:1 -41:1 -40:1 -39:1 -38:1 -37:1 -36:1 -35:1 -34:1 -33:1 +0:55
   err NEAR (made within 20 ticks of the landing): +0:42
   err far  (made earlier, can still be invalidated): -70:1 -68:1 -66:1 -64:1 -62:1 -60:1 -58:1 -56:1 -54:1 -52:1 -50:1 -48:1 -46:1 -44:1 -43:1 -42:1 -41:1 -40:1 -39:1 -38:1 -37:1 -36:1 -35:1 -34:1 -33:1 +0:13
   NEAR + $5C seen at the time : +0:42
   NEAR + every frozen tick    : +0:42
   last descent, landed on tick 107:
     t= 96 pred= 11 left= 11  y=    40 vy=  135168 ay=  -24576
     t= 97 pred= 10 left= 10  y=    41 vy=  110592 ay=  -24576
     t= 98 pred=  9 left=  9  y=    43 vy=   86016 ay=  -24576
     t= 99 pred=  8 left=  8  y=    44 vy=   61440 ay=  -24576
     t=100 pred=  7 left=  7  y=    44 vy=   36864 ay=  -24576
     t=101 pred=  6 left=  6  y=    44 vy=   12288 ay=  -24576
     t=102 pred=  5 left=  5  y=    44 vy=  -12288 ay=  -24576
     t=103 pred=  4 left=  4  y=    44 vy=  -36864 ay=  -24576
     t=104 pred=  3 left=  3  y=    43 vy=  -61440 ay=  -24576
     t=105 pred=  2 left=  2  y=    41 vy=  -86016 ay=  -24576
     t=106 pred=  1 left=  1  y=    40 vy= -110592 ay=  -24576
---- landing prediction ----
P1  landings=120  no_prediction_ticks=0
   err all : -45:34 -38:1 -36:1 -34:1 -32:1 -30:1 -28:1 -26:1 -24:1 -22:194 -21:10 -20:11 -19:10 -18:11 -17:10 -16:11 -15:10 -14:11 -13:10 -12:11 -11:449 -10:40 -9:40 -8:40 -7:40 -6:40 -5:40 -4:40 -3:40 -2:40 -1:40 +0:1979 +5:225 +11:144 +16:225
   err NEAR (made within 20 ticks of the landing): -16:1 -14:1 -12:1 -11:231 -10:37 -9:37 -8:37 -7:37 -6:37 -5:37 -4:37 -3:37 -2:37 -1:37 +0:1392 +11:144 +16:225
   err far  (made earlier, can still be invalidated): -45:34 -38:1 -36:1 -34:1 -32:1 -30:1 -28:1 -26:1 -24:1 -22:194 -21:10 -20:11 -19:10 -18:11 -17:10 -16:10 -15:10 -14:10 -13:10 -12:10 -11:218 -10:3 -9:3 -8:3 -7:3 -6:3 -5:3 -4:3 -3:3 -2:3 -1:3 +0:587 +5:225
   NEAR + $5C seen at the time : -11:195 -3:1 -2:1 -1:1 +0:1798 +11:144 +16:225
   NEAR + every frozen tick    : -4:1 -3:1 -2:1 -1:406 +0:1587 +11:144 +16:225
   last descent, landed on tick 166:
     t=135 pred= 36 left= 31  y=    40 vy=  245760 ay=  -13312
     t=136 pred= 35 left= 30  y=    43 vy=  232448 ay=  -13312
     t=137 pred= 34 left= 29  y=    46 vy=  219136 ay=  -13312
     t=138 pred= 33 left= 28  y=    50 vy=  205824 ay=  -13312
     t=139 pred= 32 left= 27  y=    52 vy=  192512 ay=  -13312
     t=140 pred= 31 left= 26  y=    55 vy=  179200 ay=  -13312
     t=141 pred= 30 left= 25  y=    58 vy=  165888 ay=  -13312
     t=142 pred= 29 left= 24  y=    60 vy=  152576 ay=  -13312
     t=143 pred= 28 left= 23  y=    62 vy=  139264 ay=  -13312
     t=144 pred= 11 left= 22  y=    64 vy=       0 ay=  -26624
     t=145 pred= 10 left= 21  y=    64 vy=  -26624 ay=  -26624
     t=146 pred=  9 left= 20  y=    63 vy=  -53248 ay=  -26624
     t=147 pred=  8 left= 19  y=    62 vy=  -79872 ay=  -26624
     t=148 pred=  7 left= 18  y=    60 vy= -106496 ay=  -26624
     t=149 pred=  6 left= 17  y=    58 vy= -133120 ay=  -26624
     t=150 pred=  5 left= 16  y=    56 vy= -159744 ay=  -26624
     t=151 pred=  4 left= 15  y=    53 vy= -186368 ay=  -26624
     t=152 pred=  3 left= 14  y=    49 vy= -212992 ay=  -26624
     t=153 pred=  3 left= 13  y=    49 vy= -212992 ay=  -26624
     t=154 pred=  3 left= 12  y=    49 vy= -212992 ay=  -26624
     t=155 pred=  3 left= 11  y=    49 vy= -212992 ay=  -26624
     t=156 pred=  3 left= 10  y=    49 vy= -212992 ay=  -26624
     t=157 pred=  3 left=  9  y=    49 vy= -212992 ay=  -26624
     t=158 pred=  3 left=  8  y=    49 vy= -212992 ay=  -26624
     t=159 pred=  3 left=  7  y=    49 vy= -212992 ay=  -26624
     t=160 pred=  3 left=  6  y=    49 vy= -212992 ay=  -26624
     t=161 pred=  3 left=  5  y=    49 vy= -212992 ay=  -26624
     t=162 pred=  3 left=  4  y=    49 vy= -212992 ay=  -26624
     t=163 pred=  3 left=  3  y=    49 vy= -212992 ay=  -26624
     t=164 pred=  2 left=  2  y=    46 vy= -239616 ay=  -26624
     t=165 pred=  1 left=  1  y=    42 vy= -266240 ay=  -26624
P2  landings=4  no_prediction_ticks=12
   err all : -70:1 -68:1 -66:1 -64:1 -62:1 -60:1 -58:1 -56:1 -54:1 -52:1 -50:1 -48:1 -46:1 -44:1 -43:1 -42:1 -41:1 -40:1 -39:1 -38:1 -37:1 -36:1 -35:1 -34:1 -33:1 +0:55
   err NEAR (made within 20 ticks of the landing): +0:42
   err far  (made earlier, can still be invalidated): -70:1 -68:1 -66:1 -64:1 -62:1 -60:1 -58:1 -56:1 -54:1 -52:1 -50:1 -48:1 -46:1 -44:1 -43:1 -42:1 -41:1 -40:1 -39:1 -38:1 -37:1 -36:1 -35:1 -34:1 -33:1 +0:13
   NEAR + $5C seen at the time : +0:42
   NEAR + every frozen tick    : +0:42
   last descent, landed on tick 107:
     t= 96 pred= 11 left= 11  y=    40 vy=  135168 ay=  -24576
     t= 97 pred= 10 left= 10  y=    41 vy=  110592 ay=  -24576
     t= 98 pred=  9 left=  9  y=    43 vy=   86016 ay=  -24576
     t= 99 pred=  8 left=  8  y=    44 vy=   61440 ay=  -24576
     t=100 pred=  7 left=  7  y=    44 vy=   36864 ay=  -24576
     t=101 pred=  6 left=  6  y=    44 vy=   12288 ay=  -24576
     t=102 pred=  5 left=  5  y=    44 vy=  -12288 ay=  -24576
     t=103 pred=  4 left=  4  y=    44 vy=  -36864 ay=  -24576
     t=104 pred=  3 left=  3  y=    43 vy=  -61440 ay=  -24576
     t=105 pred=  2 left=  2  y=    41 vy=  -86016 ay=  -24576
     t=106 pred=  1 left=  1  y=    40 vy= -110592 ay=  -24576
---- landing prediction ----
P1  landings=121  no_prediction_ticks=0
   err all : -45:34 -38:1 -36:1 -34:1 -32:1 -30:1 -28:1 -26:1 -24:1 -22:194 -21:10 -20:11 -19:10 -18:11 -17:10 -16:11 -15:10 -14:11 -13:10 -12:11 -11:459 -10:41 -9:41 -8:41 -7:41 -6:41 -5:41 -4:41 -3:41 -2:41 -1:41 +0:1981 +5:234 +11:144 +16:225
   err NEAR (made within 20 ticks of the landing): -16:1 -14:1 -12:1 -11:239 -10:38 -9:38 -8:38 -7:38 -6:38 -5:38 -4:38 -3:38 -2:38 -1:38 +0:1394 +11:144 +16:225
   err far  (made earlier, can still be invalidated): -45:34 -38:1 -36:1 -34:1 -32:1 -30:1 -28:1 -26:1 -24:1 -22:194 -21:10 -20:11 -19:10 -18:11 -17:10 -16:10 -15:10 -14:10 -13:10 -12:10 -11:220 -10:3 -9:3 -8:3 -7:3 -6:3 -5:3 -4:3 -3:3 -2:3 -1:3 +0:587 +5:234
   NEAR + $5C seen at the time : -11:202 -3:1 -2:1 -1:1 +0:1811 +11:144 +16:225
   NEAR + every frozen tick    : -4:1 -3:1 -2:1 -1:417 +0:1596 +11:144 +16:225
   last descent, landed on tick 250:
     t=219 pred= 36 left= 31  y=    40 vy=  245760 ay=  -13312
     t=220 pred= 35 left= 30  y=    43 vy=  232448 ay=  -13312
     t=221 pred= 34 left= 29  y=    46 vy=  219136 ay=  -13312
     t=222 pred= 33 left= 28  y=    50 vy=  205824 ay=  -13312
     t=223 pred= 32 left= 27  y=    52 vy=  192512 ay=  -13312
     t=224 pred= 31 left= 26  y=    55 vy=  179200 ay=  -13312
     t=225 pred= 30 left= 25  y=    58 vy=  165888 ay=  -13312
     t=226 pred= 29 left= 24  y=    60 vy=  152576 ay=  -13312
     t=227 pred= 28 left= 23  y=    62 vy=  139264 ay=  -13312
     t=228 pred= 11 left= 22  y=    64 vy=       0 ay=  -26624
     t=229 pred= 10 left= 21  y=    64 vy=  -26624 ay=  -26624
     t=230 pred=  9 left= 20  y=    63 vy=  -53248 ay=  -26624
     t=231 pred=  8 left= 19  y=    62 vy=  -79872 ay=  -26624
     t=232 pred=  7 left= 18  y=    60 vy= -106496 ay=  -26624
     t=233 pred=  6 left= 17  y=    58 vy= -133120 ay=  -26624
     t=234 pred=  5 left= 16  y=    56 vy= -159744 ay=  -26624
     t=235 pred=  4 left= 15  y=    53 vy= -186368 ay=  -26624
     t=236 pred=  3 left= 14  y=    49 vy= -212992 ay=  -26624
     t=237 pred=  2 left= 13  y=    46 vy= -239616 ay=  -26624
     t=238 pred=  2 left= 12  y=    46 vy= -239616 ay=  -26624
     t=239 pred=  2 left= 11  y=    46 vy= -239616 ay=  -26624
     t=240 pred=  2 left= 10  y=    46 vy= -239616 ay=  -26624
     t=241 pred=  2 left=  9  y=    46 vy= -239616 ay=  -26624
     t=242 pred=  2 left=  8  y=    46 vy= -239616 ay=  -26624
     t=243 pred=  2 left=  7  y=    46 vy= -239616 ay=  -26624
     t=244 pred=  2 left=  6  y=    46 vy= -239616 ay=  -26624
     t=245 pred=  2 left=  5  y=    46 vy= -239616 ay=  -26624
     t=246 pred=  2 left=  4  y=    46 vy= -239616 ay=  -26624
     t=247 pred=  2 left=  3  y=    46 vy= -239616 ay=  -26624
     t=248 pred=  2 left=  2  y=    46 vy= -239616 ay=  -26624
     t=249 pred=  1 left=  1  y=    42 vy= -266240 ay=  -26624
P2  landings=4  no_prediction_ticks=12
   err all : -70:1 -68:1 -66:1 -64:1 -62:1 -60:1 -58:1 -56:1 -54:1 -52:1 -50:1 -48:1 -46:1 -44:1 -43:1 -42:1 -41:1 -40:1 -39:1 -38:1 -37:1 -36:1 -35:1 -34:1 -33:1 +0:55
   err NEAR (made within 20 ticks of the landing): +0:42
   err far  (made earlier, can still be invalidated): -70:1 -68:1 -66:1 -64:1 -62:1 -60:1 -58:1 -56:1 -54:1 -52:1 -50:1 -48:1 -46:1 -44:1 -43:1 -42:1 -41:1 -40:1 -39:1 -38:1 -37:1 -36:1 -35:1 -34:1 -33:1 +0:13
   NEAR + $5C seen at the time : +0:42
   NEAR + every frozen tick    : +0:42
   last descent, landed on tick 107:
     t= 96 pred= 11 left= 11  y=    40 vy=  135168 ay=  -24576
     t= 97 pred= 10 left= 10  y=    41 vy=  110592 ay=  -24576
     t= 98 pred=  9 left=  9  y=    43 vy=   86016 ay=  -24576
     t= 99 pred=  8 left=  8  y=    44 vy=   61440 ay=  -24576
     t=100 pred=  7 left=  7  y=    44 vy=   36864 ay=  -24576
     t=101 pred=  6 left=  6  y=    44 vy=   12288 ay=  -24576
     t=102 pred=  5 left=  5  y=    44 vy=  -12288 ay=  -24576
     t=103 pred=  4 left=  4  y=    44 vy=  -36864 ay=  -24576
     t=104 pred=  3 left=  3  y=    43 vy=  -61440 ay=  -24576
     t=105 pred=  2 left=  2  y=    41 vy=  -86016 ay=  -24576
     t=106 pred=  1 left=  1  y=    40 vy= -110592 ay=  -24576
---- landing prediction ----
P1  landings=122  no_prediction_ticks=0
   err all : -45:34 -38:1 -36:1 -34:1 -32:1 -30:1 -28:1 -26:1 -24:1 -22:194 -21:10 -20:11 -19:10 -18:11 -17:10 -16:11 -15:10 -14:11 -13:10 -12:11 -11:468 -10:42 -9:42 -8:42 -7:42 -6:42 -5:42 -4:42 -3:42 -2:42 -1:42 +0:1984 +5:243 +11:144 +16:225
   err NEAR (made within 20 ticks of the landing): -16:1 -14:1 -12:1 -11:246 -10:39 -9:39 -8:39 -7:39 -6:39 -5:39 -4:39 -3:39 -2:39 -1:39 +0:1397 +11:144 +16:225
   err far  (made earlier, can still be invalidated): -45:34 -38:1 -36:1 -34:1 -32:1 -30:1 -28:1 -26:1 -24:1 -22:194 -21:10 -20:11 -19:10 -18:11 -17:10 -16:10 -15:10 -14:10 -13:10 -12:10 -11:222 -10:3 -9:3 -8:3 -7:3 -6:3 -5:3 -4:3 -3:3 -2:3 -1:3 +0:587 +5:243
   NEAR + $5C seen at the time : -11:208 -3:1 -2:1 -1:1 +0:1825 +11:144 +16:225
   NEAR + every frozen tick    : -4:1 -3:1 -2:1 -1:428 +0:1605 +11:144 +16:225
   last descent, landed on tick 84:
     t= 53 pred= 36 left= 31  y=    40 vy=  245760 ay=  -13312
     t= 54 pred= 35 left= 30  y=    43 vy=  232448 ay=  -13312
     t= 55 pred= 34 left= 29  y=    46 vy=  219136 ay=  -13312
     t= 56 pred= 33 left= 28  y=    50 vy=  205824 ay=  -13312
     t= 57 pred= 32 left= 27  y=    52 vy=  192512 ay=  -13312
     t= 58 pred= 31 left= 26  y=    55 vy=  179200 ay=  -13312
     t= 59 pred= 30 left= 25  y=    58 vy=  165888 ay=  -13312
     t= 60 pred= 29 left= 24  y=    60 vy=  152576 ay=  -13312
     t= 61 pred= 28 left= 23  y=    62 vy=  139264 ay=  -13312
     t= 62 pred= 11 left= 22  y=    64 vy=       0 ay=  -26624
     t= 63 pred= 10 left= 21  y=    64 vy=  -26624 ay=  -26624
     t= 64 pred=  9 left= 20  y=    63 vy=  -53248 ay=  -26624
     t= 65 pred=  8 left= 19  y=    62 vy=  -79872 ay=  -26624
     t= 66 pred=  7 left= 18  y=    60 vy= -106496 ay=  -26624
     t= 67 pred=  6 left= 17  y=    58 vy= -133120 ay=  -26624
     t= 68 pred=  5 left= 16  y=    56 vy= -159744 ay=  -26624
     t= 69 pred=  4 left= 15  y=    53 vy= -186368 ay=  -26624
     t= 70 pred=  3 left= 14  y=    49 vy= -212992 ay=  -26624
     t= 71 pred=  3 left= 13  y=    49 vy= -212992 ay=  -26624
     t= 72 pred=  3 left= 12  y=    49 vy= -212992 ay=  -26624
     t= 73 pred=  3 left= 11  y=    49 vy= -212992 ay=  -26624
     t= 74 pred=  3 left= 10  y=    49 vy= -212992 ay=  -26624
     t= 75 pred=  3 left=  9  y=    49 vy= -212992 ay=  -26624
     t= 76 pred=  3 left=  8  y=    49 vy= -212992 ay=  -26624
     t= 77 pred=  3 left=  7  y=    49 vy= -212992 ay=  -26624
     t= 78 pred=  3 left=  6  y=    49 vy= -212992 ay=  -26624
     t= 79 pred=  3 left=  5  y=    49 vy= -212992 ay=  -26624
     t= 80 pred=  3 left=  4  y=    49 vy= -212992 ay=  -26624
     t= 81 pred=  3 left=  3  y=    49 vy= -212992 ay=  -26624
     t= 82 pred=  2 left=  2  y=    46 vy= -239616 ay=  -26624
     t= 83 pred=  1 left=  1  y=    42 vy= -266240 ay=  -26624
P2  landings=4  no_prediction_ticks=12
   err all : -70:1 -68:1 -66:1 -64:1 -62:1 -60:1 -58:1 -56:1 -54:1 -52:1 -50:1 -48:1 -46:1 -44:1 -43:1 -42:1 -41:1 -40:1 -39:1 -38:1 -37:1 -36:1 -35:1 -34:1 -33:1 +0:55
   err NEAR (made within 20 ticks of the landing): +0:42
   err far  (made earlier, can still be invalidated): -70:1 -68:1 -66:1 -64:1 -62:1 -60:1 -58:1 -56:1 -54:1 -52:1 -50:1 -48:1 -46:1 -44:1 -43:1 -42:1 -41:1 -40:1 -39:1 -38:1 -37:1 -36:1 -35:1 -34:1 -33:1 +0:13
   NEAR + $5C seen at the time : +0:42
   NEAR + every frozen tick    : +0:42
   last descent, landed on tick 107:
     t= 96 pred= 11 left= 11  y=    40 vy=  135168 ay=  -24576
     t= 97 pred= 10 left= 10  y=    41 vy=  110592 ay=  -24576
     t= 98 pred=  9 left=  9  y=    43 vy=   86016 ay=  -24576
     t= 99 pred=  8 left=  8  y=    44 vy=   61440 ay=  -24576
     t=100 pred=  7 left=  7  y=    44 vy=   36864 ay=  -24576
     t=101 pred=  6 left=  6  y=    44 vy=   12288 ay=  -24576
     t=102 pred=  5 left=  5  y=    44 vy=  -12288 ay=  -24576
     t=103 pred=  4 left=  4  y=    44 vy=  -36864 ay=  -24576
     t=104 pred=  3 left=  3  y=    43 vy=  -61440 ay=  -24576
     t=105 pred=  2 left=  2  y=    41 vy=  -86016 ay=  -24576
     t=106 pred=  1 left=  1  y=    40 vy= -110592 ay=  -24576
---- landing prediction ----
P1  landings=123  no_prediction_ticks=0
   err all : -56:27 -55:1 -54:1 -53:1 -52:1 -51:1 -50:1 -49:1 -48:1 -47:1 -46:1 -45:41 -38:2 -36:2 -34:2 -32:2 -30:2 -28:2 -26:2 -24:2 -22:195 -21:10 -20:12 -19:10 -18:12 -17:10 -16:12 -15:10 -14:12 -13:10 -12:12 -11:468 -10:43 -9:43 -8:43 -7:43 -6:43 -5:43 -4:43 -3:43 -2:43 -1:43 +0:1989 +5:243 +11:144 +16:225
   err NEAR (made within 20 ticks of the landing): -16:1 -14:2 -12:2 -11:246 -10:40 -9:40 -8:40 -7:40 -6:40 -5:40 -4:40 -3:40 -2:40 -1:40 +0:1402 +11:144 +16:225
   err far  (made earlier, can still be invalidated): -56:27 -55:1 -54:1 -53:1 -52:1 -51:1 -50:1 -49:1 -48:1 -47:1 -46:1 -45:41 -38:2 -36:2 -34:2 -32:2 -30:2 -28:2 -26:2 -24:2 -22:195 -21:10 -20:12 -19:10 -18:12 -17:10 -16:11 -15:10 -14:10 -13:10 -12:10 -11:222 -10:3 -9:3 -8:3 -7:3 -6:3 -5:3 -4:3 -3:3 -2:3 -1:3 +0:587 +5:243
   NEAR + $5C seen at the time : -11:208 -3:1 -2:2 -1:2 +0:1840 +11:144 +16:225
   NEAR + every frozen tick    : -4:1 -3:2 -2:2 -1:438 +0:1610 +11:144 +16:225
   last descent, landed on tick 31:
     t=193 pred= 38 left= 94  y=    40 vy=  614400 ay=  -32000
     t=194 pred= 37 left= 93  y=    48 vy=  582400 ay=  -32000
     t=195 pred= 36 left= 92  y=    57 vy=  550400 ay=  -32000
     t=196 pred= 35 left= 91  y=    65 vy=  518400 ay=  -32000
     t=197 pred= 34 left= 90  y=    72 vy=  486400 ay=  -32000
     t=198 pred= 33 left= 89  y=    79 vy=  454400 ay=  -32000
     t=199 pred= 32 left= 88  y=    85 vy=  422400 ay=  -32000
     t=200 pred= 31 left= 87  y=    91 vy=  390400 ay=  -32000
     t=201 pred= 30 left= 86  y=    97 vy=  358400 ay=  -32000
     t=202 pred= 29 left= 85  y=   102 vy=  326400 ay=  -32000
     t=203 pred= 28 left= 84  y=   106 vy=  294400 ay=  -32000
     t=204 pred= 27 left= 83  y=   110 vy=  262400 ay=  -32000
     t=205 pred= 26 left= 82  y=   114 vy=  230400 ay=  -32000
     t=206 pred= 25 left= 81  y=   117 vy=  198400 ay=  -32000
     t=207 pred= 24 left= 80  y=   119 vy=  166400 ay=  -32000
     t=208 pred= 23 left= 79  y=   122 vy=  134400 ay=  -32000
     t=209 pred= 22 left= 78  y=   123 vy=  102400 ay=  -32000
     t=210 pred= 21 left= 77  y=   124 vy=   70400 ay=  -32000
     t=211 pred= 20 left= 76  y=   125 vy=   38400 ay=  -32000
     t=212 pred= 19 left= 75  y=   125 vy=    6400 ay=  -32000
     t=213 pred= 18 left= 74  y=   124 vy=  -25600 ay=  -32000
     t=214 pred= 17 left= 73  y=   124 vy=  -57600 ay=  -32000
     t=215 pred= 16 left= 72  y=   122 vy=  -89600 ay=  -32000
     t=216 pred= 15 left= 71  y=   120 vy= -121600 ay=  -32000
     t=217 pred= 14 left= 70  y=   118 vy= -153600 ay=  -32000
     t=218 pred= 13 left= 69  y=   115 vy= -185600 ay=  -32000
     t=219 pred= 12 left= 68  y=   112 vy= -217600 ay=  -32000
     t=220 pred= 12 left= 67  y=   112 vy= -217600 ay=  -32000
     t=221 pred= 12 left= 66  y=   112 vy= -217600 ay=  -32000
     t=222 pred= 12 left= 65  y=   112 vy= -217600 ay=  -32000
     t=223 pred= 12 left= 64  y=   112 vy= -217600 ay=  -32000
     t=224 pred= 12 left= 63  y=   112 vy= -217600 ay=  -32000
     t=225 pred= 12 left= 62  y=   112 vy= -217600 ay=  -32000
     t=226 pred= 12 left= 61  y=   112 vy= -217600 ay=  -32000
     t=227 pred= 12 left= 60  y=   112 vy= -217600 ay=  -32000
     t=228 pred= 12 left= 59  y=   112 vy= -217600 ay=  -32000
     t=229 pred= 12 left= 58  y=   112 vy= -217600 ay=  -32000
     t=230 pred= 12 left= 57  y=   112 vy= -217600 ay=  -32000
     t=231 pred= 11 left= 56  y=   108 vy= -249600 ay=  -32000
     t=232 pred= 10 left= 55  y=   104 vy= -281600 ay=  -32000
P2  landings=4  no_prediction_ticks=12
   err all : -70:1 -68:1 -66:1 -64:1 -62:1 -60:1 -58:1 -56:1 -54:1 -52:1 -50:1 -48:1 -46:1 -44:1 -43:1 -42:1 -41:1 -40:1 -39:1 -38:1 -37:1 -36:1 -35:1 -34:1 -33:1 +0:55
   err NEAR (made within 20 ticks of the landing): +0:42
   err far  (made earlier, can still be invalidated): -70:1 -68:1 -66:1 -64:1 -62:1 -60:1 -58:1 -56:1 -54:1 -52:1 -50:1 -48:1 -46:1 -44:1 -43:1 -42:1 -41:1 -40:1 -39:1 -38:1 -37:1 -36:1 -35:1 -34:1 -33:1 +0:13
   NEAR + $5C seen at the time : +0:42
   NEAR + every frozen tick    : +0:42
   last descent, landed on tick 107:
     t= 96 pred= 11 left= 11  y=    40 vy=  135168 ay=  -24576
     t= 97 pred= 10 left= 10  y=    41 vy=  110592 ay=  -24576
     t= 98 pred=  9 left=  9  y=    43 vy=   86016 ay=  -24576
     t= 99 pred=  8 left=  8  y=    44 vy=   61440 ay=  -24576
     t=100 pred=  7 left=  7  y=    44 vy=   36864 ay=  -24576
     t=101 pred=  6 left=  6  y=    44 vy=   12288 ay=  -24576
     t=102 pred=  5 left=  5  y=    44 vy=  -12288 ay=  -24576
     t=103 pred=  4 left=  4  y=    44 vy=  -36864 ay=  -24576
     t=104 pred=  3 left=  3  y=    43 vy=  -61440 ay=  -24576
     t=105 pred=  2 left=  2  y=    41 vy=  -86016 ay=  -24576
     t=106 pred=  1 left=  1  y=    40 vy= -110592 ay=  -24576
---- landing prediction ----
P1  landings=123  no_prediction_ticks=0
   err all : -56:27 -55:1 -54:1 -53:1 -52:1 -51:1 -50:1 -49:1 -48:1 -47:1 -46:1 -45:41 -38:2 -36:2 -34:2 -32:2 -30:2 -28:2 -26:2 -24:2 -22:195 -21:10 -20:12 -19:10 -18:12 -17:10 -16:12 -15:10 -14:12 -13:10 -12:12 -11:468 -10:43 -9:43 -8:43 -7:43 -6:43 -5:43 -4:43 -3:43 -2:43 -1:43 +0:1989 +5:243 +11:144 +16:225
   err NEAR (made within 20 ticks of the landing): -16:1 -14:2 -12:2 -11:246 -10:40 -9:40 -8:40 -7:40 -6:40 -5:40 -4:40 -3:40 -2:40 -1:40 +0:1402 +11:144 +16:225
   err far  (made earlier, can still be invalidated): -56:27 -55:1 -54:1 -53:1 -52:1 -51:1 -50:1 -49:1 -48:1 -47:1 -46:1 -45:41 -38:2 -36:2 -34:2 -32:2 -30:2 -28:2 -26:2 -24:2 -22:195 -21:10 -20:12 -19:10 -18:12 -17:10 -16:11 -15:10 -14:10 -13:10 -12:10 -11:222 -10:3 -9:3 -8:3 -7:3 -6:3 -5:3 -4:3 -3:3 -2:3 -1:3 +0:587 +5:243
   NEAR + $5C seen at the time : -11:208 -3:1 -2:2 -1:2 +0:1840 +11:144 +16:225
   NEAR + every frozen tick    : -4:1 -3:2 -2:2 -1:438 +0:1610 +11:144 +16:225
   last descent, landed on tick 31:
     t=193 pred= 38 left= 94  y=    40 vy=  614400 ay=  -32000
     t=194 pred= 37 left= 93  y=    48 vy=  582400 ay=  -32000
     t=195 pred= 36 left= 92  y=    57 vy=  550400 ay=  -32000
     t=196 pred= 35 left= 91  y=    65 vy=  518400 ay=  -32000
     t=197 pred= 34 left= 90  y=    72 vy=  486400 ay=  -32000
     t=198 pred= 33 left= 89  y=    79 vy=  454400 ay=  -32000
     t=199 pred= 32 left= 88  y=    85 vy=  422400 ay=  -32000
     t=200 pred= 31 left= 87  y=    91 vy=  390400 ay=  -32000
     t=201 pred= 30 left= 86  y=    97 vy=  358400 ay=  -32000
     t=202 pred= 29 left= 85  y=   102 vy=  326400 ay=  -32000
     t=203 pred= 28 left= 84  y=   106 vy=  294400 ay=  -32000
     t=204 pred= 27 left= 83  y=   110 vy=  262400 ay=  -32000
     t=205 pred= 26 left= 82  y=   114 vy=  230400 ay=  -32000
     t=206 pred= 25 left= 81  y=   117 vy=  198400 ay=  -32000
     t=207 pred= 24 left= 80  y=   119 vy=  166400 ay=  -32000
     t=208 pred= 23 left= 79  y=   122 vy=  134400 ay=  -32000
     t=209 pred= 22 left= 78  y=   123 vy=  102400 ay=  -32000
     t=210 pred= 21 left= 77  y=   124 vy=   70400 ay=  -32000
     t=211 pred= 20 left= 76  y=   125 vy=   38400 ay=  -32000
     t=212 pred= 19 left= 75  y=   125 vy=    6400 ay=  -32000
     t=213 pred= 18 left= 74  y=   124 vy=  -25600 ay=  -32000
     t=214 pred= 17 left= 73  y=   124 vy=  -57600 ay=  -32000
     t=215 pred= 16 left= 72  y=   122 vy=  -89600 ay=  -32000
     t=216 pred= 15 left= 71  y=   120 vy= -121600 ay=  -32000
     t=217 pred= 14 left= 70  y=   118 vy= -153600 ay=  -32000
     t=218 pred= 13 left= 69  y=   115 vy= -185600 ay=  -32000
     t=219 pred= 12 left= 68  y=   112 vy= -217600 ay=  -32000
     t=220 pred= 12 left= 67  y=   112 vy= -217600 ay=  -32000
     t=221 pred= 12 left= 66  y=   112 vy= -217600 ay=  -32000
     t=222 pred= 12 left= 65  y=   112 vy= -217600 ay=  -32000
     t=223 pred= 12 left= 64  y=   112 vy= -217600 ay=  -32000
     t=224 pred= 12 left= 63  y=   112 vy= -217600 ay=  -32000
     t=225 pred= 12 left= 62  y=   112 vy= -217600 ay=  -32000
     t=226 pred= 12 left= 61  y=   112 vy= -217600 ay=  -32000
     t=227 pred= 12 left= 60  y=   112 vy= -217600 ay=  -32000
     t=228 pred= 12 left= 59  y=   112 vy= -217600 ay=  -32000
     t=229 pred= 12 left= 58  y=   112 vy= -217600 ay=  -32000
     t=230 pred= 12 left= 57  y=   112 vy= -217600 ay=  -32000
     t=231 pred= 11 left= 56  y=   108 vy= -249600 ay=  -32000
     t=232 pred= 10 left= 55  y=   104 vy= -281600 ay=  -32000
P2  landings=5  no_prediction_ticks=12
   err all : -70:2 -68:2 -66:2 -64:2 -62:2 -60:2 -58:2 -56:2 -54:2 -52:2 -50:2 -48:2 -46:2 -44:2 -43:2 -42:2 -41:2 -40:2 -39:2 -38:2 -37:2 -36:2 -35:2 -34:2 -33:2 +0:88
   err NEAR (made within 20 ticks of the landing): +0:62
   err far  (made earlier, can still be invalidated): -70:2 -68:2 -66:2 -64:2 -62:2 -60:2 -58:2 -56:2 -54:2 -52:2 -50:2 -48:2 -46:2 -44:2 -43:2 -42:2 -41:2 -40:2 -39:2 -38:2 -37:2 -36:2 -35:2 -34:2 -33:2 +0:26
   NEAR + $5C seen at the time : +0:62
   NEAR + every frozen tick    : +0:62
   last descent, landed on tick 61:
     t=246 pred=  1 left= 71  y=    40 vy= -135168 ay=  -24576
     t=248 pred=  1 left= 69  y=    40 vy= -135168 ay=  -24576
     t=250 pred=  1 left= 67  y=    40 vy= -135168 ay=  -24576
     t=252 pred=  1 left= 65  y=    40 vy= -135168 ay=  -24576
     t=254 pred=  1 left= 63  y=    40 vy= -135168 ay=  -24576
     t=  0 pred=  1 left= 61  y=    40 vy= -135168 ay=  -24576
     t=  2 pred=  1 left= 59  y=    40 vy= -135168 ay=  -24576
     t=  4 pred=  1 left= 57  y=    40 vy= -135168 ay=  -24576
     t=  6 pred=  1 left= 55  y=    40 vy= -135168 ay=  -24576
     t=  8 pred=  1 left= 53  y=    40 vy= -135168 ay=  -24576
     t= 10 pred=  1 left= 51  y=    40 vy= -135168 ay=  -24576
     t= 12 pred=  1 left= 49  y=    40 vy= -135168 ay=  -24576
     t= 14 pred=  1 left= 47  y=    40 vy= -135168 ay=  -24576
     t= 16 pred=  1 left= 45  y=    40 vy= -135168 ay=  -24576
     t= 17 pred=  1 left= 44  y=    40 vy= -135168 ay=  -24576
     t= 18 pred=  1 left= 43  y=    40 vy= -135168 ay=  -24576
     t= 19 pred=  1 left= 42  y=    40 vy= -135168 ay=  -24576
     t= 20 pred=  1 left= 41  y=    40 vy= -135168 ay=  -24576
     t= 21 pred=  1 left= 40  y=    40 vy= -135168 ay=  -24576
     t= 22 pred=  1 left= 39  y=    40 vy= -135168 ay=  -24576
     t= 23 pred=  1 left= 38  y=    40 vy= -135168 ay=  -24576
     t= 24 pred=  1 left= 37  y=    40 vy= -135168 ay=  -24576
     t= 25 pred=  1 left= 36  y=    40 vy= -135168 ay=  -24576
     t= 26 pred=  1 left= 35  y=    40 vy= -135168 ay=  -24576
     t= 27 pred=  1 left= 34  y=    40 vy= -135168 ay=  -24576
     t= 28 pred= 33 left= 33  y=    47 vy=  493568 ay=  -30720
     t= 29 pred= 32 left= 32  y=    54 vy=  462848 ay=  -30720
     t= 30 pred= 31 left= 31  y=    61 vy=  432128 ay=  -30720
     t= 31 pred= 30 left= 30  y=    67 vy=  401408 ay=  -30720
     t= 32 pred= 29 left= 29  y=    72 vy=  370688 ay=  -30720
     t= 33 pred= 28 left= 28  y=    78 vy=  339968 ay=  -30720
     t= 34 pred= 27 left= 27  y=    82 vy=  309248 ay=  -30720
     t= 35 pred= 26 left= 26  y=    87 vy=  278528 ay=  -30720
     t= 36 pred= 25 left= 25  y=    90 vy=  247808 ay=  -30720
     t= 37 pred= 24 left= 24  y=    94 vy=  217088 ay=  -30720
     t= 38 pred= 23 left= 23  y=    97 vy=  186368 ay=  -30720
     t= 39 pred= 22 left= 22  y=    99 vy=  155648 ay=  -30720
     t= 40 pred= 21 left= 21  y=   101 vy=  124928 ay=  -30720
     t= 41 pred= 20 left= 20  y=   102 vy=   94208 ay=  -30720
     t= 42 pred= 19 left= 19  y=   103 vy=   63488 ay=  -30720
---- landing prediction ----
P1  landings=123  no_prediction_ticks=0
   err all : -56:27 -55:1 -54:1 -53:1 -52:1 -51:1 -50:1 -49:1 -48:1 -47:1 -46:1 -45:41 -38:2 -36:2 -34:2 -32:2 -30:2 -28:2 -26:2 -24:2 -22:195 -21:10 -20:12 -19:10 -18:12 -17:10 -16:12 -15:10 -14:12 -13:10 -12:12 -11:468 -10:43 -9:43 -8:43 -7:43 -6:43 -5:43 -4:43 -3:43 -2:43 -1:43 +0:1989 +5:243 +11:144 +16:225
   err NEAR (made within 20 ticks of the landing): -16:1 -14:2 -12:2 -11:246 -10:40 -9:40 -8:40 -7:40 -6:40 -5:40 -4:40 -3:40 -2:40 -1:40 +0:1402 +11:144 +16:225
   err far  (made earlier, can still be invalidated): -56:27 -55:1 -54:1 -53:1 -52:1 -51:1 -50:1 -49:1 -48:1 -47:1 -46:1 -45:41 -38:2 -36:2 -34:2 -32:2 -30:2 -28:2 -26:2 -24:2 -22:195 -21:10 -20:12 -19:10 -18:12 -17:10 -16:11 -15:10 -14:10 -13:10 -12:10 -11:222 -10:3 -9:3 -8:3 -7:3 -6:3 -5:3 -4:3 -3:3 -2:3 -1:3 +0:587 +5:243
   NEAR + $5C seen at the time : -11:208 -3:1 -2:2 -1:2 +0:1840 +11:144 +16:225
   NEAR + every frozen tick    : -4:1 -3:2 -2:2 -1:438 +0:1610 +11:144 +16:225
   last descent, landed on tick 31:
     t=193 pred= 38 left= 94  y=    40 vy=  614400 ay=  -32000
     t=194 pred= 37 left= 93  y=    48 vy=  582400 ay=  -32000
     t=195 pred= 36 left= 92  y=    57 vy=  550400 ay=  -32000
     t=196 pred= 35 left= 91  y=    65 vy=  518400 ay=  -32000
     t=197 pred= 34 left= 90  y=    72 vy=  486400 ay=  -32000
     t=198 pred= 33 left= 89  y=    79 vy=  454400 ay=  -32000
     t=199 pred= 32 left= 88  y=    85 vy=  422400 ay=  -32000
     t=200 pred= 31 left= 87  y=    91 vy=  390400 ay=  -32000
     t=201 pred= 30 left= 86  y=    97 vy=  358400 ay=  -32000
     t=202 pred= 29 left= 85  y=   102 vy=  326400 ay=  -32000
     t=203 pred= 28 left= 84  y=   106 vy=  294400 ay=  -32000
     t=204 pred= 27 left= 83  y=   110 vy=  262400 ay=  -32000
     t=205 pred= 26 left= 82  y=   114 vy=  230400 ay=  -32000
     t=206 pred= 25 left= 81  y=   117 vy=  198400 ay=  -32000
     t=207 pred= 24 left= 80  y=   119 vy=  166400 ay=  -32000
     t=208 pred= 23 left= 79  y=   122 vy=  134400 ay=  -32000
     t=209 pred= 22 left= 78  y=   123 vy=  102400 ay=  -32000
     t=210 pred= 21 left= 77  y=   124 vy=   70400 ay=  -32000
     t=211 pred= 20 left= 76  y=   125 vy=   38400 ay=  -32000
     t=212 pred= 19 left= 75  y=   125 vy=    6400 ay=  -32000
     t=213 pred= 18 left= 74  y=   124 vy=  -25600 ay=  -32000
     t=214 pred= 17 left= 73  y=   124 vy=  -57600 ay=  -32000
     t=215 pred= 16 left= 72  y=   122 vy=  -89600 ay=  -32000
     t=216 pred= 15 left= 71  y=   120 vy= -121600 ay=  -32000
     t=217 pred= 14 left= 70  y=   118 vy= -153600 ay=  -32000
     t=218 pred= 13 left= 69  y=   115 vy= -185600 ay=  -32000
     t=219 pred= 12 left= 68  y=   112 vy= -217600 ay=  -32000
     t=220 pred= 12 left= 67  y=   112 vy= -217600 ay=  -32000
     t=221 pred= 12 left= 66  y=   112 vy= -217600 ay=  -32000
     t=222 pred= 12 left= 65  y=   112 vy= -217600 ay=  -32000
     t=223 pred= 12 left= 64  y=   112 vy= -217600 ay=  -32000
     t=224 pred= 12 left= 63  y=   112 vy= -217600 ay=  -32000
     t=225 pred= 12 left= 62  y=   112 vy= -217600 ay=  -32000
     t=226 pred= 12 left= 61  y=   112 vy= -217600 ay=  -32000
     t=227 pred= 12 left= 60  y=   112 vy= -217600 ay=  -32000
     t=228 pred= 12 left= 59  y=   112 vy= -217600 ay=  -32000
     t=229 pred= 12 left= 58  y=   112 vy= -217600 ay=  -32000
     t=230 pred= 12 left= 57  y=   112 vy= -217600 ay=  -32000
     t=231 pred= 11 left= 56  y=   108 vy= -249600 ay=  -32000
     t=232 pred= 10 left= 55  y=   104 vy= -281600 ay=  -32000
P2  landings=6  no_prediction_ticks=12
   err all : -70:2 -68:2 -66:2 -64:2 -62:2 -60:2 -58:2 -56:2 -54:2 -52:2 -50:2 -48:2 -46:2 -44:2 -43:2 -42:2 -41:2 -40:2 -39:2 -38:2 -37:2 -36:2 -35:2 -34:2 -33:2 +0:99
   err NEAR (made within 20 ticks of the landing): +0:73
   err far  (made earlier, can still be invalidated): -70:2 -68:2 -66:2 -64:2 -62:2 -60:2 -58:2 -56:2 -54:2 -52:2 -50:2 -48:2 -46:2 -44:2 -43:2 -42:2 -41:2 -40:2 -39:2 -38:2 -37:2 -36:2 -35:2 -34:2 -33:2 +0:26
   NEAR + $5C seen at the time : +0:73
   NEAR + every frozen tick    : +0:73
   last descent, landed on tick 85:
     t= 74 pred= 11 left= 11  y=    40 vy=  135168 ay=  -24576
     t= 75 pred= 10 left= 10  y=    41 vy=  110592 ay=  -24576
     t= 76 pred=  9 left=  9  y=    43 vy=   86016 ay=  -24576
     t= 77 pred=  8 left=  8  y=    44 vy=   61440 ay=  -24576
     t= 78 pred=  7 left=  7  y=    44 vy=   36864 ay=  -24576
     t= 79 pred=  6 left=  6  y=    44 vy=   12288 ay=  -24576
     t= 80 pred=  5 left=  5  y=    44 vy=  -12288 ay=  -24576
     t= 81 pred=  4 left=  4  y=    44 vy=  -36864 ay=  -24576
     t= 82 pred=  3 left=  3  y=    43 vy=  -61440 ay=  -24576
     t= 83 pred=  2 left=  2  y=    41 vy=  -86016 ay=  -24576
     t= 84 pred=  1 left=  1  y=    40 vy= -110592 ay=  -24576
